scenario,member,year,gmean
hist,LE2-1231.001,1850,287.4260576061004
hist,LE2-1231.001,1851,287.27776204882105
hist,LE2-1231.001,1852,287.40426324393184
hist,LE2-1231.001,1853,287.2769154037481
hist,LE2-1231.001,1854,287.1525817637838
hist,LE2-1231.001,1855,287.07410798364236
hist,LE2-1231.001,1856,287.1724530631274
hist,LE2-1231.001,1857,287.22959990484594
hist,LE2-1231.001,1858,287.2895450358726
hist,LE2-1231.001,1859,287.4210692946733
hist,LE2-1231.001,1860,287.2775444869192
hist,LE2-1231.001,1861,287.09351745530387
hist,LE2-1231.001,1862,287.14299014776293
hist,LE2-1231.001,1863,287.14232051154
hist,LE2-1231.001,1864,287.03626979705905
hist,LE2-1231.001,1865,287.0504027688619
hist,LE2-1231.001,1866,287.2843823453521
hist,LE2-1231.001,1867,287.3012050419571
hist,LE2-1231.001,1868,287.3154827848572
hist,LE2-1231.001,1869,287.3179963770515
hist,LE2-1231.001,1870,287.33261805668394
hist,LE2-1231.001,1871,287.26412106894884
hist,LE2-1231.001,1872,287.2122201851507
hist,LE2-1231.001,1873,287.24060234468
hist,LE2-1231.001,1874,287.1601694248546
hist,LE2-1231.001,1875,287.20098518096023
hist,LE2-1231.001,1876,287.30544457312794
hist,LE2-1231.001,1877,287.4482998850008
hist,LE2-1231.001,1878,287.11998367749595
hist,LE2-1231.001,1879,287.21508438438553
hist,LE2-1231.001,1880,287.2790665190874
hist,LE2-1231.001,1881,287.3981234454942
hist,LE2-1231.001,1882,287.22985371111156
hist,LE2-1231.001,1883,287.0292267196741
hist,LE2-1231.001,1884,286.99260829371894
hist,LE2-1231.001,1885,287.06052855743906
hist,LE2-1231.001,1886,287.0837475460719
hist,LE2-1231.001,1887,287.175088115388
hist,LE2-1231.001,1888,287.1921501854668
hist,LE2-1231.001,1889,287.0838237847566
hist,LE2-1231.001,1890,287.13916965341065
hist,LE2-1231.001,1891,287.2204691724957
hist,LE2-1231.001,1892,287.29780875153995
hist,LE2-1231.001,1893,287.27206310877625
hist,LE2-1231.001,1894,287.10870820991187
hist,LE2-1231.001,1895,286.97385774400385
hist,LE2-1231.001,1896,287.2053311107636
hist,LE2-1231.001,1897,287.1925613023509
hist,LE2-1231.001,1898,287.19405296783674
hist,LE2-1231.001,1899,287.25833452384535
hist,LE2-1231.001,1900,287.32679293897814
hist,LE2-1231.001,1901,287.2369834553227
hist,LE2-1231.001,1902,287.3690935413999
hist,LE2-1231.001,1903,287.15677621698285
hist,LE2-1231.001,1904,287.1244192493654
hist,LE2-1231.001,1905,287.3441281746292
hist,LE2-1231.001,1906,287.30748936618966
hist,LE2-1231.001,1907,287.1464320101864
hist,LE2-1231.001,1908,287.3347161379948
hist,LE2-1231.001,1909,287.3556413332544
hist,LE2-1231.001,1910,287.2698040401304
hist,LE2-1231.001,1911,287.2861739686912
hist,LE2-1231.001,1912,287.3801507416026
hist,LE2-1231.001,1913,286.99379365370226
hist,LE2-1231.001,1914,287.1370593967094
hist,LE2-1231.001,1915,287.13172968431314
hist,LE2-1231.001,1916,287.2521837212817
hist,LE2-1231.001,1917,287.1749628238007
hist,LE2-1231.001,1918,287.4075431928779
hist,LE2-1231.001,1919,287.35677572167214
hist,LE2-1231.001,1920,287.3474573078282
hist,LE2-1231.001,1921,287.3258687558407
hist,LE2-1231.001,1922,287.186865153726
hist,LE2-1231.001,1923,287.26880690203166
hist,LE2-1231.001,1924,287.3430141732988
hist,LE2-1231.001,1925,287.2555307651162
hist,LE2-1231.001,1926,287.2613656541446
hist,LE2-1231.001,1927,287.47603152195416
hist,LE2-1231.001,1928,287.34173884810343
hist,LE2-1231.001,1929,287.2590052149995
hist,LE2-1231.001,1930,287.31392612397536
hist,LE2-1231.001,1931,287.331247567094
hist,LE2-1231.001,1932,287.44522138743724
hist,LE2-1231.001,1933,287.5371853740867
hist,LE2-1231.001,1934,287.52899625725877
hist,LE2-1231.001,1935,287.4602018855837
hist,LE2-1231.001,1936,287.26512867812
hist,LE2-1231.001,1937,287.2491471269644
hist,LE2-1231.001,1938,287.39563101511385
hist,LE2-1231.001,1939,287.60611977038604
hist,LE2-1231.001,1940,287.67530036940263
hist,LE2-1231.001,1941,287.34676175540454
hist,LE2-1231.001,1942,287.57835314552193
hist,LE2-1231.001,1943,287.47300281034586
hist,LE2-1231.001,1944,287.47532091992093
hist,LE2-1231.001,1945,287.5988474209311
hist,LE2-1231.001,1946,287.65998185255546
hist,LE2-1231.001,1947,287.3149506945833
hist,LE2-1231.001,1948,287.25324163356873
hist,LE2-1231.001,1949,287.44039370108584
hist,LE2-1231.001,1950,287.42677511882994
hist,LE2-1231.001,1951,287.56380748460987
hist,LE2-1231.001,1952,287.4124724864574
hist,LE2-1231.001,1953,287.34544019291656
hist,LE2-1231.001,1954,287.3735380582421
hist,LE2-1231.001,1955,287.5518268353557
hist,LE2-1231.001,1956,287.4704083298335
hist,LE2-1231.001,1957,287.3169884139671
hist,LE2-1231.001,1958,287.4960690656107
hist,LE2-1231.001,1959,287.6320410179846
hist,LE2-1231.001,1960,287.38374541694435
hist,LE2-1231.001,1961,287.12223983758264
hist,LE2-1231.001,1962,287.3732335466166
hist,LE2-1231.001,1963,287.3161344196168
hist,LE2-1231.001,1964,287.27215873288986
hist,LE2-1231.001,1965,287.1871376224863
hist,LE2-1231.001,1966,287.2763791753698
hist,LE2-1231.001,1967,287.3349112104437
hist,LE2-1231.001,1968,287.37121037965517
hist,LE2-1231.001,1969,287.33087250908517
hist,LE2-1231.001,1970,287.3594534333339
hist,LE2-1231.001,1971,287.46434389211885
hist,LE2-1231.001,1972,287.46016148587984
hist,LE2-1231.001,1973,287.5254725611639
hist,LE2-1231.001,1974,287.55389310752224
hist,LE2-1231.001,1975,287.45977486192874
hist,LE2-1231.001,1976,287.5223324459411
hist,LE2-1231.001,1977,287.4077435657729
hist,LE2-1231.001,1978,287.40585403642496
hist,LE2-1231.001,1979,287.5315021984656
hist,LE2-1231.001,1980,287.5052276727244
hist,LE2-1231.001,1981,287.6654707328149
hist,LE2-1231.001,1982,287.4899829816682
hist,LE2-1231.001,1983,287.4746360712848
hist,LE2-1231.001,1984,287.30878908923916
hist,LE2-1231.001,1985,287.62883550225865
hist,LE2-1231.001,1986,287.7525825197456
hist,LE2-1231.001,1987,287.44025448127474
hist,LE2-1231.001,1988,287.4370457749081
hist,LE2-1231.001,1989,287.562533262319
hist,LE2-1231.001,1990,287.75819144096107
hist,LE2-1231.001,1991,287.68698856017704
hist,LE2-1231.001,1992,287.64034870330073
hist,LE2-1231.001,1993,287.7027799593545
hist,LE2-1231.001,1994,287.89100082328366
hist,LE2-1231.001,1995,287.77764874680764
hist,LE2-1231.001,1996,287.59795046182427
hist,LE2-1231.001,1997,287.9928784561604
hist,LE2-1231.001,1998,288.08779147061796
hist,LE2-1231.001,1999,287.96176649244137
hist,LE2-1231.001,2000,287.9859402216419
hist,LE2-1231.001,2001,288.0727728644864
hist,LE2-1231.001,2002,288.23383069813815
hist,LE2-1231.001,2003,288.1867173136256
hist,LE2-1231.001,2004,288.144046619881
hist,LE2-1231.001,2005,288.0982517183484
hist,LE2-1231.001,2006,287.9185352177937
hist,LE2-1231.001,2007,288.02729766552034
hist,LE2-1231.001,2008,288.24335833028175
hist,LE2-1231.001,2009,288.37381957243144
hist,LE2-1231.001,2010,288.117282909674
hist,LE2-1231.001,2011,288.3580248583915
hist,LE2-1231.001,2012,288.46182639345477
hist,LE2-1231.001,2013,288.1774635075681
hist,LE2-1231.001,2014,288.19552271126184
hist,LE2-1231.002,1850,287.5287894385637
hist,LE2-1231.002,1851,287.2442649405271
hist,LE2-1231.002,1852,287.3310874790889
hist,LE2-1231.002,1853,287.3346282637979
hist,LE2-1231.002,1854,287.0482128791033
hist,LE2-1231.002,1855,287.1835802802056
hist,LE2-1231.002,1856,287.0861921745575
hist,LE2-1231.002,1857,287.1694935999904
hist,LE2-1231.002,1858,287.3693076517098
hist,LE2-1231.002,1859,287.25510300407836
hist,LE2-1231.002,1860,287.3441956726237
hist,LE2-1231.002,1861,287.2927234340157
hist,LE2-1231.002,1862,287.0868397318223
hist,LE2-1231.002,1863,287.05217772223165
hist,LE2-1231.002,1864,287.2223699896947
hist,LE2-1231.002,1865,287.1243534666395
hist,LE2-1231.002,1866,287.2248189560758
hist,LE2-1231.002,1867,287.26479598706476
hist,LE2-1231.002,1868,287.4081070230109
hist,LE2-1231.002,1869,287.4021502861765
hist,LE2-1231.002,1870,287.37123375430303
hist,LE2-1231.002,1871,287.46493741494066
hist,LE2-1231.002,1872,287.3585901170669
hist,LE2-1231.002,1873,287.0037922970301
hist,LE2-1231.002,1874,287.18231227676984
hist,LE2-1231.002,1875,287.16261350191314
hist,LE2-1231.002,1876,287.13597153576336
hist,LE2-1231.002,1877,287.15759861380536
hist,LE2-1231.002,1878,287.1375305450473
hist,LE2-1231.002,1879,287.3082893569674
hist,LE2-1231.002,1880,287.25097985927425
hist,LE2-1231.002,1881,287.26118013850123
hist,LE2-1231.002,1882,287.2349339176867
hist,LE2-1231.002,1883,287.3633884398286
hist,LE2-1231.002,1884,287.1949388746171
hist,LE2-1231.002,1885,287.0751040590995
hist,LE2-1231.002,1886,286.9684920533793
hist,LE2-1231.002,1887,287.10012292448454
hist,LE2-1231.002,1888,287.12432466453424
hist,LE2-1231.002,1889,287.07070042535696
hist,LE2-1231.002,1890,287.0925001780169
hist,LE2-1231.002,1891,287.13701340439155
hist,LE2-1231.002,1892,287.42068328352235
hist,LE2-1231.002,1893,287.3168967947612
hist,LE2-1231.002,1894,287.3826569308555
hist,LE2-1231.002,1895,287.35957087000554
hist,LE2-1231.002,1896,287.3994004541177
hist,LE2-1231.002,1897,287.3771872977366
hist,LE2-1231.002,1898,287.3775469381236
hist,LE2-1231.002,1899,287.37524024339825
hist,LE2-1231.002,1900,287.4594824996356
hist,LE2-1231.002,1901,287.47912820286206
hist,LE2-1231.002,1902,287.48404634935844
hist,LE2-1231.002,1903,287.27651675406184
hist,LE2-1231.002,1904,287.26296443068543
hist,LE2-1231.002,1905,287.25821319165465
hist,LE2-1231.002,1906,287.2951323072462
hist,LE2-1231.002,1907,287.219348837874
hist,LE2-1231.002,1908,287.2575438428727
hist,LE2-1231.002,1909,287.3332433921612
hist,LE2-1231.002,1910,287.4580827961467
hist,LE2-1231.002,1911,287.3936993208574
hist,LE2-1231.002,1912,287.38349463547223
hist,LE2-1231.002,1913,287.28187687822896
hist,LE2-1231.002,1914,287.25447307077724
hist,LE2-1231.002,1915,287.2045130440496
hist,LE2-1231.002,1916,287.24662270202737
hist,LE2-1231.002,1917,287.46586113363463
hist,LE2-1231.002,1918,287.4109119081299
hist,LE2-1231.002,1919,287.4968139267649
hist,LE2-1231.002,1920,287.4489145101957
hist,LE2-1231.002,1921,287.45281404084756
hist,LE2-1231.002,1922,287.3020857456652
hist,LE2-1231.002,1923,287.4533101019899
hist,LE2-1231.002,1924,287.2892466376887
hist,LE2-1231.002,1925,287.2097400879668
hist,LE2-1231.002,1926,287.35098944413187
hist,LE2-1231.002,1927,287.34647755758203
hist,LE2-1231.002,1928,287.4420949336378
hist,LE2-1231.002,1929,287.5222661739964
hist,LE2-1231.002,1930,287.47947964787375
hist,LE2-1231.002,1931,287.469999660357
hist,LE2-1231.002,1932,287.5045110378429
hist,LE2-1231.002,1933,287.52190138174984
hist,LE2-1231.002,1934,287.5854075926106
hist,LE2-1231.002,1935,287.64427346485684
hist,LE2-1231.002,1936,287.6145833264846
hist,LE2-1231.002,1937,287.39922553990647
hist,LE2-1231.002,1938,287.421888672664
hist,LE2-1231.002,1939,287.3204597136361
hist,LE2-1231.002,1940,287.2370219999891
hist,LE2-1231.002,1941,287.4056330452572
hist,LE2-1231.002,1942,287.57836775840383
hist,LE2-1231.002,1943,287.5522973492117
hist,LE2-1231.002,1944,287.5009489226385
hist,LE2-1231.002,1945,287.4995418482116
hist,LE2-1231.002,1946,287.50088303152796
hist,LE2-1231.002,1947,287.627262854107
hist,LE2-1231.002,1948,287.7607998857396
hist,LE2-1231.002,1949,287.5408868985354
hist,LE2-1231.002,1950,287.6251063956608
hist,LE2-1231.002,1951,287.4703584534943
hist,LE2-1231.002,1952,287.48220182897455
hist,LE2-1231.002,1953,287.6346335903199
hist,LE2-1231.002,1954,287.5788179458806
hist,LE2-1231.002,1955,287.3299957951453
hist,LE2-1231.002,1956,287.3819387424569
hist,LE2-1231.002,1957,287.455904376688
hist,LE2-1231.002,1958,287.3996662962593
hist,LE2-1231.002,1959,287.63611926083996
hist,LE2-1231.002,1960,287.8086692073519
hist,LE2-1231.002,1961,287.6862178254136
hist,LE2-1231.002,1962,287.58651846369247
hist,LE2-1231.002,1963,287.6176782508488
hist,LE2-1231.002,1964,287.2480597350538
hist,LE2-1231.002,1965,287.18909796145823
hist,LE2-1231.002,1966,287.31599247098734
hist,LE2-1231.002,1967,287.3905366327687
hist,LE2-1231.002,1968,287.2234025895778
hist,LE2-1231.002,1969,287.2645406000201
hist,LE2-1231.002,1970,287.3531014179531
hist,LE2-1231.002,1971,287.35916045806937
hist,LE2-1231.002,1972,287.40279037543405
hist,LE2-1231.002,1973,287.27251688555333
hist,LE2-1231.002,1974,287.50178730479377
hist,LE2-1231.002,1975,287.5367380264103
hist,LE2-1231.002,1976,287.71009461591956
hist,LE2-1231.002,1977,287.29922192106386
hist,LE2-1231.002,1978,287.31609933280197
hist,LE2-1231.002,1979,287.5229813852249
hist,LE2-1231.002,1980,287.65653682681193
hist,LE2-1231.002,1981,287.73389622699625
hist,LE2-1231.002,1982,287.73535183086307
hist,LE2-1231.002,1983,287.5656275703443
hist,LE2-1231.002,1984,287.5472643897723
hist,LE2-1231.002,1985,287.6362340270218
hist,LE2-1231.002,1986,287.5883272966083
hist,LE2-1231.002,1987,287.5240115224215
hist,LE2-1231.002,1988,287.62322184152737
hist,LE2-1231.002,1989,287.61066921440096
hist,LE2-1231.002,1990,287.45603330115273
hist,LE2-1231.002,1991,287.58531137759746
hist,LE2-1231.002,1992,287.4382434679169
hist,LE2-1231.002,1993,287.4368566154474
hist,LE2-1231.002,1994,287.52006794012345
hist,LE2-1231.002,1995,287.6037392700991
hist,LE2-1231.002,1996,287.8143980004848
hist,LE2-1231.002,1997,287.7121579962156
hist,LE2-1231.002,1998,287.9372432263112
hist,LE2-1231.002,1999,287.9654676163452
hist,LE2-1231.002,2000,287.80598099948696
hist,LE2-1231.002,2001,288.04564443336056
hist,LE2-1231.002,2002,288.22238412617423
hist,LE2-1231.002,2003,288.2396816308027
hist,LE2-1231.002,2004,287.95948737372646
hist,LE2-1231.002,2005,288.1265036151767
hist,LE2-1231.002,2006,288.34705365316415
hist,LE2-1231.002,2007,288.2606774335481
hist,LE2-1231.002,2008,288.18636701243
hist,LE2-1231.002,2009,288.3607041100062
hist,LE2-1231.002,2010,288.4278243326616
hist,LE2-1231.002,2011,288.42366886379506
hist,LE2-1231.002,2012,288.1157352584246
hist,LE2-1231.002,2013,288.2361804364208
hist,LE2-1231.002,2014,288.43379601098934
hist,LE2-1231.003,1850,287.4904337808924
hist,LE2-1231.003,1851,287.5033083535915
hist,LE2-1231.003,1852,287.36310706103455
hist,LE2-1231.003,1853,287.1765843339733
hist,LE2-1231.003,1854,286.98408552963286
hist,LE2-1231.003,1855,287.2108027575759
hist,LE2-1231.003,1856,287.2044642508877
hist,LE2-1231.003,1857,287.16759268768624
hist,LE2-1231.003,1858,287.1877011720264
hist,LE2-1231.003,1859,287.2340463603928
hist,LE2-1231.003,1860,287.3332820898908
hist,LE2-1231.003,1861,287.30124623840055
hist,LE2-1231.003,1862,287.08161081428
hist,LE2-1231.003,1863,287.1464847913715
hist,LE2-1231.003,1864,287.2535385403853
hist,LE2-1231.003,1865,287.23502131385004
hist,LE2-1231.003,1866,287.09706349084627
hist,LE2-1231.003,1867,287.0281330495791
hist,LE2-1231.003,1868,287.26718660084276
hist,LE2-1231.003,1869,287.22163430793245
hist,LE2-1231.003,1870,287.1951187079296
hist,LE2-1231.003,1871,287.22984361917673
hist,LE2-1231.003,1872,287.2157424353557
hist,LE2-1231.003,1873,287.3256511988552
hist,LE2-1231.003,1874,287.3949126170284
hist,LE2-1231.003,1875,287.2670488348721
hist,LE2-1231.003,1876,287.34568184618445
hist,LE2-1231.003,1877,287.41258109535744
hist,LE2-1231.003,1878,287.2296948482353
hist,LE2-1231.003,1879,287.2977818459183
hist,LE2-1231.003,1880,287.2504056779873
hist,LE2-1231.003,1881,287.27135116747206
hist,LE2-1231.003,1882,287.48195260684844
hist,LE2-1231.003,1883,287.53018594580834
hist,LE2-1231.003,1884,287.2070596515546
hist,LE2-1231.003,1885,287.16167220844426
hist,LE2-1231.003,1886,287.11012829657204
hist,LE2-1231.003,1887,287.23536350680604
hist,LE2-1231.003,1888,287.3511003429639
hist,LE2-1231.003,1889,287.304748300135
hist,LE2-1231.003,1890,287.4176315910353
hist,LE2-1231.003,1891,287.2136709449741
hist,LE2-1231.003,1892,287.39357958729556
hist,LE2-1231.003,1893,287.26566211321676
hist,LE2-1231.003,1894,287.09629313642597
hist,LE2-1231.003,1895,287.1780768419422
hist,LE2-1231.003,1896,287.33142224136066
hist,LE2-1231.003,1897,287.2218930505633
hist,LE2-1231.003,1898,287.12139663988444
hist,LE2-1231.003,1899,287.12436367055557
hist,LE2-1231.003,1900,287.3815570025388
hist,LE2-1231.003,1901,287.2828263131042
hist,LE2-1231.003,1902,287.1039718956832
hist,LE2-1231.003,1903,287.11789068936076
hist,LE2-1231.003,1904,287.31590676192536
hist,LE2-1231.003,1905,287.26504284477534
hist,LE2-1231.003,1906,287.3832621785021
hist,LE2-1231.003,1907,287.394104136732
hist,LE2-1231.003,1908,287.2938298930295
hist,LE2-1231.003,1909,287.27538000313496
hist,LE2-1231.003,1910,287.27526791131834
hist,LE2-1231.003,1911,287.3846349216088
hist,LE2-1231.003,1912,287.3994147231249
hist,LE2-1231.003,1913,287.3837683685161
hist,LE2-1231.003,1914,287.36899365966127
hist,LE2-1231.003,1915,287.23068748069
hist,LE2-1231.003,1916,287.23171776946805
hist,LE2-1231.003,1917,287.2536726057098
hist,LE2-1231.003,1918,287.09334583219254
hist,LE2-1231.003,1919,287.0965673527473
hist,LE2-1231.003,1920,287.1022051404299
hist,LE2-1231.003,1921,287.1740735362142
hist,LE2-1231.003,1922,287.3381626761859
hist,LE2-1231.003,1923,287.38630214903924
hist,LE2-1231.003,1924,287.2152410104619
hist,LE2-1231.003,1925,287.3020861835433
hist,LE2-1231.003,1926,287.3738397403723
hist,LE2-1231.003,1927,287.57458983191106
hist,LE2-1231.003,1928,287.288288174453
hist,LE2-1231.003,1929,287.4384558545794
hist,LE2-1231.003,1930,287.3814153110156
hist,LE2-1231.003,1931,287.3883371219117
hist,LE2-1231.003,1932,287.3600191156909
hist,LE2-1231.003,1933,287.37131046342546
hist,LE2-1231.003,1934,287.59165929418697
hist,LE2-1231.003,1935,287.4920083096173
hist,LE2-1231.003,1936,287.31508575889234
hist,LE2-1231.003,1937,287.5489020912998
hist,LE2-1231.003,1938,287.63277176518096
hist,LE2-1231.003,1939,287.45307433799513
hist,LE2-1231.003,1940,287.4913372181329
hist,LE2-1231.003,1941,287.52021287796344
hist,LE2-1231.003,1942,287.3274202419478
hist,LE2-1231.003,1943,287.46802335830387
hist,LE2-1231.003,1944,287.5432914659985
hist,LE2-1231.003,1945,287.37939068195016
hist,LE2-1231.003,1946,287.29908467808826
hist,LE2-1231.003,1947,287.25509128874063
hist,LE2-1231.003,1948,287.51388134442334
hist,LE2-1231.003,1949,287.34924565050255
hist,LE2-1231.003,1950,287.322786655513
hist,LE2-1231.003,1951,287.3430644196878
hist,LE2-1231.003,1952,287.4463188843281
hist,LE2-1231.003,1953,287.3977752951598
hist,LE2-1231.003,1954,287.22988711080535
hist,LE2-1231.003,1955,287.207260680062
hist,LE2-1231.003,1956,287.28000114182555
hist,LE2-1231.003,1957,287.33429523981596
hist,LE2-1231.003,1958,287.26767858039824
hist,LE2-1231.003,1959,287.31899925097866
hist,LE2-1231.003,1960,287.40435161869823
hist,LE2-1231.003,1961,287.3698741993148
hist,LE2-1231.003,1962,287.45291441232655
hist,LE2-1231.003,1963,287.32762715288544
hist,LE2-1231.003,1964,287.05939806026674
hist,LE2-1231.003,1965,287.04139150460855
hist,LE2-1231.003,1966,287.08635694766264
hist,LE2-1231.003,1967,287.03676969717947
hist,LE2-1231.003,1968,287.1908450842496
hist,LE2-1231.003,1969,287.3284404509269
hist,LE2-1231.003,1970,287.34685909356557
hist,LE2-1231.003,1971,287.3560288895285
hist,LE2-1231.003,1972,287.2378384598892
hist,LE2-1231.003,1973,287.3037443690229
hist,LE2-1231.003,1974,287.30527148111963
hist,LE2-1231.003,1975,287.08369258475807
hist,LE2-1231.003,1976,287.1445686320179
hist,LE2-1231.003,1977,287.4227819292377
hist,LE2-1231.003,1978,287.33464226198225
hist,LE2-1231.003,1979,287.3647557088079
hist,LE2-1231.003,1980,287.46798425341177
hist,LE2-1231.003,1981,287.4787156756417
hist,LE2-1231.003,1982,287.38219152316896
hist,LE2-1231.003,1983,287.3423439461425
hist,LE2-1231.003,1984,287.1845414445374
hist,LE2-1231.003,1985,287.2289713103023
hist,LE2-1231.003,1986,287.4368074165356
hist,LE2-1231.003,1987,287.626809125903
hist,LE2-1231.003,1988,287.5067374822614
hist,LE2-1231.003,1989,287.6132111082969
hist,LE2-1231.003,1990,287.6318967426857
hist,LE2-1231.003,1991,287.6123326925906
hist,LE2-1231.003,1992,287.34922447026395
hist,LE2-1231.003,1993,287.4846617916429
hist,LE2-1231.003,1994,287.4487337075962
hist,LE2-1231.003,1995,287.6163278525284
hist,LE2-1231.003,1996,287.66876252125996
hist,LE2-1231.003,1997,287.6054072730014
hist,LE2-1231.003,1998,287.66313963584037
hist,LE2-1231.003,1999,287.8564592011362
hist,LE2-1231.003,2000,288.02258835914995
hist,LE2-1231.003,2001,288.03247984843324
hist,LE2-1231.003,2002,287.95998599054377
hist,LE2-1231.003,2003,288.06824341943934
hist,LE2-1231.003,2004,288.1625751128923
hist,LE2-1231.003,2005,287.9514463350518
hist,LE2-1231.003,2006,287.9966514433773
hist,LE2-1231.003,2007,288.23651344468715
hist,LE2-1231.003,2008,288.43016937459515
hist,LE2-1231.003,2009,288.1613986776413
hist,LE2-1231.003,2010,288.1265351760313
hist,LE2-1231.003,2011,288.2105049398371
hist,LE2-1231.003,2012,288.3106364545486
hist,LE2-1231.003,2013,288.30607048979647
hist,LE2-1231.003,2014,288.4377378103352
hist,LE2-1231.004,1850,287.3841454174267
hist,LE2-1231.004,1851,287.30641330637314
hist,LE2-1231.004,1852,287.26095369295496
hist,LE2-1231.004,1853,287.2275956391407
hist,LE2-1231.004,1854,287.13151056210864
hist,LE2-1231.004,1855,287.1493614478741
hist,LE2-1231.004,1856,287.1218606737048
hist,LE2-1231.004,1857,287.1614431672942
hist,LE2-1231.004,1858,287.1237682025896
hist,LE2-1231.004,1859,287.12344337785703
hist,LE2-1231.004,1860,287.16849251124944
hist,LE2-1231.004,1861,287.25449497198457
hist,LE2-1231.004,1862,287.245559844375
hist,LE2-1231.004,1863,287.2122238766943
hist,LE2-1231.004,1864,287.20975009227396
hist,LE2-1231.004,1865,287.28714474413795
hist,LE2-1231.004,1866,287.4786664255054
hist,LE2-1231.004,1867,287.2988693410018
hist,LE2-1231.004,1868,287.20556395709167
hist,LE2-1231.004,1869,287.24645481141323
hist,LE2-1231.004,1870,287.2393693140194
hist,LE2-1231.004,1871,287.36941727151094
hist,LE2-1231.004,1872,287.40381762304685
hist,LE2-1231.004,1873,287.4778186653108
hist,LE2-1231.004,1874,287.3718654399392
hist,LE2-1231.004,1875,287.519956189751
hist,LE2-1231.004,1876,287.4624339206471
hist,LE2-1231.004,1877,287.1777531427044
hist,LE2-1231.004,1878,287.23972264830326
hist,LE2-1231.004,1879,287.1957764089122
hist,LE2-1231.004,1880,287.2677569732979
hist,LE2-1231.004,1881,287.3324633785443
hist,LE2-1231.004,1882,287.3823632951259
hist,LE2-1231.004,1883,287.4677448727426
hist,LE2-1231.004,1884,287.32274630023727
hist,LE2-1231.004,1885,287.06883462685505
hist,LE2-1231.004,1886,287.0847960044417
hist,LE2-1231.004,1887,287.3594362352797
hist,LE2-1231.004,1888,287.43801858384165
hist,LE2-1231.004,1889,287.1292595415908
hist,LE2-1231.004,1890,286.9938497033134
hist,LE2-1231.004,1891,287.1955901370813
hist,LE2-1231.004,1892,287.27285448833953
hist,LE2-1231.004,1893,287.1676521502684
hist,LE2-1231.004,1894,287.3270532960042
hist,LE2-1231.004,1895,287.3245779592774
hist,LE2-1231.004,1896,287.3117432317743
hist,LE2-1231.004,1897,287.2611511008457
hist,LE2-1231.004,1898,287.39837905335395
hist,LE2-1231.004,1899,287.5041979079508
hist,LE2-1231.004,1900,287.4265517104325
hist,LE2-1231.004,1901,287.2911266798385
hist,LE2-1231.004,1902,287.2603579390768
hist,LE2-1231.004,1903,287.33093940845805
hist,LE2-1231.004,1904,287.2953742468152
hist,LE2-1231.004,1905,287.4823120188701
hist,LE2-1231.004,1906,287.2738583394557
hist,LE2-1231.004,1907,287.1456588288872
hist,LE2-1231.004,1908,287.1535520556551
hist,LE2-1231.004,1909,287.21297335344536
hist,LE2-1231.004,1910,287.1535196040142
hist,LE2-1231.004,1911,287.4874769761206
hist,LE2-1231.004,1912,287.3134901959539
hist,LE2-1231.004,1913,287.213817406673
hist,LE2-1231.004,1914,287.285546946789
hist,LE2-1231.004,1915,287.31503562623476
hist,LE2-1231.004,1916,287.4202228771527
hist,LE2-1231.004,1917,287.5640622090937
hist,LE2-1231.004,1918,287.34173153912604
hist,LE2-1231.004,1919,287.2394645553853
hist,LE2-1231.004,1920,287.35447726695486
hist,LE2-1231.004,1921,287.53617453279736
hist,LE2-1231.004,1922,287.51096585419873
hist,LE2-1231.004,1923,287.4421634407783
hist,LE2-1231.004,1924,287.431246421755
hist,LE2-1231.004,1925,287.3783461564812
hist,LE2-1231.004,1926,287.4964058034805
hist,LE2-1231.004,1927,287.2175210390895
hist,LE2-1231.004,1928,287.2860573400187
hist,LE2-1231.004,1929,287.34720492388806
hist,LE2-1231.004,1930,287.4026380780389
hist,LE2-1231.004,1931,287.40012809136874
hist,LE2-1231.004,1932,287.4678494515912
hist,LE2-1231.004,1933,287.62509313199604
hist,LE2-1231.004,1934,287.37306730617325
hist,LE2-1231.004,1935,287.471830849843
hist,LE2-1231.004,1936,287.46004708325984
hist,LE2-1231.004,1937,287.36228326426357
hist,LE2-1231.004,1938,287.25176585705964
hist,LE2-1231.004,1939,287.46659132290404
hist,LE2-1231.004,1940,287.39175634588645
hist,LE2-1231.004,1941,287.23561506498237
hist,LE2-1231.004,1942,287.3027379735848
hist,LE2-1231.004,1943,287.4573867410989
hist,LE2-1231.004,1944,287.41829361077026
hist,LE2-1231.004,1945,287.4281100651386
hist,LE2-1231.004,1946,287.4677204975015
hist,LE2-1231.004,1947,287.4173001817284
hist,LE2-1231.004,1948,287.4649483801178
hist,LE2-1231.004,1949,287.4877662776521
hist,LE2-1231.004,1950,287.2590244018353
hist,LE2-1231.004,1951,287.2456840874419
hist,LE2-1231.004,1952,287.4407309409176
hist,LE2-1231.004,1953,287.6713472980463
hist,LE2-1231.004,1954,287.601935805501
hist,LE2-1231.004,1955,287.5340619411452
hist,LE2-1231.004,1956,287.5084744649552
hist,LE2-1231.004,1957,287.4541736479554
hist,LE2-1231.004,1958,287.48005649592403
hist,LE2-1231.004,1959,287.5423119503567
hist,LE2-1231.004,1960,287.4967835277997
hist,LE2-1231.004,1961,287.51693594907147
hist,LE2-1231.004,1962,287.4106710703019
hist,LE2-1231.004,1963,287.34610160049607
hist,LE2-1231.004,1964,287.2588475907546
hist,LE2-1231.004,1965,287.2707376027942
hist,LE2-1231.004,1966,287.1693130796798
hist,LE2-1231.004,1967,287.19445888104696
hist,LE2-1231.004,1968,287.33449831450827
hist,LE2-1231.004,1969,287.0253162013806
hist,LE2-1231.004,1970,287.14317468520744
hist,LE2-1231.004,1971,287.41104358042185
hist,LE2-1231.004,1972,287.1939522576958
hist,LE2-1231.004,1973,287.31715902811555
hist,LE2-1231.004,1974,287.29700213171947
hist,LE2-1231.004,1975,287.2061409971107
hist,LE2-1231.004,1976,287.3217089711626
hist,LE2-1231.004,1977,287.35435919776614
hist,LE2-1231.004,1978,287.3288684951912
hist,LE2-1231.004,1979,287.3535093241862
hist,LE2-1231.004,1980,287.49362513909347
hist,LE2-1231.004,1981,287.55444274887054
hist,LE2-1231.004,1982,287.29337837526896
hist,LE2-1231.004,1983,287.29252010108377
hist,LE2-1231.004,1984,287.4284823121039
hist,LE2-1231.004,1985,287.5677447054281
hist,LE2-1231.004,1986,287.50378683244526
hist,LE2-1231.004,1987,287.58364796123124
hist,LE2-1231.004,1988,287.59244346246675
hist,LE2-1231.004,1989,287.6603956961323
hist,LE2-1231.004,1990,287.8156876351321
hist,LE2-1231.004,1991,287.6462983124881
hist,LE2-1231.004,1992,287.42000158873014
hist,LE2-1231.004,1993,287.74814496872995
hist,LE2-1231.004,1994,287.6681051766772
hist,LE2-1231.004,1995,287.65464685523983
hist,LE2-1231.004,1996,287.7617779204584
hist,LE2-1231.004,1997,287.965475156071
hist,LE2-1231.004,1998,288.15954812429544
hist,LE2-1231.004,1999,287.9597578835055
hist,LE2-1231.004,2000,287.9298986743692
hist,LE2-1231.004,2001,288.1747410756438
hist,LE2-1231.004,2002,288.0770140664714
hist,LE2-1231.004,2003,288.06533757528126
hist,LE2-1231.004,2004,288.0817841009472
hist,LE2-1231.004,2005,288.101536239838
hist,LE2-1231.004,2006,288.21781158438745
hist,LE2-1231.004,2007,288.3891125410256
hist,LE2-1231.004,2008,288.2321328234167
hist,LE2-1231.004,2009,288.36735876253465
hist,LE2-1231.004,2010,288.1969428830601
hist,LE2-1231.004,2011,288.3143284865038
hist,LE2-1231.004,2012,288.2517794256321
hist,LE2-1231.004,2013,288.33374651183067
hist,LE2-1231.004,2014,288.3690311594245
hist,LE2-1231.005,1850,287.44786320588423
hist,LE2-1231.005,1851,287.44331694419003
hist,LE2-1231.005,1852,287.4504211567571
hist,LE2-1231.005,1853,287.22003031907053
hist,LE2-1231.005,1854,287.1976130910281
hist,LE2-1231.005,1855,287.1793498353145
hist,LE2-1231.005,1856,287.1541775539904
hist,LE2-1231.005,1857,287.1164005510876
hist,LE2-1231.005,1858,287.0406680415282
hist,LE2-1231.005,1859,287.1116581473111
hist,LE2-1231.005,1860,287.04132794198983
hist,LE2-1231.005,1861,287.01831826856125
hist,LE2-1231.005,1862,287.1046114758239
hist,LE2-1231.005,1863,287.01197011077664
hist,LE2-1231.005,1864,286.9944437976612
hist,LE2-1231.005,1865,287.0844532016676
hist,LE2-1231.005,1866,287.22312840638733
hist,LE2-1231.005,1867,287.3145808190453
hist,LE2-1231.005,1868,287.3924027815949
hist,LE2-1231.005,1869,287.28174660822367
hist,LE2-1231.005,1870,287.48429466503177
hist,LE2-1231.005,1871,287.3652920568665
hist,LE2-1231.005,1872,287.08824405074245
hist,LE2-1231.005,1873,287.25443008564775
hist,LE2-1231.005,1874,287.3406855239491
hist,LE2-1231.005,1875,287.1570512904506
hist,LE2-1231.005,1876,287.1316304672394
hist,LE2-1231.005,1877,287.3086440372607
hist,LE2-1231.005,1878,287.22605557616293
hist,LE2-1231.005,1879,287.1631791577764
hist,LE2-1231.005,1880,287.26461188093396
hist,LE2-1231.005,1881,287.3239870545006
hist,LE2-1231.005,1882,287.0517696507124
hist,LE2-1231.005,1883,287.19916010971923
hist,LE2-1231.005,1884,286.94625282387557
hist,LE2-1231.005,1885,286.8281333643911
hist,LE2-1231.005,1886,286.9452285550786
hist,LE2-1231.005,1887,287.0705209152398
hist,LE2-1231.005,1888,287.10597587436314
hist,LE2-1231.005,1889,287.2521681207079
hist,LE2-1231.005,1890,287.36884639894527
hist,LE2-1231.005,1891,287.2218026879254
hist,LE2-1231.005,1892,287.20262178056333
hist,LE2-1231.005,1893,287.333298399814
hist,LE2-1231.005,1894,287.30047893903975
hist,LE2-1231.005,1895,287.2964253162733
hist,LE2-1231.005,1896,287.43274924434644
hist,LE2-1231.005,1897,287.41837578807014
hist,LE2-1231.005,1898,287.4390394422078
hist,LE2-1231.005,1899,287.4002940904241
hist,LE2-1231.005,1900,287.3214358651248
hist,LE2-1231.005,1901,287.26829303427087
hist,LE2-1231.005,1902,287.1560749956236
hist,LE2-1231.005,1903,287.14932917321306
hist,LE2-1231.005,1904,287.25588825080706
hist,LE2-1231.005,1905,287.3694734577319
hist,LE2-1231.005,1906,287.39214329782794
hist,LE2-1231.005,1907,287.3508231928873
hist,LE2-1231.005,1908,287.47663699150144
hist,LE2-1231.005,1909,287.347492889337
hist,LE2-1231.005,1910,287.23673578928157
hist,LE2-1231.005,1911,287.17460953867254
hist,LE2-1231.005,1912,287.1022416885209
hist,LE2-1231.005,1913,287.2449327587357
hist,LE2-1231.005,1914,287.31155082259755
hist,LE2-1231.005,1915,287.21653459976835
hist,LE2-1231.005,1916,287.19968626338004
hist,LE2-1231.005,1917,287.28129340648866
hist,LE2-1231.005,1918,287.29106561517295
hist,LE2-1231.005,1919,287.12214581664205
hist,LE2-1231.005,1920,287.2197692843038
hist,LE2-1231.005,1921,287.25055841374655
hist,LE2-1231.005,1922,287.19169960779226
hist,LE2-1231.005,1923,287.36763810677826
hist,LE2-1231.005,1924,287.2962442393158
hist,LE2-1231.005,1925,287.3122156819203
hist,LE2-1231.005,1926,287.4785911635324
hist,LE2-1231.005,1927,287.3983438816652
hist,LE2-1231.005,1928,287.44666810160817
hist,LE2-1231.005,1929,287.58029611017844
hist,LE2-1231.005,1930,287.43969701146335
hist,LE2-1231.005,1931,287.48299406108583
hist,LE2-1231.005,1932,287.59671146789435
hist,LE2-1231.005,1933,287.4062335363134
hist,LE2-1231.005,1934,287.31468693761593
hist,LE2-1231.005,1935,287.3904771012254
hist,LE2-1231.005,1936,287.39690880235696
hist,LE2-1231.005,1937,287.3984038520018
hist,LE2-1231.005,1938,287.36395111579236
hist,LE2-1231.005,1939,287.3746060385371
hist,LE2-1231.005,1940,287.2579894806992
hist,LE2-1231.005,1941,287.3005069404258
hist,LE2-1231.005,1942,287.4303930633807
hist,LE2-1231.005,1943,287.4766511607496
hist,LE2-1231.005,1944,287.5802832924884
hist,LE2-1231.005,1945,287.71432979460593
hist,LE2-1231.005,1946,287.5978453130537
hist,LE2-1231.005,1947,287.3508934936908
hist,LE2-1231.005,1948,287.32070552390235
hist,LE2-1231.005,1949,287.50401260168724
hist,LE2-1231.005,1950,287.46533937812177
hist,LE2-1231.005,1951,287.5190897117793
hist,LE2-1231.005,1952,287.66014132908913
hist,LE2-1231.005,1953,287.7096569078341
hist,LE2-1231.005,1954,287.5971964595671
hist,LE2-1231.005,1955,287.52746971139595
hist,LE2-1231.005,1956,287.28923969407487
hist,LE2-1231.005,1957,287.37646008689336
hist,LE2-1231.005,1958,287.6135610112615
hist,LE2-1231.005,1959,287.730209691856
hist,LE2-1231.005,1960,287.3403795163959
hist,LE2-1231.005,1961,287.36103382147337
hist,LE2-1231.005,1962,287.4457688602646
hist,LE2-1231.005,1963,287.56761560424644
hist,LE2-1231.005,1964,287.4904080633529
hist,LE2-1231.005,1965,287.24730288745917
hist,LE2-1231.005,1966,287.104445069846
hist,LE2-1231.005,1967,287.22435562601
hist,LE2-1231.005,1968,287.42394278773054
hist,LE2-1231.005,1969,287.4969392869535
hist,LE2-1231.005,1970,287.5764444377143
hist,LE2-1231.005,1971,287.7143529947414
hist,LE2-1231.005,1972,287.48170095234434
hist,LE2-1231.005,1973,287.55725467063394
hist,LE2-1231.005,1974,287.5789742645447
hist,LE2-1231.005,1975,287.2409474734521
hist,LE2-1231.005,1976,287.3737583106381
hist,LE2-1231.005,1977,287.55916401900186
hist,LE2-1231.005,1978,287.4615848487176
hist,LE2-1231.005,1979,287.53827838468123
hist,LE2-1231.005,1980,287.6391936810796
hist,LE2-1231.005,1981,287.53009534569077
hist,LE2-1231.005,1982,287.56357440395294
hist,LE2-1231.005,1983,287.5575650114686
hist,LE2-1231.005,1984,287.55076681755656
hist,LE2-1231.005,1985,287.5853634386088
hist,LE2-1231.005,1986,287.5763137002913
hist,LE2-1231.005,1987,287.715869398939
hist,LE2-1231.005,1988,287.5841558916694
hist,LE2-1231.005,1989,287.8314468463838
hist,LE2-1231.005,1990,288.011280408507
hist,LE2-1231.005,1991,287.5916307023952
hist,LE2-1231.005,1992,287.3971972397788
hist,LE2-1231.005,1993,287.72911655177427
hist,LE2-1231.005,1994,287.8510184811231
hist,LE2-1231.005,1995,287.6749577246878
hist,LE2-1231.005,1996,287.53988431721314
hist,LE2-1231.005,1997,287.7607790241635
hist,LE2-1231.005,1998,287.88867652532906
hist,LE2-1231.005,1999,287.99982630062937
hist,LE2-1231.005,2000,288.1139303866524
hist,LE2-1231.005,2001,288.03412712680023
hist,LE2-1231.005,2002,288.01213689335856
hist,LE2-1231.005,2003,288.23051615107283
hist,LE2-1231.005,2004,288.3672003142149
hist,LE2-1231.005,2005,288.15542012730384
hist,LE2-1231.005,2006,288.2323316352267
hist,LE2-1231.005,2007,288.2710138210715
hist,LE2-1231.005,2008,288.1840819378138
hist,LE2-1231.005,2009,288.35462752617497
hist,LE2-1231.005,2010,288.27625575846736
hist,LE2-1231.005,2011,288.2275997779499
hist,LE2-1231.005,2012,288.3935837823739
hist,LE2-1231.005,2013,288.55603615015207
hist,LE2-1231.005,2014,288.5488416606851
hist,LE2-1231.011,1850,287.4356399431391
hist,LE2-1231.011,1851,287.18954799347955
hist,LE2-1231.011,1852,287.284195259417
hist,LE2-1231.011,1853,287.25798420769667
hist,LE2-1231.011,1854,287.2064851427723
hist,LE2-1231.011,1855,287.2681410256373
hist,LE2-1231.011,1856,287.31329606858844
hist,LE2-1231.011,1857,287.2546207811516
hist,LE2-1231.011,1858,287.28419987904084
hist,LE2-1231.011,1859,287.17339130037084
hist,LE2-1231.011,1860,287.40497307093256
hist,LE2-1231.011,1861,287.5086538729562
hist,LE2-1231.011,1862,287.3670431238969
hist,LE2-1231.011,1863,287.2021462965675
hist,LE2-1231.011,1864,287.2491199981329
hist,LE2-1231.011,1865,287.44052478915984
hist,LE2-1231.011,1866,287.4272469267492
hist,LE2-1231.011,1867,287.3851002667209
hist,LE2-1231.011,1868,287.5096779669925
hist,LE2-1231.011,1869,287.40220009192655
hist,LE2-1231.011,1870,287.4259586236895
hist,LE2-1231.011,1871,287.4575986050938
hist,LE2-1231.011,1872,287.4861803130726
hist,LE2-1231.011,1873,287.31232629633803
hist,LE2-1231.011,1874,287.4760362201701
hist,LE2-1231.011,1875,287.4635553899671
hist,LE2-1231.011,1876,287.0291301393121
hist,LE2-1231.011,1877,287.18277483712075
hist,LE2-1231.011,1878,287.3115367054674
hist,LE2-1231.011,1879,287.39916302119514
hist,LE2-1231.011,1880,287.26080913548367
hist,LE2-1231.011,1881,287.2664998755305
hist,LE2-1231.011,1882,287.4464661983059
hist,LE2-1231.011,1883,287.40546835147643
hist,LE2-1231.011,1884,287.2868554277687
hist,LE2-1231.011,1885,287.1743620383346
hist,LE2-1231.011,1886,287.1781372155028
hist,LE2-1231.011,1887,287.04965175923985
hist,LE2-1231.011,1888,287.1095851539311
hist,LE2-1231.011,1889,287.1543324735554
hist,LE2-1231.011,1890,287.0984124176193
hist,LE2-1231.011,1891,286.9824389333366
hist,LE2-1231.011,1892,287.2320536561239
hist,LE2-1231.011,1893,287.24417864618493
hist,LE2-1231.011,1894,287.04642037745833
hist,LE2-1231.011,1895,287.15614856973787
hist,LE2-1231.011,1896,287.00868261803686
hist,LE2-1231.011,1897,287.0503241597299
hist,LE2-1231.011,1898,287.0942204313929
hist,LE2-1231.011,1899,287.2569467693215
hist,LE2-1231.011,1900,287.14412213486236
hist,LE2-1231.011,1901,287.356600847794
hist,LE2-1231.011,1902,287.42003278086065
hist,LE2-1231.011,1903,287.05967398638944
hist,LE2-1231.011,1904,287.21105250111793
hist,LE2-1231.011,1905,287.1981144307558
hist,LE2-1231.011,1906,286.9298305799125
hist,LE2-1231.011,1907,286.96118480618605
hist,LE2-1231.011,1908,287.1036067768495
hist,LE2-1231.011,1909,287.2264763001871
hist,LE2-1231.011,1910,287.2411244935321
hist,LE2-1231.011,1911,287.19849327710955
hist,LE2-1231.011,1912,287.0771368774967
hist,LE2-1231.011,1913,286.89419112688694
hist,LE2-1231.011,1914,287.10884123008435
hist,LE2-1231.011,1915,287.10493411382396
hist,LE2-1231.011,1916,287.11394257595356
hist,LE2-1231.011,1917,287.23951292242754
hist,LE2-1231.011,1918,287.4057541990004
hist,LE2-1231.011,1919,287.33295327362833
hist,LE2-1231.011,1920,287.38863688508263
hist,LE2-1231.011,1921,287.34334316835833
hist,LE2-1231.011,1922,287.29614255079855
hist,LE2-1231.011,1923,287.4776724191817
hist,LE2-1231.011,1924,287.43667788868396
hist,LE2-1231.011,1925,287.0242381815138
hist,LE2-1231.011,1926,287.0803588177252
hist,LE2-1231.011,1927,287.3524935652868
hist,LE2-1231.011,1928,287.3839018010126
hist,LE2-1231.011,1929,287.41722971589
hist,LE2-1231.011,1930,287.5693325243386
hist,LE2-1231.011,1931,287.4012261002888
hist,LE2-1231.011,1932,287.4518602157908
hist,LE2-1231.011,1933,287.37549983476254
hist,LE2-1231.011,1934,287.3846348881088
hist,LE2-1231.011,1935,287.4360824998534
hist,LE2-1231.011,1936,287.4161187222446
hist,LE2-1231.011,1937,287.44925693396
hist,LE2-1231.011,1938,287.41414184386923
hist,LE2-1231.011,1939,287.52343821774997
hist,LE2-1231.011,1940,287.57023354879334
hist,LE2-1231.011,1941,287.4640248933086
hist,LE2-1231.011,1942,287.4734890986659
hist,LE2-1231.011,1943,287.5391148876859
hist,LE2-1231.011,1944,287.4980802828091
hist,LE2-1231.011,1945,287.40651834985897
hist,LE2-1231.011,1946,287.72085825293277
hist,LE2-1231.011,1947,287.55293777391034
hist,LE2-1231.011,1948,287.2072262078223
hist,LE2-1231.011,1949,287.3007600891055
hist,LE2-1231.011,1950,287.5379287124943
hist,LE2-1231.011,1951,287.4997133026814
hist,LE2-1231.011,1952,287.5611420025015
hist,LE2-1231.011,1953,287.5981203806449
hist,LE2-1231.011,1954,287.27765714470587
hist,LE2-1231.011,1955,287.3691511160582
hist,LE2-1231.011,1956,287.49520170402667
hist,LE2-1231.011,1957,287.403810213574
hist,LE2-1231.011,1958,287.3629190732769
hist,LE2-1231.011,1959,287.4135860740943
hist,LE2-1231.011,1960,287.49362962864404
hist,LE2-1231.011,1961,287.5405518582607
hist,LE2-1231.011,1962,287.62312917416654
hist,LE2-1231.011,1963,287.40533704819904
hist,LE2-1231.011,1964,287.2494794362167
hist,LE2-1231.011,1965,287.4409516528501
hist,LE2-1231.011,1966,287.4144151760939
hist,LE2-1231.011,1967,287.4323096978835
hist,LE2-1231.011,1968,287.4230557719457
hist,LE2-1231.011,1969,287.493332642347
hist,LE2-1231.011,1970,287.555905564373
hist,LE2-1231.011,1971,287.41786631559876
hist,LE2-1231.011,1972,287.2739174715336
hist,LE2-1231.011,1973,287.29427460416076
hist,LE2-1231.011,1974,287.55473106012823
hist,LE2-1231.011,1975,287.2188958701446
hist,LE2-1231.011,1976,287.35622662952954
hist,LE2-1231.011,1977,287.59263568584436
hist,LE2-1231.011,1978,287.3613385656884
hist,LE2-1231.011,1979,287.58250963533146
hist,LE2-1231.011,1980,287.8102246570217
hist,LE2-1231.011,1981,287.6110641625341
hist,LE2-1231.011,1982,287.4070357188843
hist,LE2-1231.011,1983,287.56708897056126
hist,LE2-1231.011,1984,287.55983770893204
hist,LE2-1231.011,1985,287.25220614928685
hist,LE2-1231.011,1986,287.4186649567288
hist,LE2-1231.011,1987,287.68329704099506
hist,LE2-1231.011,1988,287.539884641699
hist,LE2-1231.011,1989,287.5103273872717
hist,LE2-1231.011,1990,287.80977030230395
hist,LE2-1231.011,1991,287.75263115350634
hist,LE2-1231.011,1992,287.44642574370573
hist,LE2-1231.011,1993,287.7720754084267
hist,LE2-1231.011,1994,287.84467123937
hist,LE2-1231.011,1995,287.6206367021378
hist,LE2-1231.011,1996,287.7818315146668
hist,LE2-1231.011,1997,287.96858080268225
hist,LE2-1231.011,1998,287.9374171539127
hist,LE2-1231.011,1999,287.713679664888
hist,LE2-1231.011,2000,287.72435527263207
hist,LE2-1231.011,2001,288.0610364579502
hist,LE2-1231.011,2002,288.2334816108865
hist,LE2-1231.011,2003,288.0382704623864
hist,LE2-1231.011,2004,288.11528331047236
hist,LE2-1231.011,2005,288.2027987934916
hist,LE2-1231.011,2006,288.19533100230365
hist,LE2-1231.011,2007,288.1067722609021
hist,LE2-1231.011,2008,288.1773527015889
hist,LE2-1231.011,2009,288.311723475542
hist,LE2-1231.011,2010,288.13866576787046
hist,LE2-1231.011,2011,288.0699278145805
hist,LE2-1231.011,2012,288.32354583971863
hist,LE2-1231.011,2013,288.40394345847506
hist,LE2-1231.011,2014,288.1607290854372
hist,LE2-1231.012,1850,287.36935275966596
hist,LE2-1231.012,1851,287.2121526882067
hist,LE2-1231.012,1852,287.3935318127315
hist,LE2-1231.012,1853,287.25172839693164
hist,LE2-1231.012,1854,287.2357590867048
hist,LE2-1231.012,1855,287.2905917697532
hist,LE2-1231.012,1856,287.10119328497854
hist,LE2-1231.012,1857,287.0715436542496
hist,LE2-1231.012,1858,287.3056759334188
hist,LE2-1231.012,1859,287.35926196474287
hist,LE2-1231.012,1860,287.3814594258362
hist,LE2-1231.012,1861,287.3714407181465
hist,LE2-1231.012,1862,287.2759923863405
hist,LE2-1231.012,1863,287.13931204068814
hist,LE2-1231.012,1864,287.19243300122974
hist,LE2-1231.012,1865,287.23795683163064
hist,LE2-1231.012,1866,287.2751875561497
hist,LE2-1231.012,1867,287.3219019473665
hist,LE2-1231.012,1868,287.4740363992747
hist,LE2-1231.012,1869,287.3330689630474
hist,LE2-1231.012,1870,287.4079205156306
hist,LE2-1231.012,1871,287.66220045030934
hist,LE2-1231.012,1872,287.4981710958864
hist,LE2-1231.012,1873,287.3866753019127
hist,LE2-1231.012,1874,287.4478041903653
hist,LE2-1231.012,1875,287.56816909082545
hist,LE2-1231.012,1876,287.3573262018108
hist,LE2-1231.012,1877,287.24123335853034
hist,LE2-1231.012,1878,287.3500927052078
hist,LE2-1231.012,1879,287.2213150688367
hist,LE2-1231.012,1880,287.3994646816385
hist,LE2-1231.012,1881,287.61269367646423
hist,LE2-1231.012,1882,287.37632161313263
hist,LE2-1231.012,1883,287.2662431890417
hist,LE2-1231.012,1884,287.1000104413434
hist,LE2-1231.012,1885,287.0656296033654
hist,LE2-1231.012,1886,287.18596812333584
hist,LE2-1231.012,1887,287.1969354817575
hist,LE2-1231.012,1888,287.25810393373206
hist,LE2-1231.012,1889,287.34800114169593
hist,LE2-1231.012,1890,287.1579353253009
hist,LE2-1231.012,1891,287.1449191391727
hist,LE2-1231.012,1892,287.2477160979985
hist,LE2-1231.012,1893,287.2320628934753
hist,LE2-1231.012,1894,287.2367857938462
hist,LE2-1231.012,1895,287.27077759961026
hist,LE2-1231.012,1896,287.37117004360005
hist,LE2-1231.012,1897,287.36539582371955
hist,LE2-1231.012,1898,287.3876994631392
hist,LE2-1231.012,1899,287.41477719786275
hist,LE2-1231.012,1900,287.34070526358124
hist,LE2-1231.012,1901,287.2220714602322
hist,LE2-1231.012,1902,286.93006674802353
hist,LE2-1231.012,1903,287.01612035169023
hist,LE2-1231.012,1904,286.9905926931437
hist,LE2-1231.012,1905,286.9017679365057
hist,LE2-1231.012,1906,287.1150012948944
hist,LE2-1231.012,1907,287.18937245668434
hist,LE2-1231.012,1908,286.9690876655627
hist,LE2-1231.012,1909,286.9474746822171
hist,LE2-1231.012,1910,287.18188064562815
hist,LE2-1231.012,1911,287.22106058005386
hist,LE2-1231.012,1912,287.06679829765415
hist,LE2-1231.012,1913,286.98609833058083
hist,LE2-1231.012,1914,287.12500152894864
hist,LE2-1231.012,1915,287.21066781286675
hist,LE2-1231.012,1916,287.4211653377895
hist,LE2-1231.012,1917,287.41510407486953
hist,LE2-1231.012,1918,287.0612863253207
hist,LE2-1231.012,1919,287.1855885477598
hist,LE2-1231.012,1920,287.317880195361
hist,LE2-1231.012,1921,287.32418297062645
hist,LE2-1231.012,1922,287.3777156155355
hist,LE2-1231.012,1923,287.3530116420313
hist,LE2-1231.012,1924,287.33163274874266
hist,LE2-1231.012,1925,287.38057834814845
hist,LE2-1231.012,1926,287.5555101364163
hist,LE2-1231.012,1927,287.2349257335015
hist,LE2-1231.012,1928,287.1465048782966
hist,LE2-1231.012,1929,287.3732847049948
hist,LE2-1231.012,1930,287.3554063121307
hist,LE2-1231.012,1931,287.06350976276497
hist,LE2-1231.012,1932,287.14496179488793
hist,LE2-1231.012,1933,287.04635326097724
hist,LE2-1231.012,1934,287.12936618348454
hist,LE2-1231.012,1935,287.3316880094604
hist,LE2-1231.012,1936,287.2952292305397
hist,LE2-1231.012,1937,287.45787438619766
hist,LE2-1231.012,1938,287.4846716429979
hist,LE2-1231.012,1939,287.3805368538044
hist,LE2-1231.012,1940,287.4126158309137
hist,LE2-1231.012,1941,287.44344914570297
hist,LE2-1231.012,1942,287.45945662729196
hist,LE2-1231.012,1943,287.5265489531017
hist,LE2-1231.012,1944,287.4567613109144
hist,LE2-1231.012,1945,287.4102442416137
hist,LE2-1231.012,1946,287.5146204921784
hist,LE2-1231.012,1947,287.3875184907097
hist,LE2-1231.012,1948,287.51432485331895
hist,LE2-1231.012,1949,287.6883034613897
hist,LE2-1231.012,1950,287.4911682648829
hist,LE2-1231.012,1951,287.5951894208102
hist,LE2-1231.012,1952,287.7562235600421
hist,LE2-1231.012,1953,287.5672443979297
hist,LE2-1231.012,1954,287.5176622619133
hist,LE2-1231.012,1955,287.4048614850812
hist,LE2-1231.012,1956,287.3823238452117
hist,LE2-1231.012,1957,287.3797304050871
hist,LE2-1231.012,1958,287.2919227669042
hist,LE2-1231.012,1959,287.15202384956825
hist,LE2-1231.012,1960,287.38025795604307
hist,LE2-1231.012,1961,287.4959079479433
hist,LE2-1231.012,1962,287.63904136138217
hist,LE2-1231.012,1963,287.3360036602445
hist,LE2-1231.012,1964,287.368195278873
hist,LE2-1231.012,1965,287.36119152219413
hist,LE2-1231.012,1966,287.3027109588806
hist,LE2-1231.012,1967,287.44879238685934
hist,LE2-1231.012,1968,287.5057808007802
hist,LE2-1231.012,1969,287.4138343433366
hist,LE2-1231.012,1970,287.45131400018323
hist,LE2-1231.012,1971,287.32333280388474
hist,LE2-1231.012,1972,287.4174296892779
hist,LE2-1231.012,1973,287.5797597350763
hist,LE2-1231.012,1974,287.65043793736135
hist,LE2-1231.012,1975,287.6179662468558
hist,LE2-1231.012,1976,287.4244144571886
hist,LE2-1231.012,1977,287.4029726368474
hist,LE2-1231.012,1978,287.4726782749885
hist,LE2-1231.012,1979,287.4569914101534
hist,LE2-1231.012,1980,287.47264435573635
hist,LE2-1231.012,1981,287.45644335081636
hist,LE2-1231.012,1982,287.5674071181533
hist,LE2-1231.012,1983,287.5995787687176
hist,LE2-1231.012,1984,287.68847139553066
hist,LE2-1231.012,1985,287.6465180184641
hist,LE2-1231.012,1986,287.53639786543425
hist,LE2-1231.012,1987,287.4490664218538
hist,LE2-1231.012,1988,287.57876583563814
hist,LE2-1231.012,1989,287.87574743252077
hist,LE2-1231.012,1990,288.0908914599897
hist,LE2-1231.012,1991,287.89365378072915
hist,LE2-1231.012,1992,287.7234463655078
hist,LE2-1231.012,1993,287.97015458760325
hist,LE2-1231.012,1994,287.94609326286735
hist,LE2-1231.012,1995,287.78331024774656
hist,LE2-1231.012,1996,287.8111019980683
hist,LE2-1231.012,1997,287.93636453373495
hist,LE2-1231.012,1998,287.92665986414204
hist,LE2-1231.012,1999,287.9686966092947
hist,LE2-1231.012,2000,287.8594526049807
hist,LE2-1231.012,2001,287.9426489233068
hist,LE2-1231.012,2002,288.1912118807135
hist,LE2-1231.012,2003,288.14180293997373
hist,LE2-1231.012,2004,287.90728551566286
hist,LE2-1231.012,2005,287.9215216066466
hist,LE2-1231.012,2006,288.17738298461126
hist,LE2-1231.012,2007,288.1955687758012
hist,LE2-1231.012,2008,288.0588267099545
hist,LE2-1231.012,2009,288.1182060309886
hist,LE2-1231.012,2010,288.20544693332573
hist,LE2-1231.012,2011,287.96739166853115
hist,LE2-1231.012,2012,288.1322588643205
hist,LE2-1231.012,2013,288.30837492561534
hist,LE2-1231.012,2014,288.4775527301281
hist,LE2-1231.013,1850,287.35473944914725
hist,LE2-1231.013,1851,287.2908498381234
hist,LE2-1231.013,1852,287.5527561135428
hist,LE2-1231.013,1853,287.2042821418865
hist,LE2-1231.013,1854,287.12777694494326
hist,LE2-1231.013,1855,287.2091170390187
hist,LE2-1231.013,1856,287.2481848004911
hist,LE2-1231.013,1857,287.2753026949791
hist,LE2-1231.013,1858,287.30310038499806
hist,LE2-1231.013,1859,287.50567022241376
hist,LE2-1231.013,1860,287.5027173791665
hist,LE2-1231.013,1861,287.27230546747694
hist,LE2-1231.013,1862,287.0413259849143
hist,LE2-1231.013,1863,287.225827692574
hist,LE2-1231.013,1864,287.35706221013356
hist,LE2-1231.013,1865,287.4220770578157
hist,LE2-1231.013,1866,287.2926371510953
hist,LE2-1231.013,1867,287.2577496450886
hist,LE2-1231.013,1868,287.3371325474308
hist,LE2-1231.013,1869,287.1223579752984
hist,LE2-1231.013,1870,287.08537210655976
hist,LE2-1231.013,1871,287.1817237453006
hist,LE2-1231.013,1872,287.42690774874717
hist,LE2-1231.013,1873,287.122880731056
hist,LE2-1231.013,1874,287.1398008199219
hist,LE2-1231.013,1875,287.2052384935705
hist,LE2-1231.013,1876,287.1063211271911
hist,LE2-1231.013,1877,287.1244740991842
hist,LE2-1231.013,1878,287.25129102928474
hist,LE2-1231.013,1879,287.39645907673133
hist,LE2-1231.013,1880,287.2908399930195
hist,LE2-1231.013,1881,287.11355419763106
hist,LE2-1231.013,1882,287.23395828703696
hist,LE2-1231.013,1883,287.1249753305496
hist,LE2-1231.013,1884,286.74009833787767
hist,LE2-1231.013,1885,286.83407669646505
hist,LE2-1231.013,1886,286.9739009379039
hist,LE2-1231.013,1887,286.9611397610955
hist,LE2-1231.013,1888,287.21515470735056
hist,LE2-1231.013,1889,287.24938280486657
hist,LE2-1231.013,1890,287.2647362963523
hist,LE2-1231.013,1891,287.26796872554445
hist,LE2-1231.013,1892,287.227934588839
hist,LE2-1231.013,1893,287.24065151457745
hist,LE2-1231.013,1894,287.5006013520845
hist,LE2-1231.013,1895,287.2899311506234
hist,LE2-1231.013,1896,287.2307448560957
hist,LE2-1231.013,1897,287.22966906178584
hist,LE2-1231.013,1898,287.35736404506525
hist,LE2-1231.013,1899,287.36425640204226
hist,LE2-1231.013,1900,287.4350522113853
hist,LE2-1231.013,1901,287.5486317212576
hist,LE2-1231.013,1902,287.295399000168
hist,LE2-1231.013,1903,287.3894701227684
hist,LE2-1231.013,1904,287.2158678452
hist,LE2-1231.013,1905,287.2596973999064
hist,LE2-1231.013,1906,287.3582605961068
hist,LE2-1231.013,1907,287.14837184916456
hist,LE2-1231.013,1908,287.11074904412493
hist,LE2-1231.013,1909,287.198981155988
hist,LE2-1231.013,1910,287.1295666467531
hist,LE2-1231.013,1911,287.2293591797935
hist,LE2-1231.013,1912,287.2735302308828
hist,LE2-1231.013,1913,287.3240146217282
hist,LE2-1231.013,1914,287.36990694564196
hist,LE2-1231.013,1915,287.308598975517
hist,LE2-1231.013,1916,287.4529345348759
hist,LE2-1231.013,1917,287.4749510464076
hist,LE2-1231.013,1918,287.2223431038779
hist,LE2-1231.013,1919,287.2703255597668
hist,LE2-1231.013,1920,287.42505051683383
hist,LE2-1231.013,1921,287.347349563667
hist,LE2-1231.013,1922,287.3474676205903
hist,LE2-1231.013,1923,287.4039740497333
hist,LE2-1231.013,1924,287.4663036677096
hist,LE2-1231.013,1925,287.4128628470498
hist,LE2-1231.013,1926,287.4000181425698
hist,LE2-1231.013,1927,287.355926400687
hist,LE2-1231.013,1928,287.3989978086177
hist,LE2-1231.013,1929,287.41481881732096
hist,LE2-1231.013,1930,287.34975659715593
hist,LE2-1231.013,1931,287.2939015621809
hist,LE2-1231.013,1932,287.34053536753186
hist,LE2-1231.013,1933,287.48872801578034
hist,LE2-1231.013,1934,287.31632735950836
hist,LE2-1231.013,1935,287.42455819269725
hist,LE2-1231.013,1936,287.57577604083133
hist,LE2-1231.013,1937,287.4449496741694
hist,LE2-1231.013,1938,287.432310428304
hist,LE2-1231.013,1939,287.4220388383482
hist,LE2-1231.013,1940,287.6398011987092
hist,LE2-1231.013,1941,287.75195886049505
hist,LE2-1231.013,1942,287.55414122847145
hist,LE2-1231.013,1943,287.5197779982736
hist,LE2-1231.013,1944,287.5829474964925
hist,LE2-1231.013,1945,287.42573939788247
hist,LE2-1231.013,1946,287.4909427431319
hist,LE2-1231.013,1947,287.53462178302226
hist,LE2-1231.013,1948,287.48443084348565
hist,LE2-1231.013,1949,287.4112371345995
hist,LE2-1231.013,1950,287.43145569183247
hist,LE2-1231.013,1951,287.39137010289073
hist,LE2-1231.013,1952,287.4601665219584
hist,LE2-1231.013,1953,287.4551109102861
hist,LE2-1231.013,1954,287.55973592274523
hist,LE2-1231.013,1955,287.5236208816488
hist,LE2-1231.013,1956,287.41057357532674
hist,LE2-1231.013,1957,287.6010349740445
hist,LE2-1231.013,1958,287.44357208671676
hist,LE2-1231.013,1959,287.45686220132256
hist,LE2-1231.013,1960,287.3855543317108
hist,LE2-1231.013,1961,287.48752782072637
hist,LE2-1231.013,1962,287.4027827546686
hist,LE2-1231.013,1963,287.1467334319865
hist,LE2-1231.013,1964,287.06625236774994
hist,LE2-1231.013,1965,287.2200173552635
hist,LE2-1231.013,1966,287.318864225803
hist,LE2-1231.013,1967,287.4360636775765
hist,LE2-1231.013,1968,287.2670076256426
hist,LE2-1231.013,1969,287.38931995694105
hist,LE2-1231.013,1970,287.40903176947904
hist,LE2-1231.013,1971,287.1774423167329
hist,LE2-1231.013,1972,287.2379547381061
hist,LE2-1231.013,1973,287.3212286728731
hist,LE2-1231.013,1974,287.3588312891644
hist,LE2-1231.013,1975,287.27081020886385
hist,LE2-1231.013,1976,287.3805758231605
hist,LE2-1231.013,1977,287.5402225506911
hist,LE2-1231.013,1978,287.46730978798365
hist,LE2-1231.013,1979,287.4615403434327
hist,LE2-1231.013,1980,287.6502275820604
hist,LE2-1231.013,1981,287.8185816394119
hist,LE2-1231.013,1982,287.6648964097747
hist,LE2-1231.013,1983,287.6513137958392
hist,LE2-1231.013,1984,287.3582421222879
hist,LE2-1231.013,1985,287.3001840971708
hist,LE2-1231.013,1986,287.4282104848601
hist,LE2-1231.013,1987,287.599829592643
hist,LE2-1231.013,1988,287.63764346762406
hist,LE2-1231.013,1989,287.5727803049156
hist,LE2-1231.013,1990,287.70874909357104
hist,LE2-1231.013,1991,287.8130000365507
hist,LE2-1231.013,1992,287.5388646324005
hist,LE2-1231.013,1993,287.60169547108995
hist,LE2-1231.013,1994,287.6790930538622
hist,LE2-1231.013,1995,287.789959551921
hist,LE2-1231.013,1996,287.6897051653618
hist,LE2-1231.013,1997,287.6584457732211
hist,LE2-1231.013,1998,287.8804157380572
hist,LE2-1231.013,1999,287.9913212648339
hist,LE2-1231.013,2000,287.8670610318974
hist,LE2-1231.013,2001,287.8441654632607
hist,LE2-1231.013,2002,287.8480125055685
hist,LE2-1231.013,2003,287.976701971798
hist,LE2-1231.013,2004,287.9603866602264
hist,LE2-1231.013,2005,287.96336547584764
hist,LE2-1231.013,2006,288.1789530009635
hist,LE2-1231.013,2007,288.11607772218724
hist,LE2-1231.013,2008,287.94453068467
hist,LE2-1231.013,2009,288.00702524892944
hist,LE2-1231.013,2010,288.2254806978157
hist,LE2-1231.013,2011,288.3975294414
hist,LE2-1231.013,2012,288.49142576244446
hist,LE2-1231.013,2013,288.44740688531107
hist,LE2-1231.013,2014,288.38458272683295
hist,LE2-1231.014,1850,287.40051225006204
hist,LE2-1231.014,1851,287.29194157356164
hist,LE2-1231.014,1852,287.45030471517873
hist,LE2-1231.014,1853,287.407883480147
hist,LE2-1231.014,1854,287.2567794355043
hist,LE2-1231.014,1855,287.27641219568426
hist,LE2-1231.014,1856,287.085503678166
hist,LE2-1231.014,1857,287.2330045982965
hist,LE2-1231.014,1858,287.13874656535296
hist,LE2-1231.014,1859,287.12637008731076
hist,LE2-1231.014,1860,287.2412310613783
hist,LE2-1231.014,1861,287.3100323195003
hist,LE2-1231.014,1862,287.2513101712888
hist,LE2-1231.014,1863,287.42577592465574
hist,LE2-1231.014,1864,287.31714999207395
hist,LE2-1231.014,1865,287.17824353828195
hist,LE2-1231.014,1866,287.21805232130555
hist,LE2-1231.014,1867,287.22897032680606
hist,LE2-1231.014,1868,287.20496035806565
hist,LE2-1231.014,1869,287.1764701655864
hist,LE2-1231.014,1870,287.14229169378734
hist,LE2-1231.014,1871,287.2121966974284
hist,LE2-1231.014,1872,287.0863400279087
hist,LE2-1231.014,1873,287.09418718842034
hist,LE2-1231.014,1874,287.08606494612917
hist,LE2-1231.014,1875,287.33603633845877
hist,LE2-1231.014,1876,287.48399668436036
hist,LE2-1231.014,1877,287.58583211404226
hist,LE2-1231.014,1878,287.3321559088228
hist,LE2-1231.014,1879,287.30715833153675
hist,LE2-1231.014,1880,287.33911300623004
hist,LE2-1231.014,1881,287.30882496633274
hist,LE2-1231.014,1882,287.5050183232305
hist,LE2-1231.014,1883,287.2518827950389
hist,LE2-1231.014,1884,286.82437443141305
hist,LE2-1231.014,1885,286.99028598447495
hist,LE2-1231.014,1886,287.1769519627519
hist,LE2-1231.014,1887,287.4382305394204
hist,LE2-1231.014,1888,287.2378631149092
hist,LE2-1231.014,1889,287.0878573103797
hist,LE2-1231.014,1890,287.223090428687
hist,LE2-1231.014,1891,287.35863200594326
hist,LE2-1231.014,1892,287.1450562688134
hist,LE2-1231.014,1893,287.23406502322314
hist,LE2-1231.014,1894,287.22060512388515
hist,LE2-1231.014,1895,287.21095571666194
hist,LE2-1231.014,1896,287.1549656095616
hist,LE2-1231.014,1897,287.1599746561856
hist,LE2-1231.014,1898,287.367105632279
hist,LE2-1231.014,1899,287.2461937444851
hist,LE2-1231.014,1900,287.230354166166
hist,LE2-1231.014,1901,287.2729458798927
hist,LE2-1231.014,1902,287.05422025243735
hist,LE2-1231.014,1903,287.02294693838144
hist,LE2-1231.014,1904,287.0927557843327
hist,LE2-1231.014,1905,287.1808671251334
hist,LE2-1231.014,1906,287.2329158724221
hist,LE2-1231.014,1907,287.14367887579334
hist,LE2-1231.014,1908,287.1467704066806
hist,LE2-1231.014,1909,287.0370927723243
hist,LE2-1231.014,1910,286.9818091766721
hist,LE2-1231.014,1911,287.1850259073518
hist,LE2-1231.014,1912,287.07763470097785
hist,LE2-1231.014,1913,286.88451420003037
hist,LE2-1231.014,1914,287.1157393013845
hist,LE2-1231.014,1915,287.2638927087315
hist,LE2-1231.014,1916,287.3132888801679
hist,LE2-1231.014,1917,287.19878573565273
hist,LE2-1231.014,1918,287.1422349901684
hist,LE2-1231.014,1919,287.39768776532037
hist,LE2-1231.014,1920,287.31228712906284
hist,LE2-1231.014,1921,287.3824151283678
hist,LE2-1231.014,1922,287.3626325322867
hist,LE2-1231.014,1923,287.3531162888823
hist,LE2-1231.014,1924,287.1940699624158
hist,LE2-1231.014,1925,287.2558756558036
hist,LE2-1231.014,1926,287.4261144120746
hist,LE2-1231.014,1927,287.2153459989484
hist,LE2-1231.014,1928,287.1810220349122
hist,LE2-1231.014,1929,287.2983660001879
hist,LE2-1231.014,1930,287.2424341854295
hist,LE2-1231.014,1931,287.34451652302914
hist,LE2-1231.014,1932,287.2879174499849
hist,LE2-1231.014,1933,287.15895057877043
hist,LE2-1231.014,1934,287.0862039250172
hist,LE2-1231.014,1935,287.2998818251053
hist,LE2-1231.014,1936,287.3363552417183
hist,LE2-1231.014,1937,287.42787731435135
hist,LE2-1231.014,1938,287.2836452265647
hist,LE2-1231.014,1939,287.4578471494857
hist,LE2-1231.014,1940,287.6925784911889
hist,LE2-1231.014,1941,287.5269282949421
hist,LE2-1231.014,1942,287.3703784509233
hist,LE2-1231.014,1943,287.452260153026
hist,LE2-1231.014,1944,287.69194294953473
hist,LE2-1231.014,1945,287.75616562720165
hist,LE2-1231.014,1946,287.534480289505
hist,LE2-1231.014,1947,287.40228769818987
hist,LE2-1231.014,1948,287.4830422944629
hist,LE2-1231.014,1949,287.2358589576394
hist,LE2-1231.014,1950,287.32211353910714
hist,LE2-1231.014,1951,287.3900277008985
hist,LE2-1231.014,1952,287.12151623471465
hist,LE2-1231.014,1953,287.28499507605267
hist,LE2-1231.014,1954,287.48364512519913
hist,LE2-1231.014,1955,287.4597762642687
hist,LE2-1231.014,1956,287.2478683209355
hist,LE2-1231.014,1957,287.3882629618765
hist,LE2-1231.014,1958,287.35023330116985
hist,LE2-1231.014,1959,287.23938939103965
hist,LE2-1231.014,1960,287.232717931592
hist,LE2-1231.014,1961,287.4480398200627
hist,LE2-1231.014,1962,287.2926706557519
hist,LE2-1231.014,1963,287.1600153096685
hist,LE2-1231.014,1964,287.1533971267586
hist,LE2-1231.014,1965,287.209214351813
hist,LE2-1231.014,1966,287.0219271504854
hist,LE2-1231.014,1967,287.2790645890526
hist,LE2-1231.014,1968,287.3024784395721
hist,LE2-1231.014,1969,287.3343814992697
hist,LE2-1231.014,1970,287.4769840581898
hist,LE2-1231.014,1971,287.33250981333316
hist,LE2-1231.014,1972,287.33284877870824
hist,LE2-1231.014,1973,287.4099605113827
hist,LE2-1231.014,1974,287.4897186266409
hist,LE2-1231.014,1975,287.34237104452575
hist,LE2-1231.014,1976,287.5055206260687
hist,LE2-1231.014,1977,287.53375812947525
hist,LE2-1231.014,1978,287.3551369910237
hist,LE2-1231.014,1979,287.5658377737557
hist,LE2-1231.014,1980,287.7872914976217
hist,LE2-1231.014,1981,287.770157604414
hist,LE2-1231.014,1982,287.5039713427429
hist,LE2-1231.014,1983,287.5864639648151
hist,LE2-1231.014,1984,287.6628734329841
hist,LE2-1231.014,1985,287.64225821896696
hist,LE2-1231.014,1986,287.6768434849051
hist,LE2-1231.014,1987,287.6927372369847
hist,LE2-1231.014,1988,287.69754680271683
hist,LE2-1231.014,1989,287.54025450316465
hist,LE2-1231.014,1990,287.39391964565027
hist,LE2-1231.014,1991,287.7141035370614
hist,LE2-1231.014,1992,287.4627288000449
hist,LE2-1231.014,1993,287.36406758393355
hist,LE2-1231.014,1994,287.4401084280955
hist,LE2-1231.014,1995,287.740971248409
hist,LE2-1231.014,1996,287.6852795514873
hist,LE2-1231.014,1997,287.68508716539833
hist,LE2-1231.014,1998,287.8381477148906
hist,LE2-1231.014,1999,288.150699465911
hist,LE2-1231.014,2000,287.9413485104045
hist,LE2-1231.014,2001,287.99553980409286
hist,LE2-1231.014,2002,288.0123093606417
hist,LE2-1231.014,2003,288.1447001643115
hist,LE2-1231.014,2004,287.85098446333427
hist,LE2-1231.014,2005,288.0487280860701
hist,LE2-1231.014,2006,288.10203570609366
hist,LE2-1231.014,2007,288.00372392903466
hist,LE2-1231.014,2008,288.120279064554
hist,LE2-1231.014,2009,288.22179247920303
hist,LE2-1231.014,2010,288.1697015153067
hist,LE2-1231.014,2011,288.1178806826977
hist,LE2-1231.014,2012,288.0864992094729
hist,LE2-1231.014,2013,288.3029522546207
hist,LE2-1231.014,2014,288.35974088826885
hist,LE2-1231.015,1850,287.48975408338595
hist,LE2-1231.015,1851,287.3990597096151
hist,LE2-1231.015,1852,287.29135843742694
hist,LE2-1231.015,1853,287.2919377123721
hist,LE2-1231.015,1854,287.22820865296296
hist,LE2-1231.015,1855,287.14217670301343
hist,LE2-1231.015,1856,287.25045375912845
hist,LE2-1231.015,1857,287.3039479055956
hist,LE2-1231.015,1858,287.37709663186536
hist,LE2-1231.015,1859,287.44770205907326
hist,LE2-1231.015,1860,287.40433243047227
hist,LE2-1231.015,1861,287.26264248957324
hist,LE2-1231.015,1862,287.13745468144896
hist,LE2-1231.015,1863,287.19240242010545
hist,LE2-1231.015,1864,287.3682590466505
hist,LE2-1231.015,1865,287.18403278350314
hist,LE2-1231.015,1866,287.39679197045984
hist,LE2-1231.015,1867,287.3591419640567
hist,LE2-1231.015,1868,287.0684844777987
hist,LE2-1231.015,1869,287.2381298633078
hist,LE2-1231.015,1870,287.3947187979751
hist,LE2-1231.015,1871,287.30265045417485
hist,LE2-1231.015,1872,287.35331679294643
hist,LE2-1231.015,1873,287.393426928484
hist,LE2-1231.015,1874,287.5281184024997
hist,LE2-1231.015,1875,287.4332991106808
hist,LE2-1231.015,1876,287.25897772736755
hist,LE2-1231.015,1877,287.2206749458308
hist,LE2-1231.015,1878,287.20440986863645
hist,LE2-1231.015,1879,287.5033866339393
hist,LE2-1231.015,1880,287.2530759015801
hist,LE2-1231.015,1881,287.2346522247649
hist,LE2-1231.015,1882,287.38548448864
hist,LE2-1231.015,1883,287.3331788256291
hist,LE2-1231.015,1884,287.09083536646875
hist,LE2-1231.015,1885,287.12884681743276
hist,LE2-1231.015,1886,287.2634064495825
hist,LE2-1231.015,1887,287.063641749861
hist,LE2-1231.015,1888,286.93221429573833
hist,LE2-1231.015,1889,286.99377891116444
hist,LE2-1231.015,1890,287.15867416528096
hist,LE2-1231.015,1891,287.22927832191573
hist,LE2-1231.015,1892,287.2120762131318
hist,LE2-1231.015,1893,287.0301882828679
hist,LE2-1231.015,1894,287.14895813425267
hist,LE2-1231.015,1895,287.19595450870315
hist,LE2-1231.015,1896,287.34266473642487
hist,LE2-1231.015,1897,287.23236127092406
hist,LE2-1231.015,1898,287.32244422309407
hist,LE2-1231.015,1899,287.32966149674877
hist,LE2-1231.015,1900,287.4390429966059
hist,LE2-1231.015,1901,287.38079539123913
hist,LE2-1231.015,1902,287.2754043299583
hist,LE2-1231.015,1903,287.12674244117443
hist,LE2-1231.015,1904,287.33192051906246
hist,LE2-1231.015,1905,287.3325820058643
hist,LE2-1231.015,1906,287.1004065411683
hist,LE2-1231.015,1907,287.18390508567524
hist,LE2-1231.015,1908,287.2222793385755
hist,LE2-1231.015,1909,287.13504075911237
hist,LE2-1231.015,1910,287.21465554681356
hist,LE2-1231.015,1911,287.2689541942736
hist,LE2-1231.015,1912,287.18476984504093
hist,LE2-1231.015,1913,287.21729786348317
hist,LE2-1231.015,1914,287.3081101849034
hist,LE2-1231.015,1915,287.3329316407893
hist,LE2-1231.015,1916,287.1691590729949
hist,LE2-1231.015,1917,287.14974823450314
hist,LE2-1231.015,1918,287.2504732658071
hist,LE2-1231.015,1919,287.3785078963533
hist,LE2-1231.015,1920,287.33293627532436
hist,LE2-1231.015,1921,287.2859708511145
hist,LE2-1231.015,1922,287.27695312319827
hist,LE2-1231.015,1923,287.44788884729735
hist,LE2-1231.015,1924,287.391205567976
hist,LE2-1231.015,1925,287.4300246438716
hist,LE2-1231.015,1926,287.2637552626376
hist,LE2-1231.015,1927,287.18219097574257
hist,LE2-1231.015,1928,287.3083428489796
hist,LE2-1231.015,1929,287.35945715091054
hist,LE2-1231.015,1930,287.31200426510696
hist,LE2-1231.015,1931,287.4512825909857
hist,LE2-1231.015,1932,287.68053848663806
hist,LE2-1231.015,1933,287.50169060105395
hist,LE2-1231.015,1934,287.3782079007301
hist,LE2-1231.015,1935,287.3579547631146
hist,LE2-1231.015,1936,287.36576328027303
hist,LE2-1231.015,1937,287.7051361160875
hist,LE2-1231.015,1938,287.715554350024
hist,LE2-1231.015,1939,287.41891937803496
hist,LE2-1231.015,1940,287.3810154099835
hist,LE2-1231.015,1941,287.4487378882353
hist,LE2-1231.015,1942,287.43597887483065
hist,LE2-1231.015,1943,287.38132946890903
hist,LE2-1231.015,1944,287.4658340704239
hist,LE2-1231.015,1945,287.5388824407485
hist,LE2-1231.015,1946,287.464587915723
hist,LE2-1231.015,1947,287.3536964477465
hist,LE2-1231.015,1948,287.4628492708884
hist,LE2-1231.015,1949,287.50181827983454
hist,LE2-1231.015,1950,287.42496951894447
hist,LE2-1231.015,1951,287.49598201310175
hist,LE2-1231.015,1952,287.35857025095606
hist,LE2-1231.015,1953,287.32071914264117
hist,LE2-1231.015,1954,287.2945663972194
hist,LE2-1231.015,1955,287.43331417488037
hist,LE2-1231.015,1956,287.4101659619919
hist,LE2-1231.015,1957,287.25524096174075
hist,LE2-1231.015,1958,287.26787492592246
hist,LE2-1231.015,1959,287.2016977785231
hist,LE2-1231.015,1960,287.3548020329738
hist,LE2-1231.015,1961,287.48830221627475
hist,LE2-1231.015,1962,287.3979472131473
hist,LE2-1231.015,1963,287.3743051061681
hist,LE2-1231.015,1964,287.33830993720227
hist,LE2-1231.015,1965,287.26808596190483
hist,LE2-1231.015,1966,287.4333477696615
hist,LE2-1231.015,1967,287.32394960441667
hist,LE2-1231.015,1968,287.33607859365355
hist,LE2-1231.015,1969,287.2404893551887
hist,LE2-1231.015,1970,287.3174146425128
hist,LE2-1231.015,1971,287.53108444954535
hist,LE2-1231.015,1972,287.42892870085444
hist,LE2-1231.015,1973,287.2742445918662
hist,LE2-1231.015,1974,287.45409980506105
hist,LE2-1231.015,1975,287.45753722368704
hist,LE2-1231.015,1976,287.4844583803362
hist,LE2-1231.015,1977,287.531891350887
hist,LE2-1231.015,1978,287.56292122625365
hist,LE2-1231.015,1979,287.6418288705747
hist,LE2-1231.015,1980,287.44744854748353
hist,LE2-1231.015,1981,287.4899165820528
hist,LE2-1231.015,1982,287.48821582637714
hist,LE2-1231.015,1983,287.5696179897429
hist,LE2-1231.015,1984,287.6712666947073
hist,LE2-1231.015,1985,287.5464978251835
hist,LE2-1231.015,1986,287.6118472596303
hist,LE2-1231.015,1987,287.5825020015872
hist,LE2-1231.015,1988,287.4633181976942
hist,LE2-1231.015,1989,287.59694359549684
hist,LE2-1231.015,1990,287.6493725832907
hist,LE2-1231.015,1991,287.5714974170145
hist,LE2-1231.015,1992,287.47362205079037
hist,LE2-1231.015,1993,287.41530173186356
hist,LE2-1231.015,1994,287.4546430656449
hist,LE2-1231.015,1995,287.6246380183418
hist,LE2-1231.015,1996,287.7400439010927
hist,LE2-1231.015,1997,287.50855734803594
hist,LE2-1231.015,1998,287.81098244654083
hist,LE2-1231.015,1999,287.955509448414
hist,LE2-1231.015,2000,288.03629359872485
hist,LE2-1231.015,2001,288.25359718370044
hist,LE2-1231.015,2002,288.07669558186075
hist,LE2-1231.015,2003,287.9547323708394
hist,LE2-1231.015,2004,287.9420414887657
hist,LE2-1231.015,2005,287.89265924888406
hist,LE2-1231.015,2006,287.9785620630994
hist,LE2-1231.015,2007,288.0070962172676
hist,LE2-1231.015,2008,288.01079867650964
hist,LE2-1231.015,2009,287.94028615372105
hist,LE2-1231.015,2010,287.9792573787768
hist,LE2-1231.015,2011,288.13214111220145
hist,LE2-1231.015,2012,288.2693904229238
hist,LE2-1231.015,2013,288.12496196706667
hist,LE2-1231.015,2014,288.19329724542524
ssp370,LE2-1231.001,2015,288.38395922901555
ssp370,LE2-1231.001,2016,288.57810953126796
ssp370,LE2-1231.001,2017,288.4957639055283
ssp370,LE2-1231.001,2018,288.2034748649927
ssp370,LE2-1231.001,2019,288.30570676960076
ssp370,LE2-1231.001,2020,288.27070244454416
ssp370,LE2-1231.001,2021,288.512838325965
ssp370,LE2-1231.001,2022,288.519226574497
ssp370,LE2-1231.001,2023,288.2887075769471
ssp370,LE2-1231.001,2024,288.40525708760873
ssp370,LE2-1231.001,2025,288.5795783010318
ssp370,LE2-1231.001,2026,288.3737694689305
ssp370,LE2-1231.001,2027,288.3783792472934
ssp370,LE2-1231.001,2028,288.610933908118
ssp370,LE2-1231.001,2029,288.8879285434081
ssp370,LE2-1231.001,2030,288.7795564087299
ssp370,LE2-1231.001,2031,288.8487957972897
ssp370,LE2-1231.001,2032,288.72078834448956
ssp370,LE2-1231.001,2033,288.6100101412902
ssp370,LE2-1231.001,2034,288.821583069024
ssp370,LE2-1231.001,2035,288.9464150372249
ssp370,LE2-1231.001,2036,289.1008527707405
ssp370,LE2-1231.001,2037,289.00520004096063
ssp370,LE2-1231.001,2038,288.9500787867679
ssp370,LE2-1231.001,2039,288.97203968950635
ssp370,LE2-1231.001,2040,289.3407349275057
ssp370,LE2-1231.001,2041,289.31316635177785
ssp370,LE2-1231.001,2042,288.99835999378564
ssp370,LE2-1231.001,2043,289.16856754532813
ssp370,LE2-1231.001,2044,289.3518355299961
ssp370,LE2-1231.001,2045,289.39821192769625
ssp370,LE2-1231.001,2046,289.4671708173765
ssp370,LE2-1231.001,2047,289.5624510887027
ssp370,LE2-1231.001,2048,289.7049121783659
ssp370,LE2-1231.001,2049,289.51627697754805
ssp370,LE2-1231.001,2050,289.6659119946601
ssp370,LE2-1231.001,2051,289.615859186451
ssp370,LE2-1231.001,2052,289.52520916161745
ssp370,LE2-1231.001,2053,289.5510004269753
ssp370,LE2-1231.001,2054,289.85794787037685
ssp370,LE2-1231.001,2055,289.9645193820256
ssp370,LE2-1231.001,2056,289.6309052073721
ssp370,LE2-1231.001,2057,289.693020410886
ssp370,LE2-1231.001,2058,289.93403787744836
ssp370,LE2-1231.001,2059,290.0439764255836
ssp370,LE2-1231.001,2060,290.06131632729216
ssp370,LE2-1231.001,2061,289.9544207156909
ssp370,LE2-1231.001,2062,290.08991185870354
ssp370,LE2-1231.001,2063,290.1712831153627
ssp370,LE2-1231.001,2064,290.120713399481
ssp370,LE2-1231.001,2065,290.30125907820974
ssp370,LE2-1231.001,2066,290.2050488011127
ssp370,LE2-1231.001,2067,290.3337746592044
ssp370,LE2-1231.001,2068,290.40912533957635
ssp370,LE2-1231.001,2069,290.4264714103413
ssp370,LE2-1231.001,2070,290.4200604096529
ssp370,LE2-1231.001,2071,290.5610374635548
ssp370,LE2-1231.001,2072,290.5439776413641
ssp370,LE2-1231.001,2073,290.48334224335423
ssp370,LE2-1231.001,2074,290.6411365443364
ssp370,LE2-1231.001,2075,290.59126847939984
ssp370,LE2-1231.001,2076,290.54376219807995
ssp370,LE2-1231.001,2077,290.7771805093894
ssp370,LE2-1231.001,2078,290.81089548241397
ssp370,LE2-1231.001,2079,290.84472931167727
ssp370,LE2-1231.001,2080,290.83738736431445
ssp370,LE2-1231.001,2081,290.85878617780276
ssp370,LE2-1231.001,2082,291.03076122748377
ssp370,LE2-1231.001,2083,291.0332195167197
ssp370,LE2-1231.001,2084,291.15958905650734
ssp370,LE2-1231.001,2085,290.92944246669293
ssp370,LE2-1231.001,2086,291.1936339337035
ssp370,LE2-1231.001,2087,291.35829886828515
ssp370,LE2-1231.001,2088,291.22185321205626
ssp370,LE2-1231.001,2089,291.3348653748827
ssp370,LE2-1231.001,2090,291.47642531787005
ssp370,LE2-1231.001,2091,291.5044805647953
ssp370,LE2-1231.001,2092,291.50017406202187
ssp370,LE2-1231.001,2093,291.38939102818114
ssp370,LE2-1231.001,2094,291.69872035947736
ssp370,LE2-1231.001,2095,291.826733993462
ssp370,LE2-1231.001,2096,291.93896109729343
ssp370,LE2-1231.001,2097,291.7852650103816
ssp370,LE2-1231.001,2098,291.9749385440371
ssp370,LE2-1231.001,2099,292.03731902156125
ssp370,LE2-1231.001,2100,292.1545293890047
ssp370,LE2-1231.002,2015,288.34557047441035
ssp370,LE2-1231.002,2016,288.3118713629741
ssp370,LE2-1231.002,2017,288.4006000640822
ssp370,LE2-1231.002,2018,288.4788500357062
ssp370,LE2-1231.002,2019,288.4409681315652
ssp370,LE2-1231.002,2020,288.6711536835089
ssp370,LE2-1231.002,2021,288.5839497105705
ssp370,LE2-1231.002,2022,288.44150456840083
ssp370,LE2-1231.002,2023,288.5444504289474
ssp370,LE2-1231.002,2024,288.66173029185626
ssp370,LE2-1231.002,2025,288.46668581058185
ssp370,LE2-1231.002,2026,288.4669104638842
ssp370,LE2-1231.002,2027,288.64613306833155
ssp370,LE2-1231.002,2028,288.9079688198078
ssp370,LE2-1231.002,2029,288.7914318228263
ssp370,LE2-1231.002,2030,288.65960552590457
ssp370,LE2-1231.002,2031,288.6619955722683
ssp370,LE2-1231.002,2032,288.8233898048322
ssp370,LE2-1231.002,2033,288.85115447691743
ssp370,LE2-1231.002,2034,288.57801895184116
ssp370,LE2-1231.002,2035,288.82703404927975
ssp370,LE2-1231.002,2036,289.0029143612598
ssp370,LE2-1231.002,2037,289.22437638171516
ssp370,LE2-1231.002,2038,289.363470630419
ssp370,LE2-1231.002,2039,289.09341332587377
ssp370,LE2-1231.002,2040,289.2386815411939
ssp370,LE2-1231.002,2041,289.2815699125494
ssp370,LE2-1231.002,2042,289.1545407859809
ssp370,LE2-1231.002,2043,289.2733338547268
ssp370,LE2-1231.002,2044,289.4193215408753
ssp370,LE2-1231.002,2045,289.3519869566327
ssp370,LE2-1231.002,2046,289.5458665019096
ssp370,LE2-1231.002,2047,289.42866084806144
ssp370,LE2-1231.002,2048,289.57172697176793
ssp370,LE2-1231.002,2049,289.5775254537421
ssp370,LE2-1231.002,2050,289.3946188630764
ssp370,LE2-1231.002,2051,289.6739181929479
ssp370,LE2-1231.002,2052,289.645841754513
ssp370,LE2-1231.002,2053,289.6328603028157
ssp370,LE2-1231.002,2054,289.8009879119341
ssp370,LE2-1231.002,2055,289.7199556677091
ssp370,LE2-1231.002,2056,289.7997639249144
ssp370,LE2-1231.002,2057,289.92063836026205
ssp370,LE2-1231.002,2058,289.79769974499555
ssp370,LE2-1231.002,2059,289.9249647425113
ssp370,LE2-1231.002,2060,289.89120139461875
ssp370,LE2-1231.002,2061,289.90844062722874
ssp370,LE2-1231.002,2062,290.0381072959094
ssp370,LE2-1231.002,2063,290.15871376297343
ssp370,LE2-1231.002,2064,290.14708829919505
ssp370,LE2-1231.002,2065,290.21856474031125
ssp370,LE2-1231.002,2066,290.09412761599407
ssp370,LE2-1231.002,2067,290.25975686446367
ssp370,LE2-1231.002,2068,290.3664027320752
ssp370,LE2-1231.002,2069,290.22787169135427
ssp370,LE2-1231.002,2070,290.48786588782656
ssp370,LE2-1231.002,2071,290.54620176964454
ssp370,LE2-1231.002,2072,290.27019851557657
ssp370,LE2-1231.002,2073,290.3602461384112
ssp370,LE2-1231.002,2074,290.66212259188075
ssp370,LE2-1231.002,2075,290.60371874256026
ssp370,LE2-1231.002,2076,290.48557178514477
ssp370,LE2-1231.002,2077,290.7162387305373
ssp370,LE2-1231.002,2078,290.79723002437476
ssp370,LE2-1231.002,2079,290.79289295792023
ssp370,LE2-1231.002,2080,290.6672940753134
ssp370,LE2-1231.002,2081,290.8769538639417
ssp370,LE2-1231.002,2082,290.996250977984
ssp370,LE2-1231.002,2083,291.1493308570748
ssp370,LE2-1231.002,2084,291.0426990854343
ssp370,LE2-1231.002,2085,291.308235919953
ssp370,LE2-1231.002,2086,291.1508145438428
ssp370,LE2-1231.002,2087,291.42075901049134
ssp370,LE2-1231.002,2088,291.47081949175987
ssp370,LE2-1231.002,2089,291.3958113490999
ssp370,LE2-1231.002,2090,291.53023631668805
ssp370,LE2-1231.002,2091,291.3862745683734
ssp370,LE2-1231.002,2092,291.5797818400439
ssp370,LE2-1231.002,2093,291.58177964334993
ssp370,LE2-1231.002,2094,291.62026768097246
ssp370,LE2-1231.002,2095,291.86833963622365
ssp370,LE2-1231.002,2096,291.82177634799683
ssp370,LE2-1231.002,2097,292.04214032524055
ssp370,LE2-1231.002,2098,291.9383980265842
ssp370,LE2-1231.002,2099,291.9880200453727
ssp370,LE2-1231.002,2100,292.1754057754024
ssp370,LE2-1231.003,2015,288.6223300262967
ssp370,LE2-1231.003,2016,288.2316437233675
ssp370,LE2-1231.003,2017,288.257113163845
ssp370,LE2-1231.003,2018,288.37753435883667
ssp370,LE2-1231.003,2019,288.5206081076827
ssp370,LE2-1231.003,2020,288.32068756848855
ssp370,LE2-1231.003,2021,288.2233182764852
ssp370,LE2-1231.003,2022,288.3174601523785
ssp370,LE2-1231.003,2023,288.59524982189777
ssp370,LE2-1231.003,2024,288.3693154035253
ssp370,LE2-1231.003,2025,288.45776088631027
ssp370,LE2-1231.003,2026,288.7079439813033
ssp370,LE2-1231.003,2027,288.7416454380734
ssp370,LE2-1231.003,2028,288.74390612219935
ssp370,LE2-1231.003,2029,288.53535115457925
ssp370,LE2-1231.003,2030,288.78368608365287
ssp370,LE2-1231.003,2031,288.8682208412785
ssp370,LE2-1231.003,2032,288.6663641884012
ssp370,LE2-1231.003,2033,288.7647708371397
ssp370,LE2-1231.003,2034,288.9612272649141
ssp370,LE2-1231.003,2035,289.04825754234764
ssp370,LE2-1231.003,2036,289.08978122584523
ssp370,LE2-1231.003,2037,289.12346005889947
ssp370,LE2-1231.003,2038,289.11440804738663
ssp370,LE2-1231.003,2039,289.0184845903304
ssp370,LE2-1231.003,2040,289.03287123967107
ssp370,LE2-1231.003,2041,289.21412209870465
ssp370,LE2-1231.003,2042,289.2230832399193
ssp370,LE2-1231.003,2043,288.97513454465525
ssp370,LE2-1231.003,2044,289.22559049105035
ssp370,LE2-1231.003,2045,289.44497254093403
ssp370,LE2-1231.003,2046,289.284680483501
ssp370,LE2-1231.003,2047,289.4322928615134
ssp370,LE2-1231.003,2048,289.66793201706736
ssp370,LE2-1231.003,2049,289.5964100719148
ssp370,LE2-1231.003,2050,289.47530461084983
ssp370,LE2-1231.003,2051,289.6566698342829
ssp370,LE2-1231.003,2052,289.81784142478307
ssp370,LE2-1231.003,2053,289.76981912336936
ssp370,LE2-1231.003,2054,289.7756637279384
ssp370,LE2-1231.003,2055,289.8326647590806
ssp370,LE2-1231.003,2056,289.93967540963246
ssp370,LE2-1231.003,2057,289.87213057708897
ssp370,LE2-1231.003,2058,289.85985284804116
ssp370,LE2-1231.003,2059,289.8133780456785
ssp370,LE2-1231.003,2060,289.9371665797198
ssp370,LE2-1231.003,2061,290.15321490312624
ssp370,LE2-1231.003,2062,290.14619541378227
ssp370,LE2-1231.003,2063,290.1979519529493
ssp370,LE2-1231.003,2064,290.1430306244324
ssp370,LE2-1231.003,2065,290.2490306221104
ssp370,LE2-1231.003,2066,290.42731487971906
ssp370,LE2-1231.003,2067,290.3295164621023
ssp370,LE2-1231.003,2068,290.5188075158089
ssp370,LE2-1231.003,2069,290.55482965714
ssp370,LE2-1231.003,2070,290.10637830680076
ssp370,LE2-1231.003,2071,290.39055229855927
ssp370,LE2-1231.003,2072,290.5411586257363
ssp370,LE2-1231.003,2073,290.52825572418794
ssp370,LE2-1231.003,2074,290.48458224957477
ssp370,LE2-1231.003,2075,290.6542915770187
ssp370,LE2-1231.003,2076,290.7189510185499
ssp370,LE2-1231.003,2077,290.9040657600134
ssp370,LE2-1231.003,2078,290.8882673494428
ssp370,LE2-1231.003,2079,290.9011286626563
ssp370,LE2-1231.003,2080,290.95958562393145
ssp370,LE2-1231.003,2081,290.7905173406785
ssp370,LE2-1231.003,2082,290.95090572066835
ssp370,LE2-1231.003,2083,290.8562089538869
ssp370,LE2-1231.003,2084,291.03009682326433
ssp370,LE2-1231.003,2085,291.15117261099897
ssp370,LE2-1231.003,2086,291.17341152663573
ssp370,LE2-1231.003,2087,291.27516708723635
ssp370,LE2-1231.003,2088,291.46868759852185
ssp370,LE2-1231.003,2089,291.4549761924581
ssp370,LE2-1231.003,2090,291.326385721617
ssp370,LE2-1231.003,2091,291.4882235278107
ssp370,LE2-1231.003,2092,291.60692073572864
ssp370,LE2-1231.003,2093,291.6389497701447
ssp370,LE2-1231.003,2094,291.5445480180256
ssp370,LE2-1231.003,2095,291.47607457235813
ssp370,LE2-1231.003,2096,291.6813851435706
ssp370,LE2-1231.003,2097,291.81604832603654
ssp370,LE2-1231.003,2098,291.8888024925122
ssp370,LE2-1231.003,2099,292.00039888765093
ssp370,LE2-1231.003,2100,291.90807491588293
ssp370,LE2-1231.004,2015,288.48627326456386
ssp370,LE2-1231.004,2016,288.3973677663086
ssp370,LE2-1231.004,2017,288.3454872866667
ssp370,LE2-1231.004,2018,288.4131334393962
ssp370,LE2-1231.004,2019,288.39947411023235
ssp370,LE2-1231.004,2020,288.3022745852699
ssp370,LE2-1231.004,2021,288.4673626574168
ssp370,LE2-1231.004,2022,288.503205374504
ssp370,LE2-1231.004,2023,288.3405641237115
ssp370,LE2-1231.004,2024,288.4109118423418
ssp370,LE2-1231.004,2025,288.66981624866435
ssp370,LE2-1231.004,2026,288.6094120325894
ssp370,LE2-1231.004,2027,288.5507565312177
ssp370,LE2-1231.004,2028,288.5262902597758
ssp370,LE2-1231.004,2029,288.6072560352789
ssp370,LE2-1231.004,2030,288.69073061853413
ssp370,LE2-1231.004,2031,288.72263559535264
ssp370,LE2-1231.004,2032,288.74726482491576
ssp370,LE2-1231.004,2033,288.9169508459811
ssp370,LE2-1231.004,2034,288.87145141846287
ssp370,LE2-1231.004,2035,288.97832678544387
ssp370,LE2-1231.004,2036,288.96371252713493
ssp370,LE2-1231.004,2037,288.9022797044964
ssp370,LE2-1231.004,2038,288.9288733598403
ssp370,LE2-1231.004,2039,288.85322038071286
ssp370,LE2-1231.004,2040,288.98397442738394
ssp370,LE2-1231.004,2041,289.1144909088017
ssp370,LE2-1231.004,2042,288.89745555086927
ssp370,LE2-1231.004,2043,289.1211262659648
ssp370,LE2-1231.004,2044,289.24368403995777
ssp370,LE2-1231.004,2045,289.1891675190551
ssp370,LE2-1231.004,2046,289.3061663232719
ssp370,LE2-1231.004,2047,289.3534511035863
ssp370,LE2-1231.004,2048,289.2159188316402
ssp370,LE2-1231.004,2049,289.4783525478803
ssp370,LE2-1231.004,2050,289.45038421495616
ssp370,LE2-1231.004,2051,289.38457444066455
ssp370,LE2-1231.004,2052,289.4847862544124
ssp370,LE2-1231.004,2053,289.70401112250545
ssp370,LE2-1231.004,2054,289.4282523299771
ssp370,LE2-1231.004,2055,289.5567703403865
ssp370,LE2-1231.004,2056,289.73860305278777
ssp370,LE2-1231.004,2057,289.9088994816447
ssp370,LE2-1231.004,2058,289.7336860269601
ssp370,LE2-1231.004,2059,289.6930414945211
ssp370,LE2-1231.004,2060,289.92627778266257
ssp370,LE2-1231.004,2061,289.9166032173668
ssp370,LE2-1231.004,2062,289.8637983648668
ssp370,LE2-1231.004,2063,289.8908154521497
ssp370,LE2-1231.004,2064,289.85590553924544
ssp370,LE2-1231.004,2065,290.22438214331385
ssp370,LE2-1231.004,2066,290.1972792217464
ssp370,LE2-1231.004,2067,290.19859378158736
ssp370,LE2-1231.004,2068,289.9701491810482
ssp370,LE2-1231.004,2069,290.16489372996557
ssp370,LE2-1231.004,2070,290.3331148990717
ssp370,LE2-1231.004,2071,290.2402336364071
ssp370,LE2-1231.004,2072,290.45719871086493
ssp370,LE2-1231.004,2073,290.5572666241602
ssp370,LE2-1231.004,2074,290.4575253499905
ssp370,LE2-1231.004,2075,290.63412919517197
ssp370,LE2-1231.004,2076,290.6276361743411
ssp370,LE2-1231.004,2077,290.73461530360197
ssp370,LE2-1231.004,2078,290.6331670968195
ssp370,LE2-1231.004,2079,290.7776050433351
ssp370,LE2-1231.004,2080,290.82489384716814
ssp370,LE2-1231.004,2081,290.8115043248291
ssp370,LE2-1231.004,2082,290.852662748804
ssp370,LE2-1231.004,2083,291.09402762784185
ssp370,LE2-1231.004,2084,291.05131724826316
ssp370,LE2-1231.004,2085,290.71056551126213
ssp370,LE2-1231.004,2086,290.87912485071524
ssp370,LE2-1231.004,2087,291.2450335687552
ssp370,LE2-1231.004,2088,291.1884552977755
ssp370,LE2-1231.004,2089,291.28465683891415
ssp370,LE2-1231.004,2090,291.4173128210693
ssp370,LE2-1231.004,2091,291.32173217820485
ssp370,LE2-1231.004,2092,291.4133037346201
ssp370,LE2-1231.004,2093,291.4403466657276
ssp370,LE2-1231.004,2094,291.46297878003486
ssp370,LE2-1231.004,2095,291.4498693480209
ssp370,LE2-1231.004,2096,291.6992762298974
ssp370,LE2-1231.004,2097,291.62431941886274
ssp370,LE2-1231.004,2098,291.71379280648694
ssp370,LE2-1231.004,2099,291.78982835102977
ssp370,LE2-1231.004,2100,291.8180989226897
ssp370,LE2-1231.005,2015,288.75214286470816
ssp370,LE2-1231.005,2016,288.7512504672398
ssp370,LE2-1231.005,2017,288.5001911173737
ssp370,LE2-1231.005,2018,288.37674078313273
ssp370,LE2-1231.005,2019,288.50943845054576
ssp370,LE2-1231.005,2020,288.68911698966394
ssp370,LE2-1231.005,2021,288.5673818658393
ssp370,LE2-1231.005,2022,288.6319750936388
ssp370,LE2-1231.005,2023,288.69821878651015
ssp370,LE2-1231.005,2024,288.53380406116634
ssp370,LE2-1231.005,2025,288.67182296146626
ssp370,LE2-1231.005,2026,288.66660843806176
ssp370,LE2-1231.005,2027,288.50026681624195
ssp370,LE2-1231.005,2028,288.68179646161923
ssp370,LE2-1231.005,2029,288.88950006777293
ssp370,LE2-1231.005,2030,288.7377225750477
ssp370,LE2-1231.005,2031,288.90592092825165
ssp370,LE2-1231.005,2032,288.98588683722414
ssp370,LE2-1231.005,2033,288.76689129925967
ssp370,LE2-1231.005,2034,288.733030407825
ssp370,LE2-1231.005,2035,289.0157286152801
ssp370,LE2-1231.005,2036,289.05955126625753
ssp370,LE2-1231.005,2037,289.1435478743074
ssp370,LE2-1231.005,2038,289.0145892691969
ssp370,LE2-1231.005,2039,288.99575562023705
ssp370,LE2-1231.005,2040,289.2086336191588
ssp370,LE2-1231.005,2041,289.2386172368382
ssp370,LE2-1231.005,2042,289.0823576427472
ssp370,LE2-1231.005,2043,289.0676032109254
ssp370,LE2-1231.005,2044,289.47947313882753
ssp370,LE2-1231.005,2045,289.5634122938915
ssp370,LE2-1231.005,2046,289.2779218621832
ssp370,LE2-1231.005,2047,289.47371947687964
ssp370,LE2-1231.005,2048,289.6033141397539
ssp370,LE2-1231.005,2049,289.4346729380082
ssp370,LE2-1231.005,2050,289.4077780088944
ssp370,LE2-1231.005,2051,289.6466990769521
ssp370,LE2-1231.005,2052,289.5561511010301
ssp370,LE2-1231.005,2053,289.7925452552743
ssp370,LE2-1231.005,2054,289.75607163087216
ssp370,LE2-1231.005,2055,289.59946860104475
ssp370,LE2-1231.005,2056,289.6991646043474
ssp370,LE2-1231.005,2057,289.71203545029897
ssp370,LE2-1231.005,2058,289.9132442135411
ssp370,LE2-1231.005,2059,290.01166905344934
ssp370,LE2-1231.005,2060,289.69175690417757
ssp370,LE2-1231.005,2061,289.8731473504009
ssp370,LE2-1231.005,2062,290.1259686944846
ssp370,LE2-1231.005,2063,290.071077380202
ssp370,LE2-1231.005,2064,290.0558004432594
ssp370,LE2-1231.005,2065,290.3601206696154
ssp370,LE2-1231.005,2066,290.4396436468784
ssp370,LE2-1231.005,2067,290.3430207033099
ssp370,LE2-1231.005,2068,290.47262499367974
ssp370,LE2-1231.005,2069,290.5397976396466
ssp370,LE2-1231.005,2070,290.1870505169519
ssp370,LE2-1231.005,2071,290.4786640570881
ssp370,LE2-1231.005,2072,290.66228314463575
ssp370,LE2-1231.005,2073,290.7023732156831
ssp370,LE2-1231.005,2074,290.75398724378476
ssp370,LE2-1231.005,2075,290.5647843608236
ssp370,LE2-1231.005,2076,290.57433300144424
ssp370,LE2-1231.005,2077,290.6726545053059
ssp370,LE2-1231.005,2078,290.7907089797246
ssp370,LE2-1231.005,2079,290.8118265451395
ssp370,LE2-1231.005,2080,290.8751601309194
ssp370,LE2-1231.005,2081,290.72534439827274
ssp370,LE2-1231.005,2082,290.9283139132286
ssp370,LE2-1231.005,2083,290.98285859087457
ssp370,LE2-1231.005,2084,290.9488468953658
ssp370,LE2-1231.005,2085,291.13268108101397
ssp370,LE2-1231.005,2086,291.32272643610156
ssp370,LE2-1231.005,2087,291.1589137769794
ssp370,LE2-1231.005,2088,291.43010673704003
ssp370,LE2-1231.005,2089,291.3694043264211
ssp370,LE2-1231.005,2090,291.50272370905566
ssp370,LE2-1231.005,2091,291.53728549352206
ssp370,LE2-1231.005,2092,291.56380311019575
ssp370,LE2-1231.005,2093,291.4014432282063
ssp370,LE2-1231.005,2094,291.43815875252596
ssp370,LE2-1231.005,2095,291.6318200734121
ssp370,LE2-1231.005,2096,291.83169725047577
ssp370,LE2-1231.005,2097,291.75955910008935
ssp370,LE2-1231.005,2098,291.9715737285025
ssp370,LE2-1231.005,2099,291.90148713527117
ssp370,LE2-1231.005,2100,292.01678184611376
ssp370,LE2-1231.011,2015,288.2768707427862
ssp370,LE2-1231.011,2016,288.2892936128715
ssp370,LE2-1231.011,2017,288.46864347983876
ssp370,LE2-1231.011,2018,288.34946815703904
ssp370,LE2-1231.011,2019,288.48000233789986
ssp370,LE2-1231.011,2020,288.54465187808006
ssp370,LE2-1231.011,2021,288.3525780407336
ssp370,LE2-1231.011,2022,288.3771290053192
ssp370,LE2-1231.011,2023,288.5536932439366
ssp370,LE2-1231.011,2024,288.6247404550389
ssp370,LE2-1231.011,2025,288.540768173183
ssp370,LE2-1231.011,2026,288.8127474023505
ssp370,LE2-1231.011,2027,288.8589564483595
ssp370,LE2-1231.011,2028,288.6817076852759
ssp370,LE2-1231.011,2029,288.7151319116302
ssp370,LE2-1231.011,2030,288.82903824125526
ssp370,LE2-1231.011,2031,288.80099628624293
ssp370,LE2-1231.011,2032,288.8517125194845
ssp370,LE2-1231.011,2033,288.9174488312396
ssp370,LE2-1231.011,2034,288.7302157513837
ssp370,LE2-1231.011,2035,288.8906175835855
ssp370,LE2-1231.011,2036,289.1719989038902
ssp370,LE2-1231.011,2037,289.1156604830786
ssp370,LE2-1231.011,2038,289.2082524899854
ssp370,LE2-1231.011,2039,289.148797488684
ssp370,LE2-1231.011,2040,288.88497391529074
ssp370,LE2-1231.011,2041,288.9941519986749
ssp370,LE2-1231.011,2042,289.1948022833468
ssp370,LE2-1231.011,2043,289.09774499259174
ssp370,LE2-1231.011,2044,289.0356104097895
ssp370,LE2-1231.011,2045,289.1936355720952
ssp370,LE2-1231.011,2046,289.30185876174113
ssp370,LE2-1231.011,2047,289.40204691979466
ssp370,LE2-1231.011,2048,289.34961739070917
ssp370,LE2-1231.011,2049,289.43156531186474
ssp370,LE2-1231.011,2050,289.4725318750328
ssp370,LE2-1231.011,2051,289.48558668966444
ssp370,LE2-1231.011,2052,289.69665551441375
ssp370,LE2-1231.011,2053,289.72812226282707
ssp370,LE2-1231.011,2054,289.6067468614182
ssp370,LE2-1231.011,2055,289.4873024587354
ssp370,LE2-1231.011,2056,289.6819109543916
ssp370,LE2-1231.011,2057,289.9720800382347
ssp370,LE2-1231.011,2058,289.89181392549665
ssp370,LE2-1231.011,2059,290.0263975575723
ssp370,LE2-1231.011,2060,289.89551623844403
ssp370,LE2-1231.011,2061,289.9684815191023
ssp370,LE2-1231.011,2062,290.0748566491415
ssp370,LE2-1231.011,2063,290.10163042363735
ssp370,LE2-1231.011,2064,290.02184996373137
ssp370,LE2-1231.011,2065,290.1545763048869
ssp370,LE2-1231.011,2066,290.1603956867191
ssp370,LE2-1231.011,2067,290.25616213784707
ssp370,LE2-1231.011,2068,290.2823566155561
ssp370,LE2-1231.011,2069,290.1500592067459
ssp370,LE2-1231.011,2070,290.307887534796
ssp370,LE2-1231.011,2071,290.2562137722446
ssp370,LE2-1231.011,2072,290.41185953932876
ssp370,LE2-1231.011,2073,290.5358292612318
ssp370,LE2-1231.011,2074,290.5311664044034
ssp370,LE2-1231.011,2075,290.19939603045685
ssp370,LE2-1231.011,2076,290.5706815381408
ssp370,LE2-1231.011,2077,290.8637054804182
ssp370,LE2-1231.011,2078,290.8038733489634
ssp370,LE2-1231.011,2079,290.8701368501821
ssp370,LE2-1231.011,2080,290.7224567831289
ssp370,LE2-1231.011,2081,290.97816926348514
ssp370,LE2-1231.011,2082,290.957157475995
ssp370,LE2-1231.011,2083,290.894919564108
ssp370,LE2-1231.011,2084,291.0962118700298
ssp370,LE2-1231.011,2085,291.10579625596205
ssp370,LE2-1231.011,2086,291.1387221798061
ssp370,LE2-1231.011,2087,291.2872481565997
ssp370,LE2-1231.011,2088,291.3478161625158
ssp370,LE2-1231.011,2089,291.1576843047534
ssp370,LE2-1231.011,2090,291.3895374008013
ssp370,LE2-1231.011,2091,291.4469083877509
ssp370,LE2-1231.011,2092,291.52492712044767
ssp370,LE2-1231.011,2093,291.4743780312929
ssp370,LE2-1231.011,2094,291.56056476951716
ssp370,LE2-1231.011,2095,291.70464939432514
ssp370,LE2-1231.011,2096,291.7904332624724
ssp370,LE2-1231.011,2097,291.94101995287036
ssp370,LE2-1231.011,2098,292.03517297775255
ssp370,LE2-1231.011,2099,291.8503206013145
ssp370,LE2-1231.011,2100,292.02455937937174
ssp370,LE2-1231.012,2015,288.3810235960088
ssp370,LE2-1231.012,2016,288.50037601809476
ssp370,LE2-1231.012,2017,288.49033413646345
ssp370,LE2-1231.012,2018,288.4418925675183
ssp370,LE2-1231.012,2019,288.3428561658093
ssp370,LE2-1231.012,2020,288.56777200795227
ssp370,LE2-1231.012,2021,288.6436727040515
ssp370,LE2-1231.012,2022,288.40528580706376
ssp370,LE2-1231.012,2023,288.4092412598743
ssp370,LE2-1231.012,2024,288.58168092688607
ssp370,LE2-1231.012,2025,288.7577668641684
ssp370,LE2-1231.012,2026,288.6307211137927
ssp370,LE2-1231.012,2027,288.60875284085773
ssp370,LE2-1231.012,2028,288.6075127064918
ssp370,LE2-1231.012,2029,288.85951128979804
ssp370,LE2-1231.012,2030,288.9412785145941
ssp370,LE2-1231.012,2031,288.705322528291
ssp370,LE2-1231.012,2032,288.8198446535033
ssp370,LE2-1231.012,2033,288.9347798727338
ssp370,LE2-1231.012,2034,288.74361189116047
ssp370,LE2-1231.012,2035,288.75386053688334
ssp370,LE2-1231.012,2036,289.1308145839373
ssp370,LE2-1231.012,2037,289.2045891363033
ssp370,LE2-1231.012,2038,289.198419281116
ssp370,LE2-1231.012,2039,289.0484411916577
ssp370,LE2-1231.012,2040,289.03260479996317
ssp370,LE2-1231.012,2041,289.12246792038246
ssp370,LE2-1231.012,2042,289.31495504561394
ssp370,LE2-1231.012,2043,289.25845154561773
ssp370,LE2-1231.012,2044,289.34350943247784
ssp370,LE2-1231.012,2045,289.39597300288636
ssp370,LE2-1231.012,2046,289.37490759993824
ssp370,LE2-1231.012,2047,289.59743091026513
ssp370,LE2-1231.012,2048,289.5828196434163
ssp370,LE2-1231.012,2049,289.44487600248647
ssp370,LE2-1231.012,2050,289.52675952529756
ssp370,LE2-1231.012,2051,289.6624849001932
ssp370,LE2-1231.012,2052,289.8075906626408
ssp370,LE2-1231.012,2053,289.4882528264769
ssp370,LE2-1231.012,2054,289.8506259316599
ssp370,LE2-1231.012,2055,289.917876395773
ssp370,LE2-1231.012,2056,289.7102092533064
ssp370,LE2-1231.012,2057,289.8342905081658
ssp370,LE2-1231.012,2058,289.9586847011123
ssp370,LE2-1231.012,2059,289.5553002693087
ssp370,LE2-1231.012,2060,289.63344920253434
ssp370,LE2-1231.012,2061,290.0575500960482
ssp370,LE2-1231.012,2062,290.0160970201509
ssp370,LE2-1231.012,2063,290.0342672912259
ssp370,LE2-1231.012,2064,289.96020390345603
ssp370,LE2-1231.012,2065,290.07483498388586
ssp370,LE2-1231.012,2066,290.2569812527526
ssp370,LE2-1231.012,2067,290.21891402755386
ssp370,LE2-1231.012,2068,290.30413658653396
ssp370,LE2-1231.012,2069,290.323556206384
ssp370,LE2-1231.012,2070,290.3660925737245
ssp370,LE2-1231.012,2071,290.11250253692305
ssp370,LE2-1231.012,2072,290.46953927287365
ssp370,LE2-1231.012,2073,290.649707124096
ssp370,LE2-1231.012,2074,290.37682427582513
ssp370,LE2-1231.012,2075,290.58744717236317
ssp370,LE2-1231.012,2076,290.72874803205417
ssp370,LE2-1231.012,2077,290.7089831711998
ssp370,LE2-1231.012,2078,290.6196621472876
ssp370,LE2-1231.012,2079,290.7018003643168
ssp370,LE2-1231.012,2080,290.6693632529743
ssp370,LE2-1231.012,2081,290.8751727126546
ssp370,LE2-1231.012,2082,290.8628029779694
ssp370,LE2-1231.012,2083,290.827265283867
ssp370,LE2-1231.012,2084,290.9842450666221
ssp370,LE2-1231.012,2085,291.0129932137558
ssp370,LE2-1231.012,2086,291.1333395593
ssp370,LE2-1231.012,2087,291.14716881075384
ssp370,LE2-1231.012,2088,291.2081731742566
ssp370,LE2-1231.012,2089,291.32590579240656
ssp370,LE2-1231.012,2090,291.4546719862079
ssp370,LE2-1231.012,2091,291.3831735906339
ssp370,LE2-1231.012,2092,291.38650740426357
ssp370,LE2-1231.012,2093,291.6292276426848
ssp370,LE2-1231.012,2094,291.50316634438764
ssp370,LE2-1231.012,2095,291.59897585484595
ssp370,LE2-1231.012,2096,291.76480352714776
ssp370,LE2-1231.012,2097,291.58055031531404
ssp370,LE2-1231.012,2098,291.8730049649076
ssp370,LE2-1231.012,2099,291.88641218478386
ssp370,LE2-1231.012,2100,292.0302796614847
ssp370,LE2-1231.013,2015,288.3478296510282
ssp370,LE2-1231.013,2016,288.33671741665387
ssp370,LE2-1231.013,2017,288.4920413280483
ssp370,LE2-1231.013,2018,288.5183290010688
ssp370,LE2-1231.013,2019,288.5742606761481
ssp370,LE2-1231.013,2020,288.5326306954199
ssp370,LE2-1231.013,2021,288.64363972139074
ssp370,LE2-1231.013,2022,288.6591297396236
ssp370,LE2-1231.013,2023,288.646377448648
ssp370,LE2-1231.013,2024,288.6626383226949
ssp370,LE2-1231.013,2025,288.949359728193
ssp370,LE2-1231.013,2026,288.6739133289469
ssp370,LE2-1231.013,2027,288.8265665905399
ssp370,LE2-1231.013,2028,289.03196591232376
ssp370,LE2-1231.013,2029,288.8833177771664
ssp370,LE2-1231.013,2030,288.62289705859354
ssp370,LE2-1231.013,2031,288.7432392347267
ssp370,LE2-1231.013,2032,289.0265809661831
ssp370,LE2-1231.013,2033,289.1397344652198
ssp370,LE2-1231.013,2034,288.94550221230753
ssp370,LE2-1231.013,2035,288.92630964281346
ssp370,LE2-1231.013,2036,289.1123678710332
ssp370,LE2-1231.013,2037,289.19044227906454
ssp370,LE2-1231.013,2038,289.3605654845705
ssp370,LE2-1231.013,2039,289.39312177645854
ssp370,LE2-1231.013,2040,289.2854043970608
ssp370,LE2-1231.013,2041,289.35181132969575
ssp370,LE2-1231.013,2042,289.27431790359975
ssp370,LE2-1231.013,2043,289.01158710762746
ssp370,LE2-1231.013,2044,289.08258468759493
ssp370,LE2-1231.013,2045,289.3242918217176
ssp370,LE2-1231.013,2046,289.55220005522926
ssp370,LE2-1231.013,2047,289.4881292005599
ssp370,LE2-1231.013,2048,289.4874324660419
ssp370,LE2-1231.013,2049,289.47540470989713
ssp370,LE2-1231.013,2050,289.6020856107711
ssp370,LE2-1231.013,2051,289.64051093231234
ssp370,LE2-1231.013,2052,289.56387086480686
ssp370,LE2-1231.013,2053,289.6887150315153
ssp370,LE2-1231.013,2054,289.82451304226265
ssp370,LE2-1231.013,2055,289.7929541685201
ssp370,LE2-1231.013,2056,289.9462815972037
ssp370,LE2-1231.013,2057,290.09092205306627
ssp370,LE2-1231.013,2058,289.8920301195161
ssp370,LE2-1231.013,2059,290.0290117473023
ssp370,LE2-1231.013,2060,290.138299261621
ssp370,LE2-1231.013,2061,289.9879164761026
ssp370,LE2-1231.013,2062,289.93842777696733
ssp370,LE2-1231.013,2063,290.0191263479976
ssp370,LE2-1231.013,2064,290.1286126016345
ssp370,LE2-1231.013,2065,290.18735316969656
ssp370,LE2-1231.013,2066,290.21596480118905
ssp370,LE2-1231.013,2067,290.2645316134939
ssp370,LE2-1231.013,2068,290.2799236533742
ssp370,LE2-1231.013,2069,290.36196137204666
ssp370,LE2-1231.013,2070,290.39612063367315
ssp370,LE2-1231.013,2071,290.35007503752456
ssp370,LE2-1231.013,2072,290.5208073680157
ssp370,LE2-1231.013,2073,290.4610463613895
ssp370,LE2-1231.013,2074,290.4821584692325
ssp370,LE2-1231.013,2075,290.6919642950129
ssp370,LE2-1231.013,2076,290.55399042775565
ssp370,LE2-1231.013,2077,290.78915528604927
ssp370,LE2-1231.013,2078,290.8673754346552
ssp370,LE2-1231.013,2079,290.54668964180206
ssp370,LE2-1231.013,2080,290.7720232465848
ssp370,LE2-1231.013,2081,290.9217929801945
ssp370,LE2-1231.013,2082,290.968720160872
ssp370,LE2-1231.013,2083,291.00696568468777
ssp370,LE2-1231.013,2084,291.0844941933651
ssp370,LE2-1231.013,2085,291.2214504410428
ssp370,LE2-1231.013,2086,291.06551147163134
ssp370,LE2-1231.013,2087,291.08513679678333
ssp370,LE2-1231.013,2088,291.20843330909753
ssp370,LE2-1231.013,2089,291.42590233379383
ssp370,LE2-1231.013,2090,291.32486390294326
ssp370,LE2-1231.013,2091,291.4611249977285
ssp370,LE2-1231.013,2092,291.319584208279
ssp370,LE2-1231.013,2093,291.3362912758837
ssp370,LE2-1231.013,2094,291.6999529112151
ssp370,LE2-1231.013,2095,291.4409951021148
ssp370,LE2-1231.013,2096,291.69741552411415
ssp370,LE2-1231.013,2097,291.86399864391916
ssp370,LE2-1231.013,2098,292.0143043672166
ssp370,LE2-1231.013,2099,292.00575931966534
ssp370,LE2-1231.013,2100,292.1057778431694
ssp370,LE2-1231.014,2015,288.19808560639996
ssp370,LE2-1231.014,2016,288.04558132548914
ssp370,LE2-1231.014,2017,288.358014044064
ssp370,LE2-1231.014,2018,288.3047014134571
ssp370,LE2-1231.014,2019,288.066939200739
ssp370,LE2-1231.014,2020,288.20389883259173
ssp370,LE2-1231.014,2021,288.41633642005087
ssp370,LE2-1231.014,2022,288.3598850083665
ssp370,LE2-1231.014,2023,288.2934228057375
ssp370,LE2-1231.014,2024,288.14858971900566
ssp370,LE2-1231.014,2025,288.28804088775144
ssp370,LE2-1231.014,2026,288.5161706267242
ssp370,LE2-1231.014,2027,288.64504145531015
ssp370,LE2-1231.014,2028,288.6190320508756
ssp370,LE2-1231.014,2029,288.38479795069094
ssp370,LE2-1231.014,2030,288.41304612362455
ssp370,LE2-1231.014,2031,288.72355861883847
ssp370,LE2-1231.014,2032,288.78068254415444
ssp370,LE2-1231.014,2033,288.73015901224534
ssp370,LE2-1231.014,2034,288.82207352193694
ssp370,LE2-1231.014,2035,288.9397593675344
ssp370,LE2-1231.014,2036,288.886689285125
ssp370,LE2-1231.014,2037,288.80831716819233
ssp370,LE2-1231.014,2038,288.91817096602495
ssp370,LE2-1231.014,2039,288.9382665524126
ssp370,LE2-1231.014,2040,288.9951403200991
ssp370,LE2-1231.014,2041,289.2144685100133
ssp370,LE2-1231.014,2042,289.0243974462366
ssp370,LE2-1231.014,2043,289.0224261941814
ssp370,LE2-1231.014,2044,289.1883398183597
ssp370,LE2-1231.014,2045,289.32749671246074
ssp370,LE2-1231.014,2046,289.25803368693187
ssp370,LE2-1231.014,2047,289.43812527441736
ssp370,LE2-1231.014,2048,289.2337058497027
ssp370,LE2-1231.014,2049,289.4791476374777
ssp370,LE2-1231.014,2050,289.5476690699959
ssp370,LE2-1231.014,2051,289.37686917260413
ssp370,LE2-1231.014,2052,289.6314502103509
ssp370,LE2-1231.014,2053,289.574658690982
ssp370,LE2-1231.014,2054,289.4916107457159
ssp370,LE2-1231.014,2055,289.6922632266839
ssp370,LE2-1231.014,2056,289.7891683322807
ssp370,LE2-1231.014,2057,289.77909960941827
ssp370,LE2-1231.014,2058,289.820382375885
ssp370,LE2-1231.014,2059,289.9728773142766
ssp370,LE2-1231.014,2060,289.9920859979723
ssp370,LE2-1231.014,2061,290.04287947834774
ssp370,LE2-1231.014,2062,290.1115451167643
ssp370,LE2-1231.014,2063,290.0697957882737
ssp370,LE2-1231.014,2064,289.6911492304213
ssp370,LE2-1231.014,2065,289.95016261537734
ssp370,LE2-1231.014,2066,290.36613867096514
ssp370,LE2-1231.014,2067,290.2264311741098
ssp370,LE2-1231.014,2068,290.22233155879707
ssp370,LE2-1231.014,2069,290.45216575380465
ssp370,LE2-1231.014,2070,290.3564543842212
ssp370,LE2-1231.014,2071,290.45004383549383
ssp370,LE2-1231.014,2072,290.48076770433005
ssp370,LE2-1231.014,2073,290.4357127817883
ssp370,LE2-1231.014,2074,290.6221685713949
ssp370,LE2-1231.014,2075,290.8265796724528
ssp370,LE2-1231.014,2076,290.632336908705
ssp370,LE2-1231.014,2077,290.8435575076853
ssp370,LE2-1231.014,2078,290.92509498675
ssp370,LE2-1231.014,2079,290.8357709913335
ssp370,LE2-1231.014,2080,290.81139527537385
ssp370,LE2-1231.014,2081,290.8745943931409
ssp370,LE2-1231.014,2082,291.04814050679505
ssp370,LE2-1231.014,2083,290.96049612635665
ssp370,LE2-1231.014,2084,290.8800478082305
ssp370,LE2-1231.014,2085,291.1382396803077
ssp370,LE2-1231.014,2086,291.1627888776308
ssp370,LE2-1231.014,2087,291.1584987008847
ssp370,LE2-1231.014,2088,291.3580401221557
ssp370,LE2-1231.014,2089,291.43195529114263
ssp370,LE2-1231.014,2090,291.3896673451531
ssp370,LE2-1231.014,2091,291.56845263563
ssp370,LE2-1231.014,2092,291.5367708307032
ssp370,LE2-1231.014,2093,291.6099515258888
ssp370,LE2-1231.014,2094,291.7146535047132
ssp370,LE2-1231.014,2095,291.7459756535128
ssp370,LE2-1231.014,2096,291.72823346072886
ssp370,LE2-1231.014,2097,291.68000362380917
ssp370,LE2-1231.014,2098,291.94811012243173
ssp370,LE2-1231.014,2099,291.9442443736408
ssp370,LE2-1231.014,2100,291.98677816081744
ssp370,LE2-1231.015,2015,288.4979332404187
ssp370,LE2-1231.015,2016,288.1111587732743
ssp370,LE2-1231.015,2017,288.1637964649748
ssp370,LE2-1231.015,2018,288.39063469684936
ssp370,LE2-1231.015,2019,288.422524255363
ssp370,LE2-1231.015,2020,288.26857667014434
ssp370,LE2-1231.015,2021,288.51665479019636
ssp370,LE2-1231.015,2022,288.60684121827745
ssp370,LE2-1231.015,2023,288.6324163274667
ssp370,LE2-1231.015,2024,288.59855051336604
ssp370,LE2-1231.015,2025,288.6736272180779
ssp370,LE2-1231.015,2026,288.4996598286891
ssp370,LE2-1231.015,2027,288.5697421801404
ssp370,LE2-1231.015,2028,288.69619855974076
ssp370,LE2-1231.015,2029,288.7479652337952
ssp370,LE2-1231.015,2030,288.7657122232393
ssp370,LE2-1231.015,2031,288.5926469464862
ssp370,LE2-1231.015,2032,288.75257403099897
ssp370,LE2-1231.015,2033,288.7478982398974
ssp370,LE2-1231.015,2034,288.8696842491166
ssp370,LE2-1231.015,2035,289.0837294612318
ssp370,LE2-1231.015,2036,288.90396136224837
ssp370,LE2-1231.015,2037,289.1036055440148
ssp370,LE2-1231.015,2038,289.1614869211854
ssp370,LE2-1231.015,2039,289.16068625824965
ssp370,LE2-1231.015,2040,289.06194813756326
ssp370,LE2-1231.015,2041,289.06758602598575
ssp370,LE2-1231.015,2042,289.2143858658981
ssp370,LE2-1231.015,2043,289.2998128949523
ssp370,LE2-1231.015,2044,289.2524965907682
ssp370,LE2-1231.015,2045,289.4063960008098
ssp370,LE2-1231.015,2046,289.4349342115702
ssp370,LE2-1231.015,2047,289.5883451534856
ssp370,LE2-1231.015,2048,289.5639952909503
ssp370,LE2-1231.015,2049,289.4052767981359
ssp370,LE2-1231.015,2050,289.66079197650345
ssp370,LE2-1231.015,2051,289.63642458379763
ssp370,LE2-1231.015,2052,289.4264356359525
ssp370,LE2-1231.015,2053,289.5253431821021
ssp370,LE2-1231.015,2054,289.77081503297353
ssp370,LE2-1231.015,2055,289.902219299997
ssp370,LE2-1231.015,2056,289.8125943646457
ssp370,LE2-1231.015,2057,290.07611247481685
ssp370,LE2-1231.015,2058,290.03269099230425
ssp370,LE2-1231.015,2059,289.9071575469462
ssp370,LE2-1231.015,2060,289.8680374806824
ssp370,LE2-1231.015,2061,290.11305119251244
ssp370,LE2-1231.015,2062,290.11811828311176
ssp370,LE2-1231.015,2063,290.18784139316256
ssp370,LE2-1231.015,2064,290.00604042620404
ssp370,LE2-1231.015,2065,290.24722600938213
ssp370,LE2-1231.015,2066,290.4756366935068
ssp370,LE2-1231.015,2067,290.2728366634915
ssp370,LE2-1231.015,2068,290.18729080648205
ssp370,LE2-1231.015,2069,290.34676775169703
ssp370,LE2-1231.015,2070,290.1735593649744
ssp370,LE2-1231.015,2071,290.3219898048259
ssp370,LE2-1231.015,2072,290.57039887422843
ssp370,LE2-1231.015,2073,290.4574324220463
ssp370,LE2-1231.015,2074,290.47864174049744
ssp370,LE2-1231.015,2075,290.6322887911184
ssp370,LE2-1231.015,2076,290.6634076360616
ssp370,LE2-1231.015,2077,290.4275211514654
ssp370,LE2-1231.015,2078,290.5898787716138
ssp370,LE2-1231.015,2079,290.79186583263606
ssp370,LE2-1231.015,2080,290.8795752211482
ssp370,LE2-1231.015,2081,290.99836811614927
ssp370,LE2-1231.015,2082,290.8228480024922
ssp370,LE2-1231.015,2083,291.0324672272343
ssp370,LE2-1231.015,2084,291.1189903258104
ssp370,LE2-1231.015,2085,291.30077913652525
ssp370,LE2-1231.015,2086,291.2343584790774
ssp370,LE2-1231.015,2087,291.0184875363307
ssp370,LE2-1231.015,2088,291.19983419181045
ssp370,LE2-1231.015,2089,291.2773151341748
ssp370,LE2-1231.015,2090,291.1645752990902
ssp370,LE2-1231.015,2091,291.34092385523644
ssp370,LE2-1231.015,2092,291.45438948816434
ssp370,LE2-1231.015,2093,291.3558316704492
ssp370,LE2-1231.015,2094,291.67054208911753
ssp370,LE2-1231.015,2095,291.89763771933343
ssp370,LE2-1231.015,2096,291.7360371934126
ssp370,LE2-1231.015,2097,291.9633491844582
ssp370,LE2-1231.015,2098,292.13739158283795
ssp370,LE2-1231.015,2099,292.03222964010365
ssp370,LE2-1231.015,2100,292.15302002946333
aaer,010,1850,287.5185003348113
aaer,010,1851,287.44328962037474
aaer,010,1852,287.3801280658281
aaer,010,1853,287.24323894193554
aaer,010,1854,287.2869257602968
aaer,010,1855,287.3446069445804
aaer,010,1856,287.2616843919088
aaer,010,1857,287.1384723262952
aaer,010,1858,287.1868472166334
aaer,010,1859,287.10215007480167
aaer,010,1860,287.16558955300724
aaer,010,1861,287.071667797243
aaer,010,1862,287.11810939858475
aaer,010,1863,287.17346484633083
aaer,010,1864,286.9220569945227
aaer,010,1865,286.9767848480044
aaer,010,1866,286.99245510473446
aaer,010,1867,287.03917806264855
aaer,010,1868,287.1842143041805
aaer,010,1869,287.2708439467252
aaer,010,1870,287.13365778587615
aaer,010,1871,287.2481016796712
aaer,010,1872,287.31215715092964
aaer,010,1873,287.1128311795338
aaer,010,1874,287.27538599171265
aaer,010,1875,287.18836976813907
aaer,010,1876,286.9801953540548
aaer,010,1877,287.1833916646815
aaer,010,1878,287.25877293023495
aaer,010,1879,286.957706987183
aaer,010,1880,287.10209996775154
aaer,010,1881,287.1460429067335
aaer,010,1882,287.2764944670674
aaer,010,1883,287.12336003637336
aaer,010,1884,287.0238133647208
aaer,010,1885,287.25119924722463
aaer,010,1886,287.1934320207688
aaer,010,1887,287.21545601063633
aaer,010,1888,287.3302081954884
aaer,010,1889,287.0555052825824
aaer,010,1890,287.06314623172125
aaer,010,1891,287.0286028908129
aaer,010,1892,287.06098959662717
aaer,010,1893,287.1130929566324
aaer,010,1894,287.0555520429633
aaer,010,1895,287.1611217834794
aaer,010,1896,287.2340149776344
aaer,010,1897,287.19635369575207
aaer,010,1898,287.07260469263605
aaer,010,1899,287.0430562204284
aaer,010,1900,287.1501750809675
aaer,010,1901,287.29961984490575
aaer,010,1902,286.99004468629266
aaer,010,1903,286.8555553720219
aaer,010,1904,287.13084536589156
aaer,010,1905,287.1776040092963
aaer,010,1906,286.9406069110825
aaer,010,1907,286.96125830347734
aaer,010,1908,286.8850794901606
aaer,010,1909,286.9168247600014
aaer,010,1910,287.00168102622433
aaer,010,1911,286.985826592133
aaer,010,1912,287.10971856501146
aaer,010,1913,286.94996420676483
aaer,010,1914,286.9550094649747
aaer,010,1915,287.0339760284557
aaer,010,1916,286.97188588790016
aaer,010,1917,286.79378899294164
aaer,010,1918,286.9080424888742
aaer,010,1919,287.2452673943552
aaer,010,1920,287.301148690465
aaer,010,1921,287.0363528431922
aaer,010,1922,287.2059621444609
aaer,010,1923,287.2125485243799
aaer,010,1924,286.9839308908371
aaer,010,1925,287.1108056660701
aaer,010,1926,287.091991001609
aaer,010,1927,287.0504175961416
aaer,010,1928,286.9450926431485
aaer,010,1929,286.93505922133227
aaer,010,1930,287.06403820031403
aaer,010,1931,287.1121431190242
aaer,010,1932,287.06754390276404
aaer,010,1933,287.0602376090404
aaer,010,1934,286.8348974000731
aaer,010,1935,286.85384358458214
aaer,010,1936,286.90952686737114
aaer,010,1937,287.0826154242309
aaer,010,1938,287.01208294966426
aaer,010,1939,286.840221939646
aaer,010,1940,286.9438961203478
aaer,010,1941,287.1245464077904
aaer,010,1942,287.12933251910016
aaer,010,1943,287.0254095671141
aaer,010,1944,286.9564759909044
aaer,010,1945,287.19965300763863
aaer,010,1946,287.10793991070733
aaer,010,1947,286.8968343762949
aaer,010,1948,286.8675425068851
aaer,010,1949,286.92856705648575
aaer,010,1950,286.9970055441828
aaer,010,1951,286.9264836489631
aaer,010,1952,287.041089540065
aaer,010,1953,287.01344710595316
aaer,010,1954,286.96337817180097
aaer,010,1955,287.0481927918886
aaer,010,1956,286.86538005840004
aaer,010,1957,286.8912580529073
aaer,010,1958,286.96203041952015
aaer,010,1959,286.9973802969748
aaer,010,1960,287.09610792582754
aaer,010,1961,287.1197304445513
aaer,010,1962,286.9473295290029
aaer,010,1963,286.9704103121686
aaer,010,1964,286.70754205607136
aaer,010,1965,286.75768085681136
aaer,010,1966,286.6374344311271
aaer,010,1967,286.4919490362497
aaer,010,1968,286.6706385798452
aaer,010,1969,286.7783366566325
aaer,010,1970,286.70022762925
aaer,010,1971,286.7479149299015
aaer,010,1972,286.6504571665257
aaer,010,1973,286.69492488446554
aaer,010,1974,286.90487311483446
aaer,010,1975,286.69868825732493
aaer,010,1976,286.4937823387334
aaer,010,1977,286.4996745613735
aaer,010,1978,286.5430482465957
aaer,010,1979,286.59012030501015
aaer,010,1980,286.2800325907896
aaer,010,1981,286.33698048901783
aaer,010,1982,286.57094920045404
aaer,010,1983,286.4374243576708
aaer,010,1984,286.330884080627
aaer,010,1985,286.4768920599002
aaer,010,1986,286.65879555338273
aaer,010,1987,286.7094692494657
aaer,010,1988,286.6461245225186
aaer,010,1989,286.44340059335474
aaer,010,1990,286.5029342740573
aaer,010,1991,286.4373432829171
aaer,010,1992,286.52259120673483
aaer,010,1993,286.55464748372316
aaer,010,1994,286.82972902224714
aaer,010,1995,286.6989364143271
aaer,010,1996,286.6504838224759
aaer,010,1997,286.6323907497499
aaer,010,1998,286.3774379139998
aaer,010,1999,286.2069762274851
aaer,010,2000,286.4813089024488
aaer,010,2001,286.53683411485326
aaer,010,2002,286.80596410762706
aaer,010,2003,286.84933238750455
aaer,010,2004,286.6564380207239
aaer,010,2005,286.6106768693002
aaer,010,2006,286.45392173966945
aaer,010,2007,286.49418310324387
aaer,010,2008,286.56639617714706
aaer,010,2009,286.51272403236925
aaer,010,2010,286.6059380447209
aaer,010,2011,286.54577925613734
aaer,010,2012,286.4827280967163
aaer,010,2013,286.4003553934397
aaer,010,2014,286.5744147849445
aaer,010,2015,286.66576473814854
aaer,010,2016,286.3046992454558
aaer,010,2017,286.3209057833095
aaer,010,2018,286.3444836775654
aaer,010,2019,286.3001068230879
aaer,010,2020,286.28523509633857
aaer,010,2021,286.10329549425467
aaer,010,2022,286.0984111213596
aaer,010,2023,286.3105234267381
aaer,010,2024,286.4317374248494
aaer,010,2025,286.5180484816117
aaer,010,2026,286.5648873130008
aaer,010,2027,286.53402484081306
aaer,010,2028,286.5214872004362
aaer,010,2029,286.47743523177843
aaer,010,2030,286.3179626149982
aaer,010,2031,286.48790871268227
aaer,010,2032,286.46284968056426
aaer,010,2033,286.4632799814968
aaer,010,2034,286.37252070037056
aaer,010,2035,286.24226405022677
aaer,010,2036,286.39562380938764
aaer,010,2037,286.31891688439447
aaer,010,2038,286.17774293570545
aaer,010,2039,286.22649101857814
aaer,010,2040,286.2549658474509
aaer,010,2041,286.3490730689711
aaer,010,2042,286.52908281721477
aaer,010,2043,286.35170267642656
aaer,010,2044,286.2764891099779
aaer,010,2045,286.26487613548227
aaer,010,2046,286.31683491751926
aaer,010,2047,286.4102996418146
aaer,010,2048,286.4253947133009
aaer,010,2049,286.231553416118
aaer,010,2050,286.3465162610216
aaer,011,1850,287.2996795709466
aaer,011,1851,287.24684138218845
aaer,011,1852,287.1772371851401
aaer,011,1853,287.0923216695234
aaer,011,1854,287.1319595445385
aaer,011,1855,287.1801572336586
aaer,011,1856,287.19115870076905
aaer,011,1857,287.12708628934075
aaer,011,1858,287.2850530528323
aaer,011,1859,287.2266371257437
aaer,011,1860,287.04111162090567
aaer,011,1861,287.20809831850636
aaer,011,1862,287.46959976493594
aaer,011,1863,287.2662207689258
aaer,011,1864,287.3277208545492
aaer,011,1865,287.45301155125384
aaer,011,1866,287.43554682684004
aaer,011,1867,287.3086007111239
aaer,011,1868,287.44086316801963
aaer,011,1869,287.2466856143317
aaer,011,1870,287.1332330634342
aaer,011,1871,287.2377570416215
aaer,011,1872,287.39963623938695
aaer,011,1873,287.18237176323976
aaer,011,1874,287.12158651871954
aaer,011,1875,287.19968824301554
aaer,011,1876,287.29065265916284
aaer,011,1877,287.20600575910134
aaer,011,1878,287.16002274555365
aaer,011,1879,287.1704600017702
aaer,011,1880,287.256658775757
aaer,011,1881,287.199558365486
aaer,011,1882,287.47639160915884
aaer,011,1883,287.28740432714136
aaer,011,1884,287.21762488467385
aaer,011,1885,287.2514350875898
aaer,011,1886,287.0612781381965
aaer,011,1887,287.13587890523667
aaer,011,1888,287.1417301614805
aaer,011,1889,287.0623189395222
aaer,011,1890,287.185738296467
aaer,011,1891,287.1288003062456
aaer,011,1892,287.02331579994603
aaer,011,1893,286.906294662121
aaer,011,1894,287.11365263495895
aaer,011,1895,287.19396540986867
aaer,011,1896,287.0964384702477
aaer,011,1897,287.14064266528123
aaer,011,1898,287.15630024724044
aaer,011,1899,287.13439655356643
aaer,011,1900,287.1225443946458
aaer,011,1901,287.0481119211901
aaer,011,1902,286.89233091369806
aaer,011,1903,286.9830998967734
aaer,011,1904,287.131161323282
aaer,011,1905,287.2180511561134
aaer,011,1906,287.2979985372584
aaer,011,1907,287.04826490524744
aaer,011,1908,287.10701525837385
aaer,011,1909,287.2611094579795
aaer,011,1910,287.07623985322357
aaer,011,1911,287.0670177836206
aaer,011,1912,287.04165851595513
aaer,011,1913,286.995335415955
aaer,011,1914,287.0322330497002
aaer,011,1915,287.2135298376114
aaer,011,1916,287.0519316718031
aaer,011,1917,286.875341917987
aaer,011,1918,286.912079389435
aaer,011,1919,286.83237403149343
aaer,011,1920,286.8599205416528
aaer,011,1921,287.05150375161475
aaer,011,1922,287.18636205056276
aaer,011,1923,287.1181041794641
aaer,011,1924,287.00350940158006
aaer,011,1925,287.18975898349606
aaer,011,1926,287.1795477332766
aaer,011,1927,286.896615260404
aaer,011,1928,286.7933305923962
aaer,011,1929,286.9412556617704
aaer,011,1930,286.93710285031005
aaer,011,1931,286.95723047611006
aaer,011,1932,287.11322391795983
aaer,011,1933,287.3126676194873
aaer,011,1934,287.22403315864614
aaer,011,1935,287.075359313998
aaer,011,1936,286.9084016130538
aaer,011,1937,287.0106612041176
aaer,011,1938,287.05530882648634
aaer,011,1939,287.10119805963177
aaer,011,1940,287.0352418239432
aaer,011,1941,287.2201186725592
aaer,011,1942,287.00371842996094
aaer,011,1943,286.95581046334934
aaer,011,1944,287.1038919233442
aaer,011,1945,286.98276695097417
aaer,011,1946,286.77540069854723
aaer,011,1947,286.8142522507731
aaer,011,1948,286.77770435654327
aaer,011,1949,286.9998460013802
aaer,011,1950,286.7846771718939
aaer,011,1951,286.59704330674487
aaer,011,1952,286.7040415255896
aaer,011,1953,286.90489204091716
aaer,011,1954,286.8152419714694
aaer,011,1955,286.6945980167311
aaer,011,1956,286.7702115086532
aaer,011,1957,286.72490268224954
aaer,011,1958,286.90485708963706
aaer,011,1959,286.9841660191581
aaer,011,1960,286.8507925118403
aaer,011,1961,286.7106332412653
aaer,011,1962,286.83970334228286
aaer,011,1963,286.7640883404341
aaer,011,1964,286.6196330322158
aaer,011,1965,286.8159913552683
aaer,011,1966,286.70489013125786
aaer,011,1967,286.60442842741094
aaer,011,1968,286.57057624258573
aaer,011,1969,286.5340844313847
aaer,011,1970,286.6406744857292
aaer,011,1971,286.54912341939183
aaer,011,1972,286.5568394609088
aaer,011,1973,286.4698130054928
aaer,011,1974,286.67687710042225
aaer,011,1975,286.5236090555662
aaer,011,1976,286.5989481304506
aaer,011,1977,286.3978519393428
aaer,011,1978,286.5585566563338
aaer,011,1979,286.6519853135637
aaer,011,1980,286.7039120173576
aaer,011,1981,286.4933087737834
aaer,011,1982,286.5567717136094
aaer,011,1983,286.61418040747606
aaer,011,1984,286.6117625427527
aaer,011,1985,286.4598577640841
aaer,011,1986,286.3451249169638
aaer,011,1987,286.4097750480076
aaer,011,1988,286.5324751190126
aaer,011,1989,286.5456195996973
aaer,011,1990,286.50172855569997
aaer,011,1991,286.4204512189128
aaer,011,1992,286.55917783935104
aaer,011,1993,286.44091258313824
aaer,011,1994,286.4324869530788
aaer,011,1995,286.3731099461448
aaer,011,1996,286.44605983520285
aaer,011,1997,286.39579839744215
aaer,011,1998,286.36152135273744
aaer,011,1999,286.30096174802054
aaer,011,2000,286.3184628964489
aaer,011,2001,286.4773426817787
aaer,011,2002,286.4681147377075
aaer,011,2003,286.59936813068697
aaer,011,2004,286.61311335165055
aaer,011,2005,286.71486222830305
aaer,011,2006,286.55591288898495
aaer,011,2007,286.5718559060921
aaer,011,2008,286.3455209212827
aaer,011,2009,286.31124241755316
aaer,011,2010,286.3776300058182
aaer,011,2011,286.59688236664215
aaer,011,2012,286.319548503773
aaer,011,2013,286.44482722603976
aaer,011,2014,286.42906646333876
aaer,011,2015,286.4447141862908
aaer,011,2016,286.4569781360477
aaer,011,2017,286.4179010072278
aaer,011,2018,286.4685793379191
aaer,011,2019,286.2752365011482
aaer,011,2020,286.3337865722341
aaer,011,2021,286.4232035784368
aaer,011,2022,286.4197605540722
aaer,011,2023,286.39510905184545
aaer,011,2024,286.5131221137355
aaer,011,2025,286.3638269767483
aaer,011,2026,286.3848165515899
aaer,011,2027,286.2151219361908
aaer,011,2028,286.2179208845513
aaer,011,2029,286.2308990063165
aaer,011,2030,286.28277228897883
aaer,011,2031,286.2359824663895
aaer,011,2032,286.3140746906739
aaer,011,2033,286.3580951254637
aaer,011,2034,286.43243948049553
aaer,011,2035,286.34349401043227
aaer,011,2036,286.16956263520945
aaer,011,2037,286.3673448560615
aaer,011,2038,286.4181745468285
aaer,011,2039,286.45605046234766
aaer,011,2040,286.5908309819585
aaer,011,2041,286.6151997044484
aaer,011,2042,286.6853603366617
aaer,011,2043,286.7238250143824
aaer,011,2044,286.5173905339911
aaer,011,2045,286.4200670659842
aaer,011,2046,286.5055107393418
aaer,011,2047,286.3948022844971
aaer,011,2048,286.4597070448277
aaer,011,2049,286.50880424905
aaer,011,2050,286.4687883943762
aaer,012,1850,287.5682872531356
aaer,012,1851,287.29814045660214
aaer,012,1852,287.2464376181311
aaer,012,1853,287.2405500547476
aaer,012,1854,287.2811209677786
aaer,012,1855,287.0440256643483
aaer,012,1856,287.00293158289753
aaer,012,1857,287.20864859453343
aaer,012,1858,287.25113705511967
aaer,012,1859,287.0354577156276
aaer,012,1860,287.13454258473604
aaer,012,1861,287.17631575906887
aaer,012,1862,287.1824359099108
aaer,012,1863,287.1337339047007
aaer,012,1864,287.148706673771
aaer,012,1865,287.23016119838235
aaer,012,1866,286.97997000744505
aaer,012,1867,287.0236500458174
aaer,012,1868,287.1309189818864
aaer,012,1869,287.05671796242814
aaer,012,1870,287.05969186851854
aaer,012,1871,287.1437825063903
aaer,012,1872,287.0991230418114
aaer,012,1873,287.2182261545764
aaer,012,1874,287.177378191751
aaer,012,1875,287.225269994506
aaer,012,1876,287.16346199617897
aaer,012,1877,287.3276540654924
aaer,012,1878,287.2020005102182
aaer,012,1879,287.1453806280499
aaer,012,1880,287.25532704683707
aaer,012,1881,287.26255213446706
aaer,012,1882,286.90430853666777
aaer,012,1883,286.89028737814033
aaer,012,1884,287.1710954637076
aaer,012,1885,287.3287642945524
aaer,012,1886,287.2097200673941
aaer,012,1887,287.05245513199964
aaer,012,1888,286.90644563460745
aaer,012,1889,287.0587926430951
aaer,012,1890,286.94869413415034
aaer,012,1891,287.1370622307907
aaer,012,1892,287.20585523855783
aaer,012,1893,287.1757917739612
aaer,012,1894,287.2881078321987
aaer,012,1895,287.39202417927385
aaer,012,1896,287.0462607463732
aaer,012,1897,286.9227352732693
aaer,012,1898,287.0561096207329
aaer,012,1899,287.16740163931206
aaer,012,1900,287.04561490254684
aaer,012,1901,287.0753285023753
aaer,012,1902,287.0380584219599
aaer,012,1903,287.13902325471435
aaer,012,1904,287.09556692090575
aaer,012,1905,286.9542327318312
aaer,012,1906,286.965626785192
aaer,012,1907,286.82115984008556
aaer,012,1908,286.9443623007311
aaer,012,1909,286.9367272512594
aaer,012,1910,286.93747493735833
aaer,012,1911,286.9672275165965
aaer,012,1912,287.0502839907772
aaer,012,1913,286.8403028736937
aaer,012,1914,286.8896891896241
aaer,012,1915,287.0706187779581
aaer,012,1916,287.0259329053473
aaer,012,1917,287.0718654566403
aaer,012,1918,286.99855023038174
aaer,012,1919,287.0524648862066
aaer,012,1920,287.0605247457007
aaer,012,1921,287.1270518791779
aaer,012,1922,287.25599739234076
aaer,012,1923,287.05470846453454
aaer,012,1924,286.98582148103907
aaer,012,1925,287.13628307859074
aaer,012,1926,286.9744990872058
aaer,012,1927,286.95935148572613
aaer,012,1928,286.9431919022901
aaer,012,1929,286.88395154206376
aaer,012,1930,287.0021180904051
aaer,012,1931,287.1289782931043
aaer,012,1932,287.0727484159119
aaer,012,1933,286.9480605458832
aaer,012,1934,286.9754742493484
aaer,012,1935,287.0516658908788
aaer,012,1936,287.01824358608917
aaer,012,1937,287.1418847163221
aaer,012,1938,287.0342343942828
aaer,012,1939,286.82738168783266
aaer,012,1940,286.9350936898126
aaer,012,1941,286.76495840701295
aaer,012,1942,286.59009311814594
aaer,012,1943,286.65581082860143
aaer,012,1944,286.697526624288
aaer,012,1945,286.90705364811214
aaer,012,1946,286.92609830470417
aaer,012,1947,286.8310391597095
aaer,012,1948,286.8842223367222
aaer,012,1949,286.94395860564657
aaer,012,1950,287.04432476430463
aaer,012,1951,286.9816363644203
aaer,012,1952,286.9792786189248
aaer,012,1953,286.73452118627443
aaer,012,1954,286.7441221379354
aaer,012,1955,286.8499790106399
aaer,012,1956,286.99462396889504
aaer,012,1957,287.00077784451133
aaer,012,1958,286.9225764079955
aaer,012,1959,286.79570345304745
aaer,012,1960,286.97394090733644
aaer,012,1961,286.96735143695236
aaer,012,1962,286.892445736416
aaer,012,1963,286.8421104494507
aaer,012,1964,286.8853708249607
aaer,012,1965,286.7176230188644
aaer,012,1966,286.6557549189124
aaer,012,1967,286.54931643190497
aaer,012,1968,286.7093810788489
aaer,012,1969,286.75762088355987
aaer,012,1970,286.58859556849393
aaer,012,1971,286.5928428484527
aaer,012,1972,286.55599816430504
aaer,012,1973,286.3931489533215
aaer,012,1974,286.49711141013796
aaer,012,1975,286.70691966169477
aaer,012,1976,286.53558830674433
aaer,012,1977,286.54229360528024
aaer,012,1978,286.63187654971557
aaer,012,1979,286.74626379495345
aaer,012,1980,286.57138897927547
aaer,012,1981,286.4512865059237
aaer,012,1982,286.44989858749324
aaer,012,1983,286.48879314247114
aaer,012,1984,286.59700991986915
aaer,012,1985,286.4963727828774
aaer,012,1986,286.63003334578485
aaer,012,1987,286.5025259286209
aaer,012,1988,286.41666219672993
aaer,012,1989,286.48103475606825
aaer,012,1990,286.4740007643515
aaer,012,1991,286.60090035462457
aaer,012,1992,286.62799888295194
aaer,012,1993,286.4245211776667
aaer,012,1994,286.228417443962
aaer,012,1995,286.2544698709118
aaer,012,1996,286.3031140141535
aaer,012,1997,286.3754588889777
aaer,012,1998,286.51147760092334
aaer,012,1999,286.520279172452
aaer,012,2000,286.2906672873549
aaer,012,2001,286.32292345080253
aaer,012,2002,286.42929984875786
aaer,012,2003,286.47473275460544
aaer,012,2004,286.3697680419674
aaer,012,2005,286.428673758017
aaer,012,2006,286.3472960722737
aaer,012,2007,286.15941094661065
aaer,012,2008,286.4043928239331
aaer,012,2009,286.41169415024024
aaer,012,2010,286.5261343178215
aaer,012,2011,286.39958312037584
aaer,012,2012,286.23032466429504
aaer,012,2013,286.41889981404483
aaer,012,2014,286.37192239633015
aaer,012,2015,286.2673401413322
aaer,012,2016,286.40079346198235
aaer,012,2017,286.53826197266454
aaer,012,2018,286.32835985541277
aaer,012,2019,286.4119682950204
aaer,012,2020,286.34291729947745
aaer,012,2021,286.2954011897616
aaer,012,2022,286.34646929915846
aaer,012,2023,286.4494417151073
aaer,012,2024,286.4577201774509
aaer,012,2025,286.6088446696012
aaer,012,2026,286.4950264464481
aaer,012,2027,286.4645684224571
aaer,012,2028,286.6206659839697
aaer,012,2029,286.7394118700848
aaer,012,2030,286.60947129411227
aaer,012,2031,286.55525208568446
aaer,012,2032,286.40034014604805
aaer,012,2033,286.20997048078004
aaer,012,2034,286.34057154457497
aaer,012,2035,286.5186728129583
aaer,012,2036,286.569062953868
aaer,012,2037,286.3379290895846
aaer,012,2038,286.4662520799899
aaer,012,2039,286.3550839338253
aaer,012,2040,286.3838023330602
aaer,012,2041,286.3819661082737
aaer,012,2042,286.4047173251116
aaer,012,2043,286.40403077429926
aaer,012,2044,286.37022176286933
aaer,012,2045,286.34655937847793
aaer,012,2046,286.3212400579891
aaer,012,2047,286.3403107867008
aaer,012,2048,286.3065391442846
aaer,012,2049,286.30909938086137
aaer,012,2050,286.4320794340571
aaer,013,1850,287.2992095139722
aaer,013,1851,287.22758698035756
aaer,013,1852,287.10699864650667
aaer,013,1853,287.27094670458985
aaer,013,1854,287.2777683813795
aaer,013,1855,287.2752716093419
aaer,013,1856,287.31563556356355
aaer,013,1857,287.31423843761974
aaer,013,1858,287.28466681439266
aaer,013,1859,287.1198742858321
aaer,013,1860,287.1470228294764
aaer,013,1861,287.0264243327549
aaer,013,1862,287.16451412327507
aaer,013,1863,287.13623897323293
aaer,013,1864,287.10758846425836
aaer,013,1865,287.3353514244851
aaer,013,1866,287.30101234102125
aaer,013,1867,287.25641525278286
aaer,013,1868,287.27937358106135
aaer,013,1869,287.29184036576555
aaer,013,1870,287.2990093083264
aaer,013,1871,287.2725010988738
aaer,013,1872,287.1296807255148
aaer,013,1873,287.19511573492133
aaer,013,1874,287.1386440055411
aaer,013,1875,287.22816351138226
aaer,013,1876,287.27204638483494
aaer,013,1877,287.2017764669786
aaer,013,1878,287.3478073472645
aaer,013,1879,287.31498401238264
aaer,013,1880,286.79729002565307
aaer,013,1881,286.837185710502
aaer,013,1882,286.8933360168782
aaer,013,1883,286.93701209908727
aaer,013,1884,287.01526150910576
aaer,013,1885,286.85968970940513
aaer,013,1886,287.040049634572
aaer,013,1887,287.0299503615207
aaer,013,1888,286.96940264312144
aaer,013,1889,287.0850058829795
aaer,013,1890,286.9769885864355
aaer,013,1891,287.11621373624337
aaer,013,1892,287.2497602555876
aaer,013,1893,287.06441594368334
aaer,013,1894,287.14326810920534
aaer,013,1895,287.15585623058723
aaer,013,1896,286.95509063354154
aaer,013,1897,286.90739542199503
aaer,013,1898,287.08536318414633
aaer,013,1899,287.15812573551216
aaer,013,1900,286.96583473390905
aaer,013,1901,287.0950865600146
aaer,013,1902,286.97849947515346
aaer,013,1903,287.05722237201906
aaer,013,1904,287.0416164274328
aaer,013,1905,287.1683254945307
aaer,013,1906,287.24846319994754
aaer,013,1907,287.01868877213985
aaer,013,1908,287.0632583803481
aaer,013,1909,287.1119066858946
aaer,013,1910,286.91387682972334
aaer,013,1911,287.060494330393
aaer,013,1912,287.1970641273263
aaer,013,1913,286.9756250805999
aaer,013,1914,287.06703533303806
aaer,013,1915,286.91970120535996
aaer,013,1916,286.7851590625268
aaer,013,1917,286.85676602498984
aaer,013,1918,286.84776578453307
aaer,013,1919,286.85796551021946
aaer,013,1920,286.8661448748587
aaer,013,1921,287.01732499085216
aaer,013,1922,287.2193608533824
aaer,013,1923,287.06258455912496
aaer,013,1924,286.97799231091545
aaer,013,1925,286.8437832041504
aaer,013,1926,286.890383768332
aaer,013,1927,287.0049095782149
aaer,013,1928,287.05595937872994
aaer,013,1929,286.85423759063576
aaer,013,1930,286.879799707125
aaer,013,1931,286.79722572062605
aaer,013,1932,286.9247724036611
aaer,013,1933,287.079596571621
aaer,013,1934,287.13053808728307
aaer,013,1935,287.01270220645875
aaer,013,1936,287.0522867700231
aaer,013,1937,287.1033648248513
aaer,013,1938,287.14122176691154
aaer,013,1939,286.96156533417263
aaer,013,1940,286.9785859654561
aaer,013,1941,286.8086540139954
aaer,013,1942,286.9347223802905
aaer,013,1943,286.9794423109362
aaer,013,1944,286.7085709596833
aaer,013,1945,286.7277935476661
aaer,013,1946,286.76945986852417
aaer,013,1947,286.86542146541666
aaer,013,1948,286.87133689507743
aaer,013,1949,286.9543511644877
aaer,013,1950,286.69330155686794
aaer,013,1951,286.68011298030484
aaer,013,1952,286.7760804247955
aaer,013,1953,286.870918039567
aaer,013,1954,286.85720372528317
aaer,013,1955,286.90692935534645
aaer,013,1956,286.9248335840022
aaer,013,1957,286.80985991940724
aaer,013,1958,286.8486103364508
aaer,013,1959,286.9973324559181
aaer,013,1960,286.8852190526726
aaer,013,1961,286.7576173473877
aaer,013,1962,286.86359595509373
aaer,013,1963,286.786195806913
aaer,013,1964,286.7968329200299
aaer,013,1965,286.65567036462187
aaer,013,1966,286.527707007832
aaer,013,1967,286.6897726622696
aaer,013,1968,286.62389581897065
aaer,013,1969,286.5584166555797
aaer,013,1970,286.58719477282574
aaer,013,1971,286.6817750668184
aaer,013,1972,286.568468643396
aaer,013,1973,286.63527859133944
aaer,013,1974,286.7322391606828
aaer,013,1975,286.52230738892223
aaer,013,1976,286.6211970640361
aaer,013,1977,286.8189167813535
aaer,013,1978,286.52468702649094
aaer,013,1979,286.6785334277569
aaer,013,1980,286.52378847794336
aaer,013,1981,286.4398553693749
aaer,013,1982,286.4480052941778
aaer,013,1983,286.5275412347087
aaer,013,1984,286.4896538591647
aaer,013,1985,286.6212622234997
aaer,013,1986,286.61204205896854
aaer,013,1987,286.4334376894063
aaer,013,1988,286.60960649162007
aaer,013,1989,286.61588425661927
aaer,013,1990,286.5383926471159
aaer,013,1991,286.456209815495
aaer,013,1992,286.35905527542883
aaer,013,1993,286.2702513292845
aaer,013,1994,286.3311978436414
aaer,013,1995,286.3956536869011
aaer,013,1996,286.60214237943643
aaer,013,1997,286.57670281447236
aaer,013,1998,286.5314058074857
aaer,013,1999,286.715396924975
aaer,013,2000,286.6765029764477
aaer,013,2001,286.42512535465056
aaer,013,2002,286.3127364177771
aaer,013,2003,286.48655438872817
aaer,013,2004,286.5905501317277
aaer,013,2005,286.5606647353081
aaer,013,2006,286.4118871489023
aaer,013,2007,286.594687564716
aaer,013,2008,286.7278577808307
aaer,013,2009,286.4962325239917
aaer,013,2010,286.5276573398114
aaer,013,2011,286.4100615803705
aaer,013,2012,286.3530957926066
aaer,013,2013,286.3751270102758
aaer,013,2014,286.5381465237929
aaer,013,2015,286.5514401704331
aaer,013,2016,286.30350060491725
aaer,013,2017,286.336628358468
aaer,013,2018,286.47750283071525
aaer,013,2019,286.5065432142893
aaer,013,2020,286.5269900154431
aaer,013,2021,286.2868734965866
aaer,013,2022,286.1733675310389
aaer,013,2023,286.18818257789223
aaer,013,2024,286.26729834576764
aaer,013,2025,286.3691352231569
aaer,013,2026,286.26049407279885
aaer,013,2027,286.3033306878046
aaer,013,2028,286.53463750704043
aaer,013,2029,286.33339263186997
aaer,013,2030,286.20866472314526
aaer,013,2031,286.211733874864
aaer,013,2032,286.1730853915233
aaer,013,2033,286.15636791125746
aaer,013,2034,286.3489156110316
aaer,013,2035,286.4097981047177
aaer,013,2036,286.3294123765077
aaer,013,2037,286.3424535049978
aaer,013,2038,286.44921835565145
aaer,013,2039,286.32151093824905
aaer,013,2040,286.29405882003283
aaer,013,2041,286.3166728023261
aaer,013,2042,286.1924753536459
aaer,013,2043,286.31769714326157
aaer,013,2044,286.23605792002485
aaer,013,2045,286.3881778205526
aaer,013,2046,286.34592818265236
aaer,013,2047,286.30072611897793
aaer,013,2048,286.23188167400474
aaer,013,2049,286.2083127259967
aaer,013,2050,286.2357445851174
aaer,014,1850,287.47245522871935
aaer,014,1851,287.3759737469852
aaer,014,1852,287.16781208751956
aaer,014,1853,287.16920851691117
aaer,014,1854,287.25277729739946
aaer,014,1855,287.2986618039612
aaer,014,1856,287.3614189569212
aaer,014,1857,287.3343002463161
aaer,014,1858,287.38990751600255
aaer,014,1859,287.2668982856136
aaer,014,1860,287.24141727658304
aaer,014,1861,286.9664415963184
aaer,014,1862,286.9930654399734
aaer,014,1863,286.9359709108233
aaer,014,1864,287.0479096839346
aaer,014,1865,287.2061903197858
aaer,014,1866,287.35970591226504
aaer,014,1867,287.1889143264166
aaer,014,1868,287.405541927982
aaer,014,1869,287.32282549885286
aaer,014,1870,287.0915191720425
aaer,014,1871,287.19022990109204
aaer,014,1872,287.1427526083255
aaer,014,1873,287.2368938988889
aaer,014,1874,287.3367592638624
aaer,014,1875,287.2495000142455
aaer,014,1876,287.33194394502254
aaer,014,1877,287.3765251450642
aaer,014,1878,287.31510060556315
aaer,014,1879,287.29956251849666
aaer,014,1880,287.09477278200325
aaer,014,1881,287.04601420107014
aaer,014,1882,287.0838057007174
aaer,014,1883,287.13263450638595
aaer,014,1884,286.96892975922714
aaer,014,1885,287.12732258686816
aaer,014,1886,287.22390062701135
aaer,014,1887,287.318173303553
aaer,014,1888,287.50445363909796
aaer,014,1889,287.36929380693243
aaer,014,1890,287.0958622574551
aaer,014,1891,287.0217772505033
aaer,014,1892,287.0447176196871
aaer,014,1893,287.0490335312368
aaer,014,1894,287.10992968945214
aaer,014,1895,287.13857404445116
aaer,014,1896,287.19230531363604
aaer,014,1897,287.2222742458592
aaer,014,1898,287.1956049461399
aaer,014,1899,287.0546317795304
aaer,014,1900,287.04964902322655
aaer,014,1901,286.93549467901096
aaer,014,1902,287.0086494585631
aaer,014,1903,287.12118430105363
aaer,014,1904,287.046436350309
aaer,014,1905,287.0743340133165
aaer,014,1906,287.1857250920257
aaer,014,1907,286.9560730066296
aaer,014,1908,286.9383798452724
aaer,014,1909,287.0258199076219
aaer,014,1910,287.0337642077585
aaer,014,1911,286.9805951360735
aaer,014,1912,287.1302460702234
aaer,014,1913,287.16291952377213
aaer,014,1914,287.04435525223505
aaer,014,1915,287.06821570945294
aaer,014,1916,286.9828343601421
aaer,014,1917,286.88020255790224
aaer,014,1918,286.916265817816
aaer,014,1919,286.87229361040403
aaer,014,1920,287.1169002487157
aaer,014,1921,287.2295599151029
aaer,014,1922,287.0279886936034
aaer,014,1923,287.09236475480924
aaer,014,1924,287.115045190874
aaer,014,1925,287.2355981495152
aaer,014,1926,287.0073370115641
aaer,014,1927,287.0628220055537
aaer,014,1928,287.1140164584938
aaer,014,1929,286.97634277334276
aaer,014,1930,286.9858878208139
aaer,014,1931,287.1228725964869
aaer,014,1932,287.00899594796743
aaer,014,1933,287.0353828807976
aaer,014,1934,287.0396976572188
aaer,014,1935,286.88360109115405
aaer,014,1936,286.7394574405037
aaer,014,1937,286.9153277186433
aaer,014,1938,287.0273446962791
aaer,014,1939,287.0678492446278
aaer,014,1940,286.8757685981747
aaer,014,1941,286.770724393021
aaer,014,1942,286.80099353800404
aaer,014,1943,286.93797388686187
aaer,014,1944,286.9281534229609
aaer,014,1945,286.99500809074794
aaer,014,1946,287.0442498206767
aaer,014,1947,287.0010281915524
aaer,014,1948,287.11270723122084
aaer,014,1949,286.86302634768947
aaer,014,1950,286.78016307437497
aaer,014,1951,286.8871953818746
aaer,014,1952,286.9412376429622
aaer,014,1953,286.83165867602725
aaer,014,1954,286.9244118903076
aaer,014,1955,287.0579394387139
aaer,014,1956,286.8796546786768
aaer,014,1957,286.8860698701993
aaer,014,1958,286.8749156706235
aaer,014,1959,286.5233238834436
aaer,014,1960,286.61169945254363
aaer,014,1961,286.78925308795976
aaer,014,1962,286.5581282227777
aaer,014,1963,286.4798957649051
aaer,014,1964,286.63559132418106
aaer,014,1965,286.76289812639527
aaer,014,1966,286.7674707656702
aaer,014,1967,286.51467034486956
aaer,014,1968,286.43504567050235
aaer,014,1969,286.5375358910822
aaer,014,1970,286.5770697070314
aaer,014,1971,286.5163634249869
aaer,014,1972,286.7591885425256
aaer,014,1973,286.76078792093847
aaer,014,1974,286.43164946471484
aaer,014,1975,286.4264748837205
aaer,014,1976,286.56806523327805
aaer,014,1977,286.70633159752737
aaer,014,1978,286.7261533363214
aaer,014,1979,286.6327907342874
aaer,014,1980,286.4976499059904
aaer,014,1981,286.44417953957014
aaer,014,1982,286.46902002481124
aaer,014,1983,286.5181384626038
aaer,014,1984,286.53657239116126
aaer,014,1985,286.57030989211717
aaer,014,1986,286.75541242132164
aaer,014,1987,286.603984282363
aaer,014,1988,286.44059336570115
aaer,014,1989,286.4962279839885
aaer,014,1990,286.5546372144682
aaer,014,1991,286.45686308147236
aaer,014,1992,286.4570672691268
aaer,014,1993,286.2208715768835
aaer,014,1994,286.21026930874575
aaer,014,1995,286.2084937503344
aaer,014,1996,286.3608394751786
aaer,014,1997,286.4356306711006
aaer,014,1998,286.4663740033581
aaer,014,1999,286.53796992891415
aaer,014,2000,286.43210194534817
aaer,014,2001,286.3531695529405
aaer,014,2002,286.38164111400386
aaer,014,2003,286.5177452692531
aaer,014,2004,286.4727381923512
aaer,014,2005,286.5076925552688
aaer,014,2006,286.54531519388604
aaer,014,2007,286.3593441860281
aaer,014,2008,286.4758101912491
aaer,014,2009,286.58855008730677
aaer,014,2010,286.5385685207087
aaer,014,2011,286.42451660417373
aaer,014,2012,286.5647387676085
aaer,014,2013,286.54744376526804
aaer,014,2014,286.48506627779216
aaer,014,2015,286.62428760302106
aaer,014,2016,286.67585862881714
aaer,014,2017,286.5683755845853
aaer,014,2018,286.45897369528495
aaer,014,2019,286.40204378003153
aaer,014,2020,286.47961481324865
aaer,014,2021,286.426669394416
aaer,014,2022,286.3389953804046
aaer,014,2023,286.33145301529015
aaer,014,2024,286.56832866646636
aaer,014,2025,286.6066531932608
aaer,014,2026,286.39308650911516
aaer,014,2027,286.3486515205834
aaer,014,2028,286.4667220275133
aaer,014,2029,286.46657644024276
aaer,014,2030,286.55262201789105
aaer,014,2031,286.39026127104495
aaer,014,2032,286.26995835540015
aaer,014,2033,286.35498197332845
aaer,014,2034,286.4809986816765
aaer,014,2035,286.45282542707776
aaer,014,2036,286.43963932443955
aaer,014,2037,286.33097329596137
aaer,014,2038,286.21674894909404
aaer,014,2039,286.18001859701826
aaer,014,2040,286.3349459884299
aaer,014,2041,286.4121066912204
aaer,014,2042,286.5915496466896
aaer,014,2043,286.54116849255445
aaer,014,2044,286.4020577461084
aaer,014,2045,286.41301948334416
aaer,014,2046,286.38621541792077
aaer,014,2047,286.2331051624279
aaer,014,2048,286.3350124111338
aaer,014,2049,286.52339916714993
aaer,014,2050,286.34300210549327
aaer,015,1850,287.4100744917079
aaer,015,1851,287.09976721618364
aaer,015,1852,287.160356722806
aaer,015,1853,287.26948911399575
aaer,015,1854,287.54458000590705
aaer,015,1855,287.37044409016164
aaer,015,1856,287.23834426750136
aaer,015,1857,287.14638587833997
aaer,015,1858,287.16166405244616
aaer,015,1859,287.275646314775
aaer,015,1860,287.3710547108366
aaer,015,1861,287.0825417426406
aaer,015,1862,287.17966238552975
aaer,015,1863,287.2521753553721
aaer,015,1864,287.09192403947225
aaer,015,1865,287.2053649651846
aaer,015,1866,287.26043806444176
aaer,015,1867,287.14131609092016
aaer,015,1868,287.18542431596194
aaer,015,1869,287.3492625794318
aaer,015,1870,287.3446008200949
aaer,015,1871,287.09462236694316
aaer,015,1872,287.2951120687231
aaer,015,1873,287.3699117813019
aaer,015,1874,287.08372911712644
aaer,015,1875,287.2085193569152
aaer,015,1876,287.19597615195727
aaer,015,1877,287.1566899703169
aaer,015,1878,287.19419355495285
aaer,015,1879,287.0747968675429
aaer,015,1880,287.1680029833246
aaer,015,1881,287.1584174518559
aaer,015,1882,287.1833874150352
aaer,015,1883,286.8924426529416
aaer,015,1884,287.0434400868331
aaer,015,1885,287.2415407377092
aaer,015,1886,287.16238874416416
aaer,015,1887,287.24601951804635
aaer,015,1888,287.225624110905
aaer,015,1889,287.0637953434719
aaer,015,1890,287.09100334429553
aaer,015,1891,287.13479631522245
aaer,015,1892,287.0841432826316
aaer,015,1893,287.1915636650028
aaer,015,1894,287.16017898336787
aaer,015,1895,286.94690417582194
aaer,015,1896,286.98621960059717
aaer,015,1897,287.09920135978626
aaer,015,1898,287.0105335664588
aaer,015,1899,287.0509501766131
aaer,015,1900,287.1089724756994
aaer,015,1901,287.0383593570116
aaer,015,1902,287.1528874786023
aaer,015,1903,287.16372242534936
aaer,015,1904,287.2498917226993
aaer,015,1905,287.2130501987971
aaer,015,1906,287.1262340268356
aaer,015,1907,286.954817425287
aaer,015,1908,286.96838966009744
aaer,015,1909,287.0992988597203
aaer,015,1910,287.11808886517554
aaer,015,1911,287.05383619033614
aaer,015,1912,286.9151769926931
aaer,015,1913,286.9484765593954
aaer,015,1914,286.90517181564684
aaer,015,1915,286.95228760076645
aaer,015,1916,287.11469707320015
aaer,015,1917,287.2733292901202
aaer,015,1918,287.0915659115214
aaer,015,1919,287.0336600793824
aaer,015,1920,287.1011245922755
aaer,015,1921,287.04185344120447
aaer,015,1922,286.8748491803524
aaer,015,1923,286.7745257647901
aaer,015,1924,286.87375539875546
aaer,015,1925,286.942144766628
aaer,015,1926,287.04553909844674
aaer,015,1927,287.0384507559281
aaer,015,1928,287.03288399764114
aaer,015,1929,286.95827334368437
aaer,015,1930,287.0579562341079
aaer,015,1931,287.0112403885157
aaer,015,1932,287.03523876384236
aaer,015,1933,287.038418359405
aaer,015,1934,287.0572371823529
aaer,015,1935,286.97882451562504
aaer,015,1936,287.03977906555855
aaer,015,1937,287.0248111174912
aaer,015,1938,286.73539185218834
aaer,015,1939,286.86102251112646
aaer,015,1940,287.0177870080474
aaer,015,1941,287.0537404762039
aaer,015,1942,286.8831175226185
aaer,015,1943,287.0135593674114
aaer,015,1944,287.07442679355233
aaer,015,1945,286.9515828393352
aaer,015,1946,286.97368828529744
aaer,015,1947,287.0237758032835
aaer,015,1948,287.2149076426863
aaer,015,1949,287.0680101761997
aaer,015,1950,286.86221934388414
aaer,015,1951,286.829201298856
aaer,015,1952,286.90548406190385
aaer,015,1953,286.9255189895454
aaer,015,1954,286.81264533522267
aaer,015,1955,286.84690833364584
aaer,015,1956,286.85609102384115
aaer,015,1957,286.98377859197194
aaer,015,1958,286.7916913655239
aaer,015,1959,286.75524786920397
aaer,015,1960,286.84356234914407
aaer,015,1961,286.7978059555753
aaer,015,1962,286.6326463386483
aaer,015,1963,286.6381477501023
aaer,015,1964,286.86253914790007
aaer,015,1965,286.8583933874215
aaer,015,1966,286.5841681391236
aaer,015,1967,286.7013132233793
aaer,015,1968,286.9716642973484
aaer,015,1969,286.7687552340589
aaer,015,1970,286.8059497587331
aaer,015,1971,286.7386594520126
aaer,015,1972,286.6668290218365
aaer,015,1973,286.7066512358633
aaer,015,1974,286.590842245113
aaer,015,1975,286.4836199451156
aaer,015,1976,286.5970639152104
aaer,015,1977,286.52621549050895
aaer,015,1978,286.6328289608097
aaer,015,1979,286.5448076542255
aaer,015,1980,286.5549952304151
aaer,015,1981,286.60924035401933
aaer,015,1982,286.64384352017447
aaer,015,1983,286.482559985978
aaer,015,1984,286.37543318585864
aaer,015,1985,286.4787099345008
aaer,015,1986,286.4999206867319
aaer,015,1987,286.4859303045793
aaer,015,1988,286.40258417127484
aaer,015,1989,286.7236506822335
aaer,015,1990,286.5537218042663
aaer,015,1991,286.4804208710957
aaer,015,1992,286.36791780252867
aaer,015,1993,286.32639472434056
aaer,015,1994,286.3211998346558
aaer,015,1995,286.44395539496804
aaer,015,1996,286.48599552122187
aaer,015,1997,286.3838990951811
aaer,015,1998,286.2957667975695
aaer,015,1999,286.2350860410804
aaer,015,2000,286.3652897920119
aaer,015,2001,286.46274614353985
aaer,015,2002,286.424550810395
aaer,015,2003,286.1436544764673
aaer,015,2004,286.3167756019215
aaer,015,2005,286.4325390246707
aaer,015,2006,286.31921633827477
aaer,015,2007,286.3342824679112
aaer,015,2008,286.4415418555421
aaer,015,2009,286.2211672010256
aaer,015,2010,286.18034458675635
aaer,015,2011,286.3101619581625
aaer,015,2012,286.2843283274028
aaer,015,2013,286.3033653751571
aaer,015,2014,286.28534583952165
aaer,015,2015,286.323197294757
aaer,015,2016,286.4026293212652
aaer,015,2017,286.3103365429705
aaer,015,2018,286.0410399698894
aaer,015,2019,286.17037387832244
aaer,015,2020,286.3700583078581
aaer,015,2021,286.5620127358313
aaer,015,2022,286.639922806681
aaer,015,2023,286.4186217846121
aaer,015,2024,286.3644781150581
aaer,015,2025,286.3569195021426
aaer,015,2026,286.3835795376777
aaer,015,2027,286.5207789607278
aaer,015,2028,286.54369424104505
aaer,015,2029,286.5759852121737
aaer,015,2030,286.67853650971216
aaer,015,2031,286.44476370197367
aaer,015,2032,286.3173147590606
aaer,015,2033,286.14383463488196
aaer,015,2034,286.1778215952944
aaer,015,2035,286.2331908787835
aaer,015,2036,286.27265551916383
aaer,015,2037,286.36937025417785
aaer,015,2038,286.3472464012581
aaer,015,2039,286.404310238719
aaer,015,2040,286.4747887429592
aaer,015,2041,286.5470805854627
aaer,015,2042,286.6057625574416
aaer,015,2043,286.31739748845104
aaer,015,2044,286.40856500123886
aaer,015,2045,286.4527829152829
aaer,015,2046,286.24254555913393
aaer,015,2047,286.342097342426
aaer,015,2048,286.47029263455244
aaer,015,2049,286.45867179100736
aaer,015,2050,286.4717955074699
aaer,016,1850,287.41331245856713
aaer,016,1851,287.2701734272833
aaer,016,1852,287.4112184352332
aaer,016,1853,287.38488451744905
aaer,016,1854,287.2610714411695
aaer,016,1855,287.35168884306927
aaer,016,1856,287.39043969268573
aaer,016,1857,287.2370420420262
aaer,016,1858,287.107640499128
aaer,016,1859,287.2388521136843
aaer,016,1860,287.2450720052031
aaer,016,1861,287.10395515381765
aaer,016,1862,287.11548958598445
aaer,016,1863,287.1171535319504
aaer,016,1864,287.1655311863093
aaer,016,1865,287.09761372160176
aaer,016,1866,287.1895531457839
aaer,016,1867,287.2265610811493
aaer,016,1868,287.2222389443243
aaer,016,1869,287.3276455014912
aaer,016,1870,287.1937318714032
aaer,016,1871,287.2908658190002
aaer,016,1872,287.3577955885138
aaer,016,1873,287.2435444759261
aaer,016,1874,287.19920617565384
aaer,016,1875,287.19064706331136
aaer,016,1876,287.2433867727105
aaer,016,1877,287.38456331361465
aaer,016,1878,287.25306312795544
aaer,016,1879,287.3411022282328
aaer,016,1880,287.46946665228967
aaer,016,1881,287.37625874817724
aaer,016,1882,287.3254165254978
aaer,016,1883,287.2642810054092
aaer,016,1884,287.139745719585
aaer,016,1885,286.92670749153086
aaer,016,1886,286.9893178340501
aaer,016,1887,287.1172741556237
aaer,016,1888,287.11791283739745
aaer,016,1889,287.06725616689573
aaer,016,1890,287.1862811092917
aaer,016,1891,287.306402239876
aaer,016,1892,287.1439617057468
aaer,016,1893,287.23504308114383
aaer,016,1894,287.3294476567019
aaer,016,1895,287.0564437114304
aaer,016,1896,287.1755452527793
aaer,016,1897,287.12120507578
aaer,016,1898,287.2477980621694
aaer,016,1899,287.28985737812667
aaer,016,1900,287.30786368988475
aaer,016,1901,287.10948725411805
aaer,016,1902,287.0214745991327
aaer,016,1903,286.97424464139146
aaer,016,1904,287.00583101066564
aaer,016,1905,287.11949995823005
aaer,016,1906,287.12053508729593
aaer,016,1907,287.1860483498071
aaer,016,1908,287.1404211221396
aaer,016,1909,287.1302521902382
aaer,016,1910,287.09032747789695
aaer,016,1911,287.08569160300425
aaer,016,1912,287.12352148969546
aaer,016,1913,287.1773757189119
aaer,016,1914,287.0528162157209
aaer,016,1915,287.0483757677295
aaer,016,1916,286.9458732416056
aaer,016,1917,286.9119559873329
aaer,016,1918,287.00562252100065
aaer,016,1919,287.05042280091374
aaer,016,1920,286.8985351022528
aaer,016,1921,286.94280581642937
aaer,016,1922,287.1281402646074
aaer,016,1923,287.24826206071134
aaer,016,1924,287.1744920962016
aaer,016,1925,287.1197337493889
aaer,016,1926,287.21586493627024
aaer,016,1927,287.20835606111467
aaer,016,1928,287.15196898669734
aaer,016,1929,286.90168718826004
aaer,016,1930,286.883921311081
aaer,016,1931,287.1928456078368
aaer,016,1932,287.22961253970396
aaer,016,1933,286.8742938231119
aaer,016,1934,286.75836903195096
aaer,016,1935,286.8649172001021
aaer,016,1936,286.91474453196184
aaer,016,1937,287.0347084731149
aaer,016,1938,286.9203202237988
aaer,016,1939,286.8736469163872
aaer,016,1940,286.9537243984365
aaer,016,1941,287.0137649392567
aaer,016,1942,286.9059498478385
aaer,016,1943,287.0465201384728
aaer,016,1944,287.0929114509575
aaer,016,1945,286.8971460176543
aaer,016,1946,286.8518536867668
aaer,016,1947,286.9061207067157
aaer,016,1948,287.0133881960195
aaer,016,1949,287.1099957653484
aaer,016,1950,286.8782352258124
aaer,016,1951,287.0264552135378
aaer,016,1952,287.095640502473
aaer,016,1953,286.9281475395179
aaer,016,1954,286.86890052187925
aaer,016,1955,287.00961830664613
aaer,016,1956,286.8643040805121
aaer,016,1957,286.68217126499536
aaer,016,1958,286.7333271906183
aaer,016,1959,286.8912737248247
aaer,016,1960,286.8561742340978
aaer,016,1961,286.9331312189518
aaer,016,1962,286.93219825060635
aaer,016,1963,286.84924516066087
aaer,016,1964,286.8206993829847
aaer,016,1965,286.65506936844395
aaer,016,1966,286.60193504866425
aaer,016,1967,286.85054502552765
aaer,016,1968,286.9451779423248
aaer,016,1969,286.7219484143444
aaer,016,1970,286.7579202396947
aaer,016,1971,286.9508976941163
aaer,016,1972,286.60457441306613
aaer,016,1973,286.5097372306845
aaer,016,1974,286.51438114760407
aaer,016,1975,286.6161786927738
aaer,016,1976,286.6218596979211
aaer,016,1977,286.6738154459322
aaer,016,1978,286.6542474700017
aaer,016,1979,286.6790712305082
aaer,016,1980,286.87075031831284
aaer,016,1981,286.5747979378811
aaer,016,1982,286.5195511428687
aaer,016,1983,286.5639951017556
aaer,016,1984,286.4872669716769
aaer,016,1985,286.4166310865143
aaer,016,1986,286.38711759249816
aaer,016,1987,286.52985510624916
aaer,016,1988,286.509118605579
aaer,016,1989,286.39982377127524
aaer,016,1990,286.3841260308902
aaer,016,1991,286.45832084917924
aaer,016,1992,286.38647455918226
aaer,016,1993,286.28995551898265
aaer,016,1994,286.3894976354089
aaer,016,1995,286.44837480296593
aaer,016,1996,286.37221660301867
aaer,016,1997,286.3367405805171
aaer,016,1998,286.4286929087367
aaer,016,1999,286.39678332670553
aaer,016,2000,286.376528837536
aaer,016,2001,286.2218432508648
aaer,016,2002,286.33460512271034
aaer,016,2003,286.34806623850665
aaer,016,2004,286.22355984213243
aaer,016,2005,286.25412364078426
aaer,016,2006,286.4018929382449
aaer,016,2007,286.6040193192819
aaer,016,2008,286.3991268827937
aaer,016,2009,286.4902559542772
aaer,016,2010,286.34863983170817
aaer,016,2011,286.28994899644954
aaer,016,2012,286.299995238032
aaer,016,2013,286.36435912786277
aaer,016,2014,286.40044808258807
aaer,016,2015,286.227393470656
aaer,016,2016,286.25855346643635
aaer,016,2017,286.36945514016594
aaer,016,2018,286.3968361660561
aaer,016,2019,286.2854084009417
aaer,016,2020,286.3861678882102
aaer,016,2021,286.4840676238916
aaer,016,2022,286.60829989278824
aaer,016,2023,286.4174248653554
aaer,016,2024,286.3237074333201
aaer,016,2025,286.49077972859
aaer,016,2026,286.6950941417267
aaer,016,2027,286.614928867468
aaer,016,2028,286.5548617320672
aaer,016,2029,286.4578698023589
aaer,016,2030,286.285801993452
aaer,016,2031,286.2369263086223
aaer,016,2032,286.2690689732578
aaer,016,2033,286.24095774800253
aaer,016,2034,286.20066482235376
aaer,016,2035,286.1826862649967
aaer,016,2036,286.2490883266275
aaer,016,2037,286.30269923236614
aaer,016,2038,286.58318329299954
aaer,016,2039,286.6813650731625
aaer,016,2040,286.47317269147135
aaer,016,2041,286.28370248072565
aaer,016,2042,286.3744686295807
aaer,016,2043,286.4451846336539
aaer,016,2044,286.41219055733245
aaer,016,2045,286.39688454536815
aaer,016,2046,286.2668471500827
aaer,016,2047,286.32529263786773
aaer,016,2048,286.5140463132538
aaer,016,2049,286.3041265347274
aaer,016,2050,286.27465980846296
aaer,017,1850,287.37177195387824
aaer,017,1851,287.3642338568609
aaer,017,1852,287.286851245932
aaer,017,1853,287.17103387741304
aaer,017,1854,287.05629721215854
aaer,017,1855,287.11069761527847
aaer,017,1856,287.2377908880184
aaer,017,1857,287.2361956371343
aaer,017,1858,287.1248513126983
aaer,017,1859,287.1494076396488
aaer,017,1860,287.19039835627564
aaer,017,1861,287.3072859755981
aaer,017,1862,287.2314885636681
aaer,017,1863,287.28963591497313
aaer,017,1864,287.33301808618745
aaer,017,1865,287.3068554436109
aaer,017,1866,287.173441786226
aaer,017,1867,287.2517614487916
aaer,017,1868,287.26470728924875
aaer,017,1869,287.17251382130627
aaer,017,1870,287.0991362018095
aaer,017,1871,287.1556707647952
aaer,017,1872,287.2703855212459
aaer,017,1873,287.17856137882694
aaer,017,1874,287.0041311037942
aaer,017,1875,287.0152888940713
aaer,017,1876,287.05986847888977
aaer,017,1877,287.0565100695828
aaer,017,1878,287.14345513170326
aaer,017,1879,287.0665376009757
aaer,017,1880,287.031148138756
aaer,017,1881,287.2621531789752
aaer,017,1882,287.10171097476905
aaer,017,1883,287.09374542473427
aaer,017,1884,287.0413983628969
aaer,017,1885,286.99464322248275
aaer,017,1886,287.1140814610964
aaer,017,1887,287.15781866689196
aaer,017,1888,287.0515356674114
aaer,017,1889,286.97912904909924
aaer,017,1890,287.08151730151326
aaer,017,1891,286.95850127297285
aaer,017,1892,287.0684785525947
aaer,017,1893,287.1670982155699
aaer,017,1894,287.2271968822682
aaer,017,1895,287.02791091748264
aaer,017,1896,287.02469903978835
aaer,017,1897,287.111533695496
aaer,017,1898,286.92928690276665
aaer,017,1899,286.8565513766952
aaer,017,1900,287.02645505131227
aaer,017,1901,287.1719861677444
aaer,017,1902,286.9836127187969
aaer,017,1903,286.9884983615365
aaer,017,1904,287.2423632557201
aaer,017,1905,287.0937559872725
aaer,017,1906,286.8964816112688
aaer,017,1907,286.99326425197563
aaer,017,1908,286.82351601293016
aaer,017,1909,287.0474772347642
aaer,017,1910,287.05372821438067
aaer,017,1911,286.924823677298
aaer,017,1912,287.07816670564625
aaer,017,1913,286.9714705016694
aaer,017,1914,286.97137172101674
aaer,017,1915,286.97275210920344
aaer,017,1916,287.0943180989417
aaer,017,1917,287.03917064233696
aaer,017,1918,286.9777361453721
aaer,017,1919,287.03903998171216
aaer,017,1920,287.01176873075786
aaer,017,1921,286.80319389223155
aaer,017,1922,286.8966062140933
aaer,017,1923,286.8848677433946
aaer,017,1924,287.07941999088536
aaer,017,1925,287.1054746038499
aaer,017,1926,287.22979508748796
aaer,017,1927,286.95462143181345
aaer,017,1928,287.02551823462846
aaer,017,1929,286.9455869758578
aaer,017,1930,286.9158574752066
aaer,017,1931,287.05922696103056
aaer,017,1932,287.0603290737625
aaer,017,1933,287.0405587035448
aaer,017,1934,287.25320920647005
aaer,017,1935,287.0614458641588
aaer,017,1936,286.7916018502775
aaer,017,1937,287.0312974382649
aaer,017,1938,287.0802984238403
aaer,017,1939,287.0038391881775
aaer,017,1940,286.85065573235266
aaer,017,1941,287.007337334031
aaer,017,1942,286.8056431848594
aaer,017,1943,286.7761228421783
aaer,017,1944,286.86345559151385
aaer,017,1945,286.9461793764582
aaer,017,1946,286.9042957520135
aaer,017,1947,286.9738763922463
aaer,017,1948,286.9911688623585
aaer,017,1949,286.9115108565499
aaer,017,1950,286.8114862116475
aaer,017,1951,286.90205156412225
aaer,017,1952,287.0418932887278
aaer,017,1953,286.9281023212427
aaer,017,1954,287.0037713246001
aaer,017,1955,286.71435127517407
aaer,017,1956,286.7467583344932
aaer,017,1957,286.7780374542316
aaer,017,1958,286.85278679524583
aaer,017,1959,286.8245187810458
aaer,017,1960,286.80355998565045
aaer,017,1961,286.9477344411566
aaer,017,1962,286.95048211267647
aaer,017,1963,286.60202224437285
aaer,017,1964,286.6931131789095
aaer,017,1965,286.6938996745119
aaer,017,1966,286.6689103593624
aaer,017,1967,286.8958861473272
aaer,017,1968,286.8160805099298
aaer,017,1969,286.6719449416856
aaer,017,1970,286.7863248840698
aaer,017,1971,286.8166508978081
aaer,017,1972,286.624751562956
aaer,017,1973,286.63875369927837
aaer,017,1974,286.54218033960217
aaer,017,1975,286.4790328114116
aaer,017,1976,286.60477292331655
aaer,017,1977,286.57168630625955
aaer,017,1978,286.5644973511368
aaer,017,1979,286.62398527450387
aaer,017,1980,286.8729842986357
aaer,017,1981,286.7974615356529
aaer,017,1982,286.52683798203077
aaer,017,1983,286.5902219488046
aaer,017,1984,286.4618244801644
aaer,017,1985,286.3430611111314
aaer,017,1986,286.41023195111575
aaer,017,1987,286.4557224789871
aaer,017,1988,286.287419130742
aaer,017,1989,286.25961094165893
aaer,017,1990,286.421466760431
aaer,017,1991,286.73398734856636
aaer,017,1992,286.76178251618796
aaer,017,1993,286.4048436101584
aaer,017,1994,286.4171882973477
aaer,017,1995,286.4849543616331
aaer,017,1996,286.5385115187012
aaer,017,1997,286.35374966809707
aaer,017,1998,286.4043849225242
aaer,017,1999,286.3926106886465
aaer,017,2000,286.3066436398499
aaer,017,2001,286.3614085393054
aaer,017,2002,286.33069570571513
aaer,017,2003,286.36049856634304
aaer,017,2004,286.59040164869884
aaer,017,2005,286.5794604355147
aaer,017,2006,286.34647081582835
aaer,017,2007,286.5381420933613
aaer,017,2008,286.4915378815027
aaer,017,2009,286.41703236766733
aaer,017,2010,286.5590054037078
aaer,017,2011,286.37795139227654
aaer,017,2012,286.40307437776573
aaer,017,2013,286.57387865211837
aaer,017,2014,286.53022145722895
aaer,017,2015,286.49943716439054
aaer,017,2016,286.4367270064455
aaer,017,2017,286.4807513442956
aaer,017,2018,286.50609738734823
aaer,017,2019,286.2833006470856
aaer,017,2020,286.13610121428275
aaer,017,2021,286.1748510662748
aaer,017,2022,286.1813111917779
aaer,017,2023,286.27344049304776
aaer,017,2024,286.39281130782865
aaer,017,2025,286.35963798175874
aaer,017,2026,286.25443780222
aaer,017,2027,286.4251375962901
aaer,017,2028,286.6064575959032
aaer,017,2029,286.49668557041906
aaer,017,2030,286.2604424177149
aaer,017,2031,286.2725847402937
aaer,017,2032,286.32045102232223
aaer,017,2033,286.2822820933477
aaer,017,2034,286.33036941528746
aaer,017,2035,286.32901909493836
aaer,017,2036,286.38402738983103
aaer,017,2037,286.2041708063262
aaer,017,2038,286.06930911102825
aaer,017,2039,285.9595913499975
aaer,017,2040,286.055999414883
aaer,017,2041,286.1127444526885
aaer,017,2042,286.3193139149143
aaer,017,2043,286.3634736988176
aaer,017,2044,286.4095736531659
aaer,017,2045,286.3387006830577
aaer,017,2046,286.26910467263804
aaer,017,2047,286.22206374403896
aaer,017,2048,286.21786133578894
aaer,017,2049,286.23385040040586
aaer,017,2050,286.24924986725784
aaer,018,1850,287.50383900669493
aaer,018,1851,287.51313189082396
aaer,018,1852,287.4898433693011
aaer,018,1853,287.20856450216775
aaer,018,1854,287.27307192694485
aaer,018,1855,287.2915314748775
aaer,018,1856,287.30998362800307
aaer,018,1857,287.13962421721953
aaer,018,1858,287.15740577439345
aaer,018,1859,286.9822732076751
aaer,018,1860,287.12772069005996
aaer,018,1861,287.2058940757193
aaer,018,1862,287.2762267089116
aaer,018,1863,287.1131861703447
aaer,018,1864,287.1676075467932
aaer,018,1865,287.3719840321685
aaer,018,1866,287.31987518808705
aaer,018,1867,287.3200995983209
aaer,018,1868,287.35398707912753
aaer,018,1869,287.2417415706691
aaer,018,1870,287.09263880352415
aaer,018,1871,287.2673234265891
aaer,018,1872,287.3522286968861
aaer,018,1873,287.29819516130476
aaer,018,1874,287.4658051735117
aaer,018,1875,287.3186204912937
aaer,018,1876,287.1500204754285
aaer,018,1877,287.08937537926647
aaer,018,1878,287.28971326041784
aaer,018,1879,287.2751404406841
aaer,018,1880,287.186911181507
aaer,018,1881,287.21706854023927
aaer,018,1882,287.12199435821543
aaer,018,1883,287.1488501086812
aaer,018,1884,287.2695285429235
aaer,018,1885,287.13208036232686
aaer,018,1886,287.1306587311032
aaer,018,1887,287.1930266578299
aaer,018,1888,286.978614399709
aaer,018,1889,287.02657986741787
aaer,018,1890,287.0182192723459
aaer,018,1891,287.00563131339646
aaer,018,1892,286.93653884994626
aaer,018,1893,287.0849352085875
aaer,018,1894,287.20064874575917
aaer,018,1895,287.12332053652534
aaer,018,1896,287.10362848588363
aaer,018,1897,286.8304291997292
aaer,018,1898,287.05542253429985
aaer,018,1899,287.12072128097213
aaer,018,1900,286.8953546891804
aaer,018,1901,286.8380592011505
aaer,018,1902,286.9345806229443
aaer,018,1903,286.91668618386257
aaer,018,1904,286.97014160287983
aaer,018,1905,287.07845849207666
aaer,018,1906,287.13106880458133
aaer,018,1907,287.0554389967299
aaer,018,1908,287.01514685841016
aaer,018,1909,286.9882557548315
aaer,018,1910,287.0277276332111
aaer,018,1911,286.8245119754302
aaer,018,1912,286.8747906939353
aaer,018,1913,286.8481799782724
aaer,018,1914,286.92709028453845
aaer,018,1915,286.920509629953
aaer,018,1916,286.8229242704972
aaer,018,1917,287.0968513341847
aaer,018,1918,287.1442790967927
aaer,018,1919,286.8978265814955
aaer,018,1920,286.8983002781533
aaer,018,1921,286.9823901141077
aaer,018,1922,287.05415036015575
aaer,018,1923,286.9083846579595
aaer,018,1924,287.1013460257272
aaer,018,1925,287.03342140068673
aaer,018,1926,286.9822306317604
aaer,018,1927,287.0216848039347
aaer,018,1928,287.02185400513713
aaer,018,1929,286.911506190645
aaer,018,1930,286.99893636608266
aaer,018,1931,287.0193564820437
aaer,018,1932,287.08184915916405
aaer,018,1933,287.06656878688534
aaer,018,1934,287.0432786420963
aaer,018,1935,287.06079387693165
aaer,018,1936,286.93385334301183
aaer,018,1937,286.9482244020724
aaer,018,1938,286.9446858895708
aaer,018,1939,286.90397203812887
aaer,018,1940,286.95506759948273
aaer,018,1941,286.96950611108514
aaer,018,1942,286.9951159476991
aaer,018,1943,287.1778729657531
aaer,018,1944,287.0063854212045
aaer,018,1945,286.8975575118683
aaer,018,1946,286.96081066405264
aaer,018,1947,287.0029898995823
aaer,018,1948,287.11887390412085
aaer,018,1949,286.8411608472184
aaer,018,1950,286.93989844303786
aaer,018,1951,286.95195284317055
aaer,018,1952,286.94859222837573
aaer,018,1953,286.8379124668278
aaer,018,1954,286.86229862843106
aaer,018,1955,286.94222524826523
aaer,018,1956,287.00552300788723
aaer,018,1957,287.0493300791842
aaer,018,1958,287.0061557744035
aaer,018,1959,286.7683785712332
aaer,018,1960,286.68661398737
aaer,018,1961,286.80790014347986
aaer,018,1962,286.89149066566694
aaer,018,1963,286.95987608008676
aaer,018,1964,286.7995702284316
aaer,018,1965,286.6541567525933
aaer,018,1966,286.7373980336166
aaer,018,1967,286.70289461431565
aaer,018,1968,286.52410606094526
aaer,018,1969,286.6660695150416
aaer,018,1970,286.756733461989
aaer,018,1971,286.6346203489696
aaer,018,1972,286.59595351267814
aaer,018,1973,286.61149329602335
aaer,018,1974,286.63357705155164
aaer,018,1975,286.71134142004087
aaer,018,1976,286.6121857079118
aaer,018,1977,286.58362771333174
aaer,018,1978,286.7539075869658
aaer,018,1979,286.68963373945064
aaer,018,1980,286.5122616533568
aaer,018,1981,286.6183550293636
aaer,018,1982,286.69077813806564
aaer,018,1983,286.4328866485878
aaer,018,1984,286.51288289381995
aaer,018,1985,286.38510470479963
aaer,018,1986,286.3929197046582
aaer,018,1987,286.40684180018604
aaer,018,1988,286.37945471487086
aaer,018,1989,286.4094875661805
aaer,018,1990,286.54729699966464
aaer,018,1991,286.6458494236578
aaer,018,1992,286.6665514611723
aaer,018,1993,286.6279151115369
aaer,018,1994,286.7708816643791
aaer,018,1995,286.65079303723536
aaer,018,1996,286.51650716688823
aaer,018,1997,286.4938476101312
aaer,018,1998,286.6047753290686
aaer,018,1999,286.72219536351685
aaer,018,2000,286.7996829713387
aaer,018,2001,286.7786684293557
aaer,018,2002,286.5306619774622
aaer,018,2003,286.5571873818801
aaer,018,2004,286.63660661338145
aaer,018,2005,286.6175751339039
aaer,018,2006,286.6701556677895
aaer,018,2007,286.6311691352189
aaer,018,2008,286.5257873909614
aaer,018,2009,286.53388170039295
aaer,018,2010,286.6792478394214
aaer,018,2011,286.64559999688646
aaer,018,2012,286.48062503251776
aaer,018,2013,286.4750941431439
aaer,018,2014,286.5454327553898
aaer,018,2015,286.378476981995
aaer,018,2016,286.4049985094405
aaer,018,2017,286.51303148403895
aaer,018,2018,286.6297558615423
aaer,018,2019,286.4751596850416
aaer,018,2020,286.5782410189895
aaer,018,2021,286.6200612330562
aaer,018,2022,286.4489715193757
aaer,018,2023,286.2345072244136
aaer,018,2024,286.2911554133998
aaer,018,2025,286.40825965202134
aaer,018,2026,286.4795030828964
aaer,018,2027,286.44643977837984
aaer,018,2028,286.4893445328687
aaer,018,2029,286.54501416845875
aaer,018,2030,286.3213140276668
aaer,018,2031,286.42205245390346
aaer,018,2032,286.3902087635253
aaer,018,2033,286.20774536538784
aaer,018,2034,286.0672621191293
aaer,018,2035,286.2689714153241
aaer,018,2036,286.31327364772864
aaer,018,2037,286.2263859418713
aaer,018,2038,286.3022453989569
aaer,018,2039,286.2097645491407
aaer,018,2040,286.20168053461566
aaer,018,2041,286.46253022127087
aaer,018,2042,286.4712999229744
aaer,018,2043,286.1484223250536
aaer,018,2044,286.16650189059806
aaer,018,2045,286.06000294619247
aaer,018,2046,286.1231443636337
aaer,018,2047,286.3071945183778
aaer,018,2048,286.172942808262
aaer,018,2049,286.11876008680986
aaer,018,2050,286.24604772407207
aaer,019,1850,287.52030165229706
aaer,019,1851,287.3445969500587
aaer,019,1852,287.3337662949538
aaer,019,1853,287.3341963231966
aaer,019,1854,287.1509019141686
aaer,019,1855,287.26317395097686
aaer,019,1856,287.23163458945425
aaer,019,1857,287.29248679905265
aaer,019,1858,287.433780902859
aaer,019,1859,287.21889060940316
aaer,019,1860,287.16614069816876
aaer,019,1861,287.4141924394376
aaer,019,1862,287.14465897221
aaer,019,1863,287.1522325951458
aaer,019,1864,287.1969189092618
aaer,019,1865,287.2056118918228
aaer,019,1866,287.1312186598212
aaer,019,1867,287.09920483527486
aaer,019,1868,287.08442601123215
aaer,019,1869,287.1496133599824
aaer,019,1870,287.05310398717216
aaer,019,1871,287.29461384484244
aaer,019,1872,287.3539442181139
aaer,019,1873,287.0839704356799
aaer,019,1874,287.10408981434034
aaer,019,1875,287.05562093634273
aaer,019,1876,287.0588494679551
aaer,019,1877,287.1656163670329
aaer,019,1878,287.2892044772851
aaer,019,1879,287.3528962881533
aaer,019,1880,287.26793043018927
aaer,019,1881,287.5062231055633
aaer,019,1882,287.3597994472896
aaer,019,1883,287.07513088900396
aaer,019,1884,287.1048948449973
aaer,019,1885,287.3323326652733
aaer,019,1886,287.21130657756623
aaer,019,1887,287.18233649614564
aaer,019,1888,287.16676698027703
aaer,019,1889,287.2814441371605
aaer,019,1890,287.24261559459626
aaer,019,1891,287.4174482183111
aaer,019,1892,287.2159107863368
aaer,019,1893,287.2965673753307
aaer,019,1894,287.3310147336506
aaer,019,1895,287.1202808230435
aaer,019,1896,287.19000589474194
aaer,019,1897,287.1436483255806
aaer,019,1898,287.2324751241887
aaer,019,1899,287.32107442350184
aaer,019,1900,287.45774522145285
aaer,019,1901,287.2784398795431
aaer,019,1902,287.01079589304703
aaer,019,1903,287.05786432668725
aaer,019,1904,287.2221232742555
aaer,019,1905,287.317142983108
aaer,019,1906,287.43104982116824
aaer,019,1907,287.2742012736794
aaer,019,1908,287.0576862734679
aaer,019,1909,287.0782444024826
aaer,019,1910,287.23816582349997
aaer,019,1911,286.96226818225745
aaer,019,1912,286.8410654455611
aaer,019,1913,286.90231776627286
aaer,019,1914,287.04646996473707
aaer,019,1915,287.0362612416408
aaer,019,1916,286.88860490342097
aaer,019,1917,286.963886628761
aaer,019,1918,287.14551211854166
aaer,019,1919,287.2917361858209
aaer,019,1920,287.1194716565895
aaer,019,1921,287.21269786990007
aaer,019,1922,287.19542659167274
aaer,019,1923,287.2197714725797
aaer,019,1924,287.27820099368427
aaer,019,1925,287.02078485689344
aaer,019,1926,287.0434424674074
aaer,019,1927,286.88305838136296
aaer,019,1928,286.93824931344176
aaer,019,1929,287.02759660812336
aaer,019,1930,286.963928831284
aaer,019,1931,286.64029678215803
aaer,019,1932,286.75597571717856
aaer,019,1933,286.9352157104442
aaer,019,1934,286.9871664332263
aaer,019,1935,286.9865005066885
aaer,019,1936,286.95070233847935
aaer,019,1937,286.9018986096588
aaer,019,1938,286.97643398427977
aaer,019,1939,286.8453829031451
aaer,019,1940,286.8479441355598
aaer,019,1941,286.8577634797874
aaer,019,1942,286.9823639968348
aaer,019,1943,287.06515502106214
aaer,019,1944,286.8954787236736
aaer,019,1945,286.8516033252098
aaer,019,1946,286.7658114039519
aaer,019,1947,286.87742688257373
aaer,019,1948,286.84895847045107
aaer,019,1949,286.8240944505964
aaer,019,1950,286.7362088695206
aaer,019,1951,286.8203231273752
aaer,019,1952,286.862971083617
aaer,019,1953,286.8035945780867
aaer,019,1954,286.91845094567844
aaer,019,1955,286.7631475410502
aaer,019,1956,286.84367755000534
aaer,019,1957,287.1178089986409
aaer,019,1958,286.9025644399856
aaer,019,1959,286.8100291408388
aaer,019,1960,286.922304770674
aaer,019,1961,286.83434523226566
aaer,019,1962,286.748425995293
aaer,019,1963,286.6503101273417
aaer,019,1964,286.62752078864736
aaer,019,1965,286.73677374474306
aaer,019,1966,286.7893883573428
aaer,019,1967,286.75029549086133
aaer,019,1968,286.4959625069519
aaer,019,1969,286.7715472871528
aaer,019,1970,286.74378457653364
aaer,019,1971,286.7528830561245
aaer,019,1972,286.68824459708634
aaer,019,1973,286.70872886052234
aaer,019,1974,286.6628309062606
aaer,019,1975,286.6896263575126
aaer,019,1976,286.6980504394702
aaer,019,1977,286.5926817181976
aaer,019,1978,286.6958980198059
aaer,019,1979,286.82052339311815
aaer,019,1980,286.4935581407579
aaer,019,1981,286.3570196252068
aaer,019,1982,286.5000467314758
aaer,019,1983,286.669697897104
aaer,019,1984,286.5811913179573
aaer,019,1985,286.45701747612435
aaer,019,1986,286.4993204558487
aaer,019,1987,286.5077776100253
aaer,019,1988,286.51455728206724
aaer,019,1989,286.6664583949029
aaer,019,1990,286.5575146844357
aaer,019,1991,286.62555588600287
aaer,019,1992,286.76368471671145
aaer,019,1993,286.4406545528036
aaer,019,1994,286.38796486334877
aaer,019,1995,286.4280745020318
aaer,019,1996,286.41982320845
aaer,019,1997,286.4283869509718
aaer,019,1998,286.542436341375
aaer,019,1999,286.6082326281975
aaer,019,2000,286.386598499029
aaer,019,2001,286.3933352436684
aaer,019,2002,286.4661752171936
aaer,019,2003,286.51210600663
aaer,019,2004,286.5059673782761
aaer,019,2005,286.31866466294923
aaer,019,2006,286.40651075648486
aaer,019,2007,286.51722580135805
aaer,019,2008,286.4876522904107
aaer,019,2009,286.38530780901846
aaer,019,2010,286.3366917715901
aaer,019,2011,286.53315590423995
aaer,019,2012,286.28547087187474
aaer,019,2013,286.3210744951722
aaer,019,2014,286.3704261552547
aaer,019,2015,286.25793929708004
aaer,019,2016,286.37325260862076
aaer,019,2017,286.4497301528629
aaer,019,2018,286.35471497429154
aaer,019,2019,286.0218350697535
aaer,019,2020,286.12409460013254
aaer,019,2021,286.34901481045324
aaer,019,2022,286.5146769374
aaer,019,2023,286.3524829038822
aaer,019,2024,286.23596998629426
aaer,019,2025,286.4032905850168
aaer,019,2026,286.4614268157156
aaer,019,2027,286.51201376820603
aaer,019,2028,286.37822441873163
aaer,019,2029,286.51038316541883
aaer,019,2030,286.72247548690376
aaer,019,2031,286.79453399862933
aaer,019,2032,286.6671103187079
aaer,019,2033,286.54367088810466
aaer,019,2034,286.61074039707955
aaer,019,2035,286.5661450074149
aaer,019,2036,286.65112946212963
aaer,019,2037,286.7170463939404
aaer,019,2038,286.53996505580136
aaer,019,2039,286.4185564619494
aaer,019,2040,286.3504546187402
aaer,019,2041,286.34150257228407
aaer,019,2042,286.42777924480345
aaer,019,2043,286.6928728450787
aaer,019,2044,286.5250005728681
aaer,019,2045,286.3751816444122
aaer,019,2046,286.3620891163443
aaer,019,2047,286.4723156044541
aaer,019,2048,286.42668987732065
aaer,019,2049,286.515746509009
aaer,019,2050,286.69685765827245
aaer,020,1850,287.3851444398078
aaer,020,1851,287.02009735259264
aaer,020,1852,287.07611551222755
aaer,020,1853,287.14873770521035
aaer,020,1854,287.2512448989654
aaer,020,1855,287.1438254506022
aaer,020,1856,287.26392466457156
aaer,020,1857,287.29830089817483
aaer,020,1858,287.22052048089677
aaer,020,1859,287.1131462664665
aaer,020,1860,287.1554734272019
aaer,020,1861,287.20384620917577
aaer,020,1862,287.2396884660182
aaer,020,1863,287.3449275123261
aaer,020,1864,287.2671744840939
aaer,020,1865,287.25161491255636
aaer,020,1866,287.2490933992762
aaer,020,1867,287.07913473361504
aaer,020,1868,287.07802943796327
aaer,020,1869,287.12829067457545
aaer,020,1870,287.4351108896361
aaer,020,1871,287.3801951602539
aaer,020,1872,287.1713406989713
aaer,020,1873,287.2932991044124
aaer,020,1874,287.09695091535184
aaer,020,1875,287.2196800343743
aaer,020,1876,287.2371253750163
aaer,020,1877,287.17686891350604
aaer,020,1878,287.1777131496877
aaer,020,1879,287.0562201773752
aaer,020,1880,287.13985695157913
aaer,020,1881,287.1571423701275
aaer,020,1882,287.13854985909575
aaer,020,1883,287.1938681803938
aaer,020,1884,287.1842020555789
aaer,020,1885,287.2384767043174
aaer,020,1886,287.1776047635065
aaer,020,1887,287.0276482446945
aaer,020,1888,287.0928974050254
aaer,020,1889,287.1589133223972
aaer,020,1890,287.052601900533
aaer,020,1891,287.1432079226077
aaer,020,1892,287.2162530282946
aaer,020,1893,287.2022430670655
aaer,020,1894,286.91266876334316
aaer,020,1895,287.0427639564331
aaer,020,1896,287.2215599446116
aaer,020,1897,287.177999440913
aaer,020,1898,286.9965509096287
aaer,020,1899,287.0128569273678
aaer,020,1900,287.0759741081878
aaer,020,1901,287.1992976339806
aaer,020,1902,287.09439736786004
aaer,020,1903,287.0000738766793
aaer,020,1904,286.94587265293393
aaer,020,1905,287.1910115640979
aaer,020,1906,286.9647851094442
aaer,020,1907,286.9998377636121
aaer,020,1908,287.0692063786198
aaer,020,1909,287.0566882762997
aaer,020,1910,286.96180193648695
aaer,020,1911,286.90524872911783
aaer,020,1912,287.0394537142681
aaer,020,1913,286.84281537973146
aaer,020,1914,286.8545610341813
aaer,020,1915,286.8002623996757
aaer,020,1916,286.9408779628306
aaer,020,1917,287.0611150603224
aaer,020,1918,286.8631892549348
aaer,020,1919,286.9515072745783
aaer,020,1920,287.19158722705356
aaer,020,1921,287.09518089079
aaer,020,1922,286.90407930027936
aaer,020,1923,286.92956770827885
aaer,020,1924,286.97657476404504
aaer,020,1925,287.02984245203766
aaer,020,1926,286.9974407008225
aaer,020,1927,287.2004587411521
aaer,020,1928,287.3108227702475
aaer,020,1929,287.07204255244477
aaer,020,1930,287.03494475486934
aaer,020,1931,287.01490275175365
aaer,020,1932,286.99280625911825
aaer,020,1933,286.9841211515876
aaer,020,1934,286.9534087833331
aaer,020,1935,287.0207416868464
aaer,020,1936,287.1108623724808
aaer,020,1937,287.0849324154839
aaer,020,1938,287.07304710354344
aaer,020,1939,286.8332418943167
aaer,020,1940,286.8418281759984
aaer,020,1941,286.93063158460654
aaer,020,1942,286.96899591122985
aaer,020,1943,287.0156102509845
aaer,020,1944,287.1365718766525
aaer,020,1945,287.1632514890175
aaer,020,1946,287.0770496985677
aaer,020,1947,287.1659921493507
aaer,020,1948,287.0549869300214
aaer,020,1949,286.95060731622186
aaer,020,1950,286.9693860171988
aaer,020,1951,286.83727379541284
aaer,020,1952,286.9623541024851
aaer,020,1953,287.00115344590955
aaer,020,1954,286.86482046719624
aaer,020,1955,286.9844709222244
aaer,020,1956,287.00285270904953
aaer,020,1957,286.96894737514145
aaer,020,1958,286.99695413026194
aaer,020,1959,286.904139457313
aaer,020,1960,286.7310768052991
aaer,020,1961,286.80842760215734
aaer,020,1962,286.8479015732748
aaer,020,1963,286.7951868350121
aaer,020,1964,286.74930998676814
aaer,020,1965,286.8051079466162
aaer,020,1966,286.75419348207413
aaer,020,1967,286.7232597642674
aaer,020,1968,286.6716543197456
aaer,020,1969,286.59870008834514
aaer,020,1970,286.56192055577344
aaer,020,1971,286.5871371484027
aaer,020,1972,286.51484485448975
aaer,020,1973,286.5017920616023
aaer,020,1974,286.29736911833123
aaer,020,1975,286.3687459672364
aaer,020,1976,286.49691837292795
aaer,020,1977,286.5685455669135
aaer,020,1978,286.5382238956177
aaer,020,1979,286.6321867732606
aaer,020,1980,286.4711118531553
aaer,020,1981,286.4312393775341
aaer,020,1982,286.2267751322697
aaer,020,1983,286.14544370447925
aaer,020,1984,286.32065725624824
aaer,020,1985,286.26995607073235
aaer,020,1986,286.31856702859886
aaer,020,1987,286.2021753494821
aaer,020,1988,286.34625408811877
aaer,020,1989,286.3758355738057
aaer,020,1990,286.2870350800585
aaer,020,1991,286.3249096081121
aaer,020,1992,286.3545952830684
aaer,020,1993,286.3139152551578
aaer,020,1994,286.2581531743288
aaer,020,1995,286.3384867368579
aaer,020,1996,286.4396507664103
aaer,020,1997,286.3559290954214
aaer,020,1998,286.3715400260453
aaer,020,1999,286.4934518262941
aaer,020,2000,286.62053758262806
aaer,020,2001,286.6450330070099
aaer,020,2002,286.5507651748541
aaer,020,2003,286.5270269296846
aaer,020,2004,286.3755106559364
aaer,020,2005,286.25662893356923
aaer,020,2006,286.3065285149531
aaer,020,2007,286.3899206494055
aaer,020,2008,286.3944944712553
aaer,020,2009,286.41437906676873
aaer,020,2010,286.38173728394867
aaer,020,2011,286.11080760218243
aaer,020,2012,286.220729330535
aaer,020,2013,286.6153685540091
aaer,020,2014,286.70476031542415
aaer,020,2015,286.6936027764836
aaer,020,2016,286.7265005470225
aaer,020,2017,286.6013514282656
aaer,020,2018,286.6242240127817
aaer,020,2019,286.3984999704183
aaer,020,2020,286.3755892474068
aaer,020,2021,286.3245985942246
aaer,020,2022,286.29899716203545
aaer,020,2023,286.246766935527
aaer,020,2024,286.2509096255954
aaer,020,2025,286.2221584911053
aaer,020,2026,286.21654519606705
aaer,020,2027,286.2403292347791
aaer,020,2028,286.3186068135727
aaer,020,2029,286.38665018352975
aaer,020,2030,286.3587831905997
aaer,020,2031,286.2484692768309
aaer,020,2032,286.19475522173406
aaer,020,2033,286.40179772865423
aaer,020,2034,286.35274308317616
aaer,020,2035,286.4978723646118
aaer,020,2036,286.4529609552703
aaer,020,2037,286.41828151610264
aaer,020,2038,286.43627819182
aaer,020,2039,286.51625406862496
aaer,020,2040,286.46449154460174
aaer,020,2041,286.43383066573494
aaer,020,2042,286.32322253027246
aaer,020,2043,286.337834344849
aaer,020,2044,286.34273602454897
aaer,020,2045,286.4301220368574
aaer,020,2046,286.2904694035095
aaer,020,2047,286.3314243699464
aaer,020,2048,286.2618938681112
aaer,020,2049,286.4255842250491
aaer,020,2050,286.25156729136273
ghg,010,1850,287.4713720713727
ghg,010,1851,287.26926731173563
ghg,010,1852,287.16618556928114
ghg,010,1853,287.3288712921304
ghg,010,1854,287.3703247295771
ghg,010,1855,287.5029623658568
ghg,010,1856,287.27922603886225
ghg,010,1857,287.0673536885684
ghg,010,1858,287.0611647431053
ghg,010,1859,287.05122670373567
ghg,010,1860,287.34026819286566
ghg,010,1861,287.3176264051169
ghg,010,1862,287.05028514600355
ghg,010,1863,287.1332062933439
ghg,010,1864,287.15256255695374
ghg,010,1865,287.11777825294564
ghg,010,1866,287.1655571704692
ghg,010,1867,287.18413858848027
ghg,010,1868,287.0303651787031
ghg,010,1869,287.0254296765758
ghg,010,1870,287.2027918248808
ghg,010,1871,287.3261283265064
ghg,010,1872,287.2989663483729
ghg,010,1873,287.25450425920275
ghg,010,1874,286.967365718993
ghg,010,1875,287.19136536796304
ghg,010,1876,287.33035877073144
ghg,010,1877,287.3158333605643
ghg,010,1878,287.17619599518594
ghg,010,1879,287.18229000426595
ghg,010,1880,287.1797676642692
ghg,010,1881,287.29437516507176
ghg,010,1882,287.3030065273919
ghg,010,1883,287.21125310910503
ghg,010,1884,287.2911335954023
ghg,010,1885,287.43288373952305
ghg,010,1886,287.3519244813655
ghg,010,1887,287.4072173685763
ghg,010,1888,287.3839978468137
ghg,010,1889,287.3235985213656
ghg,010,1890,287.38772854160925
ghg,010,1891,287.5229950532927
ghg,010,1892,287.31443316196794
ghg,010,1893,287.28627448359504
ghg,010,1894,287.4273571651356
ghg,010,1895,287.33627114203034
ghg,010,1896,287.2679425550407
ghg,010,1897,287.2660921813662
ghg,010,1898,287.21491777504764
ghg,010,1899,287.3109278592307
ghg,010,1900,287.33493136986453
ghg,010,1901,287.32554887267764
ghg,010,1902,287.2487629898576
ghg,010,1903,287.44234074593106
ghg,010,1904,287.57879127450116
ghg,010,1905,287.386233718077
ghg,010,1906,287.3108553223258
ghg,010,1907,287.37012167764544
ghg,010,1908,287.33605638367624
ghg,010,1909,287.35146204719103
ghg,010,1910,287.5594917310213
ghg,010,1911,287.4771388142308
ghg,010,1912,287.38546974120396
ghg,010,1913,287.5487144883181
ghg,010,1914,287.52452035401944
ghg,010,1915,287.21264930765915
ghg,010,1916,287.3588121750603
ghg,010,1917,287.49296701117004
ghg,010,1918,287.30879874569655
ghg,010,1919,287.2372661414727
ghg,010,1920,287.46622869684387
ghg,010,1921,287.67757816142847
ghg,010,1922,287.4901111963919
ghg,010,1923,287.5809723997245
ghg,010,1924,287.4159229229492
ghg,010,1925,287.447795992936
ghg,010,1926,287.5718196240381
ghg,010,1927,287.71082491347715
ghg,010,1928,287.52094233412424
ghg,010,1929,287.61797398762326
ghg,010,1930,287.62675734576146
ghg,010,1931,287.55138075007295
ghg,010,1932,287.6781641184356
ghg,010,1933,287.7966354445023
ghg,010,1934,287.65015888494645
ghg,010,1935,287.774423799233
ghg,010,1936,287.46659140762256
ghg,010,1937,287.51068545207926
ghg,010,1938,287.63812831784287
ghg,010,1939,287.5929494121326
ghg,010,1940,287.3712164232511
ghg,010,1941,287.6259839449024
ghg,010,1942,287.64840037879713
ghg,010,1943,287.5802565396749
ghg,010,1944,287.7930204104165
ghg,010,1945,287.8972536753622
ghg,010,1946,287.686161817317
ghg,010,1947,287.767683578836
ghg,010,1948,287.9365958897846
ghg,010,1949,287.6769288195494
ghg,010,1950,287.64214764226
ghg,010,1951,287.7702499593979
ghg,010,1952,287.77981153076604
ghg,010,1953,287.786276924228
ghg,010,1954,287.6987372911669
ghg,010,1955,287.8726978211653
ghg,010,1956,287.94206407837237
ghg,010,1957,287.63033075456633
ghg,010,1958,287.66737330257365
ghg,010,1959,287.67242077452437
ghg,010,1960,287.64048220824486
ghg,010,1961,287.68212554047994
ghg,010,1962,287.7608632669478
ghg,010,1963,287.7499106835024
ghg,010,1964,287.7864927379208
ghg,010,1965,287.8330911802242
ghg,010,1966,287.78414799261657
ghg,010,1967,287.6466834581563
ghg,010,1968,287.84392479017254
ghg,010,1969,287.96479542373385
ghg,010,1970,287.8682329816249
ghg,010,1971,287.832556885612
ghg,010,1972,287.71121144536073
ghg,010,1973,287.77984127975077
ghg,010,1974,287.7258815047109
ghg,010,1975,287.9597898220735
ghg,010,1976,287.9754544297983
ghg,010,1977,287.7460387927265
ghg,010,1978,288.0503907122915
ghg,010,1979,288.13681085552247
ghg,010,1980,288.09440678129886
ghg,010,1981,287.94671979675144
ghg,010,1982,288.0314293615653
ghg,010,1983,288.1693407221209
ghg,010,1984,288.02240768376856
ghg,010,1985,288.0128917717009
ghg,010,1986,288.06759763221777
ghg,010,1987,288.30112021137256
ghg,010,1988,288.39606264591237
ghg,010,1989,288.4166297927565
ghg,010,1990,288.3752996029941
ghg,010,1991,288.2181062790091
ghg,010,1992,288.3115188712179
ghg,010,1993,288.33906879174543
ghg,010,1994,288.26076537730006
ghg,010,1995,288.22535082410064
ghg,010,1996,288.378826000805
ghg,010,1997,288.3035517026896
ghg,010,1998,288.3868558614369
ghg,010,1999,288.41986427794143
ghg,010,2000,288.35802374095726
ghg,010,2001,288.1730440562854
ghg,010,2002,288.3692119375964
ghg,010,2003,288.56196672923573
ghg,010,2004,288.57658765136813
ghg,010,2005,288.3276784873949
ghg,010,2006,288.4572229195633
ghg,010,2007,288.6047478099231
ghg,010,2008,288.49078841273644
ghg,010,2009,288.70747673945533
ghg,010,2010,288.7529186891782
ghg,010,2011,288.6323555784729
ghg,010,2012,288.6333202231771
ghg,010,2013,288.66854755843013
ghg,010,2014,288.55442910200736
ghg,010,2015,288.46212702727473
ghg,010,2016,288.725525089345
ghg,010,2017,288.80053225539245
ghg,010,2018,288.65083110927463
ghg,010,2019,288.81106477801313
ghg,010,2020,288.8820961095143
ghg,010,2021,288.9279672390408
ghg,010,2022,289.0056806362106
ghg,010,2023,289.0730979213999
ghg,010,2024,289.0110373691133
ghg,010,2025,289.12945095142663
ghg,010,2026,289.12731948187917
ghg,010,2027,288.88344498866775
ghg,010,2028,289.0066380658929
ghg,010,2029,289.19571505098423
ghg,010,2030,289.27690936687907
ghg,010,2031,289.4201381753466
ghg,010,2032,289.33611760636063
ghg,010,2033,289.3537492568977
ghg,010,2034,289.3397593633336
ghg,010,2035,289.32304440792734
ghg,010,2036,289.3684278992269
ghg,010,2037,289.21264778687686
ghg,010,2038,289.33151264331536
ghg,010,2039,289.456340127421
ghg,010,2040,289.6699166616823
ghg,010,2041,289.43156099065266
ghg,010,2042,289.6351243732804
ghg,010,2043,289.6476642354486
ghg,010,2044,289.60309282161273
ghg,010,2045,289.6174417660286
ghg,010,2046,289.73393148187046
ghg,010,2047,289.9105270952603
ghg,010,2048,289.84153921317017
ghg,010,2049,290.00759253892596
ghg,010,2050,289.8826043513738
ghg,011,1850,287.2426946060777
ghg,011,1851,287.2699944137562
ghg,011,1852,287.2620713131817
ghg,011,1853,287.1318075574977
ghg,011,1854,287.1156125330245
ghg,011,1855,287.2463677657364
ghg,011,1856,287.17348852968667
ghg,011,1857,287.36094990429297
ghg,011,1858,287.4126229711029
ghg,011,1859,287.149875317415
ghg,011,1860,287.2197999403426
ghg,011,1861,287.23733127535905
ghg,011,1862,287.2886341247484
ghg,011,1863,287.3355785847374
ghg,011,1864,287.31106750540755
ghg,011,1865,287.08770296935535
ghg,011,1866,286.9942614183646
ghg,011,1867,287.00234004262177
ghg,011,1868,287.0885566417626
ghg,011,1869,287.21002628749824
ghg,011,1870,287.2442692069118
ghg,011,1871,287.5749034947822
ghg,011,1872,287.3352401288839
ghg,011,1873,287.22583988361225
ghg,011,1874,287.21107252650296
ghg,011,1875,287.3925766154195
ghg,011,1876,287.38848773959967
ghg,011,1877,287.3376636082317
ghg,011,1878,287.3818272700376
ghg,011,1879,287.46089963956223
ghg,011,1880,287.32082791092756
ghg,011,1881,287.37625563237657
ghg,011,1882,287.44654671578866
ghg,011,1883,287.5013457030883
ghg,011,1884,287.31211114713284
ghg,011,1885,287.20066542392766
ghg,011,1886,287.24232201808064
ghg,011,1887,287.30741684201786
ghg,011,1888,287.3657704678973
ghg,011,1889,287.39994547276575
ghg,011,1890,287.4329083117257
ghg,011,1891,287.23979025181313
ghg,011,1892,287.20125756445316
ghg,011,1893,287.23529040153096
ghg,011,1894,287.305354736734
ghg,011,1895,287.2223010546575
ghg,011,1896,287.28638886497856
ghg,011,1897,287.48258702605875
ghg,011,1898,287.25477005189873
ghg,011,1899,287.0602716839469
ghg,011,1900,287.32800368761934
ghg,011,1901,287.4832387441552
ghg,011,1902,287.22323357139555
ghg,011,1903,287.23371345653646
ghg,011,1904,287.40165218758636
ghg,011,1905,287.4659136424251
ghg,011,1906,287.2507601958959
ghg,011,1907,287.31524710383883
ghg,011,1908,287.49063364451547
ghg,011,1909,287.4072567060058
ghg,011,1910,287.51130780252464
ghg,011,1911,287.40703551996535
ghg,011,1912,287.2452385506222
ghg,011,1913,287.33597871031697
ghg,011,1914,287.434587444871
ghg,011,1915,287.3031585967336
ghg,011,1916,287.38797542448435
ghg,011,1917,287.4542493575696
ghg,011,1918,287.4138494748377
ghg,011,1919,287.3120645814215
ghg,011,1920,287.5028482540803
ghg,011,1921,287.5203237610131
ghg,011,1922,287.43016303572
ghg,011,1923,287.57399902197386
ghg,011,1924,287.56848644929045
ghg,011,1925,287.4641216923228
ghg,011,1926,287.36764254668276
ghg,011,1927,287.41391071161297
ghg,011,1928,287.4041679610161
ghg,011,1929,287.5229671368273
ghg,011,1930,287.5152868320591
ghg,011,1931,287.26912213654794
ghg,011,1932,287.4254826749323
ghg,011,1933,287.611633229683
ghg,011,1934,287.4694776112257
ghg,011,1935,287.5782623632754
ghg,011,1936,287.57425671699525
ghg,011,1937,287.31821901453196
ghg,011,1938,287.3653470741652
ghg,011,1939,287.44998178774546
ghg,011,1940,287.4035775043712
ghg,011,1941,287.3749004139958
ghg,011,1942,287.5360502254015
ghg,011,1943,287.6266513346873
ghg,011,1944,287.75477088581414
ghg,011,1945,287.63297586458657
ghg,011,1946,287.7100451201569
ghg,011,1947,287.8308660739214
ghg,011,1948,287.7328509120301
ghg,011,1949,287.60368057241396
ghg,011,1950,287.7674694241209
ghg,011,1951,287.7613902760209
ghg,011,1952,287.4591350792447
ghg,011,1953,287.4869703726239
ghg,011,1954,287.69635642888295
ghg,011,1955,287.71088248275714
ghg,011,1956,287.66423757222776
ghg,011,1957,287.3969807329117
ghg,011,1958,287.4761513661938
ghg,011,1959,287.6575346470637
ghg,011,1960,287.5011896312092
ghg,011,1961,287.3639299953605
ghg,011,1962,287.49656368433983
ghg,011,1963,287.556752710556
ghg,011,1964,287.4673381834288
ghg,011,1965,287.5785765706167
ghg,011,1966,287.7283891841659
ghg,011,1967,287.7269462318174
ghg,011,1968,287.6168697662405
ghg,011,1969,287.8056586607763
ghg,011,1970,287.88374353028104
ghg,011,1971,287.82661294783964
ghg,011,1972,287.8084271144614
ghg,011,1973,287.7300208616326
ghg,011,1974,287.8038001877461
ghg,011,1975,288.0945777193306
ghg,011,1976,287.86317433030854
ghg,011,1977,287.95201364685573
ghg,011,1978,287.93710052556
ghg,011,1979,288.20468379691135
ghg,011,1980,288.26867487855094
ghg,011,1981,288.0112140565811
ghg,011,1982,287.9621947796186
ghg,011,1983,288.0903111877549
ghg,011,1984,288.21626534505447
ghg,011,1985,288.0311853185548
ghg,011,1986,287.83599033365175
ghg,011,1987,288.0472850111101
ghg,011,1988,288.1240722162738
ghg,011,1989,288.14650567825606
ghg,011,1990,288.2562821229913
ghg,011,1991,288.25789787458257
ghg,011,1992,288.16849440228464
ghg,011,1993,288.3891092066875
ghg,011,1994,288.5310581199337
ghg,011,1995,288.4132403398935
ghg,011,1996,288.3973162792009
ghg,011,1997,288.5110374445659
ghg,011,1998,288.32182980972834
ghg,011,1999,288.3716725665203
ghg,011,2000,288.4793402835172
ghg,011,2001,288.4888410367617
ghg,011,2002,288.4776717044472
ghg,011,2003,288.482038802804
ghg,011,2004,288.53108235686284
ghg,011,2005,288.68195703096467
ghg,011,2006,288.86567812364945
ghg,011,2007,288.5585421478541
ghg,011,2008,288.75429064939675
ghg,011,2009,288.79517345279277
ghg,011,2010,288.6657228684644
ghg,011,2011,288.8150067117685
ghg,011,2012,288.8763171227987
ghg,011,2013,288.834444661103
ghg,011,2014,288.9972224384335
ghg,011,2015,288.96472068216207
ghg,011,2016,288.9171065076569
ghg,011,2017,288.90247227464323
ghg,011,2018,288.86259429688374
ghg,011,2019,289.0939339486603
ghg,011,2020,289.19160765706096
ghg,011,2021,289.09226875403164
ghg,011,2022,289.16067651915563
ghg,011,2023,289.06239180274764
ghg,011,2024,289.1308060684552
ghg,011,2025,289.1364306079559
ghg,011,2026,289.2160143808147
ghg,011,2027,289.4093621292794
ghg,011,2028,289.2802665790917
ghg,011,2029,289.3896915691225
ghg,011,2030,289.3487376873352
ghg,011,2031,289.1595536959082
ghg,011,2032,289.23477055698555
ghg,011,2033,289.461922992359
ghg,011,2034,289.4599385796161
ghg,011,2035,289.5366755476192
ghg,011,2036,289.4578488990088
ghg,011,2037,289.32817054276796
ghg,011,2038,289.5372106642303
ghg,011,2039,289.5641862124237
ghg,011,2040,289.4835611009351
ghg,011,2041,289.6471831626879
ghg,011,2042,289.72523247393383
ghg,011,2043,289.6604228210666
ghg,011,2044,289.84922091803554
ghg,011,2045,289.78487761146187
ghg,011,2046,289.80310572108266
ghg,011,2047,289.77353358312405
ghg,011,2048,289.59305999289717
ghg,011,2049,289.85436964138876
ghg,011,2050,289.95195296038315
ghg,012,1850,287.5435681553652
ghg,012,1851,287.18289880109086
ghg,012,1852,287.08148517774373
ghg,012,1853,287.0351704097348
ghg,012,1854,287.0712760471213
ghg,012,1855,287.12081109687705
ghg,012,1856,287.00326459811663
ghg,012,1857,287.04746714793606
ghg,012,1858,287.0644637352432
ghg,012,1859,287.18401781708627
ghg,012,1860,287.1879717092077
ghg,012,1861,287.1839244034559
ghg,012,1862,287.2397256297937
ghg,012,1863,287.2020345543923
ghg,012,1864,287.1920803150705
ghg,012,1865,287.2623929621281
ghg,012,1866,287.3832973110421
ghg,012,1867,287.15752445850745
ghg,012,1868,287.2750158872933
ghg,012,1869,287.2388350524073
ghg,012,1870,287.21507567256646
ghg,012,1871,287.2972023841337
ghg,012,1872,287.2584431596926
ghg,012,1873,287.238973993404
ghg,012,1874,287.22535865467904
ghg,012,1875,287.2951447140813
ghg,012,1876,287.48976053145026
ghg,012,1877,287.48762018142355
ghg,012,1878,287.39509762712345
ghg,012,1879,287.29021493035026
ghg,012,1880,287.1464977246151
ghg,012,1881,287.2644212256012
ghg,012,1882,287.3596897908697
ghg,012,1883,287.24508203895067
ghg,012,1884,287.10697826257876
ghg,012,1885,287.11417933728313
ghg,012,1886,287.1631730263154
ghg,012,1887,287.09513480215657
ghg,012,1888,287.14619658188496
ghg,012,1889,287.16455477925626
ghg,012,1890,287.25751938575786
ghg,012,1891,287.248387126788
ghg,012,1892,287.1577747506374
ghg,012,1893,287.3777196255864
ghg,012,1894,287.6116182936501
ghg,012,1895,287.4307774007822
ghg,012,1896,287.3224573771434
ghg,012,1897,287.4830981442255
ghg,012,1898,287.2296119013417
ghg,012,1899,287.3933716529309
ghg,012,1900,287.2941320445322
ghg,012,1901,287.05600328547234
ghg,012,1902,287.1107815775361
ghg,012,1903,287.3238630356446
ghg,012,1904,287.31951585637097
ghg,012,1905,287.3277528000141
ghg,012,1906,287.4763293272458
ghg,012,1907,287.27042631507703
ghg,012,1908,287.3201377782552
ghg,012,1909,287.41909634471386
ghg,012,1910,287.6022323745478
ghg,012,1911,287.38391547221005
ghg,012,1912,287.4914597563335
ghg,012,1913,287.55776637971303
ghg,012,1914,287.18541824433777
ghg,012,1915,287.3733527202195
ghg,012,1916,287.5701244011724
ghg,012,1917,287.3731413605983
ghg,012,1918,287.56982553008635
ghg,012,1919,287.4696229029317
ghg,012,1920,287.2825758601271
ghg,012,1921,287.27732739822574
ghg,012,1922,287.38303754510486
ghg,012,1923,287.50628452340476
ghg,012,1924,287.5129340768369
ghg,012,1925,287.61413749565116
ghg,012,1926,287.4837884019973
ghg,012,1927,287.5065292861879
ghg,012,1928,287.5691359819938
ghg,012,1929,287.6507770492115
ghg,012,1930,287.60812119645726
ghg,012,1931,287.3920373278788
ghg,012,1932,287.4168634228938
ghg,012,1933,287.39371042185957
ghg,012,1934,287.46875255828735
ghg,012,1935,287.58460271108225
ghg,012,1936,287.54738373890433
ghg,012,1937,287.447681635066
ghg,012,1938,287.57151953159473
ghg,012,1939,287.5941114980838
ghg,012,1940,287.60455341411597
ghg,012,1941,287.4880346804285
ghg,012,1942,287.47474339558966
ghg,012,1943,287.43479288768026
ghg,012,1944,287.5351002036192
ghg,012,1945,287.6413964452999
ghg,012,1946,287.54717353832206
ghg,012,1947,287.3530539269616
ghg,012,1948,287.48139093239627
ghg,012,1949,287.68950259276926
ghg,012,1950,287.54787254249277
ghg,012,1951,287.5534705206464
ghg,012,1952,287.66185770385584
ghg,012,1953,287.7084670845489
ghg,012,1954,287.6647079464404
ghg,012,1955,287.7293664703669
ghg,012,1956,287.45063365967195
ghg,012,1957,287.464222810751
ghg,012,1958,287.48115625261204
ghg,012,1959,287.54046892539225
ghg,012,1960,287.6095873665926
ghg,012,1961,287.563970404397
ghg,012,1962,287.5378284452992
ghg,012,1963,287.59569198873186
ghg,012,1964,287.6341471774053
ghg,012,1965,287.54444608609504
ghg,012,1966,287.48873048777847
ghg,012,1967,287.70496552471167
ghg,012,1968,287.72509989538776
ghg,012,1969,287.658473816801
ghg,012,1970,287.80728847827737
ghg,012,1971,287.745576617224
ghg,012,1972,287.7937528839704
ghg,012,1973,287.76940098406476
ghg,012,1974,287.78715340233214
ghg,012,1975,287.7861724963961
ghg,012,1976,287.6554621184846
ghg,012,1977,287.76597242693487
ghg,012,1978,287.6810544325185
ghg,012,1979,287.7862817744504
ghg,012,1980,287.93430692854787
ghg,012,1981,287.96906910082805
ghg,012,1982,287.94111136339325
ghg,012,1983,287.7658354363425
ghg,012,1984,287.9072341885028
ghg,012,1985,288.0102556130277
ghg,012,1986,288.1496621510629
ghg,012,1987,288.00463541416786
ghg,012,1988,288.0769187429183
ghg,012,1989,288.0351068526877
ghg,012,1990,288.1402737602751
ghg,012,1991,288.1076891131623
ghg,012,1992,288.27324701549054
ghg,012,1993,288.3307564954715
ghg,012,1994,288.14225079663834
ghg,012,1995,288.217254623444
ghg,012,1996,288.2636477291043
ghg,012,1997,288.145678413212
ghg,012,1998,288.2186062893169
ghg,012,1999,288.1369271870748
ghg,012,2000,288.2255916952055
ghg,012,2001,288.2454740659813
ghg,012,2002,288.26637552912354
ghg,012,2003,288.15044490826403
ghg,012,2004,288.3076894811762
ghg,012,2005,288.4253000093828
ghg,012,2006,288.1450513107843
ghg,012,2007,288.2899865828082
ghg,012,2008,288.3406293391019
ghg,012,2009,288.2945058867981
ghg,012,2010,288.40517102910513
ghg,012,2011,288.3730672845288
ghg,012,2012,288.552425864592
ghg,012,2013,288.5158339764419
ghg,012,2014,288.51380778805975
ghg,012,2015,288.6946175097151
ghg,012,2016,288.6669245860737
ghg,012,2017,288.7692746413037
ghg,012,2018,288.6881071296608
ghg,012,2019,288.8274744748107
ghg,012,2020,288.84108324134235
ghg,012,2021,288.9339269312872
ghg,012,2022,288.88268100826616
ghg,012,2023,288.63548253549334
ghg,012,2024,288.80467006493365
ghg,012,2025,289.06562667712063
ghg,012,2026,288.83895167327773
ghg,012,2027,288.8629334164654
ghg,012,2028,288.9851235478207
ghg,012,2029,289.00447920634605
ghg,012,2030,289.18672321809163
ghg,012,2031,289.02715911328715
ghg,012,2032,289.23883161070114
ghg,012,2033,289.2276065317204
ghg,012,2034,289.2667217637303
ghg,012,2035,289.5356570172657
ghg,012,2036,289.3834041421866
ghg,012,2037,289.45501903771344
ghg,012,2038,289.27969857876946
ghg,012,2039,289.41814365445754
ghg,012,2040,289.60289719478857
ghg,012,2041,289.4694601500733
ghg,012,2042,289.7522259363872
ghg,012,2043,289.6538496325474
ghg,012,2044,289.6979782589381
ghg,012,2045,289.7109798488463
ghg,012,2046,289.666217630797
ghg,012,2047,289.88276234851634
ghg,012,2048,289.85728637463427
ghg,012,2049,289.9173749111539
ghg,012,2050,289.73752645302875
ghg,013,1850,287.22794206215445
ghg,013,1851,287.1716830901993
ghg,013,1852,287.32749100437894
ghg,013,1853,287.2628837540469
ghg,013,1854,287.1627790001441
ghg,013,1855,287.2846276558819
ghg,013,1856,287.2290722045584
ghg,013,1857,287.09740046026656
ghg,013,1858,287.1831084713356
ghg,013,1859,287.1686902420136
ghg,013,1860,287.1173646996729
ghg,013,1861,287.24818714669016
ghg,013,1862,287.3006360922498
ghg,013,1863,287.13461159446535
ghg,013,1864,287.2822509234623
ghg,013,1865,287.3827727797362
ghg,013,1866,287.3136125769362
ghg,013,1867,287.13818694402096
ghg,013,1868,287.1602747404814
ghg,013,1869,287.14294373769826
ghg,013,1870,287.22890399065216
ghg,013,1871,287.36454838752417
ghg,013,1872,287.2087517549613
ghg,013,1873,287.2209330263622
ghg,013,1874,287.37312331402643
ghg,013,1875,287.3302583713162
ghg,013,1876,287.2274687310714
ghg,013,1877,287.2859625985001
ghg,013,1878,287.37898747585314
ghg,013,1879,287.2160273801428
ghg,013,1880,287.12824004272323
ghg,013,1881,287.3679319770365
ghg,013,1882,287.3953915286835
ghg,013,1883,287.3807882806758
ghg,013,1884,287.46621528415903
ghg,013,1885,287.3590930440989
ghg,013,1886,287.27114506906213
ghg,013,1887,287.2706471314447
ghg,013,1888,287.3012629860433
ghg,013,1889,287.23883828891115
ghg,013,1890,287.15350730766164
ghg,013,1891,287.249425013622
ghg,013,1892,287.2334228974472
ghg,013,1893,287.40890786284683
ghg,013,1894,287.4387486784977
ghg,013,1895,287.33049764426846
ghg,013,1896,287.284138565805
ghg,013,1897,287.3371258747421
ghg,013,1898,287.21965929013294
ghg,013,1899,287.3399469447814
ghg,013,1900,287.42986624082613
ghg,013,1901,287.42235774823473
ghg,013,1902,287.28382346516423
ghg,013,1903,287.40376979439884
ghg,013,1904,287.4390166780942
ghg,013,1905,287.38216786478523
ghg,013,1906,287.45125630002184
ghg,013,1907,287.47090234778693
ghg,013,1908,287.57086114685984
ghg,013,1909,287.5018885371257
ghg,013,1910,287.4676751373568
ghg,013,1911,287.4444514398172
ghg,013,1912,287.33571795648754
ghg,013,1913,287.44276948920844
ghg,013,1914,287.6488107946279
ghg,013,1915,287.56238615252914
ghg,013,1916,287.4236015099737
ghg,013,1917,287.43791925388734
ghg,013,1918,287.5349493721153
ghg,013,1919,287.5039511227872
ghg,013,1920,287.5789940678602
ghg,013,1921,287.6923964277679
ghg,013,1922,287.5991879153053
ghg,013,1923,287.61125236911306
ghg,013,1924,287.51331264455854
ghg,013,1925,287.5021561145209
ghg,013,1926,287.48680371928344
ghg,013,1927,287.5400559838197
ghg,013,1928,287.4430807002729
ghg,013,1929,287.4115603734465
ghg,013,1930,287.50959805341773
ghg,013,1931,287.5757112825626
ghg,013,1932,287.4760749614697
ghg,013,1933,287.4983820391005
ghg,013,1934,287.6994885497885
ghg,013,1935,287.40971161840224
ghg,013,1936,287.6281615339321
ghg,013,1937,287.6155218762046
ghg,013,1938,287.52716167249014
ghg,013,1939,287.608369721164
ghg,013,1940,287.6638327072581
ghg,013,1941,287.53338002457014
ghg,013,1942,287.3752430400129
ghg,013,1943,287.54404992873333
ghg,013,1944,287.6538394187851
ghg,013,1945,287.6367402704774
ghg,013,1946,287.74455205476545
ghg,013,1947,287.6253378995099
ghg,013,1948,287.49925697196994
ghg,013,1949,287.4846694275589
ghg,013,1950,287.54586729940604
ghg,013,1951,287.7591939330955
ghg,013,1952,287.8454866590219
ghg,013,1953,287.5858974487482
ghg,013,1954,287.65170249622736
ghg,013,1955,287.68399644879844
ghg,013,1956,287.6350416132912
ghg,013,1957,287.7703787398929
ghg,013,1958,287.74462815070444
ghg,013,1959,287.8343992557181
ghg,013,1960,287.8546174655466
ghg,013,1961,287.6708679390798
ghg,013,1962,287.7184214072578
ghg,013,1963,287.7477320937074
ghg,013,1964,287.88694630462345
ghg,013,1965,287.71755809143224
ghg,013,1966,287.7839646151453
ghg,013,1967,287.822840133199
ghg,013,1968,287.8271446996794
ghg,013,1969,287.91635806658496
ghg,013,1970,287.9150921421975
ghg,013,1971,287.82681286863726
ghg,013,1972,287.72553236589295
ghg,013,1973,287.83484333932677
ghg,013,1974,287.97657579100274
ghg,013,1975,287.9913415258287
ghg,013,1976,288.1483850391317
ghg,013,1977,287.97447139023586
ghg,013,1978,288.0846128779921
ghg,013,1979,288.17725304868907
ghg,013,1980,288.2322015923538
ghg,013,1981,287.9662689991929
ghg,013,1982,288.0975994432367
ghg,013,1983,288.17106395968983
ghg,013,1984,288.1897462289752
ghg,013,1985,288.0535839447121
ghg,013,1986,288.24458068747225
ghg,013,1987,288.2076552747339
ghg,013,1988,288.2094808564579
ghg,013,1989,288.3579240889714
ghg,013,1990,288.48067965166547
ghg,013,1991,288.4141096880583
ghg,013,1992,288.6230810880742
ghg,013,1993,288.43185195104724
ghg,013,1994,288.3238181466582
ghg,013,1995,288.3795902133387
ghg,013,1996,288.4346258194973
ghg,013,1997,288.5054889904568
ghg,013,1998,288.40716901047875
ghg,013,1999,288.3867305800266
ghg,013,2000,288.5949217916312
ghg,013,2001,288.65071934325346
ghg,013,2002,288.69028980830944
ghg,013,2003,288.55574587406915
ghg,013,2004,288.5137439590024
ghg,013,2005,288.6082775243449
ghg,013,2006,288.67056949650265
ghg,013,2007,288.7105129480535
ghg,013,2008,288.7936295665108
ghg,013,2009,288.69078312133684
ghg,013,2010,288.7580002921842
ghg,013,2011,288.8317623910053
ghg,013,2012,288.7011334381294
ghg,013,2013,288.8824188469899
ghg,013,2014,288.7999379126235
ghg,013,2015,288.6810051143578
ghg,013,2016,288.78204089041236
ghg,013,2017,288.82634044107806
ghg,013,2018,288.77697706031705
ghg,013,2019,288.8968526185713
ghg,013,2020,288.72557390037616
ghg,013,2021,288.9620774956515
ghg,013,2022,288.99085921969277
ghg,013,2023,288.7254238203107
ghg,013,2024,289.0473482568667
ghg,013,2025,289.14988887105864
ghg,013,2026,289.1771058347849
ghg,013,2027,289.2753543710656
ghg,013,2028,289.1590677232849
ghg,013,2029,289.25956919715634
ghg,013,2030,289.0814357410404
ghg,013,2031,289.27402625768406
ghg,013,2032,289.22410443027877
ghg,013,2033,289.2262774090227
ghg,013,2034,289.13305293770657
ghg,013,2035,289.23812515398737
ghg,013,2036,289.22771442815855
ghg,013,2037,289.42265802987293
ghg,013,2038,289.53026660518157
ghg,013,2039,289.6448242774066
ghg,013,2040,289.62734774098027
ghg,013,2041,289.5621352896724
ghg,013,2042,289.66767310311917
ghg,013,2043,289.4695131940143
ghg,013,2044,289.5140547949292
ghg,013,2045,289.5327940165697
ghg,013,2046,289.73762612961144
ghg,013,2047,289.6848203690554
ghg,013,2048,289.70833184767093
ghg,013,2049,289.8090101330746
ghg,013,2050,289.71736940645627
ghg,014,1850,287.4457475392754
ghg,014,1851,287.2635684415585
ghg,014,1852,286.9732691899876
ghg,014,1853,286.9269167710159
ghg,014,1854,287.0579397864262
ghg,014,1855,287.1663987120466
ghg,014,1856,287.08533487235786
ghg,014,1857,287.15381828291373
ghg,014,1858,287.21845742791663
ghg,014,1859,287.2312795217006
ghg,014,1860,287.2740375561408
ghg,014,1861,287.2788225851963
ghg,014,1862,287.02701828309796
ghg,014,1863,287.0373642141404
ghg,014,1864,287.2231656057944
ghg,014,1865,287.2067342067356
ghg,014,1866,287.18452332993803
ghg,014,1867,287.3401366720228
ghg,014,1868,287.2919944347187
ghg,014,1869,287.204108127694
ghg,014,1870,287.2258849634381
ghg,014,1871,287.25607847976335
ghg,014,1872,287.2788427599172
ghg,014,1873,287.2504481971933
ghg,014,1874,287.3969347455985
ghg,014,1875,287.54757685923124
ghg,014,1876,287.26684036592945
ghg,014,1877,287.3961823435293
ghg,014,1878,287.4396898372713
ghg,014,1879,287.3974898354197
ghg,014,1880,287.2650745168217
ghg,014,1881,287.23829278572816
ghg,014,1882,287.3017790384597
ghg,014,1883,287.3174214547656
ghg,014,1884,287.1870838674742
ghg,014,1885,286.9975200941942
ghg,014,1886,287.09082985747216
ghg,014,1887,287.25193306695843
ghg,014,1888,287.3203440934074
ghg,014,1889,287.24866415583216
ghg,014,1890,287.3902160090924
ghg,014,1891,287.4733298272999
ghg,014,1892,287.4370752497479
ghg,014,1893,287.45287314731723
ghg,014,1894,287.2220267119241
ghg,014,1895,287.3055152022809
ghg,014,1896,287.40794841783185
ghg,014,1897,287.3541128323893
ghg,014,1898,287.50007573786735
ghg,014,1899,287.32167815807134
ghg,014,1900,287.1760480486374
ghg,014,1901,287.221948216987
ghg,014,1902,287.31879114367825
ghg,014,1903,287.3145134263473
ghg,014,1904,287.2425749094507
ghg,014,1905,287.4849328264848
ghg,014,1906,287.3154501067195
ghg,014,1907,287.3710276269953
ghg,014,1908,287.4475923269626
ghg,014,1909,287.3641386113603
ghg,014,1910,287.3828630636306
ghg,014,1911,287.3666381375083
ghg,014,1912,287.36530709170296
ghg,014,1913,287.49149275735095
ghg,014,1914,287.4503884825314
ghg,014,1915,287.39197389929194
ghg,014,1916,287.47242074109005
ghg,014,1917,287.41529766008273
ghg,014,1918,287.261596210647
ghg,014,1919,287.25604726976604
ghg,014,1920,287.4050047551956
ghg,014,1921,287.39245053823777
ghg,014,1922,287.24815259021426
ghg,014,1923,287.4734464800352
ghg,014,1924,287.4233716644997
ghg,014,1925,287.555461981349
ghg,014,1926,287.4492892006585
ghg,014,1927,287.2541634935959
ghg,014,1928,287.2872359009742
ghg,014,1929,287.3724450054238
ghg,014,1930,287.5108940744115
ghg,014,1931,287.6758435177748
ghg,014,1932,287.5119151337532
ghg,014,1933,287.4921339467585
ghg,014,1934,287.63359706198366
ghg,014,1935,287.5425052294244
ghg,014,1936,287.4310932398871
ghg,014,1937,287.53804172824886
ghg,014,1938,287.5055684561233
ghg,014,1939,287.52131329095255
ghg,014,1940,287.6625421112142
ghg,014,1941,287.3560817202344
ghg,014,1942,287.362701571682
ghg,014,1943,287.4910937907319
ghg,014,1944,287.422094098276
ghg,014,1945,287.55472264999827
ghg,014,1946,287.6921925387886
ghg,014,1947,287.546099802831
ghg,014,1948,287.4843634363826
ghg,014,1949,287.4280116759233
ghg,014,1950,287.515458081615
ghg,014,1951,287.72353701405655
ghg,014,1952,287.64803238382507
ghg,014,1953,287.8136309226002
ghg,014,1954,287.8095595484616
ghg,014,1955,287.57122469587154
ghg,014,1956,287.41107008534175
ghg,014,1957,287.53474211898634
ghg,014,1958,287.68619688113665
ghg,014,1959,287.85868763585484
ghg,014,1960,287.7547128694752
ghg,014,1961,287.61882084697294
ghg,014,1962,287.6616535397626
ghg,014,1963,287.8404279090658
ghg,014,1964,287.62434798540886
ghg,014,1965,287.7538648929345
ghg,014,1966,287.8387449521574
ghg,014,1967,287.7608699832351
ghg,014,1968,287.83288922830343
ghg,014,1969,287.84943858662285
ghg,014,1970,287.6558140806288
ghg,014,1971,287.8335403507864
ghg,014,1972,287.92520695940306
ghg,014,1973,287.7982987466314
ghg,014,1974,287.8035614196292
ghg,014,1975,287.96899240952104
ghg,014,1976,287.8561092228275
ghg,014,1977,287.8220742666045
ghg,014,1978,287.85902474166784
ghg,014,1979,287.9867857730916
ghg,014,1980,287.71658984960254
ghg,014,1981,287.7975747396926
ghg,014,1982,288.09452231988485
ghg,014,1983,288.11411093264263
ghg,014,1984,287.92465545138685
ghg,014,1985,288.11486455968327
ghg,014,1986,288.15084478424683
ghg,014,1987,287.8830032769516
ghg,014,1988,288.10332666598146
ghg,014,1989,288.1669178795862
ghg,014,1990,288.19130189064407
ghg,014,1991,288.13295497177523
ghg,014,1992,288.1322925521715
ghg,014,1993,288.24050047034643
ghg,014,1994,288.19876613516294
ghg,014,1995,288.3530604192696
ghg,014,1996,288.3227689844294
ghg,014,1997,288.22858960405944
ghg,014,1998,288.22692209245025
ghg,014,1999,288.25405645989207
ghg,014,2000,288.30606169169727
ghg,014,2001,288.44061470657874
ghg,014,2002,288.44563883854
ghg,014,2003,288.2379530022182
ghg,014,2004,288.46038975553734
ghg,014,2005,288.5473718746801
ghg,014,2006,288.36810191764357
ghg,014,2007,288.55600069031067
ghg,014,2008,288.5025959610311
ghg,014,2009,288.30222905048686
ghg,014,2010,288.4067512050185
ghg,014,2011,288.62034569881257
ghg,014,2012,288.46973684040637
ghg,014,2013,288.6788398153594
ghg,014,2014,288.8331457345212
ghg,014,2015,288.5865546356159
ghg,014,2016,288.73279472446046
ghg,014,2017,288.80143178131254
ghg,014,2018,288.5854803408842
ghg,014,2019,288.8766079884892
ghg,014,2020,288.7958657036408
ghg,014,2021,288.9371305431322
ghg,014,2022,288.82578657802435
ghg,014,2023,288.95196453188424
ghg,014,2024,288.9010088338404
ghg,014,2025,289.0463023023753
ghg,014,2026,289.0998030748347
ghg,014,2027,289.0214215053685
ghg,014,2028,289.0018997126239
ghg,014,2029,289.01449804223864
ghg,014,2030,288.95630128403934
ghg,014,2031,289.12761924523903
ghg,014,2032,289.2295532526997
ghg,014,2033,289.2596299521237
ghg,014,2034,289.1931503885837
ghg,014,2035,289.11202966847713
ghg,014,2036,289.3955779739032
ghg,014,2037,289.3337412515732
ghg,014,2038,289.07070533999644
ghg,014,2039,289.36463710967934
ghg,014,2040,289.46659484456956
ghg,014,2041,289.34942477162514
ghg,014,2042,289.49238859000195
ghg,014,2043,289.5186664672437
ghg,014,2044,289.51730744837954
ghg,014,2045,289.56815008856626
ghg,014,2046,289.4233053500416
ghg,014,2047,289.48693697722143
ghg,014,2048,289.74041445040893
ghg,014,2049,289.8292245490389
ghg,014,2050,289.86377518690625
ghg,015,1850,287.3710714633572
ghg,015,1851,287.15921960940267
ghg,015,1852,287.1917047147087
ghg,015,1853,287.26187420470814
ghg,015,1854,287.40191124402736
ghg,015,1855,287.29154658660445
ghg,015,1856,287.1337243759626
ghg,015,1857,287.310518080447
ghg,015,1858,287.20577035539435
ghg,015,1859,287.1653537218721
ghg,015,1860,287.12970760660403
ghg,015,1861,287.1143636535021
ghg,015,1862,287.072993445128
ghg,015,1863,287.27062017254366
ghg,015,1864,287.32929180612655
ghg,015,1865,287.2149342345602
ghg,015,1866,287.2741628585988
ghg,015,1867,287.3221321008154
ghg,015,1868,287.27887412610175
ghg,015,1869,287.36767632975295
ghg,015,1870,287.3890259588742
ghg,015,1871,287.3173756888955
ghg,015,1872,287.40636538009846
ghg,015,1873,287.2863918752762
ghg,015,1874,287.36532840203733
ghg,015,1875,287.2119930322609
ghg,015,1876,287.26190618599753
ghg,015,1877,287.2326517780245
ghg,015,1878,287.27223261413013
ghg,015,1879,287.43478292583666
ghg,015,1880,287.43469725529167
ghg,015,1881,287.4643422154877
ghg,015,1882,287.1631903624184
ghg,015,1883,287.27760605626463
ghg,015,1884,287.4399080337509
ghg,015,1885,287.33500763290385
ghg,015,1886,287.30387295989914
ghg,015,1887,287.3798938685648
ghg,015,1888,287.41362818503865
ghg,015,1889,287.2708132138581
ghg,015,1890,287.23710234692965
ghg,015,1891,287.33416153916374
ghg,015,1892,287.3961247305049
ghg,015,1893,287.2343774485443
ghg,015,1894,287.451313165783
ghg,015,1895,287.4244729662533
ghg,015,1896,287.37077521939455
ghg,015,1897,287.4317657653367
ghg,015,1898,287.4334893841694
ghg,015,1899,287.463086510092
ghg,015,1900,287.3423946206833
ghg,015,1901,287.3043587142109
ghg,015,1902,287.2080891415639
ghg,015,1903,287.34803199731994
ghg,015,1904,287.3894797791356
ghg,015,1905,287.4392095309976
ghg,015,1906,287.3886129763216
ghg,015,1907,287.5489714683463
ghg,015,1908,287.64358393987516
ghg,015,1909,287.59577933255815
ghg,015,1910,287.244625095218
ghg,015,1911,287.19571492631997
ghg,015,1912,287.3714801802828
ghg,015,1913,287.2737045147542
ghg,015,1914,287.1481654689125
ghg,015,1915,287.2190688526193
ghg,015,1916,287.53225130209535
ghg,015,1917,287.59912739597684
ghg,015,1918,287.50063695716295
ghg,015,1919,287.4262717839152
ghg,015,1920,287.5196495960102
ghg,015,1921,287.59076560330124
ghg,015,1922,287.77227668714
ghg,015,1923,287.62584654946465
ghg,015,1924,287.61013897076214
ghg,015,1925,287.66312671825534
ghg,015,1926,287.5479631582733
ghg,015,1927,287.5272115493641
ghg,015,1928,287.69660381530304
ghg,015,1929,287.55791861685185
ghg,015,1930,287.5399975254317
ghg,015,1931,287.57109812579415
ghg,015,1932,287.6248055258604
ghg,015,1933,287.75289822396707
ghg,015,1934,287.6021711361799
ghg,015,1935,287.60224569571216
ghg,015,1936,287.71872441214214
ghg,015,1937,287.68754018211473
ghg,015,1938,287.6791812433511
ghg,015,1939,287.63882372932716
ghg,015,1940,287.44504954018333
ghg,015,1941,287.6110932440971
ghg,015,1942,287.3358783251974
ghg,015,1943,287.3325118409569
ghg,015,1944,287.54205888824936
ghg,015,1945,287.70132235367146
ghg,015,1946,287.53673475113726
ghg,015,1947,287.57635622636053
ghg,015,1948,287.5172914515007
ghg,015,1949,287.5901218361116
ghg,015,1950,287.5847098496754
ghg,015,1951,287.42850506590787
ghg,015,1952,287.53621474597935
ghg,015,1953,287.49444382241757
ghg,015,1954,287.3228249648894
ghg,015,1955,287.44707696509835
ghg,015,1956,287.62722069509607
ghg,015,1957,287.4753017403014
ghg,015,1958,287.36511232927967
ghg,015,1959,287.50406099695266
ghg,015,1960,287.5030994803546
ghg,015,1961,287.70127935579313
ghg,015,1962,287.72283050440456
ghg,015,1963,287.6552625154132
ghg,015,1964,287.6928172972392
ghg,015,1965,287.73398153216914
ghg,015,1966,287.6181182559365
ghg,015,1967,287.83604088691203
ghg,015,1968,287.8141315554771
ghg,015,1969,287.8475042769162
ghg,015,1970,287.9044363443345
ghg,015,1971,287.7244311501263
ghg,015,1972,287.7380966374135
ghg,015,1973,287.75651990075636
ghg,015,1974,288.06468873809564
ghg,015,1975,288.0187994926685
ghg,015,1976,287.87907671748695
ghg,015,1977,288.03854693200265
ghg,015,1978,288.04083500658817
ghg,015,1979,288.0568979439065
ghg,015,1980,288.071967562829
ghg,015,1981,288.09716076777255
ghg,015,1982,288.02564158425236
ghg,015,1983,287.9613980267989
ghg,015,1984,288.0040936517544
ghg,015,1985,287.92008649609915
ghg,015,1986,287.68384153586743
ghg,015,1987,287.948062926223
ghg,015,1988,288.1340548553779
ghg,015,1989,288.07969299803904
ghg,015,1990,288.1903766348638
ghg,015,1991,288.0796094153394
ghg,015,1992,287.9926658638259
ghg,015,1993,288.0121805675552
ghg,015,1994,288.0844504198574
ghg,015,1995,288.0319445882799
ghg,015,1996,288.20621482031777
ghg,015,1997,288.1580867609674
ghg,015,1998,288.0760792618563
ghg,015,1999,288.3405426543541
ghg,015,2000,288.49112289692226
ghg,015,2001,288.23450461561043
ghg,015,2002,288.457867249925
ghg,015,2003,288.4535016928541
ghg,015,2004,288.0404612907732
ghg,015,2005,288.1181902393505
ghg,015,2006,288.5125778651909
ghg,015,2007,288.5012321039437
ghg,015,2008,288.34208824959455
ghg,015,2009,288.5562847920086
ghg,015,2010,288.60418253285445
ghg,015,2011,288.61670094200554
ghg,015,2012,288.69132734466484
ghg,015,2013,288.57685408602805
ghg,015,2014,288.73758753140066
ghg,015,2015,288.5406145142939
ghg,015,2016,288.7064938679149
ghg,015,2017,288.6816877992865
ghg,015,2018,288.624327974218
ghg,015,2019,288.8724280337113
ghg,015,2020,288.49716693515984
ghg,015,2021,288.6869175372212
ghg,015,2022,288.81567909036926
ghg,015,2023,288.72462758959415
ghg,015,2024,288.7982915136821
ghg,015,2025,288.9729807645919
ghg,015,2026,289.16038519822337
ghg,015,2027,289.22001375396206
ghg,015,2028,289.0616891437301
ghg,015,2029,289.2296681799838
ghg,015,2030,289.31569277355527
ghg,015,2031,289.1604791183022
ghg,015,2032,289.23487063122354
ghg,015,2033,289.3755905753184
ghg,015,2034,289.1234952542319
ghg,015,2035,289.32648590785175
ghg,015,2036,289.1974358615888
ghg,015,2037,289.4161273214394
ghg,015,2038,289.36800726702137
ghg,015,2039,289.49994770252897
ghg,015,2040,289.580870552189
ghg,015,2041,289.63887209914253
ghg,015,2042,289.82165587196386
ghg,015,2043,289.630765811989
ghg,015,2044,289.64973661958663
ghg,015,2045,289.6136707982266
ghg,015,2046,289.7086172223484
ghg,015,2047,289.6998270970247
ghg,015,2048,289.7569473337936
ghg,015,2049,289.73742671537326
ghg,015,2050,289.64220077866037
