scenario,member,year,gmean
hist,LE2-1231.001,1850,2.948358912914893
hist,LE2-1231.001,1851,2.9508029031965677
hist,LE2-1231.001,1852,2.954954610908446
hist,LE2-1231.001,1853,2.961954716525135
hist,LE2-1231.001,1854,2.940240008738896
hist,LE2-1231.001,1855,2.918765783503287
hist,LE2-1231.001,1856,2.940965616896582
hist,LE2-1231.001,1857,2.938360874563705
hist,LE2-1231.001,1858,2.944509952687928
hist,LE2-1231.001,1859,2.9678732080274632
hist,LE2-1231.001,1860,2.9564170495171016
hist,LE2-1231.001,1861,2.9294714738478094
hist,LE2-1231.001,1862,2.9413493246083657
hist,LE2-1231.001,1863,2.942930724451219
hist,LE2-1231.001,1864,2.9503716318580477
hist,LE2-1231.001,1865,2.9205272065619696
hist,LE2-1231.001,1866,2.9518426017066055
hist,LE2-1231.001,1867,2.9491722147839905
hist,LE2-1231.001,1868,2.940520498920612
hist,LE2-1231.001,1869,2.947529626119929
hist,LE2-1231.001,1870,2.9499184783159933
hist,LE2-1231.001,1871,2.958888607714606
hist,LE2-1231.001,1872,2.923509158414434
hist,LE2-1231.001,1873,2.94498745780293
hist,LE2-1231.001,1874,2.95063509565896
hist,LE2-1231.001,1875,2.946358079416547
hist,LE2-1231.001,1876,2.9454719192577863
hist,LE2-1231.001,1877,2.9814928951969764
hist,LE2-1231.001,1878,2.940015914485386
hist,LE2-1231.001,1879,2.935081771969142
hist,LE2-1231.001,1880,2.9464591334883563
hist,LE2-1231.001,1881,2.95268236079864
hist,LE2-1231.001,1882,2.962804808202516
hist,LE2-1231.001,1883,2.920697579756813
hist,LE2-1231.001,1884,2.9202554429375125
hist,LE2-1231.001,1885,2.932365685468658
hist,LE2-1231.001,1886,2.9304405543934307
hist,LE2-1231.001,1887,2.9366556213074504
hist,LE2-1231.001,1888,2.945127344943333
hist,LE2-1231.001,1889,2.9309871518345885
hist,LE2-1231.001,1890,2.9314096080441816
hist,LE2-1231.001,1891,2.9428793051084323
hist,LE2-1231.001,1892,2.9374141224701
hist,LE2-1231.001,1893,2.9527403503198717
hist,LE2-1231.001,1894,2.938479494071182
hist,LE2-1231.001,1895,2.9219311217282415
hist,LE2-1231.001,1896,2.9436377385364025
hist,LE2-1231.001,1897,2.95624293807869
hist,LE2-1231.001,1898,2.9357576701556964
hist,LE2-1231.001,1899,2.940809014425367
hist,LE2-1231.001,1900,2.9582721032121393
hist,LE2-1231.001,1901,2.933223020747013
hist,LE2-1231.001,1902,2.957430885736558
hist,LE2-1231.001,1903,2.937504160325859
hist,LE2-1231.001,1904,2.9229067549070287
hist,LE2-1231.001,1905,2.9335688513618026
hist,LE2-1231.001,1906,2.9598789224559803
hist,LE2-1231.001,1907,2.9417463809663005
hist,LE2-1231.001,1908,2.941968557114461
hist,LE2-1231.001,1909,2.9586386465186636
hist,LE2-1231.001,1910,2.9454193174819525
hist,LE2-1231.001,1911,2.9367367341071877
hist,LE2-1231.001,1912,2.964800709754351
hist,LE2-1231.001,1913,2.923835718872608
hist,LE2-1231.001,1914,2.9302786209192453
hist,LE2-1231.001,1915,2.9234797899820437
hist,LE2-1231.001,1916,2.9474502935007503
hist,LE2-1231.001,1917,2.937594227995542
hist,LE2-1231.001,1918,2.9595519969422797
hist,LE2-1231.001,1919,2.9475783905385113
hist,LE2-1231.001,1920,2.9478143019601357
hist,LE2-1231.001,1921,2.9435649208597585
hist,LE2-1231.001,1922,2.9223613620941635
hist,LE2-1231.001,1923,2.9370169457231765
hist,LE2-1231.001,1924,2.9417003427668984
hist,LE2-1231.001,1925,2.9391529409780985
hist,LE2-1231.001,1926,2.9429437314069387
hist,LE2-1231.001,1927,2.9503322268749836
hist,LE2-1231.001,1928,2.944266035853478
hist,LE2-1231.001,1929,2.9262149645652205
hist,LE2-1231.001,1930,2.9397080562539846
hist,LE2-1231.001,1931,2.9371184755086865
hist,LE2-1231.001,1932,2.9432259760824135
hist,LE2-1231.001,1933,2.948220040060721
hist,LE2-1231.001,1934,2.964849590535458
hist,LE2-1231.001,1935,2.957409350629435
hist,LE2-1231.001,1936,2.9376290767698174
hist,LE2-1231.001,1937,2.9265049841462423
hist,LE2-1231.001,1938,2.940638738260136
hist,LE2-1231.001,1939,2.9528986090305955
hist,LE2-1231.001,1940,2.9794965670547606
hist,LE2-1231.001,1941,2.942894990422102
hist,LE2-1231.001,1942,2.949428535982789
hist,LE2-1231.001,1943,2.9558771672081052
hist,LE2-1231.001,1944,2.9387649094874533
hist,LE2-1231.001,1945,2.9590195997055964
hist,LE2-1231.001,1946,2.9697669815130876
hist,LE2-1231.001,1947,2.9435122970983096
hist,LE2-1231.001,1948,2.9322987654313746
hist,LE2-1231.001,1949,2.9529119159389117
hist,LE2-1231.001,1950,2.933582521565261
hist,LE2-1231.001,1951,2.960143771792196
hist,LE2-1231.001,1952,2.94434471671433
hist,LE2-1231.001,1953,2.9378839740991465
hist,LE2-1231.001,1954,2.925994518901611
hist,LE2-1231.001,1955,2.9539297315302417
hist,LE2-1231.001,1956,2.95408041993214
hist,LE2-1231.001,1957,2.9343226604532697
hist,LE2-1231.001,1958,2.9381267178908277
hist,LE2-1231.001,1959,2.9599483625861884
hist,LE2-1231.001,1960,2.948583187522781
hist,LE2-1231.001,1961,2.9207801219937433
hist,LE2-1231.001,1962,2.929257777759076
hist,LE2-1231.001,1963,2.932481101857267
hist,LE2-1231.001,1964,2.9250317890556317
hist,LE2-1231.001,1965,2.9198925956313295
hist,LE2-1231.001,1966,2.9204124836155536
hist,LE2-1231.001,1967,2.9308382479974115
hist,LE2-1231.001,1968,2.9345235861721655
hist,LE2-1231.001,1969,2.9331309911551955
hist,LE2-1231.001,1970,2.9137432089241706
hist,LE2-1231.001,1971,2.9424806164311033
hist,LE2-1231.001,1972,2.921426946135335
hist,LE2-1231.001,1973,2.937656501652252
hist,LE2-1231.001,1974,2.9493885128656987
hist,LE2-1231.001,1975,2.9209579606052465
hist,LE2-1231.001,1976,2.9537630013831153
hist,LE2-1231.001,1977,2.9295412752528196
hist,LE2-1231.001,1978,2.920381251106924
hist,LE2-1231.001,1979,2.9412865760652473
hist,LE2-1231.001,1980,2.9238325563216394
hist,LE2-1231.001,1981,2.944698053655517
hist,LE2-1231.001,1982,2.920382029947335
hist,LE2-1231.001,1983,2.928243220535857
hist,LE2-1231.001,1984,2.910503188924943
hist,LE2-1231.001,1985,2.9246950512435252
hist,LE2-1231.001,1986,2.947636282931387
hist,LE2-1231.001,1987,2.9289374049746058
hist,LE2-1231.001,1988,2.91061515236725
hist,LE2-1231.001,1989,2.9291060934850797
hist,LE2-1231.001,1990,2.9381260463809626
hist,LE2-1231.001,1991,2.927083241219126
hist,LE2-1231.001,1992,2.92570893772046
hist,LE2-1231.001,1993,2.938976212757395
hist,LE2-1231.001,1994,2.9707753004177775
hist,LE2-1231.001,1995,2.9381258467594735
hist,LE2-1231.001,1996,2.9157706429431802
hist,LE2-1231.001,1997,2.938244877447814
hist,LE2-1231.001,1998,2.962150277010195
hist,LE2-1231.001,1999,2.949479807155626
hist,LE2-1231.001,2000,2.9412351235455283
hist,LE2-1231.001,2001,2.9500725926961615
hist,LE2-1231.001,2002,2.953530754794132
hist,LE2-1231.001,2003,2.9526632942564253
hist,LE2-1231.001,2004,2.9510822650208315
hist,LE2-1231.001,2005,2.9685682180057653
hist,LE2-1231.001,2006,2.9341280525642146
hist,LE2-1231.001,2007,2.9386818315710492
hist,LE2-1231.001,2008,2.9534013840865647
hist,LE2-1231.001,2009,2.978806353066556
hist,LE2-1231.001,2010,2.9361288482531314
hist,LE2-1231.001,2011,2.935250632094968
hist,LE2-1231.001,2012,2.975441122626953
hist,LE2-1231.001,2013,2.94213917512882
hist,LE2-1231.001,2014,2.9465788768130143
hist,LE2-1231.002,1850,2.955222166469102
hist,LE2-1231.002,1851,2.9368245932281405
hist,LE2-1231.002,1852,2.953289092544664
hist,LE2-1231.002,1853,2.962901274737664
hist,LE2-1231.002,1854,2.929599742532929
hist,LE2-1231.002,1855,2.947378692337394
hist,LE2-1231.002,1856,2.933772267533905
hist,LE2-1231.002,1857,2.9374122768380553
hist,LE2-1231.002,1858,2.9530493016768635
hist,LE2-1231.002,1859,2.9445778308493447
hist,LE2-1231.002,1860,2.9591355382084967
hist,LE2-1231.002,1861,2.9565973046355487
hist,LE2-1231.002,1862,2.93221909918917
hist,LE2-1231.002,1863,2.932819033144535
hist,LE2-1231.002,1864,2.9516861036341244
hist,LE2-1231.002,1865,2.9339032868026984
hist,LE2-1231.002,1866,2.9362329936489404
hist,LE2-1231.002,1867,2.948026114204635
hist,LE2-1231.002,1868,2.962980015893043
hist,LE2-1231.002,1869,2.953881014323706
hist,LE2-1231.002,1870,2.9554388932171345
hist,LE2-1231.002,1871,2.9611655140333335
hist,LE2-1231.002,1872,2.984449491249822
hist,LE2-1231.002,1873,2.932382911559235
hist,LE2-1231.002,1874,2.926664256502235
hist,LE2-1231.002,1875,2.951859808823247
hist,LE2-1231.002,1876,2.9397161376259295
hist,LE2-1231.002,1877,2.9448862886276355
hist,LE2-1231.002,1878,2.932919648846814
hist,LE2-1231.002,1879,2.9599783901874663
hist,LE2-1231.002,1880,2.9490456890108065
hist,LE2-1231.002,1881,2.9526288113232937
hist,LE2-1231.002,1882,2.950736444088643
hist,LE2-1231.002,1883,2.9519696489086606
hist,LE2-1231.002,1884,2.9359516528354033
hist,LE2-1231.002,1885,2.95533838844071
hist,LE2-1231.002,1886,2.9162423198489997
hist,LE2-1231.002,1887,2.9190057444899993
hist,LE2-1231.002,1888,2.9360068463737585
hist,LE2-1231.002,1889,2.931801700061918
hist,LE2-1231.002,1890,2.9361952079139835
hist,LE2-1231.002,1891,2.9187101407366813
hist,LE2-1231.002,1892,2.959588333285716
hist,LE2-1231.002,1893,2.94840596632953
hist,LE2-1231.002,1894,2.956067536402394
hist,LE2-1231.002,1895,2.959104202629908
hist,LE2-1231.002,1896,2.9608449184952677
hist,LE2-1231.002,1897,2.9612899712967558
hist,LE2-1231.002,1898,2.958498696447683
hist,LE2-1231.002,1899,2.9429582303491704
hist,LE2-1231.002,1900,2.960302634240839
hist,LE2-1231.002,1901,2.9512529666332177
hist,LE2-1231.002,1902,2.9725025447980724
hist,LE2-1231.002,1903,2.9519976750748436
hist,LE2-1231.002,1904,2.954954850617067
hist,LE2-1231.002,1905,2.939509886865366
hist,LE2-1231.002,1906,2.9270894757990313
hist,LE2-1231.002,1907,2.945246213679812
hist,LE2-1231.002,1908,2.9398964202466202
hist,LE2-1231.002,1909,2.933031267515505
hist,LE2-1231.002,1910,2.956175631500265
hist,LE2-1231.002,1911,2.9617177269701247
hist,LE2-1231.002,1912,2.9436529538936718
hist,LE2-1231.002,1913,2.9481471915773545
hist,LE2-1231.002,1914,2.9575053838255387
hist,LE2-1231.002,1915,2.928727263812927
hist,LE2-1231.002,1916,2.9293350362677755
hist,LE2-1231.002,1917,2.962862562917996
hist,LE2-1231.002,1918,2.9369235486648324
hist,LE2-1231.002,1919,2.963808947509862
hist,LE2-1231.002,1920,2.956268922039631
hist,LE2-1231.002,1921,2.9696904007286715
hist,LE2-1231.002,1922,2.944150056222263
hist,LE2-1231.002,1923,2.9464710380241637
hist,LE2-1231.002,1924,2.947021343956786
hist,LE2-1231.002,1925,2.931661171905868
hist,LE2-1231.002,1926,2.9531811472549845
hist,LE2-1231.002,1927,2.9497934266054706
hist,LE2-1231.002,1928,2.9560301728084863
hist,LE2-1231.002,1929,2.9487768782086805
hist,LE2-1231.002,1930,2.954102127759053
hist,LE2-1231.002,1931,2.9566031469246163
hist,LE2-1231.002,1932,2.949253418336183
hist,LE2-1231.002,1933,2.957050739575057
hist,LE2-1231.002,1934,2.949236235614854
hist,LE2-1231.002,1935,2.965408380783482
hist,LE2-1231.002,1936,2.9691380789651336
hist,LE2-1231.002,1937,2.9486456989450023
hist,LE2-1231.002,1938,2.9449835619451137
hist,LE2-1231.002,1939,2.9420780680615386
hist,LE2-1231.002,1940,2.9234413824805343
hist,LE2-1231.002,1941,2.931470595491588
hist,LE2-1231.002,1942,2.947648227186769
hist,LE2-1231.002,1943,2.9584036804695586
hist,LE2-1231.002,1944,2.949561092782163
hist,LE2-1231.002,1945,2.9650048519994296
hist,LE2-1231.002,1946,2.948546829195552
hist,LE2-1231.002,1947,2.9515537066403725
hist,LE2-1231.002,1948,2.9736093006659035
hist,LE2-1231.002,1949,2.9499743495013093
hist,LE2-1231.002,1950,2.961433030726204
hist,LE2-1231.002,1951,2.9374983283756513
hist,LE2-1231.002,1952,2.9496962738933474
hist,LE2-1231.002,1953,2.9652744933007797
hist,LE2-1231.002,1954,2.970823606285691
hist,LE2-1231.002,1955,2.932570298504163
hist,LE2-1231.002,1956,2.927360283440339
hist,LE2-1231.002,1957,2.9587651780176434
hist,LE2-1231.002,1958,2.9300985029748987
hist,LE2-1231.002,1959,2.9505611441735464
hist,LE2-1231.002,1960,2.9707401680712673
hist,LE2-1231.002,1961,2.958686462946921
hist,LE2-1231.002,1962,2.9372026236981137
hist,LE2-1231.002,1963,2.9752838911239943
hist,LE2-1231.002,1964,2.9353450008787445
hist,LE2-1231.002,1965,2.9068567926185724
hist,LE2-1231.002,1966,2.9300560903413397
hist,LE2-1231.002,1967,2.948490021165908
hist,LE2-1231.002,1968,2.9180266114639717
hist,LE2-1231.002,1969,2.925252253937886
hist,LE2-1231.002,1970,2.9316058970138608
hist,LE2-1231.002,1971,2.9272164159529774
hist,LE2-1231.002,1972,2.936918041774683
hist,LE2-1231.002,1973,2.912744511372109
hist,LE2-1231.002,1974,2.9341588068177593
hist,LE2-1231.002,1975,2.93553376781354
hist,LE2-1231.002,1976,2.987820819661916
hist,LE2-1231.002,1977,2.923301624567475
hist,LE2-1231.002,1978,2.888913067206649
hist,LE2-1231.002,1979,2.935143913718754
hist,LE2-1231.002,1980,2.9292727983792632
hist,LE2-1231.002,1981,2.956101454877544
hist,LE2-1231.002,1982,2.938321435553039
hist,LE2-1231.002,1983,2.946309909200862
hist,LE2-1231.002,1984,2.9306791882625145
hist,LE2-1231.002,1985,2.9510568404418382
hist,LE2-1231.002,1986,2.922438702764043
hist,LE2-1231.002,1987,2.9169660215642086
hist,LE2-1231.002,1988,2.9362167038126272
hist,LE2-1231.002,1989,2.9465473178783665
hist,LE2-1231.002,1990,2.9144527514890015
hist,LE2-1231.002,1991,2.9212161859241124
hist,LE2-1231.002,1992,2.9339057070769794
hist,LE2-1231.002,1993,2.9153784867062162
hist,LE2-1231.002,1994,2.916756053538122
hist,LE2-1231.002,1995,2.9243458943646803
hist,LE2-1231.002,1996,2.9528950357665633
hist,LE2-1231.002,1997,2.9063033915060883
hist,LE2-1231.002,1998,2.9367554064305517
hist,LE2-1231.002,1999,2.945807474671412
hist,LE2-1231.002,2000,2.926288784538689
hist,LE2-1231.002,2001,2.9327837951555225
hist,LE2-1231.002,2002,2.9608826212334067
hist,LE2-1231.002,2003,2.969350510363632
hist,LE2-1231.002,2004,2.934162475584195
hist,LE2-1231.002,2005,2.935577080364492
hist,LE2-1231.002,2006,2.963564394859444
hist,LE2-1231.002,2007,2.95068183181335
hist,LE2-1231.002,2008,2.9458827145798105
hist,LE2-1231.002,2009,2.9611351480206722
hist,LE2-1231.002,2010,2.9717630927071648
hist,LE2-1231.002,2011,2.9845151587241854
hist,LE2-1231.002,2012,2.9474817950310648
hist,LE2-1231.002,2013,2.9407340692956114
hist,LE2-1231.002,2014,2.982348687004474
hist,LE2-1231.003,1850,2.939452545717766
hist,LE2-1231.003,1851,2.9750830804275537
hist,LE2-1231.003,1852,2.9582074417067084
hist,LE2-1231.003,1853,2.953353997309208
hist,LE2-1231.003,1854,2.935486853170543
hist,LE2-1231.003,1855,2.945419939471514
hist,LE2-1231.003,1856,2.961729499909587
hist,LE2-1231.003,1857,2.9309701946813154
hist,LE2-1231.003,1858,2.9402669368396217
hist,LE2-1231.003,1859,2.943518079001605
hist,LE2-1231.003,1860,2.945019215528832
hist,LE2-1231.003,1861,2.952526513947124
hist,LE2-1231.003,1862,2.93376274672758
hist,LE2-1231.003,1863,2.9309500903750374
hist,LE2-1231.003,1864,2.955902380878779
hist,LE2-1231.003,1865,2.9508858621930916
hist,LE2-1231.003,1866,2.9433071897808047
hist,LE2-1231.003,1867,2.927763358617957
hist,LE2-1231.003,1868,2.9613583286748653
hist,LE2-1231.003,1869,2.9396944021303737
hist,LE2-1231.003,1870,2.9488010565924623
hist,LE2-1231.003,1871,2.9413713937696864
hist,LE2-1231.003,1872,2.937617517249042
hist,LE2-1231.003,1873,2.9412367324318494
hist,LE2-1231.003,1874,2.965416470573547
hist,LE2-1231.003,1875,2.956041561215794
hist,LE2-1231.003,1876,2.9499072433208346
hist,LE2-1231.003,1877,2.954170235092509
hist,LE2-1231.003,1878,2.938143720913114
hist,LE2-1231.003,1879,2.935049891532011
hist,LE2-1231.003,1880,2.94556665179302
hist,LE2-1231.003,1881,2.9495785143444158
hist,LE2-1231.003,1882,2.9591533419463967
hist,LE2-1231.003,1883,2.9591471266371214
hist,LE2-1231.003,1884,2.9321866098200426
hist,LE2-1231.003,1885,2.932576196211622
hist,LE2-1231.003,1886,2.9511216252665022
hist,LE2-1231.003,1887,2.9350749615749137
hist,LE2-1231.003,1888,2.942933691627065
hist,LE2-1231.003,1889,2.94263885270473
hist,LE2-1231.003,1890,2.980265997194469
hist,LE2-1231.003,1891,2.94178285781133
hist,LE2-1231.003,1892,2.9560120613169936
hist,LE2-1231.003,1893,2.95938278713419
hist,LE2-1231.003,1894,2.926455644355708
hist,LE2-1231.003,1895,2.934752538536712
hist,LE2-1231.003,1896,2.950577175665033
hist,LE2-1231.003,1897,2.9491763859107754
hist,LE2-1231.003,1898,2.9309778824584556
hist,LE2-1231.003,1899,2.9184584500211113
hist,LE2-1231.003,1900,2.943658996744492
hist,LE2-1231.003,1901,2.948144100767289
hist,LE2-1231.003,1902,2.9263654883685324
hist,LE2-1231.003,1903,2.9263808270272387
hist,LE2-1231.003,1904,2.9446958217548076
hist,LE2-1231.003,1905,2.940457564016706
hist,LE2-1231.003,1906,2.9346158471890376
hist,LE2-1231.003,1907,2.952315820115768
hist,LE2-1231.003,1908,2.943258477476585
hist,LE2-1231.003,1909,2.935062006145624
hist,LE2-1231.003,1910,2.928009362800141
hist,LE2-1231.003,1911,2.943555859509488
hist,LE2-1231.003,1912,2.953543961077621
hist,LE2-1231.003,1913,2.9463335479457617
hist,LE2-1231.003,1914,2.9591325979361693
hist,LE2-1231.003,1915,2.9257731940695675
hist,LE2-1231.003,1916,2.938304009015466
hist,LE2-1231.003,1917,2.9437449915676432
hist,LE2-1231.003,1918,2.9291136560117144
hist,LE2-1231.003,1919,2.930039131989149
hist,LE2-1231.003,1920,2.933492562908696
hist,LE2-1231.003,1921,2.916268151953933
hist,LE2-1231.003,1922,2.9476647462667227
hist,LE2-1231.003,1923,2.9520033931835403
hist,LE2-1231.003,1924,2.931211112007431
hist,LE2-1231.003,1925,2.9465788075399404
hist,LE2-1231.003,1926,2.9475879027447607
hist,LE2-1231.003,1927,2.969925355208011
hist,LE2-1231.003,1928,2.9394827740093765
hist,LE2-1231.003,1929,2.944542622388448
hist,LE2-1231.003,1930,2.956229504564384
hist,LE2-1231.003,1931,2.951670387198874
hist,LE2-1231.003,1932,2.9533033767591044
hist,LE2-1231.003,1933,2.938230172045956
hist,LE2-1231.003,1934,2.9532292920431393
hist,LE2-1231.003,1935,2.9773189859413134
hist,LE2-1231.003,1936,2.930216134793778
hist,LE2-1231.003,1937,2.9525955316167
hist,LE2-1231.003,1938,2.9732640134795916
hist,LE2-1231.003,1939,2.9488356979921635
hist,LE2-1231.003,1940,2.945842120874227
hist,LE2-1231.003,1941,2.9595708945139956
hist,LE2-1231.003,1942,2.9383344462675987
hist,LE2-1231.003,1943,2.953449112755943
hist,LE2-1231.003,1944,2.938271967026053
hist,LE2-1231.003,1945,2.940392315856367
hist,LE2-1231.003,1946,2.9325330335860835
hist,LE2-1231.003,1947,2.927560899268303
hist,LE2-1231.003,1948,2.9603072961918646
hist,LE2-1231.003,1949,2.9509639930749967
hist,LE2-1231.003,1950,2.923880399569647
hist,LE2-1231.003,1951,2.9306065176961464
hist,LE2-1231.003,1952,2.9488873210173985
hist,LE2-1231.003,1953,2.9476356517608586
hist,LE2-1231.003,1954,2.9310774492764406
hist,LE2-1231.003,1955,2.9315950574784337
hist,LE2-1231.003,1956,2.9422590968975935
hist,LE2-1231.003,1957,2.94448092481945
hist,LE2-1231.003,1958,2.9419957582142073
hist,LE2-1231.003,1959,2.919831361551212
hist,LE2-1231.003,1960,2.94752773054685
hist,LE2-1231.003,1961,2.919926773308039
hist,LE2-1231.003,1962,2.941726596046267
hist,LE2-1231.003,1963,2.9370781914389097
hist,LE2-1231.003,1964,2.9200398183178256
hist,LE2-1231.003,1965,2.914948175574884
hist,LE2-1231.003,1966,2.917668604497891
hist,LE2-1231.003,1967,2.8942867649538275
hist,LE2-1231.003,1968,2.9145577276601795
hist,LE2-1231.003,1969,2.9261050907254282
hist,LE2-1231.003,1970,2.9389303162171867
hist,LE2-1231.003,1971,2.9351066989895336
hist,LE2-1231.003,1972,2.910536403252019
hist,LE2-1231.003,1973,2.9208668702577634
hist,LE2-1231.003,1974,2.9469002556426847
hist,LE2-1231.003,1975,2.913722075940032
hist,LE2-1231.003,1976,2.9076310308343913
hist,LE2-1231.003,1977,2.9444180849180666
hist,LE2-1231.003,1978,2.9258697032901657
hist,LE2-1231.003,1979,2.9143566303844395
hist,LE2-1231.003,1980,2.933556319086419
hist,LE2-1231.003,1981,2.942659819934372
hist,LE2-1231.003,1982,2.935692589105427
hist,LE2-1231.003,1983,2.93119792100771
hist,LE2-1231.003,1984,2.9209468572239117
hist,LE2-1231.003,1985,2.8995794001852344
hist,LE2-1231.003,1986,2.9281676995937844
hist,LE2-1231.003,1987,2.94051278983876
hist,LE2-1231.003,1988,2.9188776814339983
hist,LE2-1231.003,1989,2.925550015728468
hist,LE2-1231.003,1990,2.939613200214702
hist,LE2-1231.003,1991,2.945138919492988
hist,LE2-1231.003,1992,2.907199720788627
hist,LE2-1231.003,1993,2.917466377422527
hist,LE2-1231.003,1994,2.922686311613652
hist,LE2-1231.003,1995,2.9247429144334167
hist,LE2-1231.003,1996,2.9337928510689935
hist,LE2-1231.003,1997,2.912316082014029
hist,LE2-1231.003,1998,2.904727511763215
hist,LE2-1231.003,1999,2.941121136690663
hist,LE2-1231.003,2000,2.9472413395411405
hist,LE2-1231.003,2001,2.9587554004563135
hist,LE2-1231.003,2002,2.9390834520204665
hist,LE2-1231.003,2003,2.9509994856486954
hist,LE2-1231.003,2004,2.964369595143013
hist,LE2-1231.003,2005,2.9414335120974617
hist,LE2-1231.003,2006,2.9305372209466753
hist,LE2-1231.003,2007,2.95755434801706
hist,LE2-1231.003,2008,2.9698593888415328
hist,LE2-1231.003,2009,2.9485291650880754
hist,LE2-1231.003,2010,2.943182741377027
hist,LE2-1231.003,2011,2.955332198108046
hist,LE2-1231.003,2012,2.961152541160663
hist,LE2-1231.003,2013,2.9561160892021356
hist,LE2-1231.003,2014,2.9537229253078245
hist,LE2-1231.004,1850,2.956696120007905
hist,LE2-1231.004,1851,2.9348970602506004
hist,LE2-1231.004,1852,2.955327149903932
hist,LE2-1231.004,1853,2.9470808121883403
hist,LE2-1231.004,1854,2.9378677287488255
hist,LE2-1231.004,1855,2.94866168954687
hist,LE2-1231.004,1856,2.939817630696912
hist,LE2-1231.004,1857,2.937484299404936
hist,LE2-1231.004,1858,2.9503881643061804
hist,LE2-1231.004,1859,2.942845755650943
hist,LE2-1231.004,1860,2.924359699237186
hist,LE2-1231.004,1861,2.9466896216368617
hist,LE2-1231.004,1862,2.9472846439950358
hist,LE2-1231.004,1863,2.9611331912570704
hist,LE2-1231.004,1864,2.9336104795707403
hist,LE2-1231.004,1865,2.9522862604227287
hist,LE2-1231.004,1866,2.9647755140411842
hist,LE2-1231.004,1867,2.947425375874183
hist,LE2-1231.004,1868,2.9529507269126873
hist,LE2-1231.004,1869,2.936201513541853
hist,LE2-1231.004,1870,2.9362553116441776
hist,LE2-1231.004,1871,2.95359192625348
hist,LE2-1231.004,1872,2.96185544791108
hist,LE2-1231.004,1873,2.9717702032410607
hist,LE2-1231.004,1874,2.9507158330551637
hist,LE2-1231.004,1875,2.961644175708337
hist,LE2-1231.004,1876,2.965859335946603
hist,LE2-1231.004,1877,2.9450308095938107
hist,LE2-1231.004,1878,2.9444693640446253
hist,LE2-1231.004,1879,2.9360418488465068
hist,LE2-1231.004,1880,2.9376127761817856
hist,LE2-1231.004,1881,2.947333165118951
hist,LE2-1231.004,1882,2.9534524489714546
hist,LE2-1231.004,1883,2.958804669794537
hist,LE2-1231.004,1884,2.951736301391218
hist,LE2-1231.004,1885,2.946316125577429
hist,LE2-1231.004,1886,2.9246992528129967
hist,LE2-1231.004,1887,2.9448975742533365
hist,LE2-1231.004,1888,2.9653197563641784
hist,LE2-1231.004,1889,2.9476989549203494
hist,LE2-1231.004,1890,2.9226869418635686
hist,LE2-1231.004,1891,2.935663782350367
hist,LE2-1231.004,1892,2.9501748027761807
hist,LE2-1231.004,1893,2.9322632431038063
hist,LE2-1231.004,1894,2.951261634404797
hist,LE2-1231.004,1895,2.949178720935283
hist,LE2-1231.004,1896,2.9467203260214356
hist,LE2-1231.004,1897,2.9410142919918028
hist,LE2-1231.004,1898,2.9539472138168876
hist,LE2-1231.004,1899,2.95803325585754
hist,LE2-1231.004,1900,2.9642933980026087
hist,LE2-1231.004,1901,2.9511514196311364
hist,LE2-1231.004,1902,2.9336291851948912
hist,LE2-1231.004,1903,2.9547152081367076
hist,LE2-1231.004,1904,2.9437425439311276
hist,LE2-1231.004,1905,2.966254403392
hist,LE2-1231.004,1906,2.945442925616955
hist,LE2-1231.004,1907,2.9386026029455654
hist,LE2-1231.004,1908,2.928589751709718
hist,LE2-1231.004,1909,2.9504920847379306
hist,LE2-1231.004,1910,2.911546789894942
hist,LE2-1231.004,1911,2.954923220658248
hist,LE2-1231.004,1912,2.944720851815804
hist,LE2-1231.004,1913,2.935424686011081
hist,LE2-1231.004,1914,2.93585114268287
hist,LE2-1231.004,1915,2.9364064493017663
hist,LE2-1231.004,1916,2.9488844027221934
hist,LE2-1231.004,1917,2.9613257960714905
hist,LE2-1231.004,1918,2.9602802292821764
hist,LE2-1231.004,1919,2.928626623283351
hist,LE2-1231.004,1920,2.9447237063888183
hist,LE2-1231.004,1921,2.9543630256811446
hist,LE2-1231.004,1922,2.9658713856789642
hist,LE2-1231.004,1923,2.9498311213559236
hist,LE2-1231.004,1924,2.9560681917879807
hist,LE2-1231.004,1925,2.9532055285661163
hist,LE2-1231.004,1926,2.9868141909751733
hist,LE2-1231.004,1927,2.928045794225347
hist,LE2-1231.004,1928,2.923920901611088
hist,LE2-1231.004,1929,2.9430448608022
hist,LE2-1231.004,1930,2.9419602582395985
hist,LE2-1231.004,1931,2.941100926627206
hist,LE2-1231.004,1932,2.955736911070639
hist,LE2-1231.004,1933,2.9714638866532805
hist,LE2-1231.004,1934,2.9353304917683083
hist,LE2-1231.004,1935,2.953762130228759
hist,LE2-1231.004,1936,2.9544114309197704
hist,LE2-1231.004,1937,2.949044165639583
hist,LE2-1231.004,1938,2.9366139592125067
hist,LE2-1231.004,1939,2.9483368973775588
hist,LE2-1231.004,1940,2.951197566210464
hist,LE2-1231.004,1941,2.9275687095247416
hist,LE2-1231.004,1942,2.925898209084632
hist,LE2-1231.004,1943,2.9426588205940765
hist,LE2-1231.004,1944,2.942067342670903
hist,LE2-1231.004,1945,2.95909397512024
hist,LE2-1231.004,1946,2.9373192851595054
hist,LE2-1231.004,1947,2.9503645929730067
hist,LE2-1231.004,1948,2.9454349948044207
hist,LE2-1231.004,1949,2.9588338286989333
hist,LE2-1231.004,1950,2.9432517801745424
hist,LE2-1231.004,1951,2.9224163706374116
hist,LE2-1231.004,1952,2.934504783883913
hist,LE2-1231.004,1953,2.9648081321261235
hist,LE2-1231.004,1954,2.9564614486644483
hist,LE2-1231.004,1955,2.952145439973314
hist,LE2-1231.004,1956,2.9515240953551922
hist,LE2-1231.004,1957,2.935451674046554
hist,LE2-1231.004,1958,2.945166141079371
hist,LE2-1231.004,1959,2.9494348729410653
hist,LE2-1231.004,1960,2.9352386518220963
hist,LE2-1231.004,1961,2.9532958289443085
hist,LE2-1231.004,1962,2.9392624282915416
hist,LE2-1231.004,1963,2.932445186328509
hist,LE2-1231.004,1964,2.9314624561311886
hist,LE2-1231.004,1965,2.936790511931397
hist,LE2-1231.004,1966,2.917261848423505
hist,LE2-1231.004,1967,2.927312963209862
hist,LE2-1231.004,1968,2.9478180268725023
hist,LE2-1231.004,1969,2.9194850133474133
hist,LE2-1231.004,1970,2.9039587734638106
hist,LE2-1231.004,1971,2.9488142282883643
hist,LE2-1231.004,1972,2.924865105776236
hist,LE2-1231.004,1973,2.914133464106194
hist,LE2-1231.004,1974,2.915187021091369
hist,LE2-1231.004,1975,2.91665546376031
hist,LE2-1231.004,1976,2.915229126608703
hist,LE2-1231.004,1977,2.9311210671569436
hist,LE2-1231.004,1978,2.9248496105414454
hist,LE2-1231.004,1979,2.9103521359996902
hist,LE2-1231.004,1980,2.9323298600653835
hist,LE2-1231.004,1981,2.9378775673694206
hist,LE2-1231.004,1982,2.9195782722545225
hist,LE2-1231.004,1983,2.9116919437709354
hist,LE2-1231.004,1984,2.9213311170262983
hist,LE2-1231.004,1985,2.9341118655215337
hist,LE2-1231.004,1986,2.91805127120476
hist,LE2-1231.004,1987,2.92399782340955
hist,LE2-1231.004,1988,2.91791080580538
hist,LE2-1231.004,1989,2.925164597190546
hist,LE2-1231.004,1990,2.9408796783246944
hist,LE2-1231.004,1991,2.944692303440767
hist,LE2-1231.004,1992,2.9102632490299496
hist,LE2-1231.004,1993,2.937141951557344
hist,LE2-1231.004,1994,2.943669691958079
hist,LE2-1231.004,1995,2.9114905835388973
hist,LE2-1231.004,1996,2.9180184005073895
hist,LE2-1231.004,1997,2.9465014079753047
hist,LE2-1231.004,1998,2.963343882695499
hist,LE2-1231.004,1999,2.9436056832753166
hist,LE2-1231.004,2000,2.9304565195772208
hist,LE2-1231.004,2001,2.9599176298666605
hist,LE2-1231.004,2002,2.9613530400677175
hist,LE2-1231.004,2003,2.9456252572531683
hist,LE2-1231.004,2004,2.945478396644145
hist,LE2-1231.004,2005,2.9535802027674607
hist,LE2-1231.004,2006,2.9483971520872907
hist,LE2-1231.004,2007,2.9690200345424684
hist,LE2-1231.004,2008,2.942688272160775
hist,LE2-1231.004,2009,2.9560929522848585
hist,LE2-1231.004,2010,2.941686977757544
hist,LE2-1231.004,2011,2.962973498908719
hist,LE2-1231.004,2012,2.953651806354949
hist,LE2-1231.004,2013,2.9603109176349265
hist,LE2-1231.004,2014,2.954577832909913
hist,LE2-1231.005,1850,2.9511029807052465
hist,LE2-1231.005,1851,2.964223769896001
hist,LE2-1231.005,1852,2.96580635880761
hist,LE2-1231.005,1853,2.9443196489939014
hist,LE2-1231.005,1854,2.942583608524043
hist,LE2-1231.005,1855,2.9530457817837847
hist,LE2-1231.005,1856,2.9528693713103427
hist,LE2-1231.005,1857,2.930218047967798
hist,LE2-1231.005,1858,2.9379309966410934
hist,LE2-1231.005,1859,2.95066405479701
hist,LE2-1231.005,1860,2.9359754571615473
hist,LE2-1231.005,1861,2.926684845791095
hist,LE2-1231.005,1862,2.9328145027143866
hist,LE2-1231.005,1863,2.9344839799495666
hist,LE2-1231.005,1864,2.9289582127304485
hist,LE2-1231.005,1865,2.9270468043195312
hist,LE2-1231.005,1866,2.9395070263938132
hist,LE2-1231.005,1867,2.952168176633822
hist,LE2-1231.005,1868,2.9679118366948587
hist,LE2-1231.005,1869,2.942596670060559
hist,LE2-1231.005,1870,2.9582273595831703
hist,LE2-1231.005,1871,2.967470869335779
hist,LE2-1231.005,1872,2.9312605258540994
hist,LE2-1231.005,1873,2.9326880631571965
hist,LE2-1231.005,1874,2.969141535176477
hist,LE2-1231.005,1875,2.9472874776322984
hist,LE2-1231.005,1876,2.933733845704792
hist,LE2-1231.005,1877,2.953979141379813
hist,LE2-1231.005,1878,2.949368172897776
hist,LE2-1231.005,1879,2.9380458630095116
hist,LE2-1231.005,1880,2.932454125004451
hist,LE2-1231.005,1881,2.976511765804534
hist,LE2-1231.005,1882,2.932817509972625
hist,LE2-1231.005,1883,2.9376299469776956
hist,LE2-1231.005,1884,2.9203062957385533
hist,LE2-1231.005,1885,2.9052482399947603
hist,LE2-1231.005,1886,2.9231382343935843
hist,LE2-1231.005,1887,2.9215162272368884
hist,LE2-1231.005,1888,2.9319624167207565
hist,LE2-1231.005,1889,2.940776288734327
hist,LE2-1231.005,1890,2.968362432040774
hist,LE2-1231.005,1891,2.9485623811411052
hist,LE2-1231.005,1892,2.9360130285652812
hist,LE2-1231.005,1893,2.947049485404147
hist,LE2-1231.005,1894,2.9591398165737903
hist,LE2-1231.005,1895,2.9422097969828576
hist,LE2-1231.005,1896,2.9585307920876227
hist,LE2-1231.005,1897,2.9567964717014195
hist,LE2-1231.005,1898,2.953548623558573
hist,LE2-1231.005,1899,2.963088726804222
hist,LE2-1231.005,1900,2.9460669779686603
hist,LE2-1231.005,1901,2.9417398116971833
hist,LE2-1231.005,1902,2.9289942561083566
hist,LE2-1231.005,1903,2.9361112510815124
hist,LE2-1231.005,1904,2.948173778421763
hist,LE2-1231.005,1905,2.9350550536006104
hist,LE2-1231.005,1906,2.9607777236404385
hist,LE2-1231.005,1907,2.9524744885328826
hist,LE2-1231.005,1908,2.956257734831647
hist,LE2-1231.005,1909,2.9448636248548996
hist,LE2-1231.005,1910,2.9389179082951524
hist,LE2-1231.005,1911,2.9372209719549236
hist,LE2-1231.005,1912,2.9234698805164596
hist,LE2-1231.005,1913,2.945748736593777
hist,LE2-1231.005,1914,2.939431787008405
hist,LE2-1231.005,1915,2.9452252210495025
hist,LE2-1231.005,1916,2.9307459866364436
hist,LE2-1231.005,1917,2.9439213698655293
hist,LE2-1231.005,1918,2.9567608039032542
hist,LE2-1231.005,1919,2.919791826509282
hist,LE2-1231.005,1920,2.9221899849551893
hist,LE2-1231.005,1921,2.947930260630301
hist,LE2-1231.005,1922,2.940228565945827
hist,LE2-1231.005,1923,2.9412301770849583
hist,LE2-1231.005,1924,2.940299841581793
hist,LE2-1231.005,1925,2.939916210338188
hist,LE2-1231.005,1926,2.9523537808244193
hist,LE2-1231.005,1927,2.939860051117051
hist,LE2-1231.005,1928,2.9427977794821585
hist,LE2-1231.005,1929,2.9662188455348915
hist,LE2-1231.005,1930,2.958752539919592
hist,LE2-1231.005,1931,2.929673116753683
hist,LE2-1231.005,1932,2.9648475548093907
hist,LE2-1231.005,1933,2.961386675856545
hist,LE2-1231.005,1934,2.9403850872159776
hist,LE2-1231.005,1935,2.9422982971771994
hist,LE2-1231.005,1936,2.949144315608886
hist,LE2-1231.005,1937,2.947847794376777
hist,LE2-1231.005,1938,2.9439541870737056
hist,LE2-1231.005,1939,2.9420327532810244
hist,LE2-1231.005,1940,2.9412432317765753
hist,LE2-1231.005,1941,2.925122566978554
hist,LE2-1231.005,1942,2.9553452744883377
hist,LE2-1231.005,1943,2.9469886044036087
hist,LE2-1231.005,1944,2.949245703076806
hist,LE2-1231.005,1945,2.965378695537542
hist,LE2-1231.005,1946,2.964770088477556
hist,LE2-1231.005,1947,2.9369963749722734
hist,LE2-1231.005,1948,2.9348624461814987
hist,LE2-1231.005,1949,2.9473950033587046
hist,LE2-1231.005,1950,2.9568104157777944
hist,LE2-1231.005,1951,2.945187440889623
hist,LE2-1231.005,1952,2.953917382119234
hist,LE2-1231.005,1953,2.9775066559752963
hist,LE2-1231.005,1954,2.9555264301568274
hist,LE2-1231.005,1955,2.95192490564282
hist,LE2-1231.005,1956,2.930209395506813
hist,LE2-1231.005,1957,2.9302853672941453
hist,LE2-1231.005,1958,2.948678560324356
hist,LE2-1231.005,1959,2.976038975055627
hist,LE2-1231.005,1960,2.9460930222256088
hist,LE2-1231.005,1961,2.93306185151043
hist,LE2-1231.005,1962,2.9342543628243183
hist,LE2-1231.005,1963,2.950319819140297
hist,LE2-1231.005,1964,2.9535591898869633
hist,LE2-1231.005,1965,2.9330319459453595
hist,LE2-1231.005,1966,2.920117408551661
hist,LE2-1231.005,1967,2.916276308537913
hist,LE2-1231.005,1968,2.9385073371978385
hist,LE2-1231.005,1969,2.9340880836423455
hist,LE2-1231.005,1970,2.9409329552150805
hist,LE2-1231.005,1971,2.9658627049444344
hist,LE2-1231.005,1972,2.9278146568757593
hist,LE2-1231.005,1973,2.9377715829783297
hist,LE2-1231.005,1974,2.958581030439012
hist,LE2-1231.005,1975,2.9213427905462117
hist,LE2-1231.005,1976,2.912029336187517
hist,LE2-1231.005,1977,2.939873552422286
hist,LE2-1231.005,1978,2.9259720408692003
hist,LE2-1231.005,1979,2.9285904236684477
hist,LE2-1231.005,1980,2.9403501945799477
hist,LE2-1231.005,1981,2.932345189630219
hist,LE2-1231.005,1982,2.9187879723535124
hist,LE2-1231.005,1983,2.9326686891718934
hist,LE2-1231.005,1984,2.9355509893548115
hist,LE2-1231.005,1985,2.9228285456537773
hist,LE2-1231.005,1986,2.940627773346222
hist,LE2-1231.005,1987,2.943870954833417
hist,LE2-1231.005,1988,2.927322442447109
hist,LE2-1231.005,1989,2.949992398896847
hist,LE2-1231.005,1990,2.9833243863163377
hist,LE2-1231.005,1991,2.9379484252012245
hist,LE2-1231.005,1992,2.918011694693375
hist,LE2-1231.005,1993,2.923076329003338
hist,LE2-1231.005,1994,2.949994071995808
hist,LE2-1231.005,1995,2.9297137596308755
hist,LE2-1231.005,1996,2.9142553780836096
hist,LE2-1231.005,1997,2.9289563333350226
hist,LE2-1231.005,1998,2.921467616622144
hist,LE2-1231.005,1999,2.9485298237359014
hist,LE2-1231.005,2000,2.959018288585153
hist,LE2-1231.005,2001,2.951553337774054
hist,LE2-1231.005,2002,2.9364343362854566
hist,LE2-1231.005,2003,2.9475709664386045
hist,LE2-1231.005,2004,2.9828173888218084
hist,LE2-1231.005,2005,2.9521222508488267
hist,LE2-1231.005,2006,2.9475219427319392
hist,LE2-1231.005,2007,2.9619996318699275
hist,LE2-1231.005,2008,2.9518760032257543
hist,LE2-1231.005,2009,2.955623890816541
hist,LE2-1231.005,2010,2.958119101991656
hist,LE2-1231.005,2011,2.9382170584887004
hist,LE2-1231.005,2012,2.958071264744463
hist,LE2-1231.005,2013,2.979066498378997
hist,LE2-1231.005,2014,2.973555837095402
hist,LE2-1231.011,1850,2.9447056525487287
hist,LE2-1231.011,1851,2.9447937162664823
hist,LE2-1231.011,1852,2.9525744485355445
hist,LE2-1231.011,1853,2.9336721530771093
hist,LE2-1231.011,1854,2.9509597628873694
hist,LE2-1231.011,1855,2.9501953162243306
hist,LE2-1231.011,1856,2.9537833830441804
hist,LE2-1231.011,1857,2.9457094810127447
hist,LE2-1231.011,1858,2.9495249308441416
hist,LE2-1231.011,1859,2.936763034966334
hist,LE2-1231.011,1860,2.9476890511097786
hist,LE2-1231.011,1861,2.963368846918036
hist,LE2-1231.011,1862,2.9664544445042766
hist,LE2-1231.011,1863,2.9568108233345334
hist,LE2-1231.011,1864,2.9305522470631598
hist,LE2-1231.011,1865,2.9598257775580765
hist,LE2-1231.011,1866,2.9518924322748883
hist,LE2-1231.011,1867,2.9575745832933316
hist,LE2-1231.011,1868,2.9722006215610683
hist,LE2-1231.011,1869,2.960231193739241
hist,LE2-1231.011,1870,2.9536274963274236
hist,LE2-1231.011,1871,2.957358153176543
hist,LE2-1231.011,1872,2.981305761393581
hist,LE2-1231.011,1873,2.924123600283309
hist,LE2-1231.011,1874,2.9472888200762757
hist,LE2-1231.011,1875,2.9907315867420934
hist,LE2-1231.011,1876,2.9378174222446787
hist,LE2-1231.011,1877,2.931174234173872
hist,LE2-1231.011,1878,2.950851554919709
hist,LE2-1231.011,1879,2.950881465949691
hist,LE2-1231.011,1880,2.9536362873993522
hist,LE2-1231.011,1881,2.929148614771924
hist,LE2-1231.011,1882,2.9588614137157823
hist,LE2-1231.011,1883,2.952996151679597
hist,LE2-1231.011,1884,2.9427640524932346
hist,LE2-1231.011,1885,2.9342651047747887
hist,LE2-1231.011,1886,2.925971608539445
hist,LE2-1231.011,1887,2.936416135161366
hist,LE2-1231.011,1888,2.9434326576429544
hist,LE2-1231.011,1889,2.940060163166575
hist,LE2-1231.011,1890,2.942086309537588
hist,LE2-1231.011,1891,2.919862123616052
hist,LE2-1231.011,1892,2.942292290638136
hist,LE2-1231.011,1893,2.956569869750373
hist,LE2-1231.011,1894,2.912348026357908
hist,LE2-1231.011,1895,2.9428003736430774
hist,LE2-1231.011,1896,2.934857247460108
hist,LE2-1231.011,1897,2.9233346052547384
hist,LE2-1231.011,1898,2.9374429268075453
hist,LE2-1231.011,1899,2.9521812942449284
hist,LE2-1231.011,1900,2.944241180317053
hist,LE2-1231.011,1901,2.9422675855684064
hist,LE2-1231.011,1902,2.9630988245985455
hist,LE2-1231.011,1903,2.917802019012817
hist,LE2-1231.011,1904,2.9331078833044546
hist,LE2-1231.011,1905,2.9676985835247676
hist,LE2-1231.011,1906,2.9194377361641783
hist,LE2-1231.011,1907,2.9201158162102723
hist,LE2-1231.011,1908,2.930417663437617
hist,LE2-1231.011,1909,2.9436818592187493
hist,LE2-1231.011,1910,2.9382809690596314
hist,LE2-1231.011,1911,2.9515437526489783
hist,LE2-1231.011,1912,2.9314016589102696
hist,LE2-1231.011,1913,2.918699151383445
hist,LE2-1231.011,1914,2.927185508592919
hist,LE2-1231.011,1915,2.9385085769138533
hist,LE2-1231.011,1916,2.9146884247645524
hist,LE2-1231.011,1917,2.934168063371285
hist,LE2-1231.011,1918,2.9582684303748437
hist,LE2-1231.011,1919,2.949736812702461
hist,LE2-1231.011,1920,2.945413911025231
hist,LE2-1231.011,1921,2.94192112709149
hist,LE2-1231.011,1922,2.9410070798802685
hist,LE2-1231.011,1923,2.9399368080838677
hist,LE2-1231.011,1924,2.964409414659525
hist,LE2-1231.011,1925,2.943723794508787
hist,LE2-1231.011,1926,2.910063853905368
hist,LE2-1231.011,1927,2.9365413197329455
hist,LE2-1231.011,1928,2.948445059036782
hist,LE2-1231.011,1929,2.9375117849094203
hist,LE2-1231.011,1930,2.971454321928145
hist,LE2-1231.011,1931,2.9447774885977247
hist,LE2-1231.011,1932,2.955124158294561
hist,LE2-1231.011,1933,2.949349305645254
hist,LE2-1231.011,1934,2.942482920944324
hist,LE2-1231.011,1935,2.9610876638073513
hist,LE2-1231.011,1936,2.9400138098165476
hist,LE2-1231.011,1937,2.9536538051700076
hist,LE2-1231.011,1938,2.9397553313661065
hist,LE2-1231.011,1939,2.9450771741962973
hist,LE2-1231.011,1940,2.965540475825066
hist,LE2-1231.011,1941,2.93295230871153
hist,LE2-1231.011,1942,2.9493225869580177
hist,LE2-1231.011,1943,2.9396451569189614
hist,LE2-1231.011,1944,2.968597168987254
hist,LE2-1231.011,1945,2.9294011979597747
hist,LE2-1231.011,1946,2.960985843234497
hist,LE2-1231.011,1947,2.9729858934242706
hist,LE2-1231.011,1948,2.927749720211521
hist,LE2-1231.011,1949,2.9193264868841364
hist,LE2-1231.011,1950,2.9508825031230694
hist,LE2-1231.011,1951,2.953556848694819
hist,LE2-1231.011,1952,2.9422193071207245
hist,LE2-1231.011,1953,2.9767343566668543
hist,LE2-1231.011,1954,2.9385801172370187
hist,LE2-1231.011,1955,2.9343183067614285
hist,LE2-1231.011,1956,2.961366512327707
hist,LE2-1231.011,1957,2.941375854336992
hist,LE2-1231.011,1958,2.926159200569362
hist,LE2-1231.011,1959,2.9357411165368545
hist,LE2-1231.011,1960,2.933703273732602
hist,LE2-1231.011,1961,2.944151870985444
hist,LE2-1231.011,1962,2.9626862189879755
hist,LE2-1231.011,1963,2.942432099986332
hist,LE2-1231.011,1964,2.916942984733274
hist,LE2-1231.011,1965,2.929550053587987
hist,LE2-1231.011,1966,2.950662188387215
hist,LE2-1231.011,1967,2.930400375357053
hist,LE2-1231.011,1968,2.9484281475826983
hist,LE2-1231.011,1969,2.935798813534199
hist,LE2-1231.011,1970,2.9447618621405067
hist,LE2-1231.011,1971,2.9613727078084042
hist,LE2-1231.011,1972,2.9190278292137144
hist,LE2-1231.011,1973,2.909227260911571
hist,LE2-1231.011,1974,2.9465112463483063
hist,LE2-1231.011,1975,2.914843706299436
hist,LE2-1231.011,1976,2.913836690429449
hist,LE2-1231.011,1977,2.955311623559469
hist,LE2-1231.011,1978,2.9123281352127597
hist,LE2-1231.011,1979,2.9209564692376015
hist,LE2-1231.011,1980,2.9658911989187904
hist,LE2-1231.011,1981,2.9512872115353805
hist,LE2-1231.011,1982,2.9058617751277445
hist,LE2-1231.011,1983,2.9222922337799755
hist,LE2-1231.011,1984,2.969521968923422
hist,LE2-1231.011,1985,2.9077560887129565
hist,LE2-1231.011,1986,2.9047729292589035
hist,LE2-1231.011,1987,2.9371832797644655
hist,LE2-1231.011,1988,2.936736912218098
hist,LE2-1231.011,1989,2.9024782774690507
hist,LE2-1231.011,1990,2.9475340126504186
hist,LE2-1231.011,1991,2.953703535636597
hist,LE2-1231.011,1992,2.9144116885929963
hist,LE2-1231.011,1993,2.938417844557431
hist,LE2-1231.011,1994,2.960926655797279
hist,LE2-1231.011,1995,2.916239143249401
hist,LE2-1231.011,1996,2.9311063735899627
hist,LE2-1231.011,1997,2.945802939426828
hist,LE2-1231.011,1998,2.961436100684718
hist,LE2-1231.011,1999,2.9299937499347144
hist,LE2-1231.011,2000,2.9151281916542207
hist,LE2-1231.011,2001,2.9426170822548996
hist,LE2-1231.011,2002,2.967411730098287
hist,LE2-1231.011,2003,2.94662721943093
hist,LE2-1231.011,2004,2.9409919458378226
hist,LE2-1231.011,2005,2.962727819147614
hist,LE2-1231.011,2006,2.9638141408172167
hist,LE2-1231.011,2007,2.935821999361437
hist,LE2-1231.011,2008,2.9466495711987153
hist,LE2-1231.011,2009,2.974452954116424
hist,LE2-1231.011,2010,2.952738196208459
hist,LE2-1231.011,2011,2.931140899029888
hist,LE2-1231.011,2012,2.956032332985179
hist,LE2-1231.011,2013,2.9785479950660236
hist,LE2-1231.011,2014,2.944920713561975
hist,LE2-1231.012,1850,2.949577640042897
hist,LE2-1231.012,1851,2.9447123306152303
hist,LE2-1231.012,1852,2.9582396770428416
hist,LE2-1231.012,1853,2.9474846871432505
hist,LE2-1231.012,1854,2.9352517231763806
hist,LE2-1231.012,1855,2.966561686170467
hist,LE2-1231.012,1856,2.934707798386171
hist,LE2-1231.012,1857,2.9231865426081716
hist,LE2-1231.012,1858,2.9600519601876347
hist,LE2-1231.012,1859,2.945414416448155
hist,LE2-1231.012,1860,2.953013089362065
hist,LE2-1231.012,1861,2.959589479611347
hist,LE2-1231.012,1862,2.9574826912232317
hist,LE2-1231.012,1863,2.9405558172118633
hist,LE2-1231.012,1864,2.9443415413855814
hist,LE2-1231.012,1865,2.938186514397372
hist,LE2-1231.012,1866,2.956407537997043
hist,LE2-1231.012,1867,2.945934759672172
hist,LE2-1231.012,1868,2.9558786899420824
hist,LE2-1231.012,1869,2.9545332573088285
hist,LE2-1231.012,1870,2.944743337570587
hist,LE2-1231.012,1871,2.9722575718960815
hist,LE2-1231.012,1872,2.9644836623077095
hist,LE2-1231.012,1873,2.9577137917612237
hist,LE2-1231.012,1874,2.9555032614358185
hist,LE2-1231.012,1875,2.9701805937905883
hist,LE2-1231.012,1876,2.962579514779677
hist,LE2-1231.012,1877,2.9415931420516586
hist,LE2-1231.012,1878,2.9638686713458537
hist,LE2-1231.012,1879,2.9392011280461956
hist,LE2-1231.012,1880,2.9421802536389645
hist,LE2-1231.012,1881,2.9798111209482316
hist,LE2-1231.012,1882,2.950184265959864
hist,LE2-1231.012,1883,2.953194208611061
hist,LE2-1231.012,1884,2.922867545958748
hist,LE2-1231.012,1885,2.9277539132547763
hist,LE2-1231.012,1886,2.9431533582267773
hist,LE2-1231.012,1887,2.933841614172906
hist,LE2-1231.012,1888,2.9289813887061342
hist,LE2-1231.012,1889,2.958412276139032
hist,LE2-1231.012,1890,2.938635149336889
hist,LE2-1231.012,1891,2.931464059749913
hist,LE2-1231.012,1892,2.945241420121727
hist,LE2-1231.012,1893,2.9378717630720383
hist,LE2-1231.012,1894,2.954331606316597
hist,LE2-1231.012,1895,2.931171262270412
hist,LE2-1231.012,1896,2.9497827087890593
hist,LE2-1231.012,1897,2.9568753656340276
hist,LE2-1231.012,1898,2.935580890049701
hist,LE2-1231.012,1899,2.9604251635008483
hist,LE2-1231.012,1900,2.9481891665739135
hist,LE2-1231.012,1901,2.96957695968226
hist,LE2-1231.012,1902,2.920555952286054
hist,LE2-1231.012,1903,2.9220002927800954
hist,LE2-1231.012,1904,2.9385844815195648
hist,LE2-1231.012,1905,2.91547629276058
hist,LE2-1231.012,1906,2.931260336246512
hist,LE2-1231.012,1907,2.9495122338665225
hist,LE2-1231.012,1908,2.9396336895983675
hist,LE2-1231.012,1909,2.9188193257681503
hist,LE2-1231.012,1910,2.9346163695886918
hist,LE2-1231.012,1911,2.939100428332448
hist,LE2-1231.012,1912,2.9317065918838066
hist,LE2-1231.012,1913,2.9306610774884105
hist,LE2-1231.012,1914,2.9318873117137736
hist,LE2-1231.012,1915,2.9261149408605496
hist,LE2-1231.012,1916,2.9440544286848946
hist,LE2-1231.012,1917,2.9652871960480147
hist,LE2-1231.012,1918,2.928780398850784
hist,LE2-1231.012,1919,2.9265891587329658
hist,LE2-1231.012,1920,2.947920689876306
hist,LE2-1231.012,1921,2.943613750472027
hist,LE2-1231.012,1922,2.9568261405661387
hist,LE2-1231.012,1923,2.946532643043322
hist,LE2-1231.012,1924,2.933313921232143
hist,LE2-1231.012,1925,2.9477061127639437
hist,LE2-1231.012,1926,2.9807224937128742
hist,LE2-1231.012,1927,2.9518758862715613
hist,LE2-1231.012,1928,2.91978403171803
hist,LE2-1231.012,1929,2.940230450925356
hist,LE2-1231.012,1930,2.9630207139858538
hist,LE2-1231.012,1931,2.9249818903206326
hist,LE2-1231.012,1932,2.9366326368949456
hist,LE2-1231.012,1933,2.936517829736837
hist,LE2-1231.012,1934,2.9201101270042775
hist,LE2-1231.012,1935,2.9484092438869736
hist,LE2-1231.012,1936,2.946417926116139
hist,LE2-1231.012,1937,2.9379380966684163
hist,LE2-1231.012,1938,2.9633383035168825
hist,LE2-1231.012,1939,2.9433012908756546
hist,LE2-1231.012,1940,2.9269209884266867
hist,LE2-1231.012,1941,2.934462704312305
hist,LE2-1231.012,1942,2.939253718605814
hist,LE2-1231.012,1943,2.946128561081267
hist,LE2-1231.012,1944,2.9473847394495163
hist,LE2-1231.012,1945,2.9298656636785596
hist,LE2-1231.012,1946,2.959912658093986
hist,LE2-1231.012,1947,2.9371895957529097
hist,LE2-1231.012,1948,2.9448406745991624
hist,LE2-1231.012,1949,2.9663794632696017
hist,LE2-1231.012,1950,2.945990154052554
hist,LE2-1231.012,1951,2.9480875098326016
hist,LE2-1231.012,1952,2.9739208613834114
hist,LE2-1231.012,1953,2.9511231284107136
hist,LE2-1231.012,1954,2.9570748043657447
hist,LE2-1231.012,1955,2.943870746209895
hist,LE2-1231.012,1956,2.9480525477853505
hist,LE2-1231.012,1957,2.938976003512898
hist,LE2-1231.012,1958,2.936633592731806
hist,LE2-1231.012,1959,2.90872866443766
hist,LE2-1231.012,1960,2.9337563246581113
hist,LE2-1231.012,1961,2.9338983664139735
hist,LE2-1231.012,1962,2.962898299594897
hist,LE2-1231.012,1963,2.932224345574054
hist,LE2-1231.012,1964,2.9305371061696324
hist,LE2-1231.012,1965,2.9485958143795297
hist,LE2-1231.012,1966,2.9176387120616325
hist,LE2-1231.012,1967,2.941347362909789
hist,LE2-1231.012,1968,2.940776253098995
hist,LE2-1231.012,1969,2.9352977377929967
hist,LE2-1231.012,1970,2.9383750315301924
hist,LE2-1231.012,1971,2.9243879365016086
hist,LE2-1231.012,1972,2.925157236016402
hist,LE2-1231.012,1973,2.947573410548134
hist,LE2-1231.012,1974,2.939595890594001
hist,LE2-1231.012,1975,2.936507198660658
hist,LE2-1231.012,1976,2.943369481624651
hist,LE2-1231.012,1977,2.9105788438741285
hist,LE2-1231.012,1978,2.928571352733888
hist,LE2-1231.012,1979,2.92103120530555
hist,LE2-1231.012,1980,2.937461879829428
hist,LE2-1231.012,1981,2.9118689576249737
hist,LE2-1231.012,1982,2.9284821694969105
hist,LE2-1231.012,1983,2.9471433165126397
hist,LE2-1231.012,1984,2.931291195795214
hist,LE2-1231.012,1985,2.9285691934099027
hist,LE2-1231.012,1986,2.9487498219355217
hist,LE2-1231.012,1987,2.9044690186713025
hist,LE2-1231.012,1988,2.921551385854526
hist,LE2-1231.012,1989,2.944952011188021
hist,LE2-1231.012,1990,2.9719456510706532
hist,LE2-1231.012,1991,2.9391150415298752
hist,LE2-1231.012,1992,2.939174170881149
hist,LE2-1231.012,1993,2.9569367918070837
hist,LE2-1231.012,1994,2.9524319644390626
hist,LE2-1231.012,1995,2.935431443748562
hist,LE2-1231.012,1996,2.9369858497586923
hist,LE2-1231.012,1997,2.9435783546755636
hist,LE2-1231.012,1998,2.9420005009519565
hist,LE2-1231.012,1999,2.939695671314017
hist,LE2-1231.012,2000,2.9383594772860593
hist,LE2-1231.012,2001,2.927706814495888
hist,LE2-1231.012,2002,2.9745389275032785
hist,LE2-1231.012,2003,2.961349341613818
hist,LE2-1231.012,2004,2.933457242632731
hist,LE2-1231.012,2005,2.9301348894905357
hist,LE2-1231.012,2006,2.950174132823615
hist,LE2-1231.012,2007,2.962364353067095
hist,LE2-1231.012,2008,2.9325944406453623
hist,LE2-1231.012,2009,2.9335489999065567
hist,LE2-1231.012,2010,2.9742555179105676
hist,LE2-1231.012,2011,2.9295755172030478
hist,LE2-1231.012,2012,2.937317280036832
hist,LE2-1231.012,2013,2.9515154734667424
hist,LE2-1231.012,2014,2.966840824915673
hist,LE2-1231.013,1850,2.9515765219382106
hist,LE2-1231.013,1851,2.9334272304359974
hist,LE2-1231.013,1852,2.9764539818948426
hist,LE2-1231.013,1853,2.947512703130372
hist,LE2-1231.013,1854,2.939986109422845
hist,LE2-1231.013,1855,2.9417614442930264
hist,LE2-1231.013,1856,2.948671545514807
hist,LE2-1231.013,1857,2.9404988155097853
hist,LE2-1231.013,1858,2.95101363694163
hist,LE2-1231.013,1859,2.9655233424265295
hist,LE2-1231.013,1860,2.972695553346375
hist,LE2-1231.013,1861,2.947655844025298
hist,LE2-1231.013,1862,2.924812548989287
hist,LE2-1231.013,1863,2.9431967773190824
hist,LE2-1231.013,1864,2.941684777341055
hist,LE2-1231.013,1865,2.9584890988581067
hist,LE2-1231.013,1866,2.945200133138285
hist,LE2-1231.013,1867,2.9410427874181946
hist,LE2-1231.013,1868,2.9756688005296907
hist,LE2-1231.013,1869,2.9480045682313905
hist,LE2-1231.013,1870,2.935492529064742
hist,LE2-1231.013,1871,2.933306488483539
hist,LE2-1231.013,1872,2.9723368354257635
hist,LE2-1231.013,1873,2.9333174741990757
hist,LE2-1231.013,1874,2.935067498315029
hist,LE2-1231.013,1875,2.965011818064788
hist,LE2-1231.013,1876,2.9445374362318852
hist,LE2-1231.013,1877,2.93180916039833
hist,LE2-1231.013,1878,2.941465006607661
hist,LE2-1231.013,1879,2.966424026017112
hist,LE2-1231.013,1880,2.965511970992745
hist,LE2-1231.013,1881,2.9292436161728297
hist,LE2-1231.013,1882,2.947320728871217
hist,LE2-1231.013,1883,2.9526017179640935
hist,LE2-1231.013,1884,2.9036357218126994
hist,LE2-1231.013,1885,2.8984661553155773
hist,LE2-1231.013,1886,2.9250469986223764
hist,LE2-1231.013,1887,2.93427266413218
hist,LE2-1231.013,1888,2.937008060385061
hist,LE2-1231.013,1889,2.943796726688816
hist,LE2-1231.013,1890,2.9381567700239755
hist,LE2-1231.013,1891,2.9543216685386757
hist,LE2-1231.013,1892,2.9319423019445
hist,LE2-1231.013,1893,2.9467409988484707
hist,LE2-1231.013,1894,2.9779090831023325
hist,LE2-1231.013,1895,2.9542202857678914
hist,LE2-1231.013,1896,2.9476317242045913
hist,LE2-1231.013,1897,2.9337065402239695
hist,LE2-1231.013,1898,2.9640268489928894
hist,LE2-1231.013,1899,2.934569165085372
hist,LE2-1231.013,1900,2.9534024358856157
hist,LE2-1231.013,1901,2.969941961830116
hist,LE2-1231.013,1902,2.9420806971566327
hist,LE2-1231.013,1903,2.9640491740636197
hist,LE2-1231.013,1904,2.946237711480282
hist,LE2-1231.013,1905,2.931913963946775
hist,LE2-1231.013,1906,2.963776173907205
hist,LE2-1231.013,1907,2.9240886151541594
hist,LE2-1231.013,1908,2.9379712614076263
hist,LE2-1231.013,1909,2.931418025418568
hist,LE2-1231.013,1910,2.933430731858343
hist,LE2-1231.013,1911,2.937411507955883
hist,LE2-1231.013,1912,2.9459819317581926
hist,LE2-1231.013,1913,2.942352402490478
hist,LE2-1231.013,1914,2.95376485650158
hist,LE2-1231.013,1915,2.92979790443646
hist,LE2-1231.013,1916,2.960468834670787
hist,LE2-1231.013,1917,2.967537873254346
hist,LE2-1231.013,1918,2.9418934135128367
hist,LE2-1231.013,1919,2.9428702708358534
hist,LE2-1231.013,1920,2.9527370348112014
hist,LE2-1231.013,1921,2.9474412160154126
hist,LE2-1231.013,1922,2.9380052980499576
hist,LE2-1231.013,1923,2.9502109878791902
hist,LE2-1231.013,1924,2.946310831358249
hist,LE2-1231.013,1925,2.955073551514214
hist,LE2-1231.013,1926,2.9343047729154077
hist,LE2-1231.013,1927,2.9480395112198314
hist,LE2-1231.013,1928,2.948279072420599
hist,LE2-1231.013,1929,2.940709463947655
hist,LE2-1231.013,1930,2.9415768181566753
hist,LE2-1231.013,1931,2.939977582844566
hist,LE2-1231.013,1932,2.9368500562898032
hist,LE2-1231.013,1933,2.963289596551211
hist,LE2-1231.013,1934,2.939311131650046
hist,LE2-1231.013,1935,2.9262803875834846
hist,LE2-1231.013,1936,2.958928002169913
hist,LE2-1231.013,1937,2.95542557915459
hist,LE2-1231.013,1938,2.9439027700769747
hist,LE2-1231.013,1939,2.93261670026528
hist,LE2-1231.013,1940,2.952407385584558
hist,LE2-1231.013,1941,2.981960183062004
hist,LE2-1231.013,1942,2.9466096037350007
hist,LE2-1231.013,1943,2.95146062249333
hist,LE2-1231.013,1944,2.9639242803342114
hist,LE2-1231.013,1945,2.9340427828729365
hist,LE2-1231.013,1946,2.946067008981269
hist,LE2-1231.013,1947,2.959118903613287
hist,LE2-1231.013,1948,2.9402886796300236
hist,LE2-1231.013,1949,2.9419318863002544
hist,LE2-1231.013,1950,2.947984593328495
hist,LE2-1231.013,1951,2.931427410396742
hist,LE2-1231.013,1952,2.939183855440515
hist,LE2-1231.013,1953,2.940465746917119
hist,LE2-1231.013,1954,2.9512974004039005
hist,LE2-1231.013,1955,2.965228728398294
hist,LE2-1231.013,1956,2.933117927623323
hist,LE2-1231.013,1957,2.9555543254253536
hist,LE2-1231.013,1958,2.94728908510149
hist,LE2-1231.013,1959,2.9524450921433685
hist,LE2-1231.013,1960,2.940865224623856
hist,LE2-1231.013,1961,2.9458036031280614
hist,LE2-1231.013,1962,2.9724956108804874
hist,LE2-1231.013,1963,2.912431238096186
hist,LE2-1231.013,1964,2.9070029086405356
hist,LE2-1231.013,1965,2.9163041618135916
hist,LE2-1231.013,1966,2.932520595016471
hist,LE2-1231.013,1967,2.9377814605694224
hist,LE2-1231.013,1968,2.933793172882139
hist,LE2-1231.013,1969,2.9276481234479457
hist,LE2-1231.013,1970,2.943049147076044
hist,LE2-1231.013,1971,2.9122044569244765
hist,LE2-1231.013,1972,2.915949667244398
hist,LE2-1231.013,1973,2.934852563181738
hist,LE2-1231.013,1974,2.927404598383627
hist,LE2-1231.013,1975,2.9122628483622215
hist,LE2-1231.013,1976,2.9360027243591453
hist,LE2-1231.013,1977,2.9349507678241196
hist,LE2-1231.013,1978,2.9260228065668406
hist,LE2-1231.013,1979,2.9218861079703595
hist,LE2-1231.013,1980,2.9434894884888556
hist,LE2-1231.013,1981,2.962206178999373
hist,LE2-1231.013,1982,2.9365971186687028
hist,LE2-1231.013,1983,2.95018027760281
hist,LE2-1231.013,1984,2.9273784775830887
hist,LE2-1231.013,1985,2.9136311193413276
hist,LE2-1231.013,1986,2.9024858552749055
hist,LE2-1231.013,1987,2.92234243067042
hist,LE2-1231.013,1988,2.9320986712848685
hist,LE2-1231.013,1989,2.936894796525057
hist,LE2-1231.013,1990,2.9187568453469335
hist,LE2-1231.013,1991,2.95720347449713
hist,LE2-1231.013,1992,2.9193574441794268
hist,LE2-1231.013,1993,2.9250727638478695
hist,LE2-1231.013,1994,2.930558873131415
hist,LE2-1231.013,1995,2.9422480253818892
hist,LE2-1231.013,1996,2.9251320706591146
hist,LE2-1231.013,1997,2.9162247419675422
hist,LE2-1231.013,1998,2.934433808743184
hist,LE2-1231.013,1999,2.950526164616405
hist,LE2-1231.013,2000,2.929604187556387
hist,LE2-1231.013,2001,2.9215832111401365
hist,LE2-1231.013,2002,2.934961813843695
hist,LE2-1231.013,2003,2.9433254239328206
hist,LE2-1231.013,2004,2.9419356692067526
hist,LE2-1231.013,2005,2.9241603414443103
hist,LE2-1231.013,2006,2.9529787378538384
hist,LE2-1231.013,2007,2.970188943369526
hist,LE2-1231.013,2008,2.93663936832011
hist,LE2-1231.013,2009,2.9253254348986837
hist,LE2-1231.013,2010,2.956711741669043
hist,LE2-1231.013,2011,2.954952869460736
hist,LE2-1231.013,2012,2.9785434472139216
hist,LE2-1231.013,2013,2.953521260977623
hist,LE2-1231.013,2014,2.9744467714477247
hist,LE2-1231.014,1850,2.9464911354316055
hist,LE2-1231.014,1851,2.944134161672042
hist,LE2-1231.014,1852,2.9610494344264806
hist,LE2-1231.014,1853,2.9615515207542527
hist,LE2-1231.014,1854,2.9585566008967916
hist,LE2-1231.014,1855,2.9553979476829095
hist,LE2-1231.014,1856,2.934747634223376
hist,LE2-1231.014,1857,2.9331439254052305
hist,LE2-1231.014,1858,2.9493108271946427
hist,LE2-1231.014,1859,2.934029448744325
hist,LE2-1231.014,1860,2.9349348341704635
hist,LE2-1231.014,1861,2.9532134832822856
hist,LE2-1231.014,1862,2.9426058525885503
hist,LE2-1231.014,1863,2.9623516008948476
hist,LE2-1231.014,1864,2.9530972274075085
hist,LE2-1231.014,1865,2.931056944166
hist,LE2-1231.014,1866,2.9419342512061895
hist,LE2-1231.014,1867,2.9410056446735235
hist,LE2-1231.014,1868,2.944656735576887
hist,LE2-1231.014,1869,2.9502709758270327
hist,LE2-1231.014,1870,2.937806988040354
hist,LE2-1231.014,1871,2.9478869333093534
hist,LE2-1231.014,1872,2.940826934672596
hist,LE2-1231.014,1873,2.9395586532324436
hist,LE2-1231.014,1874,2.9215944505131093
hist,LE2-1231.014,1875,2.9444932024418566
hist,LE2-1231.014,1876,2.9475319880245934
hist,LE2-1231.014,1877,2.9619645977970324
hist,LE2-1231.014,1878,2.954677441913014
hist,LE2-1231.014,1879,2.943893622082832
hist,LE2-1231.014,1880,2.952100728498056
hist,LE2-1231.014,1881,2.9426307428013563
hist,LE2-1231.014,1882,2.9780424891236446
hist,LE2-1231.014,1883,2.957453720121112
hist,LE2-1231.014,1884,2.909544210951462
hist,LE2-1231.014,1885,2.9093972292112404
hist,LE2-1231.014,1886,2.9340192833243197
hist,LE2-1231.014,1887,2.9678222090415947
hist,LE2-1231.014,1888,2.9487658841600197
hist,LE2-1231.014,1889,2.9239682924932238
hist,LE2-1231.014,1890,2.9392050799040907
hist,LE2-1231.014,1891,2.962639945617978
hist,LE2-1231.014,1892,2.947600639147352
hist,LE2-1231.014,1893,2.92494756178629
hist,LE2-1231.014,1894,2.9417141478044346
hist,LE2-1231.014,1895,2.9479302656065403
hist,LE2-1231.014,1896,2.9426404122291387
hist,LE2-1231.014,1897,2.941317289250221
hist,LE2-1231.014,1898,2.950908326661323
hist,LE2-1231.014,1899,2.9423639065549914
hist,LE2-1231.014,1900,2.944363889632237
hist,LE2-1231.014,1901,2.960341515553606
hist,LE2-1231.014,1902,2.9312551735262167
hist,LE2-1231.014,1903,2.923961289176983
hist,LE2-1231.014,1904,2.933628341412717
hist,LE2-1231.014,1905,2.9274771500915087
hist,LE2-1231.014,1906,2.9546622262899906
hist,LE2-1231.014,1907,2.9341189418322684
hist,LE2-1231.014,1908,2.942479886565384
hist,LE2-1231.014,1909,2.9453990396571887
hist,LE2-1231.014,1910,2.9155257309115985
hist,LE2-1231.014,1911,2.9383288200346254
hist,LE2-1231.014,1912,2.945250846800866
hist,LE2-1231.014,1913,2.915113268346418
hist,LE2-1231.014,1914,2.9249792870076505
hist,LE2-1231.014,1915,2.925054474914774
hist,LE2-1231.014,1916,2.9621697963492704
hist,LE2-1231.014,1917,2.9196623905898997
hist,LE2-1231.014,1918,2.9326705089139393
hist,LE2-1231.014,1919,2.9525250465633666
hist,LE2-1231.014,1920,2.9326454036877716
hist,LE2-1231.014,1921,2.948994327618462
hist,LE2-1231.014,1922,2.9429017233014383
hist,LE2-1231.014,1923,2.942107862725475
hist,LE2-1231.014,1924,2.9308693205439478
hist,LE2-1231.014,1925,2.931735239520444
hist,LE2-1231.014,1926,2.9592782669100868
hist,LE2-1231.014,1927,2.935356623623899
hist,LE2-1231.014,1928,2.922504265111062
hist,LE2-1231.014,1929,2.9430323788824753
hist,LE2-1231.014,1930,2.944685882229391
hist,LE2-1231.014,1931,2.9505961361634006
hist,LE2-1231.014,1932,2.9393204446430574
hist,LE2-1231.014,1933,2.9357656990298797
hist,LE2-1231.014,1934,2.9249930230921453
hist,LE2-1231.014,1935,2.9392184691510037
hist,LE2-1231.014,1936,2.9315014677587787
hist,LE2-1231.014,1937,2.95849021893072
hist,LE2-1231.014,1938,2.944066516478354
hist,LE2-1231.014,1939,2.939023330164595
hist,LE2-1231.014,1940,2.968666061750141
hist,LE2-1231.014,1941,2.965191404232535
hist,LE2-1231.014,1942,2.939903382302521
hist,LE2-1231.014,1943,2.9421853915038176
hist,LE2-1231.014,1944,2.9589599292059066
hist,LE2-1231.014,1945,2.980755863838434
hist,LE2-1231.014,1946,2.9407799021153767
hist,LE2-1231.014,1947,2.9567797055127696
hist,LE2-1231.014,1948,2.9519768741034866
hist,LE2-1231.014,1949,2.9396431392355735
hist,LE2-1231.014,1950,2.9338862377891477
hist,LE2-1231.014,1951,2.955603608361479
hist,LE2-1231.014,1952,2.922069979078499
hist,LE2-1231.014,1953,2.932639330934644
hist,LE2-1231.014,1954,2.9482717934105267
hist,LE2-1231.014,1955,2.949193380677004
hist,LE2-1231.014,1956,2.92860482250447
hist,LE2-1231.014,1957,2.931776218878271
hist,LE2-1231.014,1958,2.9458574704733307
hist,LE2-1231.014,1959,2.9174615462063453
hist,LE2-1231.014,1960,2.9167128540253056
hist,LE2-1231.014,1961,2.9436916775426885
hist,LE2-1231.014,1962,2.9287738039264037
hist,LE2-1231.014,1963,2.9114137727323772
hist,LE2-1231.014,1964,2.9137636397848046
hist,LE2-1231.014,1965,2.9398482971255673
hist,LE2-1231.014,1966,2.9103610402640063
hist,LE2-1231.014,1967,2.9136822720353566
hist,LE2-1231.014,1968,2.920947710618133
hist,LE2-1231.014,1969,2.9146608483402368
hist,LE2-1231.014,1970,2.9435556013866675
hist,LE2-1231.014,1971,2.9328831415427588
hist,LE2-1231.014,1972,2.9135786795424843
hist,LE2-1231.014,1973,2.9372225591065972
hist,LE2-1231.014,1974,2.9386039304890437
hist,LE2-1231.014,1975,2.926091473188858
hist,LE2-1231.014,1976,2.940096539915916
hist,LE2-1231.014,1977,2.9300873789512565
hist,LE2-1231.014,1978,2.911483164524294
hist,LE2-1231.014,1979,2.924759331654184
hist,LE2-1231.014,1980,2.9288878773908475
hist,LE2-1231.014,1981,2.9649509535889726
hist,LE2-1231.014,1982,2.9271800597565063
hist,LE2-1231.014,1983,2.930047561654884
hist,LE2-1231.014,1984,2.937322871527165
hist,LE2-1231.014,1985,2.9340916630995166
hist,LE2-1231.014,1986,2.9375686585247993
hist,LE2-1231.014,1987,2.938207295971507
hist,LE2-1231.014,1988,2.947090749193282
hist,LE2-1231.014,1989,2.936706629952617
hist,LE2-1231.014,1990,2.9092588303290627
hist,LE2-1231.014,1991,2.9348022549994486
hist,LE2-1231.014,1992,2.926370232871198
hist,LE2-1231.014,1993,2.9184042902496965
hist,LE2-1231.014,1994,2.9094050950793062
hist,LE2-1231.014,1995,2.9316726028729394
hist,LE2-1231.014,1996,2.9323251954322735
hist,LE2-1231.014,1997,2.918057436044315
hist,LE2-1231.014,1998,2.9241964812928942
hist,LE2-1231.014,1999,2.9514861287999943
hist,LE2-1231.014,2000,2.9574248062093815
hist,LE2-1231.014,2001,2.9296442418262116
hist,LE2-1231.014,2002,2.9546187807860083
hist,LE2-1231.014,2003,2.975133512212585
hist,LE2-1231.014,2004,2.9309573817482337
hist,LE2-1231.014,2005,2.9437716671967036
hist,LE2-1231.014,2006,2.9496845026624285
hist,LE2-1231.014,2007,2.9405108370611153
hist,LE2-1231.014,2008,2.938766171152393
hist,LE2-1231.014,2009,2.9614726671826768
hist,LE2-1231.014,2010,2.9498863076172026
hist,LE2-1231.014,2011,2.9407656691959785
hist,LE2-1231.014,2012,2.9405196879220923
hist,LE2-1231.014,2013,2.9478117564143007
hist,LE2-1231.014,2014,2.973690662364877
hist,LE2-1231.015,1850,2.94643615765101
hist,LE2-1231.015,1851,2.971082057553031
hist,LE2-1231.015,1852,2.9513834052317787
hist,LE2-1231.015,1853,2.9444775067718854
hist,LE2-1231.015,1854,2.9537525100703936
hist,LE2-1231.015,1855,2.94151196491406
hist,LE2-1231.015,1856,2.9436415200411554
hist,LE2-1231.015,1857,2.9399740303257618
hist,LE2-1231.015,1858,2.9502834123325683
hist,LE2-1231.015,1859,2.9536259987303732
hist,LE2-1231.015,1860,2.959804709664621
hist,LE2-1231.015,1861,2.955715904231127
hist,LE2-1231.015,1862,2.9166371615323654
hist,LE2-1231.015,1863,2.9339487402928586
hist,LE2-1231.015,1864,2.962154694767894
hist,LE2-1231.015,1865,2.9448833671717405
hist,LE2-1231.015,1866,2.95107127684612
hist,LE2-1231.015,1867,2.9677114518307395
hist,LE2-1231.015,1868,2.9276108275258728
hist,LE2-1231.015,1869,2.924498799728475
hist,LE2-1231.015,1870,2.969098347552542
hist,LE2-1231.015,1871,2.9489114389777873
hist,LE2-1231.015,1872,2.9414343280309976
hist,LE2-1231.015,1873,2.9497280703355844
hist,LE2-1231.015,1874,2.9627248043306342
hist,LE2-1231.015,1875,2.9522399606493583
hist,LE2-1231.015,1876,2.9546185366505364
hist,LE2-1231.015,1877,2.950079588106397
hist,LE2-1231.015,1878,2.9476849164078653
hist,LE2-1231.015,1879,2.957872877240706
hist,LE2-1231.015,1880,2.947450484450962
hist,LE2-1231.015,1881,2.9410872301822324
hist,LE2-1231.015,1882,2.9551020789616076
hist,LE2-1231.015,1883,2.943675027292305
hist,LE2-1231.015,1884,2.923818993994486
hist,LE2-1231.015,1885,2.9378815585629416
hist,LE2-1231.015,1886,2.9387986893638147
hist,LE2-1231.015,1887,2.9390437147575645
hist,LE2-1231.015,1888,2.922519424472818
hist,LE2-1231.015,1889,2.9311314542249693
hist,LE2-1231.015,1890,2.9296053921485505
hist,LE2-1231.015,1891,2.9402348345016422
hist,LE2-1231.015,1892,2.948905101402482
hist,LE2-1231.015,1893,2.9378700508830726
hist,LE2-1231.015,1894,2.9312035885279983
hist,LE2-1231.015,1895,2.9418508286057734
hist,LE2-1231.015,1896,2.952568140131893
hist,LE2-1231.015,1897,2.94666692500447
hist,LE2-1231.015,1898,2.952149873510942
hist,LE2-1231.015,1899,2.9355547026567463
hist,LE2-1231.015,1900,2.9711342546415267
hist,LE2-1231.015,1901,2.9436656065850344
hist,LE2-1231.015,1902,2.9398182395281833
hist,LE2-1231.015,1903,2.936720717586515
hist,LE2-1231.015,1904,2.947171550171437
hist,LE2-1231.015,1905,2.95107222227181
hist,LE2-1231.015,1906,2.948867268745253
hist,LE2-1231.015,1907,2.914801859067324
hist,LE2-1231.015,1908,2.951737823892391
hist,LE2-1231.015,1909,2.9312797684179386
hist,LE2-1231.015,1910,2.9202630914969863
hist,LE2-1231.015,1911,2.9472452877381468
hist,LE2-1231.015,1912,2.933383056517694
hist,LE2-1231.015,1913,2.9457676278771285
hist,LE2-1231.015,1914,2.93963432787385
hist,LE2-1231.015,1915,2.9602650857942248
hist,LE2-1231.015,1916,2.936469531523773
hist,LE2-1231.015,1917,2.936082478767432
hist,LE2-1231.015,1918,2.933008466473021
hist,LE2-1231.015,1919,2.9618374652686574
hist,LE2-1231.015,1920,2.9412243533107194
hist,LE2-1231.015,1921,2.931652837417194
hist,LE2-1231.015,1922,2.9343535679662733
hist,LE2-1231.015,1923,2.953468710980321
hist,LE2-1231.015,1924,2.9412315192340226
hist,LE2-1231.015,1925,2.949920572541512
hist,LE2-1231.015,1926,2.9478291198580777
hist,LE2-1231.015,1927,2.9292596718324138
hist,LE2-1231.015,1928,2.943035349458024
hist,LE2-1231.015,1929,2.938332762421626
hist,LE2-1231.015,1930,2.9482352640644214
hist,LE2-1231.015,1931,2.947712346644339
hist,LE2-1231.015,1932,2.97330513330861
hist,LE2-1231.015,1933,2.939065866376821
hist,LE2-1231.015,1934,2.9415796048621603
hist,LE2-1231.015,1935,2.945610188269686
hist,LE2-1231.015,1936,2.9338260538392715
hist,LE2-1231.015,1937,2.951638053136952
hist,LE2-1231.015,1938,2.988661712335351
hist,LE2-1231.015,1939,2.9415506173315946
hist,LE2-1231.015,1940,2.9368997838035478
hist,LE2-1231.015,1941,2.946245928508205
hist,LE2-1231.015,1942,2.9385322719809395
hist,LE2-1231.015,1943,2.9369644434888373
hist,LE2-1231.015,1944,2.94873729866693
hist,LE2-1231.015,1945,2.952695904851889
hist,LE2-1231.015,1946,2.936634671068928
hist,LE2-1231.015,1947,2.938443486213383
hist,LE2-1231.015,1948,2.9388924963924055
hist,LE2-1231.015,1949,2.9597743360463498
hist,LE2-1231.015,1950,2.950426683653134
hist,LE2-1231.015,1951,2.9529242760071086
hist,LE2-1231.015,1952,2.937131458176808
hist,LE2-1231.015,1953,2.9380332638045528
hist,LE2-1231.015,1954,2.9203458845593917
hist,LE2-1231.015,1955,2.954569551675971
hist,LE2-1231.015,1956,2.963568485833144
hist,LE2-1231.015,1957,2.9218126516282887
hist,LE2-1231.015,1958,2.930932207789726
hist,LE2-1231.015,1959,2.929338249351592
hist,LE2-1231.015,1960,2.9243114753099464
hist,LE2-1231.015,1961,2.9597240975712853
hist,LE2-1231.015,1962,2.938073685711146
hist,LE2-1231.015,1963,2.929902540295647
hist,LE2-1231.015,1964,2.9349842629157967
hist,LE2-1231.015,1965,2.9301569335977473
hist,LE2-1231.015,1966,2.9324157446168977
hist,LE2-1231.015,1967,2.928420445643056
hist,LE2-1231.015,1968,2.9329759245147344
hist,LE2-1231.015,1969,2.91897607807846
hist,LE2-1231.015,1970,2.92689269784537
hist,LE2-1231.015,1971,2.958690747818426
hist,LE2-1231.015,1972,2.9537716848367386
hist,LE2-1231.015,1973,2.9041341224863286
hist,LE2-1231.015,1974,2.922199721243366
hist,LE2-1231.015,1975,2.943341827947303
hist,LE2-1231.015,1976,2.934921798697716
hist,LE2-1231.015,1977,2.927045067167322
hist,LE2-1231.015,1978,2.9350075167581497
hist,LE2-1231.015,1979,2.9488779921903574
hist,LE2-1231.015,1980,2.9368069998698187
hist,LE2-1231.015,1981,2.9146724304148997
hist,LE2-1231.015,1982,2.9267201553931916
hist,LE2-1231.015,1983,2.9365963512831956
hist,LE2-1231.015,1984,2.9494427410121444
hist,LE2-1231.015,1985,2.9325934233903603
hist,LE2-1231.015,1986,2.9306205777536367
hist,LE2-1231.015,1987,2.935828023258779
hist,LE2-1231.015,1988,2.919428505357258
hist,LE2-1231.015,1989,2.9248144099813977
hist,LE2-1231.015,1990,2.936732222850198
hist,LE2-1231.015,1991,2.927974132738289
hist,LE2-1231.015,1992,2.923929715829714
hist,LE2-1231.015,1993,2.9167648883338826
hist,LE2-1231.015,1994,2.9129050419262956
hist,LE2-1231.015,1995,2.918874475130957
hist,LE2-1231.015,1996,2.9532662709993125
hist,LE2-1231.015,1997,2.9124462774126525
hist,LE2-1231.015,1998,2.927162091103898
hist,LE2-1231.015,1999,2.9344348533621702
hist,LE2-1231.015,2000,2.9481652882922327
hist,LE2-1231.015,2001,2.9800102029024425
hist,LE2-1231.015,2002,2.9535760664832247
hist,LE2-1231.015,2003,2.931452836219657
hist,LE2-1231.015,2004,2.94236963027091
hist,LE2-1231.015,2005,2.9267628033303303
hist,LE2-1231.015,2006,2.9288242823714694
hist,LE2-1231.015,2007,2.9376134628348405
hist,LE2-1231.015,2008,2.9419898898745767
hist,LE2-1231.015,2009,2.9263175085107194
hist,LE2-1231.015,2010,2.9324175707693683
hist,LE2-1231.015,2011,2.9470191766174416
hist,LE2-1231.015,2012,2.963398508888918
hist,LE2-1231.015,2013,2.9367430194772624
hist,LE2-1231.015,2014,2.9362481653573305
ssp370,LE2-1231.001,2015,2.9462275950629917
ssp370,LE2-1231.001,2016,2.9629097046233284
ssp370,LE2-1231.001,2017,2.9867955161233866
ssp370,LE2-1231.001,2018,2.9452283433433633
ssp370,LE2-1231.001,2019,2.952388410678891
ssp370,LE2-1231.001,2020,2.9490116720249158
ssp370,LE2-1231.001,2021,2.952616198011912
ssp370,LE2-1231.001,2022,2.9799475286327555
ssp370,LE2-1231.001,2023,2.931248924550663
ssp370,LE2-1231.001,2024,2.9543072142081734
ssp370,LE2-1231.001,2025,2.9753826694579524
ssp370,LE2-1231.001,2026,2.9455696770973203
ssp370,LE2-1231.001,2027,2.931481364625769
ssp370,LE2-1231.001,2028,2.951085880561945
ssp370,LE2-1231.001,2029,2.9885325133394285
ssp370,LE2-1231.001,2030,2.9768367222122443
ssp370,LE2-1231.001,2031,2.9802154618906407
ssp370,LE2-1231.001,2032,2.9638400141645755
ssp370,LE2-1231.001,2033,2.9395353797653443
ssp370,LE2-1231.001,2034,2.9709601682864952
ssp370,LE2-1231.001,2035,2.9739094394907606
ssp370,LE2-1231.001,2036,2.9908181326682883
ssp370,LE2-1231.001,2037,3.00093185802985
ssp370,LE2-1231.001,2038,2.9702996228281413
ssp370,LE2-1231.001,2039,2.9559922680324084
ssp370,LE2-1231.001,2040,2.9910934745541495
ssp370,LE2-1231.001,2041,3.021542691588629
ssp370,LE2-1231.001,2042,2.970840097173807
ssp370,LE2-1231.001,2043,2.970891578164475
ssp370,LE2-1231.001,2044,3.00884112032446
ssp370,LE2-1231.001,2045,2.994130721496752
ssp370,LE2-1231.001,2046,3.00174092086406
ssp370,LE2-1231.001,2047,2.9944838115207895
ssp370,LE2-1231.001,2048,3.0319335448577753
ssp370,LE2-1231.001,2049,2.9922255021911637
ssp370,LE2-1231.001,2050,3.021255410956865
ssp370,LE2-1231.001,2051,3.01936719068087
ssp370,LE2-1231.001,2052,2.9978632304856343
ssp370,LE2-1231.001,2053,2.9782861400638265
ssp370,LE2-1231.001,2054,3.0194685430437946
ssp370,LE2-1231.001,2055,3.049492255243603
ssp370,LE2-1231.001,2056,3.0056920450560702
ssp370,LE2-1231.001,2057,2.9938854736289833
ssp370,LE2-1231.001,2058,3.0311952429569144
ssp370,LE2-1231.001,2059,3.0359027993472654
ssp370,LE2-1231.001,2060,3.0413598092777576
ssp370,LE2-1231.001,2061,3.01043875375163
ssp370,LE2-1231.001,2062,3.0284277480333186
ssp370,LE2-1231.001,2063,3.0330714017829683
ssp370,LE2-1231.001,2064,3.0310880629974193
ssp370,LE2-1231.001,2065,3.056240729378225
ssp370,LE2-1231.001,2066,3.024659497774975
ssp370,LE2-1231.001,2067,3.0416298522711203
ssp370,LE2-1231.001,2068,3.048435468747876
ssp370,LE2-1231.001,2069,3.048326916838318
ssp370,LE2-1231.001,2070,3.0442899855646894
ssp370,LE2-1231.001,2071,3.0541208387490673
ssp370,LE2-1231.001,2072,3.055779042366712
ssp370,LE2-1231.001,2073,3.0415880555120616
ssp370,LE2-1231.001,2074,3.0712454219347802
ssp370,LE2-1231.001,2075,3.0565981068658656
ssp370,LE2-1231.001,2076,3.0402480387156627
ssp370,LE2-1231.001,2077,3.0648792743030593
ssp370,LE2-1231.001,2078,3.0583257455937605
ssp370,LE2-1231.001,2079,3.074491466816143
ssp370,LE2-1231.001,2080,3.062001537111411
ssp370,LE2-1231.001,2081,3.0598122717120493
ssp370,LE2-1231.001,2082,3.088002721930887
ssp370,LE2-1231.001,2083,3.0678381648198507
ssp370,LE2-1231.001,2084,3.099102453457467
ssp370,LE2-1231.001,2085,3.060404803264066
ssp370,LE2-1231.001,2086,3.0647933638051623
ssp370,LE2-1231.001,2087,3.093883094184922
ssp370,LE2-1231.001,2088,3.0818723563101984
ssp370,LE2-1231.001,2089,3.0832964848571622
ssp370,LE2-1231.001,2090,3.0976003647561585
ssp370,LE2-1231.001,2091,3.0911692798473256
ssp370,LE2-1231.001,2092,3.1111415697758207
ssp370,LE2-1231.001,2093,3.0876131131687106
ssp370,LE2-1231.001,2094,3.11669951836576
ssp370,LE2-1231.001,2095,3.1042424972816844
ssp370,LE2-1231.001,2096,3.1426296365668582
ssp370,LE2-1231.001,2097,3.1183701018110646
ssp370,LE2-1231.001,2098,3.133811690800033
ssp370,LE2-1231.001,2099,3.114266833766355
ssp370,LE2-1231.001,2100,3.145423361093108
ssp370,LE2-1231.002,2015,2.9547295160511027
ssp370,LE2-1231.002,2016,2.9483512456730216
ssp370,LE2-1231.002,2017,2.9408749794889504
ssp370,LE2-1231.002,2018,2.98371114853327
ssp370,LE2-1231.002,2019,2.9557048193938154
ssp370,LE2-1231.002,2020,2.985168511998072
ssp370,LE2-1231.002,2021,2.988555653414295
ssp370,LE2-1231.002,2022,2.9480223677146404
ssp370,LE2-1231.002,2023,2.956473334429965
ssp370,LE2-1231.002,2024,2.986532302178785
ssp370,LE2-1231.002,2025,2.9497008441511756
ssp370,LE2-1231.002,2026,2.9433980687036794
ssp370,LE2-1231.002,2027,2.9514676618388958
ssp370,LE2-1231.002,2028,2.982450304937778
ssp370,LE2-1231.002,2029,2.975690323802809
ssp370,LE2-1231.002,2030,2.9532544671559995
ssp370,LE2-1231.002,2031,2.963462452383827
ssp370,LE2-1231.002,2032,2.96750935383858
ssp370,LE2-1231.002,2033,2.9844271571543524
ssp370,LE2-1231.002,2034,2.9457257866186426
ssp370,LE2-1231.002,2035,2.95169277709114
ssp370,LE2-1231.002,2036,2.9664602925851513
ssp370,LE2-1231.002,2037,2.986884808125639
ssp370,LE2-1231.002,2038,3.020572866163745
ssp370,LE2-1231.002,2039,2.9798971334132665
ssp370,LE2-1231.002,2040,2.9828499991841215
ssp370,LE2-1231.002,2041,3.006493031810655
ssp370,LE2-1231.002,2042,2.9717510444517474
ssp370,LE2-1231.002,2043,2.989197574562974
ssp370,LE2-1231.002,2044,3.0043478586335595
ssp370,LE2-1231.002,2045,2.998410911916073
ssp370,LE2-1231.002,2046,3.014278313843203
ssp370,LE2-1231.002,2047,2.9917993273596974
ssp370,LE2-1231.002,2048,3.00378117279575
ssp370,LE2-1231.002,2049,3.024998640397597
ssp370,LE2-1231.002,2050,2.9786940961052317
ssp370,LE2-1231.002,2051,3.0028562475624425
ssp370,LE2-1231.002,2052,3.0218640779751107
ssp370,LE2-1231.002,2053,3.004058434297154
ssp370,LE2-1231.002,2054,3.0228436307517974
ssp370,LE2-1231.002,2055,3.0231638055417522
ssp370,LE2-1231.002,2056,3.0064763100973217
ssp370,LE2-1231.002,2057,3.035266897624021
ssp370,LE2-1231.002,2058,3.010438450100061
ssp370,LE2-1231.002,2059,3.0184692940126694
ssp370,LE2-1231.002,2060,3.0195663513659614
ssp370,LE2-1231.002,2061,3.0254107456879464
ssp370,LE2-1231.002,2062,3.0266150471741624
ssp370,LE2-1231.002,2063,3.024883764930739
ssp370,LE2-1231.002,2064,3.0299464306780135
ssp370,LE2-1231.002,2065,3.0493652033972887
ssp370,LE2-1231.002,2066,3.0246898104688693
ssp370,LE2-1231.002,2067,3.0362256889617707
ssp370,LE2-1231.002,2068,3.0488939671510145
ssp370,LE2-1231.002,2069,3.022687958996044
ssp370,LE2-1231.002,2070,3.0554390876381787
ssp370,LE2-1231.002,2071,3.0580450302536084
ssp370,LE2-1231.002,2072,3.0469797986674028
ssp370,LE2-1231.002,2073,3.0275538357301874
ssp370,LE2-1231.002,2074,3.0755331763934595
ssp370,LE2-1231.002,2075,3.0522009996404336
ssp370,LE2-1231.002,2076,3.0436627236442093
ssp370,LE2-1231.002,2077,3.065550668201904
ssp370,LE2-1231.002,2078,3.0511182455436616
ssp370,LE2-1231.002,2079,3.067836777675876
ssp370,LE2-1231.002,2080,3.058285238049762
ssp370,LE2-1231.002,2081,3.062454042001352
ssp370,LE2-1231.002,2082,3.064686769467018
ssp370,LE2-1231.002,2083,3.1118722529768137
ssp370,LE2-1231.002,2084,3.0656609477929915
ssp370,LE2-1231.002,2085,3.092432677848564
ssp370,LE2-1231.002,2086,3.076036423426923
ssp370,LE2-1231.002,2087,3.096791408249609
ssp370,LE2-1231.002,2088,3.115816906581188
ssp370,LE2-1231.002,2089,3.094250625430264
ssp370,LE2-1231.002,2090,3.1261702342418167
ssp370,LE2-1231.002,2091,3.0755294398460187
ssp370,LE2-1231.002,2092,3.103584074269809
ssp370,LE2-1231.002,2093,3.10195498641564
ssp370,LE2-1231.002,2094,3.0975092684766774
ssp370,LE2-1231.002,2095,3.144074546338737
ssp370,LE2-1231.002,2096,3.1012753923491387
ssp370,LE2-1231.002,2097,3.1337373718546915
ssp370,LE2-1231.002,2098,3.1225242759840706
ssp370,LE2-1231.002,2099,3.1093015500099663
ssp370,LE2-1231.002,2100,3.1493123910321943
ssp370,LE2-1231.003,2015,2.997236824945103
ssp370,LE2-1231.003,2016,2.9512067855282713
ssp370,LE2-1231.003,2017,2.9382412295121996
ssp370,LE2-1231.003,2018,2.962886947812989
ssp370,LE2-1231.003,2019,2.9562396083415923
ssp370,LE2-1231.003,2020,2.9585925391663164
ssp370,LE2-1231.003,2021,2.927608547226058
ssp370,LE2-1231.003,2022,2.9502677655574274
ssp370,LE2-1231.003,2023,2.973310745163215
ssp370,LE2-1231.003,2024,2.95774486159554
ssp370,LE2-1231.003,2025,2.9457602092216626
ssp370,LE2-1231.003,2026,2.961990326922221
ssp370,LE2-1231.003,2027,2.979250152436172
ssp370,LE2-1231.003,2028,2.9909078589799174
ssp370,LE2-1231.003,2029,2.9430505988297533
ssp370,LE2-1231.003,2030,2.9699576535742844
ssp370,LE2-1231.003,2031,2.989594372138885
ssp370,LE2-1231.003,2032,2.9630326447557813
ssp370,LE2-1231.003,2033,2.957184959899465
ssp370,LE2-1231.003,2034,2.9915190231926188
ssp370,LE2-1231.003,2035,2.9834579748814125
ssp370,LE2-1231.003,2036,2.970216184266303
ssp370,LE2-1231.003,2037,2.985649379187404
ssp370,LE2-1231.003,2038,2.990538161621665
ssp370,LE2-1231.003,2039,3.003870270233029
ssp370,LE2-1231.003,2040,2.967799728902647
ssp370,LE2-1231.003,2041,2.991427497403751
ssp370,LE2-1231.003,2042,3.0116592596727756
ssp370,LE2-1231.003,2043,2.967712213197218
ssp370,LE2-1231.003,2044,2.9644875221876195
ssp370,LE2-1231.003,2045,3.012797041950185
ssp370,LE2-1231.003,2046,2.9926461522857153
ssp370,LE2-1231.003,2047,2.975933686626571
ssp370,LE2-1231.003,2048,3.0165099236368493
ssp370,LE2-1231.003,2049,3.009766174841625
ssp370,LE2-1231.003,2050,2.98076968321783
ssp370,LE2-1231.003,2051,3.0152869370834514
ssp370,LE2-1231.003,2052,3.0211006760302914
ssp370,LE2-1231.003,2053,3.020582885518497
ssp370,LE2-1231.003,2054,3.008248583712454
ssp370,LE2-1231.003,2055,3.016420418503633
ssp370,LE2-1231.003,2056,3.035445996856939
ssp370,LE2-1231.003,2057,3.029873034257193
ssp370,LE2-1231.003,2058,3.027001247558577
ssp370,LE2-1231.003,2059,3.0169009630665657
ssp370,LE2-1231.003,2060,3.022740005188444
ssp370,LE2-1231.003,2061,3.0322170752416904
ssp370,LE2-1231.003,2062,3.026197022589391
ssp370,LE2-1231.003,2063,3.0572130880341404
ssp370,LE2-1231.003,2064,3.023777817200653
ssp370,LE2-1231.003,2065,3.0315221477898966
ssp370,LE2-1231.003,2066,3.063851607184865
ssp370,LE2-1231.003,2067,3.0307545533145697
ssp370,LE2-1231.003,2068,3.058941425909426
ssp370,LE2-1231.003,2069,3.0691060959333543
ssp370,LE2-1231.003,2070,3.0172719781168356
ssp370,LE2-1231.003,2071,3.037696826520257
ssp370,LE2-1231.003,2072,3.0598352226380054
ssp370,LE2-1231.003,2073,3.0516854582553945
ssp370,LE2-1231.003,2074,3.048940077070439
ssp370,LE2-1231.003,2075,3.057490637739153
ssp370,LE2-1231.003,2076,3.066632974565742
ssp370,LE2-1231.003,2077,3.0590494827779477
ssp370,LE2-1231.003,2078,3.085274086765439
ssp370,LE2-1231.003,2079,3.0536017300956804
ssp370,LE2-1231.003,2080,3.0948568647766432
ssp370,LE2-1231.003,2081,3.0637004648817334
ssp370,LE2-1231.003,2082,3.068479834291732
ssp370,LE2-1231.003,2083,3.0562371676529034
ssp370,LE2-1231.003,2084,3.0708681743939805
ssp370,LE2-1231.003,2085,3.095599974219551
ssp370,LE2-1231.003,2086,3.0821762436447084
ssp370,LE2-1231.003,2087,3.074811988261714
ssp370,LE2-1231.003,2088,3.0976493494719715
ssp370,LE2-1231.003,2089,3.112178234602693
ssp370,LE2-1231.003,2090,3.0894402380248613
ssp370,LE2-1231.003,2091,3.094138254839836
ssp370,LE2-1231.003,2092,3.108228339652909
ssp370,LE2-1231.003,2093,3.1173754855791147
ssp370,LE2-1231.003,2094,3.1106081003958805
ssp370,LE2-1231.003,2095,3.0844074080830524
ssp370,LE2-1231.003,2096,3.0926699346328794
ssp370,LE2-1231.003,2097,3.1295755232310087
ssp370,LE2-1231.003,2098,3.1092621820401263
ssp370,LE2-1231.003,2099,3.1376608880424617
ssp370,LE2-1231.003,2100,3.1146222509507964
ssp370,LE2-1231.004,2015,2.95399167556296
ssp370,LE2-1231.004,2016,2.954246084703234
ssp370,LE2-1231.004,2017,2.9657277220362923
ssp370,LE2-1231.004,2018,2.951249458956074
ssp370,LE2-1231.004,2019,2.969514116919521
ssp370,LE2-1231.004,2020,2.947855759989706
ssp370,LE2-1231.004,2021,2.9566211568811194
ssp370,LE2-1231.004,2022,2.9794202045793874
ssp370,LE2-1231.004,2023,2.9392919911133513
ssp370,LE2-1231.004,2024,2.939803999594543
ssp370,LE2-1231.004,2025,2.972984526328882
ssp370,LE2-1231.004,2026,2.9689148084196373
ssp370,LE2-1231.004,2027,2.9646505672288646
ssp370,LE2-1231.004,2028,2.9413383184024724
ssp370,LE2-1231.004,2029,2.962881572344771
ssp370,LE2-1231.004,2030,2.971152409860678
ssp370,LE2-1231.004,2031,2.9669987374566524
ssp370,LE2-1231.004,2032,2.9710560168018665
ssp370,LE2-1231.004,2033,2.974073198411798
ssp370,LE2-1231.004,2034,2.9747117276899657
ssp370,LE2-1231.004,2035,2.9661887465044057
ssp370,LE2-1231.004,2036,2.9923624946419007
ssp370,LE2-1231.004,2037,2.978715673504141
ssp370,LE2-1231.004,2038,2.98052683485817
ssp370,LE2-1231.004,2039,2.9660460283229546
ssp370,LE2-1231.004,2040,2.977998737215276
ssp370,LE2-1231.004,2041,3.0004843349674997
ssp370,LE2-1231.004,2042,2.966269562574095
ssp370,LE2-1231.004,2043,2.9778035143628796
ssp370,LE2-1231.004,2044,3.0091086574582517
ssp370,LE2-1231.004,2045,2.986012253093299
ssp370,LE2-1231.004,2046,2.994080085095347
ssp370,LE2-1231.004,2047,3.0016817241261156
ssp370,LE2-1231.004,2048,2.9850209388412137
ssp370,LE2-1231.004,2049,3.0038150677748017
ssp370,LE2-1231.004,2050,2.9958200315615997
ssp370,LE2-1231.004,2051,2.9862149495250567
ssp370,LE2-1231.004,2052,3.0067680924457467
ssp370,LE2-1231.004,2053,3.0241165094608506
ssp370,LE2-1231.004,2054,2.989337663243865
ssp370,LE2-1231.004,2055,2.991345218038658
ssp370,LE2-1231.004,2056,3.00170965989117
ssp370,LE2-1231.004,2057,3.0263964014241065
ssp370,LE2-1231.004,2058,3.025093446079525
ssp370,LE2-1231.004,2059,3.0056124300910088
ssp370,LE2-1231.004,2060,3.031174515604371
ssp370,LE2-1231.004,2061,3.029987622497688
ssp370,LE2-1231.004,2062,3.018038214423782
ssp370,LE2-1231.004,2063,3.025577733566842
ssp370,LE2-1231.004,2064,2.999107824105154
ssp370,LE2-1231.004,2065,3.0329177259109223
ssp370,LE2-1231.004,2066,3.047545957497645
ssp370,LE2-1231.004,2067,3.0398623940814065
ssp370,LE2-1231.004,2068,3.025736102153358
ssp370,LE2-1231.004,2069,3.034705109991193
ssp370,LE2-1231.004,2070,3.0477853010218676
ssp370,LE2-1231.004,2071,3.01711734164126
ssp370,LE2-1231.004,2072,3.042145684823356
ssp370,LE2-1231.004,2073,3.05409963093571
ssp370,LE2-1231.004,2074,3.0405231606061416
ssp370,LE2-1231.004,2075,3.053345692671597
ssp370,LE2-1231.004,2076,3.059447419682097
ssp370,LE2-1231.004,2077,3.0658344857879127
ssp370,LE2-1231.004,2078,3.057638250634158
ssp370,LE2-1231.004,2079,3.0618670120334928
ssp370,LE2-1231.004,2080,3.0687791224525545
ssp370,LE2-1231.004,2081,3.0555984766979667
ssp370,LE2-1231.004,2082,3.07212559020577
ssp370,LE2-1231.004,2083,3.077521032933249
ssp370,LE2-1231.004,2084,3.105631378893986
ssp370,LE2-1231.004,2085,3.048882570516269
ssp370,LE2-1231.004,2086,3.0538881391751307
ssp370,LE2-1231.004,2087,3.1012323954119383
ssp370,LE2-1231.004,2088,3.0860711819913713
ssp370,LE2-1231.004,2089,3.0753441658927265
ssp370,LE2-1231.004,2090,3.1175147390162046
ssp370,LE2-1231.004,2091,3.0894102506514622
ssp370,LE2-1231.004,2092,3.105252708499311
ssp370,LE2-1231.004,2093,3.0908005525948097
ssp370,LE2-1231.004,2094,3.1117709195268306
ssp370,LE2-1231.004,2095,3.085340545674116
ssp370,LE2-1231.004,2096,3.1109935562743654
ssp370,LE2-1231.004,2097,3.1085204923857406
ssp370,LE2-1231.004,2098,3.0913104063984513
ssp370,LE2-1231.004,2099,3.1166959631893243
ssp370,LE2-1231.004,2100,3.095001779277112
ssp370,LE2-1231.005,2015,2.965865937348026
ssp370,LE2-1231.005,2016,3.0092526395961654
ssp370,LE2-1231.005,2017,2.976959879638741
ssp370,LE2-1231.005,2018,2.9494897321323266
ssp370,LE2-1231.005,2019,2.9581398982091924
ssp370,LE2-1231.005,2020,2.985580480444425
ssp370,LE2-1231.005,2021,2.9602544672483653
ssp370,LE2-1231.005,2022,2.948740694390018
ssp370,LE2-1231.005,2023,2.9789691556174085
ssp370,LE2-1231.005,2024,2.95992217290075
ssp370,LE2-1231.005,2025,2.9783718893746745
ssp370,LE2-1231.005,2026,2.974727894862915
ssp370,LE2-1231.005,2027,2.9605144534317245
ssp370,LE2-1231.005,2028,2.95514931281588
ssp370,LE2-1231.005,2029,2.996081243063821
ssp370,LE2-1231.005,2030,2.959565668420699
ssp370,LE2-1231.005,2031,2.9754172832976886
ssp370,LE2-1231.005,2032,3.001885245224501
ssp370,LE2-1231.005,2033,2.9533502800921156
ssp370,LE2-1231.005,2034,2.9575385498610807
ssp370,LE2-1231.005,2035,2.991225043173192
ssp370,LE2-1231.005,2036,2.9882588343823366
ssp370,LE2-1231.005,2037,2.9813421875846307
ssp370,LE2-1231.005,2038,2.9737150859867603
ssp370,LE2-1231.005,2039,2.9605673312116374
ssp370,LE2-1231.005,2040,3.0032971185881325
ssp370,LE2-1231.005,2041,3.000806552770746
ssp370,LE2-1231.005,2042,2.982674761934788
ssp370,LE2-1231.005,2043,2.957215782514776
ssp370,LE2-1231.005,2044,3.000206600900457
ssp370,LE2-1231.005,2045,3.028762532623031
ssp370,LE2-1231.005,2046,2.980251523040977
ssp370,LE2-1231.005,2047,2.991752304061094
ssp370,LE2-1231.005,2048,3.0252068488206185
ssp370,LE2-1231.005,2049,2.9994134027034627
ssp370,LE2-1231.005,2050,2.986868557807746
ssp370,LE2-1231.005,2051,3.0122879799878426
ssp370,LE2-1231.005,2052,3.0065961071805427
ssp370,LE2-1231.005,2053,3.0283878130195934
ssp370,LE2-1231.005,2054,3.0353201909626435
ssp370,LE2-1231.005,2055,2.9992824505075264
ssp370,LE2-1231.005,2056,3.0205216333001643
ssp370,LE2-1231.005,2057,2.9981790626948723
ssp370,LE2-1231.005,2058,3.0148268668637828
ssp370,LE2-1231.005,2059,3.04977860672793
ssp370,LE2-1231.005,2060,3.0011216816167448
ssp370,LE2-1231.005,2061,3.0002322572019002
ssp370,LE2-1231.005,2062,3.045168382257801
ssp370,LE2-1231.005,2063,3.0212512645942424
ssp370,LE2-1231.005,2064,3.0231680953347606
ssp370,LE2-1231.005,2065,3.0454662672768458
ssp370,LE2-1231.005,2066,3.0488541620493192
ssp370,LE2-1231.005,2067,3.0504430321267826
ssp370,LE2-1231.005,2068,3.040174976433288
ssp370,LE2-1231.005,2069,3.076018061268177
ssp370,LE2-1231.005,2070,3.0187019323273563
ssp370,LE2-1231.005,2071,3.0437142549879983
ssp370,LE2-1231.005,2072,3.068453055409018
ssp370,LE2-1231.005,2073,3.066958798046895
ssp370,LE2-1231.005,2074,3.0808080024032307
ssp370,LE2-1231.005,2075,3.0584301911851095
ssp370,LE2-1231.005,2076,3.039258542611723
ssp370,LE2-1231.005,2077,3.0616391903768836
ssp370,LE2-1231.005,2078,3.069584352297566
ssp370,LE2-1231.005,2079,3.063530115976676
ssp370,LE2-1231.005,2080,3.079547845417903
ssp370,LE2-1231.005,2081,3.0578012750483343
ssp370,LE2-1231.005,2082,3.0613857501408672
ssp370,LE2-1231.005,2083,3.080235403809909
ssp370,LE2-1231.005,2084,3.0647544097981183
ssp370,LE2-1231.005,2085,3.074382267735148
ssp370,LE2-1231.005,2086,3.1032404554891824
ssp370,LE2-1231.005,2087,3.0903428497749528
ssp370,LE2-1231.005,2088,3.1024969030697913
ssp370,LE2-1231.005,2089,3.0871026589429404
ssp370,LE2-1231.005,2090,3.1026493728388775
ssp370,LE2-1231.005,2091,3.104610239850902
ssp370,LE2-1231.005,2092,3.101638888146468
ssp370,LE2-1231.005,2093,3.0791194829536543
ssp370,LE2-1231.005,2094,3.0920318597705703
ssp370,LE2-1231.005,2095,3.097466921286078
ssp370,LE2-1231.005,2096,3.124182669033617
ssp370,LE2-1231.005,2097,3.1010480663276447
ssp370,LE2-1231.005,2098,3.1272712421027915
ssp370,LE2-1231.005,2099,3.1099638645381917
ssp370,LE2-1231.005,2100,3.117374732080662
ssp370,LE2-1231.011,2015,2.9374525575945207
ssp370,LE2-1231.011,2016,2.946369561512705
ssp370,LE2-1231.011,2017,2.9596335161097187
ssp370,LE2-1231.011,2018,2.9607965942228383
ssp370,LE2-1231.011,2019,2.966268825737452
ssp370,LE2-1231.011,2020,2.9734368798604693
ssp370,LE2-1231.011,2021,2.9373927032826184
ssp370,LE2-1231.011,2022,2.9377916886991455
ssp370,LE2-1231.011,2023,2.9667195536220494
ssp370,LE2-1231.011,2024,2.9605737920323127
ssp370,LE2-1231.011,2025,2.9601720922983277
ssp370,LE2-1231.011,2026,2.973182280198021
ssp370,LE2-1231.011,2027,2.975954832571608
ssp370,LE2-1231.011,2028,2.9666322526482656
ssp370,LE2-1231.011,2029,2.9573598068976534
ssp370,LE2-1231.011,2030,2.9725962314401997
ssp370,LE2-1231.011,2031,2.9699594185483225
ssp370,LE2-1231.011,2032,2.974382969205997
ssp370,LE2-1231.011,2033,3.009439712248028
ssp370,LE2-1231.011,2034,2.9639957056949147
ssp370,LE2-1231.011,2035,2.96277613549451
ssp370,LE2-1231.011,2036,2.9938139479040005
ssp370,LE2-1231.011,2037,2.9810552052888384
ssp370,LE2-1231.011,2038,2.981573049136661
ssp370,LE2-1231.011,2039,3.0142995057256923
ssp370,LE2-1231.011,2040,2.9676698616717876
ssp370,LE2-1231.011,2041,2.956695761464955
ssp370,LE2-1231.011,2042,2.9999851701125655
ssp370,LE2-1231.011,2043,2.982582657010587
ssp370,LE2-1231.011,2044,2.969638553405165
ssp370,LE2-1231.011,2045,2.9883036945209014
ssp370,LE2-1231.011,2046,2.9860691130120713
ssp370,LE2-1231.011,2047,3.000988494630762
ssp370,LE2-1231.011,2048,3.0002452213852857
ssp370,LE2-1231.011,2049,2.9914432925131083
ssp370,LE2-1231.011,2050,3.0043887661420463
ssp370,LE2-1231.011,2051,2.997768708275423
ssp370,LE2-1231.011,2052,3.0174417914611382
ssp370,LE2-1231.011,2053,3.0082856454529763
ssp370,LE2-1231.011,2054,3.013898933885073
ssp370,LE2-1231.011,2055,2.993984795955749
ssp370,LE2-1231.011,2056,2.993305181179049
ssp370,LE2-1231.011,2057,3.0353671317754713
ssp370,LE2-1231.011,2058,3.0187890745114467
ssp370,LE2-1231.011,2059,3.0244178086409788
ssp370,LE2-1231.011,2060,3.0206659076779565
ssp370,LE2-1231.011,2061,3.024617401790159
ssp370,LE2-1231.011,2062,3.026736256066404
ssp370,LE2-1231.011,2063,3.038179307237727
ssp370,LE2-1231.011,2064,3.0293173830740483
ssp370,LE2-1231.011,2065,3.0148758392685524
ssp370,LE2-1231.011,2066,3.0274677552582157
ssp370,LE2-1231.011,2067,3.0396016087712296
ssp370,LE2-1231.011,2068,3.0499781513946074
ssp370,LE2-1231.011,2069,3.0159424932563916
ssp370,LE2-1231.011,2070,3.0506533308202806
ssp370,LE2-1231.011,2071,3.041220170151765
ssp370,LE2-1231.011,2072,3.0459161687578598
ssp370,LE2-1231.011,2073,3.0520085893246005
ssp370,LE2-1231.011,2074,3.0736016984614865
ssp370,LE2-1231.011,2075,3.016905721789478
ssp370,LE2-1231.011,2076,3.03312960114364
ssp370,LE2-1231.011,2077,3.0917930241038314
ssp370,LE2-1231.011,2078,3.059691890097739
ssp370,LE2-1231.011,2079,3.0890530631761743
ssp370,LE2-1231.011,2080,3.0415061675653225
ssp370,LE2-1231.011,2081,3.077536379461693
ssp370,LE2-1231.011,2082,3.091496377184677
ssp370,LE2-1231.011,2083,3.0585968269753008
ssp370,LE2-1231.011,2084,3.071481756622754
ssp370,LE2-1231.011,2085,3.0780992169946084
ssp370,LE2-1231.011,2086,3.080194036328913
ssp370,LE2-1231.011,2087,3.090925965225231
ssp370,LE2-1231.011,2088,3.0940692222397623
ssp370,LE2-1231.011,2089,3.070973463551122
ssp370,LE2-1231.011,2090,3.0935438517422478
ssp370,LE2-1231.011,2091,3.0962213022152754
ssp370,LE2-1231.011,2092,3.090720921989425
ssp370,LE2-1231.011,2093,3.096851601573037
ssp370,LE2-1231.011,2094,3.101677964199492
ssp370,LE2-1231.011,2095,3.104128292843033
ssp370,LE2-1231.011,2096,3.1165379974370606
ssp370,LE2-1231.011,2097,3.1204453587429084
ssp370,LE2-1231.011,2098,3.1387019316156346
ssp370,LE2-1231.011,2099,3.11029287774138
ssp370,LE2-1231.011,2100,3.1404146553125134
ssp370,LE2-1231.012,2015,2.9467604087313033
ssp370,LE2-1231.012,2016,2.966387259159825
ssp370,LE2-1231.012,2017,2.9681506865300755
ssp370,LE2-1231.012,2018,2.964660218831114
ssp370,LE2-1231.012,2019,2.945596809887585
ssp370,LE2-1231.012,2020,2.9601470179256877
ssp370,LE2-1231.012,2021,2.980145342573029
ssp370,LE2-1231.012,2022,2.9571217173248088
ssp370,LE2-1231.012,2023,2.951451069682855
ssp370,LE2-1231.012,2024,2.9526558151415845
ssp370,LE2-1231.012,2025,2.9977189360643632
ssp370,LE2-1231.012,2026,2.9758671335866036
ssp370,LE2-1231.012,2027,2.9659284623762976
ssp370,LE2-1231.012,2028,2.952091965881566
ssp370,LE2-1231.012,2029,2.977462535555725
ssp370,LE2-1231.012,2030,2.9922761816998293
ssp370,LE2-1231.012,2031,2.9600074125722617
ssp370,LE2-1231.012,2032,2.968677495038635
ssp370,LE2-1231.012,2033,2.9969978722329964
ssp370,LE2-1231.012,2034,2.9618516618258375
ssp370,LE2-1231.012,2035,2.9392847710395977
ssp370,LE2-1231.012,2036,2.9887804671694513
ssp370,LE2-1231.012,2037,2.9927062662416435
ssp370,LE2-1231.012,2038,3.002192621500129
ssp370,LE2-1231.012,2039,2.9668847012529875
ssp370,LE2-1231.012,2040,2.9842584212859258
ssp370,LE2-1231.012,2041,2.974029086866021
ssp370,LE2-1231.012,2042,3.005202453094259
ssp370,LE2-1231.012,2043,2.9844964111328363
ssp370,LE2-1231.012,2044,2.9930469310848453
ssp370,LE2-1231.012,2045,3.0025778176319733
ssp370,LE2-1231.012,2046,2.9865907207919786
ssp370,LE2-1231.012,2047,3.0026235146544127
ssp370,LE2-1231.012,2048,3.0234739698834905
ssp370,LE2-1231.012,2049,2.988176499666849
ssp370,LE2-1231.012,2050,3.003731265109961
ssp370,LE2-1231.012,2051,3.0005483412525606
ssp370,LE2-1231.012,2052,3.0327253776690983
ssp370,LE2-1231.012,2053,2.98477408299011
ssp370,LE2-1231.012,2054,3.0128786628548103
ssp370,LE2-1231.012,2055,3.0410289572322293
ssp370,LE2-1231.012,2056,3.0005587568297947
ssp370,LE2-1231.012,2057,3.012684242848242
ssp370,LE2-1231.012,2058,3.0581678213648873
ssp370,LE2-1231.012,2059,2.992693850249141
ssp370,LE2-1231.012,2060,2.98746514363948
ssp370,LE2-1231.012,2061,3.036813553101551
ssp370,LE2-1231.012,2062,3.0294374189089033
ssp370,LE2-1231.012,2063,3.02689058414301
ssp370,LE2-1231.012,2064,3.0153515970776756
ssp370,LE2-1231.012,2065,3.0280268343944527
ssp370,LE2-1231.012,2066,3.045772217272088
ssp370,LE2-1231.012,2067,3.034095776339374
ssp370,LE2-1231.012,2068,3.048016234709802
ssp370,LE2-1231.012,2069,3.0415141806687394
ssp370,LE2-1231.012,2070,3.0456920831819168
ssp370,LE2-1231.012,2071,3.014178128197378
ssp370,LE2-1231.012,2072,3.0393962722216052
ssp370,LE2-1231.012,2073,3.088478881151232
ssp370,LE2-1231.012,2074,3.0333100765739194
ssp370,LE2-1231.012,2075,3.050220037785159
ssp370,LE2-1231.012,2076,3.0653978555550294
ssp370,LE2-1231.012,2077,3.06201342829896
ssp370,LE2-1231.012,2078,3.055405698346948
ssp370,LE2-1231.012,2079,3.073376348934265
ssp370,LE2-1231.012,2080,3.0518074143834033
ssp370,LE2-1231.012,2081,3.061986242058411
ssp370,LE2-1231.012,2082,3.071837534244917
ssp370,LE2-1231.012,2083,3.070323121979085
ssp370,LE2-1231.012,2084,3.079499652662414
ssp370,LE2-1231.012,2085,3.069328088734314
ssp370,LE2-1231.012,2086,3.0767725612997023
ssp370,LE2-1231.012,2087,3.0785716863086674
ssp370,LE2-1231.012,2088,3.094760539832202
ssp370,LE2-1231.012,2089,3.0780165056405657
ssp370,LE2-1231.012,2090,3.0978684769244453
ssp370,LE2-1231.012,2091,3.0978446575749636
ssp370,LE2-1231.012,2092,3.0845700439919916
ssp370,LE2-1231.012,2093,3.100810191139604
ssp370,LE2-1231.012,2094,3.095051666340857
ssp370,LE2-1231.012,2095,3.092443825346654
ssp370,LE2-1231.012,2096,3.1374862377236394
ssp370,LE2-1231.012,2097,3.0908170160325974
ssp370,LE2-1231.012,2098,3.1081426618220744
ssp370,LE2-1231.012,2099,3.120926377949026
ssp370,LE2-1231.012,2100,3.1284694396113197
ssp370,LE2-1231.013,2015,2.939837627521817
ssp370,LE2-1231.013,2016,2.949137103153421
ssp370,LE2-1231.013,2017,2.967141063205917
ssp370,LE2-1231.013,2018,2.9546225873850247
ssp370,LE2-1231.013,2019,2.969330500656082
ssp370,LE2-1231.013,2020,2.9570705143194624
ssp370,LE2-1231.013,2021,2.968309847661039
ssp370,LE2-1231.013,2022,2.97757153642569
ssp370,LE2-1231.013,2023,2.9667531424385274
ssp370,LE2-1231.013,2024,2.9649117526574824
ssp370,LE2-1231.013,2025,2.992194042659422
ssp370,LE2-1231.013,2026,2.9581050891764264
ssp370,LE2-1231.013,2027,2.9612307973209164
ssp370,LE2-1231.013,2028,2.9907991484572682
ssp370,LE2-1231.013,2029,3.0018992381259295
ssp370,LE2-1231.013,2030,2.9556616011579977
ssp370,LE2-1231.013,2031,2.9562520396369387
ssp370,LE2-1231.013,2032,2.9919538076120467
ssp370,LE2-1231.013,2033,2.99636446790064
ssp370,LE2-1231.013,2034,2.9741859579718217
ssp370,LE2-1231.013,2035,2.967210307574547
ssp370,LE2-1231.013,2036,2.979835571891276
ssp370,LE2-1231.013,2037,2.9951342230111644
ssp370,LE2-1231.013,2038,3.004627099710259
ssp370,LE2-1231.013,2039,3.0029610496366024
ssp370,LE2-1231.013,2040,2.989047182509296
ssp370,LE2-1231.013,2041,2.9980435103623897
ssp370,LE2-1231.013,2042,3.0196525680510016
ssp370,LE2-1231.013,2043,2.967900584658617
ssp370,LE2-1231.013,2044,2.9717675163614397
ssp370,LE2-1231.013,2045,2.9756621283927154
ssp370,LE2-1231.013,2046,3.022229825924854
ssp370,LE2-1231.013,2047,3.0037258892227907
ssp370,LE2-1231.013,2048,3.0095825107381375
ssp370,LE2-1231.013,2049,2.9956913867658796
ssp370,LE2-1231.013,2050,2.9993960596654854
ssp370,LE2-1231.013,2051,3.0210058707567065
ssp370,LE2-1231.013,2052,2.9961156599957253
ssp370,LE2-1231.013,2053,3.00880445727902
ssp370,LE2-1231.013,2054,3.0293759161163214
ssp370,LE2-1231.013,2055,3.0111507956273895
ssp370,LE2-1231.013,2056,3.0224195477072384
ssp370,LE2-1231.013,2057,3.030038656871853
ssp370,LE2-1231.013,2058,3.015817087823224
ssp370,LE2-1231.013,2059,3.034924009866627
ssp370,LE2-1231.013,2060,3.0431719803036286
ssp370,LE2-1231.013,2061,3.024254480430665
ssp370,LE2-1231.013,2062,3.0125119290039533
ssp370,LE2-1231.013,2063,3.0318643676601367
ssp370,LE2-1231.013,2064,3.028264926810649
ssp370,LE2-1231.013,2065,3.045623134128495
ssp370,LE2-1231.013,2066,3.030672694976531
ssp370,LE2-1231.013,2067,3.0474595921691323
ssp370,LE2-1231.013,2068,3.0433091968651538
ssp370,LE2-1231.013,2069,3.0461889586533437
ssp370,LE2-1231.013,2070,3.0405179425918085
ssp370,LE2-1231.013,2071,3.044025137109144
ssp370,LE2-1231.013,2072,3.0619351701661572
ssp370,LE2-1231.013,2073,3.0379545915692705
ssp370,LE2-1231.013,2074,3.0453160925208427
ssp370,LE2-1231.013,2075,3.0716063396275
ssp370,LE2-1231.013,2076,3.0417405416910026
ssp370,LE2-1231.013,2077,3.066701748825605
ssp370,LE2-1231.013,2078,3.0934304482438764
ssp370,LE2-1231.013,2079,3.0471577814445268
ssp370,LE2-1231.013,2080,3.0663532947715906
ssp370,LE2-1231.013,2081,3.0733310541889303
ssp370,LE2-1231.013,2082,3.0655026689688376
ssp370,LE2-1231.013,2083,3.0742083881517708
ssp370,LE2-1231.013,2084,3.0663922461719015
ssp370,LE2-1231.013,2085,3.102637931396297
ssp370,LE2-1231.013,2086,3.062634512640561
ssp370,LE2-1231.013,2087,3.0793827615014813
ssp370,LE2-1231.013,2088,3.0753441632678076
ssp370,LE2-1231.013,2089,3.1182560279016895
ssp370,LE2-1231.013,2090,3.087049660778667
ssp370,LE2-1231.013,2091,3.1112398556017165
ssp370,LE2-1231.013,2092,3.0911947808210396
ssp370,LE2-1231.013,2093,3.0767706103541506
ssp370,LE2-1231.013,2094,3.126255918450131
ssp370,LE2-1231.013,2095,3.0891120776107397
ssp370,LE2-1231.013,2096,3.1097451682859694
ssp370,LE2-1231.013,2097,3.1107033442173404
ssp370,LE2-1231.013,2098,3.130621579269513
ssp370,LE2-1231.013,2099,3.1192599556715486
ssp370,LE2-1231.013,2100,3.1342423822102194
ssp370,LE2-1231.014,2015,2.938310567067896
ssp370,LE2-1231.014,2016,2.9271596573723166
ssp370,LE2-1231.014,2017,2.9448730690772056
ssp370,LE2-1231.014,2018,2.984241096898264
ssp370,LE2-1231.014,2019,2.928050328385396
ssp370,LE2-1231.014,2020,2.93481139757987
ssp370,LE2-1231.014,2021,2.963379927910603
ssp370,LE2-1231.014,2022,2.9654422240533473
ssp370,LE2-1231.014,2023,2.9457746087154617
ssp370,LE2-1231.014,2024,2.930840503554285
ssp370,LE2-1231.014,2025,2.9277066735530375
ssp370,LE2-1231.014,2026,2.952765141842573
ssp370,LE2-1231.014,2027,2.9688891738259566
ssp370,LE2-1231.014,2028,2.9889251564490076
ssp370,LE2-1231.014,2029,2.949708160125267
ssp370,LE2-1231.014,2030,2.933926024464507
ssp370,LE2-1231.014,2031,2.9627392301010897
ssp370,LE2-1231.014,2032,2.9685150771707303
ssp370,LE2-1231.014,2033,2.9753123862456246
ssp370,LE2-1231.014,2034,2.9609395967282084
ssp370,LE2-1231.014,2035,2.981316756446155
ssp370,LE2-1231.014,2036,2.9665274573159124
ssp370,LE2-1231.014,2037,2.9591153981953626
ssp370,LE2-1231.014,2038,2.953292414477424
ssp370,LE2-1231.014,2039,2.961726172721902
ssp370,LE2-1231.014,2040,2.9685876309554615
ssp370,LE2-1231.014,2041,2.9993994474372485
ssp370,LE2-1231.014,2042,2.9846654950899687
ssp370,LE2-1231.014,2043,2.9655985571838657
ssp370,LE2-1231.014,2044,2.9719353741926158
ssp370,LE2-1231.014,2045,3.0059817921032215
ssp370,LE2-1231.014,2046,2.98346325024485
ssp370,LE2-1231.014,2047,3.007611221691927
ssp370,LE2-1231.014,2048,2.968817489746387
ssp370,LE2-1231.014,2049,2.999157583270361
ssp370,LE2-1231.014,2050,3.0217604681462915
ssp370,LE2-1231.014,2051,2.9844989414575545
ssp370,LE2-1231.014,2052,3.013609925476058
ssp370,LE2-1231.014,2053,2.9968653256768873
ssp370,LE2-1231.014,2054,2.9976679667368984
ssp370,LE2-1231.014,2055,2.999760183685423
ssp370,LE2-1231.014,2056,3.0022682696194622
ssp370,LE2-1231.014,2057,3.0158416077288237
ssp370,LE2-1231.014,2058,3.011597746505326
ssp370,LE2-1231.014,2059,3.040984294477283
ssp370,LE2-1231.014,2060,3.0183913499217936
ssp370,LE2-1231.014,2061,3.030360079343666
ssp370,LE2-1231.014,2062,3.020086502781116
ssp370,LE2-1231.014,2063,3.042797055521881
ssp370,LE2-1231.014,2064,3.0006825943404087
ssp370,LE2-1231.014,2065,2.9938413595281244
ssp370,LE2-1231.014,2066,3.0482196762832134
ssp370,LE2-1231.014,2067,3.0391022551356617
ssp370,LE2-1231.014,2068,3.033170167728539
ssp370,LE2-1231.014,2069,3.0526186394401718
ssp370,LE2-1231.014,2070,3.052402838185294
ssp370,LE2-1231.014,2071,3.0447341919147366
ssp370,LE2-1231.014,2072,3.047884342950037
ssp370,LE2-1231.014,2073,3.0413379849572775
ssp370,LE2-1231.014,2074,3.0520582549530224
ssp370,LE2-1231.014,2075,3.0727464089005103
ssp370,LE2-1231.014,2076,3.052834987237093
ssp370,LE2-1231.014,2077,3.0804441997454055
ssp370,LE2-1231.014,2078,3.077034277713019
ssp370,LE2-1231.014,2079,3.0632157800847564
ssp370,LE2-1231.014,2080,3.066444483558021
ssp370,LE2-1231.014,2081,3.0636330223529384
ssp370,LE2-1231.014,2082,3.07471605460428
ssp370,LE2-1231.014,2083,3.076282313189216
ssp370,LE2-1231.014,2084,3.066583181100322
ssp370,LE2-1231.014,2085,3.075955924453385
ssp370,LE2-1231.014,2086,3.084814292613787
ssp370,LE2-1231.014,2087,3.0854270783230797
ssp370,LE2-1231.014,2088,3.084309564700903
ssp370,LE2-1231.014,2089,3.112696237227999
ssp370,LE2-1231.014,2090,3.0758438592175463
ssp370,LE2-1231.014,2091,3.107231778422388
ssp370,LE2-1231.014,2092,3.099989305958476
ssp370,LE2-1231.014,2093,3.1037681513988793
ssp370,LE2-1231.014,2094,3.105591515498768
ssp370,LE2-1231.014,2095,3.1160340173640737
ssp370,LE2-1231.014,2096,3.1220992667416567
ssp370,LE2-1231.014,2097,3.0927520539387268
ssp370,LE2-1231.014,2098,3.131726574804441
ssp370,LE2-1231.014,2099,3.1077320713512075
ssp370,LE2-1231.014,2100,3.123080719140066
ssp370,LE2-1231.015,2015,2.9823431644986407
ssp370,LE2-1231.015,2016,2.9338824165037716
ssp370,LE2-1231.015,2017,2.933414599822282
ssp370,LE2-1231.015,2018,2.954461452079257
ssp370,LE2-1231.015,2019,2.9757873517753475
ssp370,LE2-1231.015,2020,2.9452098352442766
ssp370,LE2-1231.015,2021,2.9602363691483276
ssp370,LE2-1231.015,2022,2.981083994105697
ssp370,LE2-1231.015,2023,2.9733099545774757
ssp370,LE2-1231.015,2024,2.9632311931255693
ssp370,LE2-1231.015,2025,2.980630252178993
ssp370,LE2-1231.015,2026,2.9588337697647176
ssp370,LE2-1231.015,2027,2.955369868381675
ssp370,LE2-1231.015,2028,2.9726111311541414
ssp370,LE2-1231.015,2029,2.968197859094383
ssp370,LE2-1231.015,2030,2.987651965287341
ssp370,LE2-1231.015,2031,2.953825208055475
ssp370,LE2-1231.015,2032,2.9756720336886797
ssp370,LE2-1231.015,2033,2.9509965348204474
ssp370,LE2-1231.015,2034,2.968668834855119
ssp370,LE2-1231.015,2035,2.9942668110349997
ssp370,LE2-1231.015,2036,2.968507059031532
ssp370,LE2-1231.015,2037,2.9766590911651667
ssp370,LE2-1231.015,2038,2.98856446974585
ssp370,LE2-1231.015,2039,3.0012761949511795
ssp370,LE2-1231.015,2040,2.977587122828284
ssp370,LE2-1231.015,2041,2.975728433244482
ssp370,LE2-1231.015,2042,2.973949970757906
ssp370,LE2-1231.015,2043,3.006349090169665
ssp370,LE2-1231.015,2044,2.96339301506866
ssp370,LE2-1231.015,2045,3.014903070800103
ssp370,LE2-1231.015,2046,3.0043479339127224
ssp370,LE2-1231.015,2047,3.0051211524825803
ssp370,LE2-1231.015,2048,3.0093597003953536
ssp370,LE2-1231.015,2049,2.9863993249314085
ssp370,LE2-1231.015,2050,3.0072831745607473
ssp370,LE2-1231.015,2051,3.0405938110875246
ssp370,LE2-1231.015,2052,2.980878235916297
ssp370,LE2-1231.015,2053,2.9966821956342478
ssp370,LE2-1231.015,2054,3.0209097688453053
ssp370,LE2-1231.015,2055,3.02608082031033
ssp370,LE2-1231.015,2056,3.016613934272003
ssp370,LE2-1231.015,2057,3.025181827573626
ssp370,LE2-1231.015,2058,3.0409994206779487
ssp370,LE2-1231.015,2059,3.027448725291368
ssp370,LE2-1231.015,2060,3.002191218301358
ssp370,LE2-1231.015,2061,3.036682624281658
ssp370,LE2-1231.015,2062,3.0319034746965907
ssp370,LE2-1231.015,2063,3.053144434242827
ssp370,LE2-1231.015,2064,3.020996565936452
ssp370,LE2-1231.015,2065,3.0308527376091754
ssp370,LE2-1231.015,2066,3.0547034661867087
ssp370,LE2-1231.015,2067,3.05245001809764
ssp370,LE2-1231.015,2068,3.025405630458959
ssp370,LE2-1231.015,2069,3.059803906102317
ssp370,LE2-1231.015,2070,3.0289614512942284
ssp370,LE2-1231.015,2071,3.04143418367744
ssp370,LE2-1231.015,2072,3.0600921829109677
ssp370,LE2-1231.015,2073,3.0513771784175345
ssp370,LE2-1231.015,2074,3.0379312785630797
ssp370,LE2-1231.015,2075,3.0524886607672865
ssp370,LE2-1231.015,2076,3.0712540041221805
ssp370,LE2-1231.015,2077,3.032443747482401
ssp370,LE2-1231.015,2078,3.0452695463446635
ssp370,LE2-1231.015,2079,3.083321246988843
ssp370,LE2-1231.015,2080,3.047754435649568
ssp370,LE2-1231.015,2081,3.0935257058446135
ssp370,LE2-1231.015,2082,3.0477902220926043
ssp370,LE2-1231.015,2083,3.0701839298095646
ssp370,LE2-1231.015,2084,3.074340938306396
ssp370,LE2-1231.015,2085,3.09416575702254
ssp370,LE2-1231.015,2086,3.104906645131531
ssp370,LE2-1231.015,2087,3.0650597860550715
ssp370,LE2-1231.015,2088,3.0861504844530487
ssp370,LE2-1231.015,2089,3.100717860438701
ssp370,LE2-1231.015,2090,3.082132424849363
ssp370,LE2-1231.015,2091,3.075447551896396
ssp370,LE2-1231.015,2092,3.120652267937817
ssp370,LE2-1231.015,2093,3.087570486227733
ssp370,LE2-1231.015,2094,3.088639944359064
ssp370,LE2-1231.015,2095,3.124519838191065
ssp370,LE2-1231.015,2096,3.1007596242131763
ssp370,LE2-1231.015,2097,3.1165744494496264
ssp370,LE2-1231.015,2098,3.140149593661724
ssp370,LE2-1231.015,2099,3.1238589458522297
ssp370,LE2-1231.015,2100,3.13007211895684
aaer,010,1850,2.9596709336118465
aaer,010,1851,2.9639156189894242
aaer,010,1852,2.9640824493109466
aaer,010,1853,2.9366443910517606
aaer,010,1854,2.9340103051241457
aaer,010,1855,2.957195481141455
aaer,010,1856,2.9363456956489786
aaer,010,1857,2.938843292665859
aaer,010,1858,2.952320691318129
aaer,010,1859,2.929102766361847
aaer,010,1860,2.949602673101193
aaer,010,1861,2.933802218213467
aaer,010,1862,2.939005179359477
aaer,010,1863,2.9509482077996614
aaer,010,1864,2.925770922178394
aaer,010,1865,2.92983728481016
aaer,010,1866,2.9421542315772586
aaer,010,1867,2.9273831340091037
aaer,010,1868,2.947527732957548
aaer,010,1869,2.9510233585201626
aaer,010,1870,2.936073760043005
aaer,010,1871,2.9446411757202036
aaer,010,1872,2.97032325899558
aaer,010,1873,2.9354843818059595
aaer,010,1874,2.9529077157502472
aaer,010,1875,2.9547730834739054
aaer,010,1876,2.917354082440492
aaer,010,1877,2.9247248666728405
aaer,010,1878,2.9781720471696773
aaer,010,1879,2.931601006454902
aaer,010,1880,2.933594217231167
aaer,010,1881,2.943905828990146
aaer,010,1882,2.9521194343185946
aaer,010,1883,2.9377812823913683
aaer,010,1884,2.921381900899456
aaer,010,1885,2.9445489031215795
aaer,010,1886,2.954893669836733
aaer,010,1887,2.9301242987024603
aaer,010,1888,2.955112248534447
aaer,010,1889,2.9307627524070665
aaer,010,1890,2.9226484488958095
aaer,010,1891,2.9296076607165307
aaer,010,1892,2.9439332487895498
aaer,010,1893,2.936603965759777
aaer,010,1894,2.936281165709512
aaer,010,1895,2.9383244316732164
aaer,010,1896,2.9369779969228684
aaer,010,1897,2.9581527907230556
aaer,010,1898,2.9406793539472447
aaer,010,1899,2.922404580550951
aaer,010,1900,2.940408227609786
aaer,010,1901,2.963370262132086
aaer,010,1902,2.931022250688105
aaer,010,1903,2.9199825572590106
aaer,010,1904,2.929734218218973
aaer,010,1905,2.9521436397528555
aaer,010,1906,2.9201866322749344
aaer,010,1907,2.9299623564777235
aaer,010,1908,2.9289236532798077
aaer,010,1909,2.9106550291434305
aaer,010,1910,2.938541510321473
aaer,010,1911,2.9172546511569686
aaer,010,1912,2.9527110736403697
aaer,010,1913,2.9406918789315464
aaer,010,1914,2.9198236041184376
aaer,010,1915,2.9411229307221416
aaer,010,1916,2.9459851270424453
aaer,010,1917,2.914465920519282
aaer,010,1918,2.9033398078088344
aaer,010,1919,2.9537715013191104
aaer,010,1920,2.9669467625926704
aaer,010,1921,2.9263978672206337
aaer,010,1922,2.9348373092693683
aaer,010,1923,2.9642092181436794
aaer,010,1924,2.9135493515789816
aaer,010,1925,2.927520191901451
aaer,010,1926,2.930791128135758
aaer,010,1927,2.9326721626242223
aaer,010,1928,2.9261414760332176
aaer,010,1929,2.9185893178288795
aaer,010,1930,2.9229324838522555
aaer,010,1931,2.9468572777749475
aaer,010,1932,2.9179037239610355
aaer,010,1933,2.9188046626344732
aaer,010,1934,2.917680782829308
aaer,010,1935,2.9158664686376037
aaer,010,1936,2.9086267404292685
aaer,010,1937,2.9266667636461756
aaer,010,1938,2.939829227065336
aaer,010,1939,2.9239735120274024
aaer,010,1940,2.917851162402339
aaer,010,1941,2.9269424656028082
aaer,010,1942,2.938643224821312
aaer,010,1943,2.9253130160059464
aaer,010,1944,2.915184286490557
aaer,010,1945,2.9348237636615844
aaer,010,1946,2.9335063407163324
aaer,010,1947,2.9177870797447394
aaer,010,1948,2.932063115149537
aaer,010,1949,2.906346482793471
aaer,010,1950,2.93023268996755
aaer,010,1951,2.9228755877961348
aaer,010,1952,2.9134009746881704
aaer,010,1953,2.936860249990213
aaer,010,1954,2.910699255715708
aaer,010,1955,2.937806094980675
aaer,010,1956,2.9227498297215297
aaer,010,1957,2.903711770416309
aaer,010,1958,2.919516444420308
aaer,010,1959,2.9120729328222787
aaer,010,1960,2.925758953155384
aaer,010,1961,2.9284718615283043
aaer,010,1962,2.913330823242875
aaer,010,1963,2.919317003880892
aaer,010,1964,2.9093911506442462
aaer,010,1965,2.9012021658531713
aaer,010,1966,2.9109132570078122
aaer,010,1967,2.872611535698949
aaer,010,1968,2.883752284908275
aaer,010,1969,2.911502600708379
aaer,010,1970,2.8897743938691445
aaer,010,1971,2.8973543436350186
aaer,010,1972,2.89906030346332
aaer,010,1973,2.9007780313001903
aaer,010,1974,2.9052719415482606
aaer,010,1975,2.9192656848244174
aaer,010,1976,2.8774812102648
aaer,010,1977,2.8916669397419588
aaer,010,1978,2.8748303665566386
aaer,010,1979,2.914194549197929
aaer,010,1980,2.8659449753639854
aaer,010,1981,2.8663640571622206
aaer,010,1982,2.883305942108971
aaer,010,1983,2.885806663741564
aaer,010,1984,2.8710035095593565
aaer,010,1985,2.87072635650984
aaer,010,1986,2.883323218594114
aaer,010,1987,2.893647167673675
aaer,010,1988,2.888709493692931
aaer,010,1989,2.880104689446152
aaer,010,1990,2.861669787459348
aaer,010,1991,2.866656001583028
aaer,010,1992,2.8769358751614695
aaer,010,1993,2.881584189684536
aaer,010,1994,2.9005855792417905
aaer,010,1995,2.8872126770912363
aaer,010,1996,2.8866319055589034
aaer,010,1997,2.883190082444475
aaer,010,1998,2.8761427322272235
aaer,010,1999,2.8418042628331475
aaer,010,2000,2.856156857964872
aaer,010,2001,2.868792393466321
aaer,010,2002,2.892919271350773
aaer,010,2003,2.8935420414872333
aaer,010,2004,2.8887389121263887
aaer,010,2005,2.8686692956577766
aaer,010,2006,2.8633230684289543
aaer,010,2007,2.8662751285543338
aaer,010,2008,2.867621181612236
aaer,010,2009,2.8626286240374657
aaer,010,2010,2.8780713985726876
aaer,010,2011,2.884691808065553
aaer,010,2012,2.8580569183566253
aaer,010,2013,2.83729844799453
aaer,010,2014,2.8627318400205217
aaer,010,2015,2.891106909630511
aaer,010,2016,2.855005489165182
aaer,010,2017,2.8588792368478857
aaer,010,2018,2.8506473287955285
aaer,010,2019,2.856724560654561
aaer,010,2020,2.853227710308099
aaer,010,2021,2.839927284932494
aaer,010,2022,2.8283823644591646
aaer,010,2023,2.8352643452646373
aaer,010,2024,2.8511783064019407
aaer,010,2025,2.8612483272393407
aaer,010,2026,2.8688948441003275
aaer,010,2027,2.864912988710033
aaer,010,2028,2.8547401845048226
aaer,010,2029,2.86840397153497
aaer,010,2030,2.8545293248538885
aaer,010,2031,2.857198063238585
aaer,010,2032,2.8644925783196005
aaer,010,2033,2.8593680203058485
aaer,010,2034,2.864970623945195
aaer,010,2035,2.8331091448755146
aaer,010,2036,2.8578929619368205
aaer,010,2037,2.8543063026314393
aaer,010,2038,2.8433069428660804
aaer,010,2039,2.835169239442033
aaer,010,2040,2.845680349012502
aaer,010,2041,2.8523506117148996
aaer,010,2042,2.875003712123095
aaer,010,2043,2.853918278756079
aaer,010,2044,2.841821953926532
aaer,010,2045,2.8322729427151945
aaer,010,2046,2.8356249642641984
aaer,010,2047,2.8515338686672327
aaer,010,2048,2.860123235086249
aaer,010,2049,2.851250851271798
aaer,010,2050,2.840476288387867
aaer,011,1850,2.937929052568829
aaer,011,1851,2.9436626416713882
aaer,011,1852,2.948958052989876
aaer,011,1853,2.943105314930366
aaer,011,1854,2.937671539796359
aaer,011,1855,2.9356294271299146
aaer,011,1856,2.9573760346424174
aaer,011,1857,2.9358397630263124
aaer,011,1858,2.9498773744476416
aaer,011,1859,2.9525195328544265
aaer,011,1860,2.920280235432002
aaer,011,1861,2.923017863304681
aaer,011,1862,2.964651987737157
aaer,011,1863,2.950486477951105
aaer,011,1864,2.9527885620500984
aaer,011,1865,2.944070753817047
aaer,011,1866,2.969013170519219
aaer,011,1867,2.9469675459853235
aaer,011,1868,2.9727658645787023
aaer,011,1869,2.9544591819456874
aaer,011,1870,2.933246710541198
aaer,011,1871,2.9424065068612495
aaer,011,1872,2.963967443170584
aaer,011,1873,2.9358342791330916
aaer,011,1874,2.9280351909082194
aaer,011,1875,2.9205727469083556
aaer,011,1876,2.944642422329476
aaer,011,1877,2.948508904425065
aaer,011,1878,2.9326498551407543
aaer,011,1879,2.938301617992956
aaer,011,1880,2.9506219564315095
aaer,011,1881,2.929489226429274
aaer,011,1882,2.9680799898088916
aaer,011,1883,2.9658098744879333
aaer,011,1884,2.9412099940384264
aaer,011,1885,2.9506595568591227
aaer,011,1886,2.946770743045694
aaer,011,1887,2.9412138757592485
aaer,011,1888,2.9437499426125027
aaer,011,1889,2.92425428297483
aaer,011,1890,2.943340456022632
aaer,011,1891,2.95727535386727
aaer,011,1892,2.9352123545882565
aaer,011,1893,2.922525331849641
aaer,011,1894,2.941845165589643
aaer,011,1895,2.94308817662569
aaer,011,1896,2.9341105452363148
aaer,011,1897,2.9361090592312022
aaer,011,1898,2.9370911183201005
aaer,011,1899,2.949226115719839
aaer,011,1900,2.941585555880597
aaer,011,1901,2.962018654378284
aaer,011,1902,2.9165707600966035
aaer,011,1903,2.9297118734738623
aaer,011,1904,2.916634603921259
aaer,011,1905,2.9353671727491344
aaer,011,1906,2.961238942051337
aaer,011,1907,2.932656198008687
aaer,011,1908,2.930045158922442
aaer,011,1909,2.9528402180818016
aaer,011,1910,2.9260333423694944
aaer,011,1911,2.9277814598821417
aaer,011,1912,2.932916578184595
aaer,011,1913,2.933797453845465
aaer,011,1914,2.9194672902862684
aaer,011,1915,2.935984665758086
aaer,011,1916,2.935240668517338
aaer,011,1917,2.9322420934815505
aaer,011,1918,2.9150192071848577
aaer,011,1919,2.9235823105351524
aaer,011,1920,2.902862168813015
aaer,011,1921,2.9270185268823425
aaer,011,1922,2.940090669770541
aaer,011,1923,2.946321106262307
aaer,011,1924,2.923587037361285
aaer,011,1925,2.936803156961033
aaer,011,1926,2.9405082372933053
aaer,011,1927,2.9264651869062086
aaer,011,1928,2.89464004714113
aaer,011,1929,2.9192097838527116
aaer,011,1930,2.917388223034446
aaer,011,1931,2.914663879355424
aaer,011,1932,2.9301163766560743
aaer,011,1933,2.936574519925269
aaer,011,1934,2.9397034177857533
aaer,011,1935,2.946509448663944
aaer,011,1936,2.9059825154650576
aaer,011,1937,2.918717523101194
aaer,011,1938,2.9284400107881297
aaer,011,1939,2.932366608789411
aaer,011,1940,2.926774409304272
aaer,011,1941,2.942040190682353
aaer,011,1942,2.9282064439604496
aaer,011,1943,2.907824999641083
aaer,011,1944,2.9424968488818455
aaer,011,1945,2.933335795407478
aaer,011,1946,2.906411161976404
aaer,011,1947,2.9170998328726276
aaer,011,1948,2.9093631095228276
aaer,011,1949,2.9201246195851542
aaer,011,1950,2.9249414533318334
aaer,011,1951,2.8989437349813247
aaer,011,1952,2.8951448951014265
aaer,011,1953,2.9264422190341373
aaer,011,1954,2.900417562038488
aaer,011,1955,2.8941343394332812
aaer,011,1956,2.911821811488598
aaer,011,1957,2.9043187487850486
aaer,011,1958,2.912595777140388
aaer,011,1959,2.9187983342637227
aaer,011,1960,2.9219525185786783
aaer,011,1961,2.907559314938219
aaer,011,1962,2.9105754431046202
aaer,011,1963,2.915650514003604
aaer,011,1964,2.890047755060658
aaer,011,1965,2.893448105676938
aaer,011,1966,2.9139243493023597
aaer,011,1967,2.894420728844211
aaer,011,1968,2.89126594499755
aaer,011,1969,2.9017643394025914
aaer,011,1970,2.9014171363049868
aaer,011,1971,2.8864276161340725
aaer,011,1972,2.8965329170435723
aaer,011,1973,2.8774330408596076
aaer,011,1974,2.888244671894497
aaer,011,1975,2.8907055936045576
aaer,011,1976,2.8793454307488213
aaer,011,1977,2.8642445821129723
aaer,011,1978,2.8786573828537816
aaer,011,1979,2.8999030862078863
aaer,011,1980,2.9000712812804417
aaer,011,1981,2.862436563205244
aaer,011,1982,2.8691398012856824
aaer,011,1983,2.8834711303745406
aaer,011,1984,2.8927255968227326
aaer,011,1985,2.8721213055431045
aaer,011,1986,2.868277106325708
aaer,011,1987,2.8743044332383323
aaer,011,1988,2.8812092380228758
aaer,011,1989,2.885328037601575
aaer,011,1990,2.8799848809656328
aaer,011,1991,2.8717287248195653
aaer,011,1992,2.8716635695270947
aaer,011,1993,2.877553323424043
aaer,011,1994,2.8744149869666233
aaer,011,1995,2.8629682674723207
aaer,011,1996,2.8724568417944254
aaer,011,1997,2.868931388281067
aaer,011,1998,2.862984489344618
aaer,011,1999,2.8656498041963214
aaer,011,2000,2.8557672179609774
aaer,011,2001,2.8741074575705388
aaer,011,2002,2.867370821377665
aaer,011,2003,2.876570067292683
aaer,011,2004,2.8746282999487547
aaer,011,2005,2.884547473827594
aaer,011,2006,2.8678616784090134
aaer,011,2007,2.8909503164622943
aaer,011,2008,2.858337208520492
aaer,011,2009,2.8538309234243986
aaer,011,2010,2.8507075549000405
aaer,011,2011,2.884996713322858
aaer,011,2012,2.855574078600626
aaer,011,2013,2.8595517854551846
aaer,011,2014,2.8684196191275966
aaer,011,2015,2.8598615175292537
aaer,011,2016,2.863327039715277
aaer,011,2017,2.868720204296223
aaer,011,2018,2.863944031571316
aaer,011,2019,2.8485996703552825
aaer,011,2020,2.841015606033329
aaer,011,2021,2.8678739318036888
aaer,011,2022,2.858113799758337
aaer,011,2023,2.8524937665354244
aaer,011,2024,2.876339093473488
aaer,011,2025,2.850700344545091
aaer,011,2026,2.854694559906937
aaer,011,2027,2.841834066276298
aaer,011,2028,2.850548381949114
aaer,011,2029,2.836689308637946
aaer,011,2030,2.8442515293066504
aaer,011,2031,2.8506298151859886
aaer,011,2032,2.845211703839799
aaer,011,2033,2.84486619722284
aaer,011,2034,2.8584480670792227
aaer,011,2035,2.8633665512133524
aaer,011,2036,2.8274913600415883
aaer,011,2037,2.8402373732722586
aaer,011,2038,2.853170923249183
aaer,011,2039,2.8507237916629937
aaer,011,2040,2.8552749279061054
aaer,011,2041,2.8667001949908513
aaer,011,2042,2.8491648132656664
aaer,011,2043,2.8899273518383444
aaer,011,2044,2.8559961206885562
aaer,011,2045,2.8447294133865197
aaer,011,2046,2.8644103075462324
aaer,011,2047,2.84782039812505
aaer,011,2048,2.861841424395187
aaer,011,2049,2.86016244016864
aaer,011,2050,2.8694263616444267
aaer,012,1850,2.9659248796353674
aaer,012,1851,2.9563303616836
aaer,012,1852,2.9438059038975095
aaer,012,1853,2.952294610603593
aaer,012,1854,2.9742416449321634
aaer,012,1855,2.9348853551873426
aaer,012,1856,2.920660387655075
aaer,012,1857,2.9494680869651906
aaer,012,1858,2.9490571548611757
aaer,012,1859,2.9291710646689895
aaer,012,1860,2.9404264897164922
aaer,012,1861,2.938398696311694
aaer,012,1862,2.9478740147586677
aaer,012,1863,2.940643850263843
aaer,012,1864,2.936347040029185
aaer,012,1865,2.949046977404411
aaer,012,1866,2.9340100063602135
aaer,012,1867,2.9319921513333416
aaer,012,1868,2.9403978091348297
aaer,012,1869,2.9344758851358557
aaer,012,1870,2.93317322039001
aaer,012,1871,2.9447456303126005
aaer,012,1872,2.936299671838805
aaer,012,1873,2.9386285990520253
aaer,012,1874,2.94922238048322
aaer,012,1875,2.9407923365299395
aaer,012,1876,2.9422213869027827
aaer,012,1877,2.971251595309811
aaer,012,1878,2.95341827748884
aaer,012,1879,2.9334151618152142
aaer,012,1880,2.937374814890111
aaer,012,1881,2.958867249005985
aaer,012,1882,2.936386063586002
aaer,012,1883,2.914110273071223
aaer,012,1884,2.9269466858655595
aaer,012,1885,2.960070753162764
aaer,012,1886,2.953025016361065
aaer,012,1887,2.9331924812762638
aaer,012,1888,2.920751113713465
aaer,012,1889,2.9364247471580662
aaer,012,1890,2.9290187041789686
aaer,012,1891,2.928998733199242
aaer,012,1892,2.9444188200477996
aaer,012,1893,2.936468102032213
aaer,012,1894,2.949254455132264
aaer,012,1895,2.973733502592461
aaer,012,1896,2.945314096461587
aaer,012,1897,2.9149581518805143
aaer,012,1898,2.933771961963252
aaer,012,1899,2.944880114039921
aaer,012,1900,2.9293602427043846
aaer,012,1901,2.931568101512373
aaer,012,1902,2.926007052690028
aaer,012,1903,2.948645973035808
aaer,012,1904,2.951506258361945
aaer,012,1905,2.931264492048715
aaer,012,1906,2.940911541845696
aaer,012,1907,2.915562625226721
aaer,012,1908,2.924240223154609
aaer,012,1909,2.923524527193793
aaer,012,1910,2.9253705833888053
aaer,012,1911,2.90640528117767
aaer,012,1912,2.932513155744193
aaer,012,1913,2.922397810884285
aaer,012,1914,2.908054517262539
aaer,012,1915,2.9332576403248556
aaer,012,1916,2.9303998855114965
aaer,012,1917,2.936828386313949
aaer,012,1918,2.935070899345942
aaer,012,1919,2.918695422699594
aaer,012,1920,2.940696140261759
aaer,012,1921,2.9287092129135637
aaer,012,1922,2.9425608447400977
aaer,012,1923,2.9362083875427976
aaer,012,1924,2.917346712051318
aaer,012,1925,2.948655467143156
aaer,012,1926,2.909591197206052
aaer,012,1927,2.9330286184497183
aaer,012,1928,2.9194040677246678
aaer,012,1929,2.9181584642543976
aaer,012,1930,2.9196181245850137
aaer,012,1931,2.9335598314508644
aaer,012,1932,2.943131056478718
aaer,012,1933,2.9257612757914617
aaer,012,1934,2.9216402055328303
aaer,012,1935,2.925646587041384
aaer,012,1936,2.9285630732468637
aaer,012,1937,2.936603270673707
aaer,012,1938,2.9451652089373974
aaer,012,1939,2.9220577712604503
aaer,012,1940,2.9270448706609913
aaer,012,1941,2.921156666619341
aaer,012,1942,2.898798246433354
aaer,012,1943,2.903794632894163
aaer,012,1944,2.8980689259918506
aaer,012,1945,2.9126610467936755
aaer,012,1946,2.9217802889110165
aaer,012,1947,2.908787631364394
aaer,012,1948,2.911925943745419
aaer,012,1949,2.926724980088321
aaer,012,1950,2.9389958436938084
aaer,012,1951,2.9280888708464046
aaer,012,1952,2.9345832316364815
aaer,012,1953,2.916413855747283
aaer,012,1954,2.897011700330208
aaer,012,1955,2.9041742371085717
aaer,012,1956,2.9092314896234783
aaer,012,1957,2.9274157702458647
aaer,012,1958,2.919997183824031
aaer,012,1959,2.8996789375991034
aaer,012,1960,2.9152831754787347
aaer,012,1961,2.9193872528436167
aaer,012,1962,2.926749051280015
aaer,012,1963,2.906244112164672
aaer,012,1964,2.905601290355119
aaer,012,1965,2.904736873846468
aaer,012,1966,2.8958001813176106
aaer,012,1967,2.8939315910858276
aaer,012,1968,2.9090095302907475
aaer,012,1969,2.908389162480833
aaer,012,1970,2.8779907261831856
aaer,012,1971,2.8985926899907573
aaer,012,1972,2.8926382435633924
aaer,012,1973,2.8849933863144024
aaer,012,1974,2.8821906357757494
aaer,012,1975,2.9226289136178374
aaer,012,1976,2.879305761333781
aaer,012,1977,2.8804783346830782
aaer,012,1978,2.8835827878707065
aaer,012,1979,2.9053556997951056
aaer,012,1980,2.8941579106848385
aaer,012,1981,2.872034929011206
aaer,012,1982,2.8755045541515676
aaer,012,1983,2.876384754623384
aaer,012,1984,2.895270861529214
aaer,012,1985,2.8712281145215166
aaer,012,1986,2.894006270452146
aaer,012,1987,2.888724177647666
aaer,012,1988,2.8611193590909636
aaer,012,1989,2.87093196100463
aaer,012,1990,2.869440458303554
aaer,012,1991,2.881122249684992
aaer,012,1992,2.8905008730272237
aaer,012,1993,2.8781243796578604
aaer,012,1994,2.8579490415130633
aaer,012,1995,2.8540676601776704
aaer,012,1996,2.860337851813134
aaer,012,1997,2.8651439577259548
aaer,012,1998,2.8883058800143218
aaer,012,1999,2.8966049993000764
aaer,012,2000,2.8576258753799673
aaer,012,2001,2.864767106058085
aaer,012,2002,2.8732188959299605
aaer,012,2003,2.873455328913526
aaer,012,2004,2.8551191472910986
aaer,012,2005,2.8713761969582587
aaer,012,2006,2.8689494771758692
aaer,012,2007,2.843862447789822
aaer,012,2008,2.8584585520078356
aaer,012,2009,2.8550857076958858
aaer,012,2010,2.885382381113526
aaer,012,2011,2.8656372107045143
aaer,012,2012,2.842801874235214
aaer,012,2013,2.856844218240996
aaer,012,2014,2.866807851309501
aaer,012,2015,2.840924987635744
aaer,012,2016,2.846877393689148
aaer,012,2017,2.8714488495440533
aaer,012,2018,2.853012401830546
aaer,012,2019,2.855647661761483
aaer,012,2020,2.8543371497626433
aaer,012,2021,2.8505527157644406
aaer,012,2022,2.832505552977819
aaer,012,2023,2.8593418963656068
aaer,012,2024,2.8535999544179695
aaer,012,2025,2.86642613671486
aaer,012,2026,2.859638176137141
aaer,012,2027,2.8419015982673916
aaer,012,2028,2.8687594977581625
aaer,012,2029,2.89406244411611
aaer,012,2030,2.875372788600308
aaer,012,2031,2.8746932365681777
aaer,012,2032,2.855347888897501
aaer,012,2033,2.827612454454293
aaer,012,2034,2.842510847060342
aaer,012,2035,2.871401913288235
aaer,012,2036,2.8762780918359243
aaer,012,2037,2.850753547479391
aaer,012,2038,2.853468767728472
aaer,012,2039,2.860698775132367
aaer,012,2040,2.849985663077954
aaer,012,2041,2.86056649402162
aaer,012,2042,2.8561944925264497
aaer,012,2043,2.8434015894895577
aaer,012,2044,2.856030511174701
aaer,012,2045,2.8498846766389394
aaer,012,2046,2.8387032000212313
aaer,012,2047,2.8530208712289196
aaer,012,2048,2.8459448760886117
aaer,012,2049,2.8503520645955636
aaer,012,2050,2.858135109803791
aaer,013,1850,2.935164817424455
aaer,013,1851,2.9538557240815577
aaer,013,1852,2.932361726515848
aaer,013,1853,2.9431975880946952
aaer,013,1854,2.9590547918183265
aaer,013,1855,2.9445116259952084
aaer,013,1856,2.945336106638197
aaer,013,1857,2.9461820674865455
aaer,013,1858,2.959831453727619
aaer,013,1859,2.9378431849760323
aaer,013,1860,2.9486675428722577
aaer,013,1861,2.935665814634644
aaer,013,1862,2.9258458559818648
aaer,013,1863,2.933489152811043
aaer,013,1864,2.9260973346056485
aaer,013,1865,2.957053243751648
aaer,013,1866,2.9617092406724024
aaer,013,1867,2.9378237080636613
aaer,013,1868,2.9495566514559255
aaer,013,1869,2.949638594455402
aaer,013,1870,2.947179631525441
aaer,013,1871,2.9658399465863465
aaer,013,1872,2.9323047477954285
aaer,013,1873,2.952884092074626
aaer,013,1874,2.936686554043172
aaer,013,1875,2.9399725097539138
aaer,013,1876,2.956367957160672
aaer,013,1877,2.933702310658389
aaer,013,1878,2.952952365990134
aaer,013,1879,2.9856159420365453
aaer,013,1880,2.912925811442631
aaer,013,1881,2.906024903000597
aaer,013,1882,2.9250981789418478
aaer,013,1883,2.9319147069372833
aaer,013,1884,2.9479046222671923
aaer,013,1885,2.9120188973435455
aaer,013,1886,2.9422598773889868
aaer,013,1887,2.9363836290258423
aaer,013,1888,2.926256332864587
aaer,013,1889,2.9442636409586735
aaer,013,1890,2.933191327996341
aaer,013,1891,2.9371627003609153
aaer,013,1892,2.9538293663187116
aaer,013,1893,2.938282544620949
aaer,013,1894,2.9219884774824636
aaer,013,1895,2.9437936461720593
aaer,013,1896,2.925925749536135
aaer,013,1897,2.9098978371313944
aaer,013,1898,2.9323499773878168
aaer,013,1899,2.9432354179257874
aaer,013,1900,2.9195933168978017
aaer,013,1901,2.9308250026175218
aaer,013,1902,2.9316136717502292
aaer,013,1903,2.9272580636675474
aaer,013,1904,2.9326469069538814
aaer,013,1905,2.933929822617742
aaer,013,1906,2.9583442799726516
aaer,013,1907,2.934407533037292
aaer,013,1908,2.9255500693752943
aaer,013,1909,2.955440106743063
aaer,013,1910,2.928247224099324
aaer,013,1911,2.9245768719775063
aaer,013,1912,2.9468058913395976
aaer,013,1913,2.9201808065042525
aaer,013,1914,2.924995129385011
aaer,013,1915,2.9405629570016703
aaer,013,1916,2.9110947824659514
aaer,013,1917,2.9138263125781356
aaer,013,1918,2.925672357705886
aaer,013,1919,2.9164092112849915
aaer,013,1920,2.910417768979573
aaer,013,1921,2.9194674512509393
aaer,013,1922,2.9484810852259966
aaer,013,1923,2.945003917186543
aaer,013,1924,2.936760673978337
aaer,013,1925,2.918328771860136
aaer,013,1926,2.9179490772898946
aaer,013,1927,2.9296356243685193
aaer,013,1928,2.937093325440091
aaer,013,1929,2.929044363514307
aaer,013,1930,2.918813899637382
aaer,013,1931,2.910839417792944
aaer,013,1932,2.9141569511585894
aaer,013,1933,2.9145754230431073
aaer,013,1934,2.9362379193233537
aaer,013,1935,2.9235837587964686
aaer,013,1936,2.9184601034782327
aaer,013,1937,2.9308788936349424
aaer,013,1938,2.936844933993208
aaer,013,1939,2.9198442775683837
aaer,013,1940,2.929285923762757
aaer,013,1941,2.913096590918632
aaer,013,1942,2.9098884267984233
aaer,013,1943,2.9394878085398504
aaer,013,1944,2.9121686847473423
aaer,013,1945,2.8982454233895667
aaer,013,1946,2.899819236679602
aaer,013,1947,2.908943419439984
aaer,013,1948,2.91841345621582
aaer,013,1949,2.9447847235789815
aaer,013,1950,2.9095314945827835
aaer,013,1951,2.894831418590271
aaer,013,1952,2.9073444702283964
aaer,013,1953,2.9179652724878093
aaer,013,1954,2.910850081911597
aaer,013,1955,2.918442127098478
aaer,013,1956,2.9278007928213627
aaer,013,1957,2.9010649543916753
aaer,013,1958,2.9133862630871294
aaer,013,1959,2.9131675109901867
aaer,013,1960,2.9278904668136745
aaer,013,1961,2.8985593252685726
aaer,013,1962,2.909170225993372
aaer,013,1963,2.908649695530798
aaer,013,1964,2.8970029196471816
aaer,013,1965,2.9095812137035186
aaer,013,1966,2.8920416682625745
aaer,013,1967,2.8807603883270243
aaer,013,1968,2.900937016811463
aaer,013,1969,2.8971231006946683
aaer,013,1970,2.875905204614886
aaer,013,1971,2.8956538483020173
aaer,013,1972,2.894412229343841
aaer,013,1973,2.8853617665188485
aaer,013,1974,2.90556206019111
aaer,013,1975,2.8902607898118315
aaer,013,1976,2.883470368467423
aaer,013,1977,2.9138427528979607
aaer,013,1978,2.8757937146128896
aaer,013,1979,2.8912179056187877
aaer,013,1980,2.898820341884446
aaer,013,1981,2.8867140049639066
aaer,013,1982,2.8659303823165745
aaer,013,1983,2.8834358592195297
aaer,013,1984,2.875580039918237
aaer,013,1985,2.87776480189697
aaer,013,1986,2.9001713698276994
aaer,013,1987,2.866568694771917
aaer,013,1988,2.8810354846870028
aaer,013,1989,2.8926201562810534
aaer,013,1990,2.8859530838537775
aaer,013,1991,2.85957922210656
aaer,013,1992,2.8737018863202732
aaer,013,1993,2.857037383076894
aaer,013,1994,2.8671990833220518
aaer,013,1995,2.8586571695143568
aaer,013,1996,2.869712834543847
aaer,013,1997,2.8967248910672416
aaer,013,1998,2.8598228918178754
aaer,013,1999,2.8944011383490316
aaer,013,2000,2.9048946148444634
aaer,013,2001,2.869178818936182
aaer,013,2002,2.8620549536796758
aaer,013,2003,2.869240471488316
aaer,013,2004,2.8790201900901056
aaer,013,2005,2.880884025547737
aaer,013,2006,2.8697730272609965
aaer,013,2007,2.8703499609728387
aaer,013,2008,2.878031294862993
aaer,013,2009,2.875955872449044
aaer,013,2010,2.8676915194619332
aaer,013,2011,2.8683867336001825
aaer,013,2012,2.8527397109400594
aaer,013,2013,2.851227085376648
aaer,013,2014,2.863445891647089
aaer,013,2015,2.8733901525492627
aaer,013,2016,2.8604586686025653
aaer,013,2017,2.8421701933353174
aaer,013,2018,2.8652403913252287
aaer,013,2019,2.8753708895660393
aaer,013,2020,2.8862132804589185
aaer,013,2021,2.837442974061487
aaer,013,2022,2.831879943473171
aaer,013,2023,2.847724028489623
aaer,013,2024,2.844804440648395
aaer,013,2025,2.8471897440346368
aaer,013,2026,2.8462029849879698
aaer,013,2027,2.8367611512047586
aaer,013,2028,2.8644907975861758
aaer,013,2029,2.8487282277749775
aaer,013,2030,2.834761792898311
aaer,013,2031,2.842921918806601
aaer,013,2032,2.8513917719098245
aaer,013,2033,2.8332213371351376
aaer,013,2034,2.8463450345273724
aaer,013,2035,2.8572549702479817
aaer,013,2036,2.865037590162783
aaer,013,2037,2.848140836277826
aaer,013,2038,2.8507949292346626
aaer,013,2039,2.847879138317629
aaer,013,2040,2.8580433366004945
aaer,013,2041,2.860427650367809
aaer,013,2042,2.8376338966312726
aaer,013,2043,2.851562347434617
aaer,013,2044,2.838136549940072
aaer,013,2045,2.8497760563706755
aaer,013,2046,2.8522597962769387
aaer,013,2047,2.8534367329173804
aaer,013,2048,2.842236261896613
aaer,013,2049,2.831506640533986
aaer,013,2050,2.844050542699326
aaer,014,1850,2.969878192801454
aaer,014,1851,2.9599794697552273
aaer,014,1852,2.9417369935774813
aaer,014,1853,2.9339817212270622
aaer,014,1854,2.9441848229237526
aaer,014,1855,2.944811405713978
aaer,014,1856,2.963805962251276
aaer,014,1857,2.9490849426905883
aaer,014,1858,2.9589552188965813
aaer,014,1859,2.943627924659712
aaer,014,1860,2.96197280418086
aaer,014,1861,2.934621351326611
aaer,014,1862,2.9353783394651387
aaer,014,1863,2.9231091227949366
aaer,014,1864,2.9200575605868564
aaer,014,1865,2.9423950416954194
aaer,014,1866,2.9615051953389666
aaer,014,1867,2.942218558054928
aaer,014,1868,2.94718924762696
aaer,014,1869,2.9690681887294743
aaer,014,1870,2.939822796760439
aaer,014,1871,2.9416585576033825
aaer,014,1872,2.941988203209913
aaer,014,1873,2.938870809486059
aaer,014,1874,2.9459528130750425
aaer,014,1875,2.934742022774931
aaer,014,1876,2.954511165237687
aaer,014,1877,2.95668374672905
aaer,014,1878,2.9448554102113293
aaer,014,1879,2.956650118417929
aaer,014,1880,2.9427259418021463
aaer,014,1881,2.9298566799231627
aaer,014,1882,2.9346555027794605
aaer,014,1883,2.9526749700809476
aaer,014,1884,2.923391143099213
aaer,014,1885,2.9248541422757652
aaer,014,1886,2.9403117200560565
aaer,014,1887,2.941770057298085
aaer,014,1888,2.9675220499369663
aaer,014,1889,2.9640936553994357
aaer,014,1890,2.9323346980964593
aaer,014,1891,2.9352426424550084
aaer,014,1892,2.9174076750956597
aaer,014,1893,2.919086299527836
aaer,014,1894,2.928754849358534
aaer,014,1895,2.9330218476532046
aaer,014,1896,2.9331444464424243
aaer,014,1897,2.9414997435771575
aaer,014,1898,2.9460309077889058
aaer,014,1899,2.948088307729777
aaer,014,1900,2.933486501953339
aaer,014,1901,2.9322563347589403
aaer,014,1902,2.9282923173958397
aaer,014,1903,2.9291635390195765
aaer,014,1904,2.938570056640597
aaer,014,1905,2.9329128763051835
aaer,014,1906,2.9494863972212926
aaer,014,1907,2.9261697011577215
aaer,014,1908,2.919379068731139
aaer,014,1909,2.921915087769351
aaer,014,1910,2.9370856992953636
aaer,014,1911,2.921008131409015
aaer,014,1912,2.927320951568669
aaer,014,1913,2.951516581561308
aaer,014,1914,2.917620570310298
aaer,014,1915,2.9485202799093413
aaer,014,1916,2.9389268396981985
aaer,014,1917,2.9041103450766452
aaer,014,1918,2.9174429840547997
aaer,014,1919,2.9104183361452316
aaer,014,1920,2.9285364836372683
aaer,014,1921,2.960649586956077
aaer,014,1922,2.923329953422617
aaer,014,1923,2.9378231781431063
aaer,014,1924,2.9330644281991844
aaer,014,1925,2.9465813714861393
aaer,014,1926,2.932542047661059
aaer,014,1927,2.918835769292807
aaer,014,1928,2.9388294625880476
aaer,014,1929,2.9112934888509634
aaer,014,1930,2.9247032558643125
aaer,014,1931,2.9424662256844876
aaer,014,1932,2.9207057012022255
aaer,014,1933,2.9217378939273586
aaer,014,1934,2.9409446625241364
aaer,014,1935,2.915880370338361
aaer,014,1936,2.916417849132133
aaer,014,1937,2.9053898506546756
aaer,014,1938,2.925304752031532
aaer,014,1939,2.943257624814668
aaer,014,1940,2.9156172123252486
aaer,014,1941,2.9111963524704825
aaer,014,1942,2.896290999193045
aaer,014,1943,2.920180458533105
aaer,014,1944,2.9194480060095698
aaer,014,1945,2.931476096834256
aaer,014,1946,2.929112264559728
aaer,014,1947,2.9239733074655825
aaer,014,1948,2.9507802189063286
aaer,014,1949,2.915514810248527
aaer,014,1950,2.9054041170361433
aaer,014,1951,2.9141225500322903
aaer,014,1952,2.933476925828794
aaer,014,1953,2.902056343201593
aaer,014,1954,2.909905026703823
aaer,014,1955,2.9498285474419563
aaer,014,1956,2.904879046065281
aaer,014,1957,2.9110184581370477
aaer,014,1958,2.918084704121362
aaer,014,1959,2.889808058549992
aaer,014,1960,2.8785240262544898
aaer,014,1961,2.91171800013561
aaer,014,1962,2.889683571664179
aaer,014,1963,2.8809478970401
aaer,014,1964,2.883415243507019
aaer,014,1965,2.904407159478378
aaer,014,1966,2.9141823619943397
aaer,014,1967,2.8843804914018247
aaer,014,1968,2.8752338427574693
aaer,014,1969,2.8957823474097806
aaer,014,1970,2.8923900025947806
aaer,014,1971,2.8839849388504715
aaer,014,1972,2.8890230779094606
aaer,014,1973,2.9183536926368423
aaer,014,1974,2.886875251540244
aaer,014,1975,2.8729075719068
aaer,014,1976,2.8933075202413234
aaer,014,1977,2.899616310593421
aaer,014,1978,2.9050368353932714
aaer,014,1979,2.89218498754939
aaer,014,1980,2.8800921838911235
aaer,014,1981,2.8737534130774796
aaer,014,1982,2.8758106181255343
aaer,014,1983,2.8836449529798935
aaer,014,1984,2.893315857744115
aaer,014,1985,2.874772658281121
aaer,014,1986,2.8917875544055147
aaer,014,1987,2.8896193233291423
aaer,014,1988,2.8604564982412866
aaer,014,1989,2.8721178040912796
aaer,014,1990,2.8828132530049597
aaer,014,1991,2.875253216157848
aaer,014,1992,2.8981193838448167
aaer,014,1993,2.8577492874133728
aaer,014,1994,2.8503179796133344
aaer,014,1995,2.843915958559398
aaer,014,1996,2.850365009091965
aaer,014,1997,2.8754004432584503
aaer,014,1998,2.873928346882096
aaer,014,1999,2.8788161621351636
aaer,014,2000,2.8592621582059845
aaer,014,2001,2.874265569157465
aaer,014,2002,2.86381802406239
aaer,014,2003,2.8687193362217194
aaer,014,2004,2.8757358058692573
aaer,014,2005,2.8598486028300143
aaer,014,2006,2.8834506043610766
aaer,014,2007,2.8582921971982005
aaer,014,2008,2.863970928552482
aaer,014,2009,2.8829831502777035
aaer,014,2010,2.870153572007941
aaer,014,2011,2.8591745573797263
aaer,014,2012,2.870002684834111
aaer,014,2013,2.8682901041109923
aaer,014,2014,2.858721142378106
aaer,014,2015,2.873760654606826
aaer,014,2016,2.870801018839893
aaer,014,2017,2.8797908264203915
aaer,014,2018,2.860293342074833
aaer,014,2019,2.8573145814035263
aaer,014,2020,2.8525887756965895
aaer,014,2021,2.857449308674035
aaer,014,2022,2.8610116680811566
aaer,014,2023,2.851318431666679
aaer,014,2024,2.868323238239462
aaer,014,2025,2.8841408640447073
aaer,014,2026,2.865831278558699
aaer,014,2027,2.8470549066324313
aaer,014,2028,2.854105522296125
aaer,014,2029,2.864542834062008
aaer,014,2030,2.856517306175934
aaer,014,2031,2.8659678401608093
aaer,014,2032,2.849422344506784
aaer,014,2033,2.8435261628304023
aaer,014,2034,2.857281272934147
aaer,014,2035,2.856844922330462
aaer,014,2036,2.8491167207547115
aaer,014,2037,2.855731454120868
aaer,014,2038,2.8380823647918003
aaer,014,2039,2.831978252936663
aaer,014,2040,2.8451268803925767
aaer,014,2041,2.8627874068812273
aaer,014,2042,2.8813971462459227
aaer,014,2043,2.8837436253880733
aaer,014,2044,2.8575914041937938
aaer,014,2045,2.856558166148208
aaer,014,2046,2.8501755323273557
aaer,014,2047,2.842998700737642
aaer,014,2048,2.8431593788995815
aaer,014,2049,2.864887702985939
aaer,014,2050,2.85903152064658
aaer,015,1850,2.9725585239783126
aaer,015,1851,2.932355972736568
aaer,015,1852,2.9345839299170198
aaer,015,1853,2.9451118975752455
aaer,015,1854,2.9751792220679985
aaer,015,1855,2.954810129423931
aaer,015,1856,2.952774529523512
aaer,015,1857,2.934151421302166
aaer,015,1858,2.9326906630264933
aaer,015,1859,2.9466634011261306
aaer,015,1860,2.9712061779727312
aaer,015,1861,2.9282774750940037
aaer,015,1862,2.944282473362972
aaer,015,1863,2.963346307066402
aaer,015,1864,2.924675585740141
aaer,015,1865,2.933353359772734
aaer,015,1866,2.960188520553277
aaer,015,1867,2.9390136393911543
aaer,015,1868,2.938570994563183
aaer,015,1869,2.959451586940808
aaer,015,1870,2.9689351451567214
aaer,015,1871,2.9323466772796865
aaer,015,1872,2.9417217546153305
aaer,015,1873,2.9749315531468556
aaer,015,1874,2.939366757706838
aaer,015,1875,2.9448249979762564
aaer,015,1876,2.945236614224854
aaer,015,1877,2.946154385532109
aaer,015,1878,2.964303455262083
aaer,015,1879,2.927810472090868
aaer,015,1880,2.9405950188533225
aaer,015,1881,2.929328048783377
aaer,015,1882,2.9470507346633097
aaer,015,1883,2.9374195008186654
aaer,015,1884,2.920455507856
aaer,015,1885,2.940989338305801
aaer,015,1886,2.9303488570330143
aaer,015,1887,2.9558449782187397
aaer,015,1888,2.958619273061178
aaer,015,1889,2.933937922510997
aaer,015,1890,2.93169845291845
aaer,015,1891,2.9464158292953413
aaer,015,1892,2.9172889211378346
aaer,015,1893,2.9341966699854165
aaer,015,1894,2.945623293445275
aaer,015,1895,2.927959336088584
aaer,015,1896,2.923538923383543
aaer,015,1897,2.929127042385204
aaer,015,1898,2.937874006873207
aaer,015,1899,2.9302115082623845
aaer,015,1900,2.93281416719627
aaer,015,1901,2.934987269307574
aaer,015,1902,2.9354603393050707
aaer,015,1903,2.948819367405101
aaer,015,1904,2.9515337719941237
aaer,015,1905,2.953427033097132
aaer,015,1906,2.9500892837974613
aaer,015,1907,2.9292614314070016
aaer,015,1908,2.9233919870896847
aaer,015,1909,2.922284215029448
aaer,015,1910,2.9534198475582922
aaer,015,1911,2.927521289795785
aaer,015,1912,2.9277687943338413
aaer,015,1913,2.913879816280425
aaer,015,1914,2.9281113368518015
aaer,015,1915,2.915845348073153
aaer,015,1916,2.926612971305019
aaer,015,1917,2.937062987244028
aaer,015,1918,2.9337936052748743
aaer,015,1919,2.9304996774059853
aaer,015,1920,2.9285978810539386
aaer,015,1921,2.9371087625656793
aaer,015,1922,2.9200572804455924
aaer,015,1923,2.906101141012101
aaer,015,1924,2.915608385450812
aaer,015,1925,2.9156421516931013
aaer,015,1926,2.937635917286502
aaer,015,1927,2.9304877409056225
aaer,015,1928,2.9312234901338194
aaer,015,1929,2.9131243658843937
aaer,015,1930,2.9212641322605
aaer,015,1931,2.9356637386849305
aaer,015,1932,2.9164279997490277
aaer,015,1933,2.917573885555216
aaer,015,1934,2.9426910628849354
aaer,015,1935,2.926309406792797
aaer,015,1936,2.9201913669373782
aaer,015,1937,2.93558013770537
aaer,015,1938,2.8974041742258847
aaer,015,1939,2.916466116809096
aaer,015,1940,2.92487777981612
aaer,015,1941,2.9341298240084073
aaer,015,1942,2.910498990618775
aaer,015,1943,2.9219939220240696
aaer,015,1944,2.9415802942948854
aaer,015,1945,2.9227657844305313
aaer,015,1946,2.916587466869011
aaer,015,1947,2.928571229939354
aaer,015,1948,2.9275707765295302
aaer,015,1949,2.9370364469216867
aaer,015,1950,2.9261862539356835
aaer,015,1951,2.9097990644389937
aaer,015,1952,2.914287678709156
aaer,015,1953,2.931248036375817
aaer,015,1954,2.9120868432754
aaer,015,1955,2.909405178687489
aaer,015,1956,2.9179311617171217
aaer,015,1957,2.933073429598002
aaer,015,1958,2.908141178572256
aaer,015,1959,2.897300394819558
aaer,015,1960,2.903134757307573
aaer,015,1961,2.9112438687074818
aaer,015,1962,2.885354327160932
aaer,015,1963,2.886669847221529
aaer,015,1964,2.9085758820650596
aaer,015,1965,2.9165612370304825
aaer,015,1966,2.8903918176901104
aaer,015,1967,2.8880659737165466
aaer,015,1968,2.928618356874596
aaer,015,1969,2.8980988605909883
aaer,015,1970,2.903089845017291
aaer,015,1971,2.9062894597141913
aaer,015,1972,2.899412498132283
aaer,015,1973,2.9114019519677043
aaer,015,1974,2.901399559081505
aaer,015,1975,2.8632945606015845
aaer,015,1976,2.8953675514187065
aaer,015,1977,2.892615275043222
aaer,015,1978,2.893016936529309
aaer,015,1979,2.8950277202729553
aaer,015,1980,2.880900084577852
aaer,015,1981,2.8925847838925716
aaer,015,1982,2.891688687172356
aaer,015,1983,2.890966922007866
aaer,015,1984,2.8619733953476696
aaer,015,1985,2.879404244940688
aaer,015,1986,2.8786084184137244
aaer,015,1987,2.8794895185395264
aaer,015,1988,2.8609064016729384
aaer,015,1989,2.884479244547206
aaer,015,1990,2.8992897254514363
aaer,015,1991,2.8732967506021696
aaer,015,1992,2.875267698365222
aaer,015,1993,2.875220976283746
aaer,015,1994,2.862773441470602
aaer,015,1995,2.8574942411236086
aaer,015,1996,2.874578167164895
aaer,015,1997,2.8759289280677676
aaer,015,1998,2.8562876570296316
aaer,015,1999,2.855283457773619
aaer,015,2000,2.8538611367351687
aaer,015,2001,2.860707200826824
aaer,015,2002,2.8846340527079017
aaer,015,2003,2.838198577946719
aaer,015,2004,2.8521742308831004
aaer,015,2005,2.8736094234720055
aaer,015,2006,2.8648534661193206
aaer,015,2007,2.8430078696705054
aaer,015,2008,2.876976223966258
aaer,015,2009,2.8455415128304025
aaer,015,2010,2.8469986470276365
aaer,015,2011,2.866654841461734
aaer,015,2012,2.8580818527435334
aaer,015,2013,2.844234708640812
aaer,015,2014,2.8584266969313585
aaer,015,2015,2.8465812522876237
aaer,015,2016,2.860805655730906
aaer,015,2017,2.8693715373971873
aaer,015,2018,2.8361260754494815
aaer,015,2019,2.8258168890895248
aaer,015,2020,2.8511495469391055
aaer,015,2021,2.85129648370843
aaer,015,2022,2.8779123702402285
aaer,015,2023,2.849549675695212
aaer,015,2024,2.84407006956924
aaer,015,2025,2.842180448630005
aaer,015,2026,2.844298273203696
aaer,015,2027,2.8580965713918522
aaer,015,2028,2.8523199979947336
aaer,015,2029,2.867052417714902
aaer,015,2030,2.8842023748843797
aaer,015,2031,2.8697058319239215
aaer,015,2032,2.8384072141580865
aaer,015,2033,2.8366438323288583
aaer,015,2034,2.824237911908522
aaer,015,2035,2.8357934399414297
aaer,015,2036,2.847107630055074
aaer,015,2037,2.8371103124513364
aaer,015,2038,2.859901619082656
aaer,015,2039,2.8539323099900584
aaer,015,2040,2.8514550850364335
aaer,015,2041,2.8551811062216292
aaer,015,2042,2.8784966084381733
aaer,015,2043,2.8532216431367834
aaer,015,2044,2.8555056992247794
aaer,015,2045,2.864291422659274
aaer,015,2046,2.8495099397010826
aaer,015,2047,2.84781090085821
aaer,015,2048,2.8501905427405423
aaer,015,2049,2.844355372242424
aaer,015,2050,2.845482829467265
aaer,016,1850,2.955712505722026
aaer,016,1851,2.9469242305184125
aaer,016,1852,2.9580420559258216
aaer,016,1853,2.9669354684326756
aaer,016,1854,2.940779735575063
aaer,016,1855,2.954087833295981
aaer,016,1856,2.9663769623165503
aaer,016,1857,2.948842259591849
aaer,016,1858,2.9279045800330437
aaer,016,1859,2.9470418472452664
aaer,016,1860,2.9434458527033485
aaer,016,1861,2.935290482650442
aaer,016,1862,2.927349392866525
aaer,016,1863,2.943479056994972
aaer,016,1864,2.944314790571327
aaer,016,1865,2.9354875256616397
aaer,016,1866,2.9428055262589337
aaer,016,1867,2.939433270125422
aaer,016,1868,2.930769832830953
aaer,016,1869,2.965394893463295
aaer,016,1870,2.9405040050141964
aaer,016,1871,2.932643073723766
aaer,016,1872,2.959302226394189
aaer,016,1873,2.951122549340368
aaer,016,1874,2.9435066417547464
aaer,016,1875,2.941506107861035
aaer,016,1876,2.944641306131543
aaer,016,1877,2.9596168822925035
aaer,016,1878,2.9379736108332715
aaer,016,1879,2.95602322945564
aaer,016,1880,2.963970202650255
aaer,016,1881,2.954509375771288
aaer,016,1882,2.941967555805697
aaer,016,1883,2.9604732587947207
aaer,016,1884,2.9483125272650748
aaer,016,1885,2.921762619051021
aaer,016,1886,2.9227328066406977
aaer,016,1887,2.942062221525788
aaer,016,1888,2.931311049590403
aaer,016,1889,2.937097561117008
aaer,016,1890,2.9317546912694388
aaer,016,1891,2.966562181818642
aaer,016,1892,2.9353771206483663
aaer,016,1893,2.9392179139118086
aaer,016,1894,2.964300705089816
aaer,016,1895,2.9401581772861634
aaer,016,1896,2.927721499765074
aaer,016,1897,2.932443492581225
aaer,016,1898,2.934538462775785
aaer,016,1899,2.9439679832366563
aaer,016,1900,2.9638024362945905
aaer,016,1901,2.944671073943347
aaer,016,1902,2.9319172395075217
aaer,016,1903,2.9328232832974503
aaer,016,1904,2.922890201306429
aaer,016,1905,2.934401377196537
aaer,016,1906,2.9480571071520103
aaer,016,1907,2.935104889289569
aaer,016,1908,2.95128476582978
aaer,016,1909,2.9286555155396505
aaer,016,1910,2.9307748279570958
aaer,016,1911,2.930410392351504
aaer,016,1912,2.926797016497347
aaer,016,1913,2.9430847180442856
aaer,016,1914,2.937255055453865
aaer,016,1915,2.9315054151002085
aaer,016,1916,2.931793238098903
aaer,016,1917,2.9092420574921833
aaer,016,1918,2.9251431485715673
aaer,016,1919,2.940284767305387
aaer,016,1920,2.9123263010854794
aaer,016,1921,2.9154667482219576
aaer,016,1922,2.9385665008106145
aaer,016,1923,2.937802815281166
aaer,016,1924,2.935475360657467
aaer,016,1925,2.9215600049399115
aaer,016,1926,2.9345550238687212
aaer,016,1927,2.9446130976470184
aaer,016,1928,2.9473268798820964
aaer,016,1929,2.9227244360679387
aaer,016,1930,2.9097713491292563
aaer,016,1931,2.925252351736107
aaer,016,1932,2.960308419520978
aaer,016,1933,2.9270770803624755
aaer,016,1934,2.9060187126474286
aaer,016,1935,2.9106001966341823
aaer,016,1936,2.9103649311298927
aaer,016,1937,2.9238783382736875
aaer,016,1938,2.9212078611882655
aaer,016,1939,2.9203822432224205
aaer,016,1940,2.9215361193614253
aaer,016,1941,2.9306834996625204
aaer,016,1942,2.9103665949587967
aaer,016,1943,2.9226447724654983
aaer,016,1944,2.937892696805392
aaer,016,1945,2.9255669983491903
aaer,016,1946,2.9166573004681045
aaer,016,1947,2.9053365651815435
aaer,016,1948,2.926652463570841
aaer,016,1949,2.947295340031631
aaer,016,1950,2.9147651084246315
aaer,016,1951,2.9157295855296637
aaer,016,1952,2.932682852608103
aaer,016,1953,2.9255116199608895
aaer,016,1954,2.8939414292697445
aaer,016,1955,2.9163207384468355
aaer,016,1956,2.9401726288358803
aaer,016,1957,2.8858832834194157
aaer,016,1958,2.8913229382450893
aaer,016,1959,2.9203404581331966
aaer,016,1960,2.9171263518703476
aaer,016,1961,2.900866839660538
aaer,016,1962,2.928506700398289
aaer,016,1963,2.907615874438417
aaer,016,1964,2.9034306718757503
aaer,016,1965,2.8955760274132127
aaer,016,1966,2.884286739590273
aaer,016,1967,2.8988725080928837
aaer,016,1968,2.911141979070598
aaer,016,1969,2.907717902502116
aaer,016,1970,2.8954702195794875
aaer,016,1971,2.922334355712376
aaer,016,1972,2.8828497920076925
aaer,016,1973,2.8792244940483602
aaer,016,1974,2.887094945826281
aaer,016,1975,2.8942989057570307
aaer,016,1976,2.894012526222016
aaer,016,1977,2.9077798347491832
aaer,016,1978,2.8928597792074218
aaer,016,1979,2.888799534149104
aaer,016,1980,2.9206121217884036
aaer,016,1981,2.897534196508075
aaer,016,1982,2.874367146041439
aaer,016,1983,2.8944356848506554
aaer,016,1984,2.8798001462405467
aaer,016,1985,2.8741818292625365
aaer,016,1986,2.8759313392442705
aaer,016,1987,2.876663296153261
aaer,016,1988,2.8761422049148764
aaer,016,1989,2.8592186424030537
aaer,016,1990,2.8564039175491684
aaer,016,1991,2.877014617682012
aaer,016,1992,2.8872604218622344
aaer,016,1993,2.863265098068118
aaer,016,1994,2.8507782146411
aaer,016,1995,2.8865280447176924
aaer,016,1996,2.867149233376373
aaer,016,1997,2.8553100009998396
aaer,016,1998,2.8721155091490744
aaer,016,1999,2.8683556879608707
aaer,016,2000,2.8700159862150794
aaer,016,2001,2.844147451813785
aaer,016,2002,2.8643238403183067
aaer,016,2003,2.8743450750665973
aaer,016,2004,2.845240138883266
aaer,016,2005,2.850581737798539
aaer,016,2006,2.8657899774057856
aaer,016,2007,2.8822919558851456
aaer,016,2008,2.864762948302356
aaer,016,2009,2.876285410843948
aaer,016,2010,2.857058738460952
aaer,016,2011,2.8531102927842493
aaer,016,2012,2.8389223405848334
aaer,016,2013,2.855847193297448
aaer,016,2014,2.855675337538477
aaer,016,2015,2.849171041365138
aaer,016,2016,2.8447940436072026
aaer,016,2017,2.842575729285078
aaer,016,2018,2.8685409038545973
aaer,016,2019,2.8575067097860307
aaer,016,2020,2.8472805576251354
aaer,016,2021,2.8575580436847106
aaer,016,2022,2.894360383994157
aaer,016,2023,2.857919842286231
aaer,016,2024,2.83403389218242
aaer,016,2025,2.8609030585130664
aaer,016,2026,2.8812170585684207
aaer,016,2027,2.8821111131350907
aaer,016,2028,2.8698132877317057
aaer,016,2029,2.852972546690886
aaer,016,2030,2.8493674241423195
aaer,016,2031,2.8325559413689523
aaer,016,2032,2.84484364414597
aaer,016,2033,2.852468312837326
aaer,016,2034,2.850455755508267
aaer,016,2035,2.824858606883151
aaer,016,2036,2.8489777956138114
aaer,016,2037,2.8321930907611983
aaer,016,2038,2.8523899512586546
aaer,016,2039,2.8816271954011468
aaer,016,2040,2.8695588511027155
aaer,016,2041,2.8369639377601996
aaer,016,2042,2.8384581506770235
aaer,016,2043,2.8520113848826583
aaer,016,2044,2.847099827287206
aaer,016,2045,2.8524931644614195
aaer,016,2046,2.847520011628112
aaer,016,2047,2.8435439279442454
aaer,016,2048,2.8572370368184457
aaer,016,2049,2.856237783168537
aaer,016,2050,2.841723152048485
aaer,017,1850,2.9407837281207474
aaer,017,1851,2.950190687981152
aaer,017,1852,2.9660408761798287
aaer,017,1853,2.9426234513605043
aaer,017,1854,2.93105495075476
aaer,017,1855,2.9362256532010056
aaer,017,1856,2.9503601483243487
aaer,017,1857,2.9493616764038193
aaer,017,1858,2.9438812115173705
aaer,017,1859,2.928285203403702
aaer,017,1860,2.949344811710312
aaer,017,1861,2.9561887559732476
aaer,017,1862,2.931231603839573
aaer,017,1863,2.959156967478385
aaer,017,1864,2.952621536619435
aaer,017,1865,2.9605630651546617
aaer,017,1866,2.934858702507446
aaer,017,1867,2.9358362811254692
aaer,017,1868,2.9443098029526444
aaer,017,1869,2.958273462598547
aaer,017,1870,2.936178436286181
aaer,017,1871,2.9296342556396833
aaer,017,1872,2.946865848203654
aaer,017,1873,2.9517421681093787
aaer,017,1874,2.927256748882252
aaer,017,1875,2.9222827571835803
aaer,017,1876,2.9359338505593118
aaer,017,1877,2.9357510801085214
aaer,017,1878,2.9414532962731803
aaer,017,1879,2.9315255634921993
aaer,017,1880,2.9253778655603075
aaer,017,1881,2.9526488582736525
aaer,017,1882,2.9438673710655983
aaer,017,1883,2.9407072639754652
aaer,017,1884,2.9364043066622814
aaer,017,1885,2.924381722392385
aaer,017,1886,2.9346555700330064
aaer,017,1887,2.9506928114958653
aaer,017,1888,2.9345294076624757
aaer,017,1889,2.9227546840509735
aaer,017,1890,2.9531831432526086
aaer,017,1891,2.9280115510253815
aaer,017,1892,2.9304833574346274
aaer,017,1893,2.941000962074753
aaer,017,1894,2.9469881692740074
aaer,017,1895,2.943025453815059
aaer,017,1896,2.922360538715982
aaer,017,1897,2.939134884000876
aaer,017,1898,2.9186704184183867
aaer,017,1899,2.927487586561253
aaer,017,1900,2.914425313610088
aaer,017,1901,2.958215879961309
aaer,017,1902,2.9357316792380614
aaer,017,1903,2.9255505207237458
aaer,017,1904,2.93941201604982
aaer,017,1905,2.955933770585643
aaer,017,1906,2.9171192547270515
aaer,017,1907,2.9290097421673265
aaer,017,1908,2.9103254706627046
aaer,017,1909,2.9149588859368465
aaer,017,1910,2.9430828979869808
aaer,017,1911,2.9211245691814405
aaer,017,1912,2.9292700660529265
aaer,017,1913,2.922619586672315
aaer,017,1914,2.9298540729628346
aaer,017,1915,2.918379323689002
aaer,017,1916,2.926990226679356
aaer,017,1917,2.9313885730132068
aaer,017,1918,2.9295708305240433
aaer,017,1919,2.92105116850646
aaer,017,1920,2.9395481070242444
aaer,017,1921,2.920502622910347
aaer,017,1922,2.9176118906273274
aaer,017,1923,2.913230540549027
aaer,017,1924,2.9345644684119647
aaer,017,1925,2.936725077186573
aaer,017,1926,2.9558202353269682
aaer,017,1927,2.9305882686669857
aaer,017,1928,2.920079272206099
aaer,017,1929,2.9329317244152913
aaer,017,1930,2.9182454759093757
aaer,017,1931,2.917858330654569
aaer,017,1932,2.9476742895574595
aaer,017,1933,2.9203272291784104
aaer,017,1934,2.934461870413455
aaer,017,1935,2.9428452871603192
aaer,017,1936,2.910489203536813
aaer,017,1937,2.914197292535593
aaer,017,1938,2.936573023536069
aaer,017,1939,2.927087713861069
aaer,017,1940,2.9211416011482703
aaer,017,1941,2.94487397006967
aaer,017,1942,2.921758148420874
aaer,017,1943,2.901129705627187
aaer,017,1944,2.910902728937117
aaer,017,1945,2.92388392589692
aaer,017,1946,2.916027940806481
aaer,017,1947,2.9023604871547763
aaer,017,1948,2.9281500105766627
aaer,017,1949,2.9099373224017078
aaer,017,1950,2.907001374875429
aaer,017,1951,2.9059133725738824
aaer,017,1952,2.9230222757525612
aaer,017,1953,2.9115977663429264
aaer,017,1954,2.938786679115826
aaer,017,1955,2.9072859017576618
aaer,017,1956,2.907989844282499
aaer,017,1957,2.905112912687654
aaer,017,1958,2.9035878895622704
aaer,017,1959,2.9166524196790315
aaer,017,1960,2.8962280402986735
aaer,017,1961,2.9210679212524466
aaer,017,1962,2.93737904133577
aaer,017,1963,2.8836208166533903
aaer,017,1964,2.8941607823889446
aaer,017,1965,2.906890742102378
aaer,017,1966,2.887487505628812
aaer,017,1967,2.916796622192955
aaer,017,1968,2.9219155014752367
aaer,017,1969,2.8926353940646985
aaer,017,1970,2.901430221201741
aaer,017,1971,2.929864381025796
aaer,017,1972,2.8870786557097987
aaer,017,1973,2.8969274263470846
aaer,017,1974,2.8940719502165377
aaer,017,1975,2.8655172664695594
aaer,017,1976,2.8895604801745103
aaer,017,1977,2.887504806965979
aaer,017,1978,2.8775328721589086
aaer,017,1979,2.8831873969288786
aaer,017,1980,2.9005079438832078
aaer,017,1981,2.914771751023252
aaer,017,1982,2.8778501446137312
aaer,017,1983,2.899350171234015
aaer,017,1984,2.8873200232092837
aaer,017,1985,2.8631094482538155
aaer,017,1986,2.8690980519865117
aaer,017,1987,2.8851151016123127
aaer,017,1988,2.865190795043933
aaer,017,1989,2.8576387414247337
aaer,017,1990,2.865550875615547
aaer,017,1991,2.88105170308058
aaer,017,1992,2.9164237258691856
aaer,017,1993,2.865483592770841
aaer,017,1994,2.8668377098872178
aaer,017,1995,2.870077069935328
aaer,017,1996,2.889789915324723
aaer,017,1997,2.8645625254871763
aaer,017,1998,2.863313393204738
aaer,017,1999,2.8770161593236283
aaer,017,2000,2.864349594052158
aaer,017,2001,2.86416204103042
aaer,017,2002,2.8568297972377006
aaer,017,2003,2.8623589169667336
aaer,017,2004,2.8734600304664055
aaer,017,2005,2.881355015563191
aaer,017,2006,2.8609384308824652
aaer,017,2007,2.87420349716746
aaer,017,2008,2.8858190958204055
aaer,017,2009,2.8613024001914855
aaer,017,2010,2.873080602463789
aaer,017,2011,2.8515632643273263
aaer,017,2012,2.8516635499008722
aaer,017,2013,2.870511843769003
aaer,017,2014,2.869731885354084
aaer,017,2015,2.855551712509026
aaer,017,2016,2.863915367956507
aaer,017,2017,2.8584778026784208
aaer,017,2018,2.8807687726261966
aaer,017,2019,2.8490921673369054
aaer,017,2020,2.8461221346167305
aaer,017,2021,2.838779092838094
aaer,017,2022,2.835909808210867
aaer,017,2023,2.8542139174563927
aaer,017,2024,2.862329017615818
aaer,017,2025,2.860411721164089
aaer,017,2026,2.8520662127942904
aaer,017,2027,2.8464478886337807
aaer,017,2028,2.8723541478185943
aaer,017,2029,2.8787056675018636
aaer,017,2030,2.8368473481848433
aaer,017,2031,2.841988334827177
aaer,017,2032,2.8482107575868088
aaer,017,2033,2.8672094946627147
aaer,017,2034,2.849534474951351
aaer,017,2035,2.8481407894351425
aaer,017,2036,2.8683763439386523
aaer,017,2037,2.85050082960308
aaer,017,2038,2.845888160383565
aaer,017,2039,2.8142238748901365
aaer,017,2040,2.8310475265082196
aaer,017,2041,2.8251927960573933
aaer,017,2042,2.851004830774512
aaer,017,2043,2.8491930333742115
aaer,017,2044,2.848341947834049
aaer,017,2045,2.848689436721615
aaer,017,2046,2.848020788378925
aaer,017,2047,2.8383357391401205
aaer,017,2048,2.8412266720571466
aaer,017,2049,2.841422253666403
aaer,017,2050,2.84316435655135
aaer,018,1850,2.9580824971277075
aaer,018,1851,2.951826021893905
aaer,018,1852,2.9702498695379043
aaer,018,1853,2.954861067252109
aaer,018,1854,2.9528499492960907
aaer,018,1855,2.957739793812262
aaer,018,1856,2.9520359941239405
aaer,018,1857,2.957758538326354
aaer,018,1858,2.941886704808795
aaer,018,1859,2.9389079286155084
aaer,018,1860,2.933706975167515
aaer,018,1861,2.9426613438766203
aaer,018,1862,2.948714225991915
aaer,018,1863,2.9435136977235468
aaer,018,1864,2.9481906723489595
aaer,018,1865,2.960439597759357
aaer,018,1866,2.9479739126977527
aaer,018,1867,2.9518028488556483
aaer,018,1868,2.94865793343638
aaer,018,1869,2.9493191147076265
aaer,018,1870,2.9223350245147532
aaer,018,1871,2.9428052236553075
aaer,018,1872,2.9458880660167353
aaer,018,1873,2.9501448076779204
aaer,018,1874,2.9613987782672613
aaer,018,1875,2.9673263857888337
aaer,018,1876,2.9391032954718583
aaer,018,1877,2.926774889262103
aaer,018,1878,2.9552591164620265
aaer,018,1879,2.958521048107749
aaer,018,1880,2.9369133193416297
aaer,018,1881,2.941764765435311
aaer,018,1882,2.9475557916015194
aaer,018,1883,2.9372074052317974
aaer,018,1884,2.9567105192664194
aaer,018,1885,2.939627150818599
aaer,018,1886,2.92866905046879
aaer,018,1887,2.949679488887959
aaer,018,1888,2.9266370636532524
aaer,018,1889,2.9296747580821987
aaer,018,1890,2.9375170867845997
aaer,018,1891,2.943615837414159
aaer,018,1892,2.9180492072211126
aaer,018,1893,2.939751129757285
aaer,018,1894,2.9482601773328954
aaer,018,1895,2.942921290514174
aaer,018,1896,2.9546517226029083
aaer,018,1897,2.9220371233039635
aaer,018,1898,2.929981574446253
aaer,018,1899,2.959415879226659
aaer,018,1900,2.913672477430651
aaer,018,1901,2.917686258948137
aaer,018,1902,2.9128590180854945
aaer,018,1903,2.9289670237038195
aaer,018,1904,2.932252205765982
aaer,018,1905,2.9380175317554857
aaer,018,1906,2.945583345240817
aaer,018,1907,2.9261340878147544
aaer,018,1908,2.9350682792146316
aaer,018,1909,2.927571477655368
aaer,018,1910,2.9526967830172888
aaer,018,1911,2.9165746566318664
aaer,018,1912,2.9134400048700204
aaer,018,1913,2.9244978614801482
aaer,018,1914,2.9125406191044068
aaer,018,1915,2.9380223381817077
aaer,018,1916,2.913788670641572
aaer,018,1917,2.93600517886716
aaer,018,1918,2.954811595017903
aaer,018,1919,2.923349188495098
aaer,018,1920,2.9181233250528726
aaer,018,1921,2.922467525319295
aaer,018,1922,2.9338776881956075
aaer,018,1923,2.922020719703887
aaer,018,1924,2.932092640542117
aaer,018,1925,2.925554862001402
aaer,018,1926,2.9051080299957217
aaer,018,1927,2.9166236238557937
aaer,018,1928,2.9447966285786737
aaer,018,1929,2.91857113998675
aaer,018,1930,2.919242920219346
aaer,018,1931,2.930022199535687
aaer,018,1932,2.9306721571344556
aaer,018,1933,2.9312325823843235
aaer,018,1934,2.9225287965170827
aaer,018,1935,2.925205449584664
aaer,018,1936,2.914452116278831
aaer,018,1937,2.9335320445237345
aaer,018,1938,2.917842685895406
aaer,018,1939,2.9119246338945945
aaer,018,1940,2.9124460281078135
aaer,018,1941,2.929420422514392
aaer,018,1942,2.9222227433726844
aaer,018,1943,2.9405031417937866
aaer,018,1944,2.929154056120523
aaer,018,1945,2.90175848012783
aaer,018,1946,2.927141813791881
aaer,018,1947,2.9181188818547947
aaer,018,1948,2.9449024780645696
aaer,018,1949,2.916811442779493
aaer,018,1950,2.9103157557399943
aaer,018,1951,2.9220242841390855
aaer,018,1952,2.925944327782666
aaer,018,1953,2.905580274128895
aaer,018,1954,2.909464479639953
aaer,018,1955,2.912499865126929
aaer,018,1956,2.918146665057068
aaer,018,1957,2.9305540216966963
aaer,018,1958,2.9208275681326787
aaer,018,1959,2.908733014893793
aaer,018,1960,2.895530129193112
aaer,018,1961,2.895050470811187
aaer,018,1962,2.9160276688735824
aaer,018,1963,2.9282476587873565
aaer,018,1964,2.9105097043237986
aaer,018,1965,2.892239948601717
aaer,018,1966,2.9011491517990815
aaer,018,1967,2.915737593931651
aaer,018,1968,2.878417706075355
aaer,018,1969,2.906222845347226
aaer,018,1970,2.9057301625084184
aaer,018,1971,2.8865760922547117
aaer,018,1972,2.8919206812505633
aaer,018,1973,2.8976605031604556
aaer,018,1974,2.8871458132460535
aaer,018,1975,2.897869829434151
aaer,018,1976,2.8892664251955464
aaer,018,1977,2.878577330544884
aaer,018,1978,2.9019223237534955
aaer,018,1979,2.899921671876994
aaer,018,1980,2.8969996749673577
aaer,018,1981,2.8808254646915423
aaer,018,1982,2.8978265759505653
aaer,018,1983,2.88024191522722
aaer,018,1984,2.8701053040024735
aaer,018,1985,2.875515130677967
aaer,018,1986,2.858693875170936
aaer,018,1987,2.8755171240742126
aaer,018,1988,2.8689983934215717
aaer,018,1989,2.8686416405345962
aaer,018,1990,2.8529518139124175
aaer,018,1991,2.8829252129224363
aaer,018,1992,2.8888650776387386
aaer,018,1993,2.87335384187436
aaer,018,1994,2.8940713100261872
aaer,018,1995,2.892065297742993
aaer,018,1996,2.8770742630127284
aaer,018,1997,2.8641772001053707
aaer,018,1998,2.8650049945690763
aaer,018,1999,2.8767510129929543
aaer,018,2000,2.894883200109613
aaer,018,2001,2.9147947530569995
aaer,018,2002,2.8693227593963297
aaer,018,2003,2.8762052604749453
aaer,018,2004,2.8717592711304167
aaer,018,2005,2.8674851185798502
aaer,018,2006,2.873958138358524
aaer,018,2007,2.8793847648226296
aaer,018,2008,2.8717092358352345
aaer,018,2009,2.8590776324817737
aaer,018,2010,2.873592870083652
aaer,018,2011,2.8875161445135378
aaer,018,2012,2.863237607053809
aaer,018,2013,2.859772294316316
aaer,018,2014,2.8552211351291694
aaer,018,2015,2.868438971298893
aaer,018,2016,2.8572811157581612
aaer,018,2017,2.8563689755530617
aaer,018,2018,2.896907543409848
aaer,018,2019,2.8693958016742185
aaer,018,2020,2.8667321734007847
aaer,018,2021,2.877294727731967
aaer,018,2022,2.871476972712501
aaer,018,2023,2.846578034129108
aaer,018,2024,2.8362256635875864
aaer,018,2025,2.848580530570793
aaer,018,2026,2.857449435178113
aaer,018,2027,2.862659874412111
aaer,018,2028,2.867830297751179
aaer,018,2029,2.874898812351228
aaer,018,2030,2.8545611549738186
aaer,018,2031,2.8548267839304184
aaer,018,2032,2.857192526893833
aaer,018,2033,2.8361192157010997
aaer,018,2034,2.830350867761993
aaer,018,2035,2.840889754834003
aaer,018,2036,2.860924924725274
aaer,018,2037,2.848685762917393
aaer,018,2038,2.8512308307716654
aaer,018,2039,2.8426907759009237
aaer,018,2040,2.849179099642062
aaer,018,2041,2.8580892201117507
aaer,018,2042,2.88032875779153
aaer,018,2043,2.8506567510767353
aaer,018,2044,2.8432730362589407
aaer,018,2045,2.838078020252232
aaer,018,2046,2.8267111114547694
aaer,018,2047,2.8402902412825006
aaer,018,2048,2.838521304916413
aaer,018,2049,2.840483331705113
aaer,018,2050,2.8341066389288416
aaer,019,1850,2.9595768470602466
aaer,019,1851,2.9668491989271097
aaer,019,1852,2.956226332484108
aaer,019,1853,2.9709352378620317
aaer,019,1854,2.9389390330608234
aaer,019,1855,2.939174583299694
aaer,019,1856,2.955355251194228
aaer,019,1857,2.9617910720405782
aaer,019,1858,2.9704126764104863
aaer,019,1859,2.9292081150084326
aaer,019,1860,2.940437176484754
aaer,019,1861,2.9690250644015728
aaer,019,1862,2.965279457205922
aaer,019,1863,2.937070951877888
aaer,019,1864,2.940544771030046
aaer,019,1865,2.9433821224738788
aaer,019,1866,2.947988931384764
aaer,019,1867,2.9375981592256357
aaer,019,1868,2.9334904383719334
aaer,019,1869,2.946542241300786
aaer,019,1870,2.927115071233852
aaer,019,1871,2.9407748232189737
aaer,019,1872,2.9709527973466336
aaer,019,1873,2.9448328435841717
aaer,019,1874,2.94123745747283
aaer,019,1875,2.945873264841876
aaer,019,1876,2.9394072003493905
aaer,019,1877,2.9414821259951425
aaer,019,1878,2.9558720310934996
aaer,019,1879,2.945805956864301
aaer,019,1880,2.9542882030070055
aaer,019,1881,2.9607360404449383
aaer,019,1882,2.972414586595761
aaer,019,1883,2.9334601563221048
aaer,019,1884,2.923406179392038
aaer,019,1885,2.9615131788987155
aaer,019,1886,2.951942559867917
aaer,019,1887,2.9597434544660963
aaer,019,1888,2.9264459294177048
aaer,019,1889,2.952468865645587
aaer,019,1890,2.9503622995177174
aaer,019,1891,2.96079330610218
aaer,019,1892,2.9443203670262346
aaer,019,1893,2.9359510959247066
aaer,019,1894,2.9620668915160135
aaer,019,1895,2.9273655282858613
aaer,019,1896,2.9514409850152377
aaer,019,1897,2.932041397573837
aaer,019,1898,2.9436875927250545
aaer,019,1899,2.9522624017443673
aaer,019,1900,2.965617629588777
aaer,019,1901,2.9577043275196746
aaer,019,1902,2.9294944155530573
aaer,019,1903,2.9217602374013745
aaer,019,1904,2.940406973602512
aaer,019,1905,2.9538063919747453
aaer,019,1906,2.9627595298850187
aaer,019,1907,2.9516437222612972
aaer,019,1908,2.9370278991757006
aaer,019,1909,2.9223213008782833
aaer,019,1910,2.947860833499952
aaer,019,1911,2.942135480937754
aaer,019,1912,2.922963349184159
aaer,019,1913,2.9199138557444484
aaer,019,1914,2.928143508359319
aaer,019,1915,2.9393137944768473
aaer,019,1916,2.9265677520232396
aaer,019,1917,2.9181454996539986
aaer,019,1918,2.9278232882806945
aaer,019,1919,2.9657615418118017
aaer,019,1920,2.925711841776109
aaer,019,1921,2.9540093429960907
aaer,019,1922,2.9321642430225734
aaer,019,1923,2.9368987403785214
aaer,019,1924,2.948762114352066
aaer,019,1925,2.9306156770058984
aaer,019,1926,2.9371676457851343
aaer,019,1927,2.9214586301508887
aaer,019,1928,2.9195858391778096
aaer,019,1929,2.92501954531955
aaer,019,1930,2.9323066503526958
aaer,019,1931,2.9037599430172336
aaer,019,1932,2.8974757334644496
aaer,019,1933,2.9167169079168445
aaer,019,1934,2.9381524017316814
aaer,019,1935,2.930848715318061
aaer,019,1936,2.9347175329816393
aaer,019,1937,2.9211286881636354
aaer,019,1938,2.9327319213983642
aaer,019,1939,2.9207989001766754
aaer,019,1940,2.9060558400983
aaer,019,1941,2.910961727607121
aaer,019,1942,2.9110996988131546
aaer,019,1943,2.946538982157032
aaer,019,1944,2.9193097271794914
aaer,019,1945,2.9203345877605758
aaer,019,1946,2.9121316546527805
aaer,019,1947,2.9201614981922117
aaer,019,1948,2.912089443385867
aaer,019,1949,2.9167412893972267
aaer,019,1950,2.911443178354974
aaer,019,1951,2.9105803690456935
aaer,019,1952,2.923796218519161
aaer,019,1953,2.903137315645886
aaer,019,1954,2.920013902586196
aaer,019,1955,2.918063020121418
aaer,019,1956,2.8997456386282363
aaer,019,1957,2.9421523593546843
aaer,019,1958,2.914743197967145
aaer,019,1959,2.900447259668908
aaer,019,1960,2.9189038118372643
aaer,019,1961,2.9092068741486816
aaer,019,1962,2.905168331463375
aaer,019,1963,2.8947454647368476
aaer,019,1964,2.8867386074000905
aaer,019,1965,2.9098021485359036
aaer,019,1966,2.905545984802996
aaer,019,1967,2.9133338145074124
aaer,019,1968,2.885992125545435
aaer,019,1969,2.8996815314245143
aaer,019,1970,2.91192231241016
aaer,019,1971,2.9075402888495856
aaer,019,1972,2.89768378637673
aaer,019,1973,2.8938521233514414
aaer,019,1974,2.8937478168713353
aaer,019,1975,2.900458960201284
aaer,019,1976,2.9008107052876464
aaer,019,1977,2.8884901309739375
aaer,019,1978,2.8824542102876665
aaer,019,1979,2.9136573564809436
aaer,019,1980,2.880233262534427
aaer,019,1981,2.8688457926478703
aaer,019,1982,2.8761450295540265
aaer,019,1983,2.889918320324224
aaer,019,1984,2.8880920726241706
aaer,019,1985,2.876771648323466
aaer,019,1986,2.8746132746260584
aaer,019,1987,2.880460838847425
aaer,019,1988,2.880721925954701
aaer,019,1989,2.880621715849803
aaer,019,1990,2.8724614245703894
aaer,019,1991,2.883197827573792
aaer,019,1992,2.9067724808830215
aaer,019,1993,2.878184207428222
aaer,019,1994,2.8670998855829586
aaer,019,1995,2.8829258460100267
aaer,019,1996,2.8653877584214698
aaer,019,1997,2.863408530346319
aaer,019,1998,2.8915512918888644
aaer,019,1999,2.8724792111513664
aaer,019,2000,2.8684974376187995
aaer,019,2001,2.8669883082815697
aaer,019,2002,2.871495421578398
aaer,019,2003,2.881497281968033
aaer,019,2004,2.8840404043020293
aaer,019,2005,2.873002555129717
aaer,019,2006,2.8560899046721557
aaer,019,2007,2.873480814935202
aaer,019,2008,2.8799618560804516
aaer,019,2009,2.8618602148282077
aaer,019,2010,2.8574318673732337
aaer,019,2011,2.870167102693794
aaer,019,2012,2.866496796981729
aaer,019,2013,2.8606768473322854
aaer,019,2014,2.8706022101263966
aaer,019,2015,2.8470316831568425
aaer,019,2016,2.848865968115446
aaer,019,2017,2.865641837834855
aaer,019,2018,2.8845634957689548
aaer,019,2019,2.838268039097993
aaer,019,2020,2.8336827607315382
aaer,019,2021,2.8371697017279276
aaer,019,2022,2.8715496661494364
aaer,019,2023,2.852137579164783
aaer,019,2024,2.845651425287482
aaer,019,2025,2.8398153936068726
aaer,019,2026,2.869009421024089
aaer,019,2027,2.862932478268811
aaer,019,2028,2.8552995039503
aaer,019,2029,2.8390632631393267
aaer,019,2030,2.877129149156108
aaer,019,2031,2.8881545848012884
aaer,019,2032,2.8756738434542584
aaer,019,2033,2.866959635392578
aaer,019,2034,2.862440228696804
aaer,019,2035,2.865759065408589
aaer,019,2036,2.874472633761431
aaer,019,2037,2.8738968584010207
aaer,019,2038,2.868228402026259
aaer,019,2039,2.865618000212205
aaer,019,2040,2.849416136305714
aaer,019,2041,2.835408138414501
aaer,019,2042,2.853434162085807
aaer,019,2043,2.866991440508508
aaer,019,2044,2.8711364517895377
aaer,019,2045,2.8417680086112242
aaer,019,2046,2.8339116476679176
aaer,019,2047,2.8628477136668122
aaer,019,2048,2.854159745921925
aaer,019,2049,2.8515393550025716
aaer,019,2050,2.8769543743362638
aaer,020,1850,2.9640204612636176
aaer,020,1851,2.9244975918228846
aaer,020,1852,2.9270736147680734
aaer,020,1853,2.939786038718087
aaer,020,1854,2.9445347897997403
aaer,020,1855,2.935222011230695
aaer,020,1856,2.9452960388641003
aaer,020,1857,2.961252845995041
aaer,020,1858,2.9332016661504703
aaer,020,1859,2.946485341905164
aaer,020,1860,2.9326929694277495
aaer,020,1861,2.937696227586302
aaer,020,1862,2.9410535474886386
aaer,020,1863,2.9670295204571
aaer,020,1864,2.9375315462007294
aaer,020,1865,2.9490799956624154
aaer,020,1866,2.9630272610015296
aaer,020,1867,2.9401384352150286
aaer,020,1868,2.9256682070525533
aaer,020,1869,2.9274090127071877
aaer,020,1870,2.9550511990399193
aaer,020,1871,2.9672637479878747
aaer,020,1872,2.9289808506127653
aaer,020,1873,2.9684220219064206
aaer,020,1874,2.9396645966837522
aaer,020,1875,2.9407682297619075
aaer,020,1876,2.9544021018086344
aaer,020,1877,2.948585479620689
aaer,020,1878,2.957801849807258
aaer,020,1879,2.930844478276465
aaer,020,1880,2.9491302095116665
aaer,020,1881,2.9495050488996513
aaer,020,1882,2.930139594447449
aaer,020,1883,2.945813035080246
aaer,020,1884,2.941348895372838
aaer,020,1885,2.9491219354153735
aaer,020,1886,2.9494068122564583
aaer,020,1887,2.93543031103373
aaer,020,1888,2.9414003137396603
aaer,020,1889,2.952426071015474
aaer,020,1890,2.936989495008428
aaer,020,1891,2.9306094807369587
aaer,020,1892,2.934216485871261
aaer,020,1893,2.9620748247258315
aaer,020,1894,2.9249001653959095
aaer,020,1895,2.938727691502591
aaer,020,1896,2.9395971165225028
aaer,020,1897,2.959377073696728
aaer,020,1898,2.933325767502201
aaer,020,1899,2.91962637006932
aaer,020,1900,2.9256066307026343
aaer,020,1901,2.961574466724687
aaer,020,1902,2.9363524691264176
aaer,020,1903,2.936700953582412
aaer,020,1904,2.9197174955421943
aaer,020,1905,2.9537643153482662
aaer,020,1906,2.9280119524749457
aaer,020,1907,2.9215313427977487
aaer,020,1908,2.932461984184304
aaer,020,1909,2.937885312059074
aaer,020,1910,2.9309011299498025
aaer,020,1911,2.920116503985207
aaer,020,1912,2.939985528635389
aaer,020,1913,2.9281571509383006
aaer,020,1914,2.9161455694348257
aaer,020,1915,2.92695980418221
aaer,020,1916,2.9112682650673043
aaer,020,1917,2.9483500098739923
aaer,020,1918,2.906714783776781
aaer,020,1919,2.9340638958649228
aaer,020,1920,2.935888978867953
aaer,020,1921,2.9454941762968416
aaer,020,1922,2.922998755810998
aaer,020,1923,2.9239809247039674
aaer,020,1924,2.931625640521407
aaer,020,1925,2.941324450358169
aaer,020,1926,2.9128377602540074
aaer,020,1927,2.935935704479836
aaer,020,1928,2.970957764257105
aaer,020,1929,2.9291710525193753
aaer,020,1930,2.9272678511536583
aaer,020,1931,2.9209100329947115
aaer,020,1932,2.937645177194943
aaer,020,1933,2.9313300458763196
aaer,020,1934,2.920553752645069
aaer,020,1935,2.9263095520850535
aaer,020,1936,2.9432920521677826
aaer,020,1937,2.9217376116172327
aaer,020,1938,2.9349257346983677
aaer,020,1939,2.9147621540274713
aaer,020,1940,2.9163569272283656
aaer,020,1941,2.9186892716289012
aaer,020,1942,2.910919700521527
aaer,020,1943,2.9211262269001703
aaer,020,1944,2.9304359844289287
aaer,020,1945,2.946972534983931
aaer,020,1946,2.9256018717896874
aaer,020,1947,2.936575460019004
aaer,020,1948,2.9293785548290545
aaer,020,1949,2.910800549473019
aaer,020,1950,2.925772666135261
aaer,020,1951,2.9155483673169247
aaer,020,1952,2.9053987091870077
aaer,020,1953,2.9365937954027435
aaer,020,1954,2.9131490682072356
aaer,020,1955,2.916346627328443
aaer,020,1956,2.925229617644417
aaer,020,1957,2.911769348798467
aaer,020,1958,2.9179693873238643
aaer,020,1959,2.913559482691066
aaer,020,1960,2.9153943966973155
aaer,020,1961,2.8922896888960876
aaer,020,1962,2.907175993215003
aaer,020,1963,2.901478258999061
aaer,020,1964,2.9012846615708896
aaer,020,1965,2.9058905455163124
aaer,020,1966,2.9161048042597626
aaer,020,1967,2.9126425155222635
aaer,020,1968,2.8817984991934584
aaer,020,1969,2.8958285961767762
aaer,020,1970,2.8997168784042335
aaer,020,1971,2.8982101798415973
aaer,020,1972,2.8843768885154777
aaer,020,1973,2.8842608141981594
aaer,020,1974,2.882505758188632
aaer,020,1975,2.86307462641467
aaer,020,1976,2.8873345674406496
aaer,020,1977,2.8866151743207564
aaer,020,1978,2.8897090598234234
aaer,020,1979,2.8906571177341847
aaer,020,1980,2.8937364367972744
aaer,020,1981,2.8860586695753887
aaer,020,1982,2.878148185355088
aaer,020,1983,2.8532806842306804
aaer,020,1984,2.8517035727050772
aaer,020,1985,2.8696047987813422
aaer,020,1986,2.8683963417230682
aaer,020,1987,2.85546443429312
aaer,020,1988,2.8664239455480702
aaer,020,1989,2.8896032846802555
aaer,020,1990,2.873298190975345
aaer,020,1991,2.853124998819391
aaer,020,1992,2.851437876725455
aaer,020,1993,2.8762057410236785
aaer,020,1994,2.8547961121957686
aaer,020,1995,2.8556072086567283
aaer,020,1996,2.873822804400409
aaer,020,1997,2.861927382606523
aaer,020,1998,2.865951477018406
aaer,020,1999,2.8750523832165578
aaer,020,2000,2.874660414558994
aaer,020,2001,2.8849516524314094
aaer,020,2002,2.899654597137202
aaer,020,2003,2.8750243022186592
aaer,020,2004,2.8811591143063633
aaer,020,2005,2.8505643706075134
aaer,020,2006,2.8516438282291845
aaer,020,2007,2.8702469500145202
aaer,020,2008,2.859300913968056
aaer,020,2009,2.858936072734205
aaer,020,2010,2.872238197314296
aaer,020,2011,2.847827610563814
aaer,020,2012,2.8302608642143334
aaer,020,2013,2.849297519907186
aaer,020,2014,2.890360069641129
aaer,020,2015,2.8862505968561027
aaer,020,2016,2.881637259427997
aaer,020,2017,2.873426959620208
aaer,020,2018,2.858129614081141
aaer,020,2019,2.859065727340306
aaer,020,2020,2.857939715929873
aaer,020,2021,2.848752139522603
aaer,020,2022,2.8472546178703038
aaer,020,2023,2.8519969265770206
aaer,020,2024,2.8373913838022387
aaer,020,2025,2.846233817149504
aaer,020,2026,2.845151815831492
aaer,020,2027,2.8390374528573084
aaer,020,2028,2.8454689097818364
aaer,020,2029,2.8594129197305365
aaer,020,2030,2.85658934854896
aaer,020,2031,2.8488178553030106
aaer,020,2032,2.8308520909335395
aaer,020,2033,2.8554638443502554
aaer,020,2034,2.8543562317392652
aaer,020,2035,2.865332767968648
aaer,020,2036,2.845358592688667
aaer,020,2037,2.853042612257136
aaer,020,2038,2.8533144193493207
aaer,020,2039,2.8634397724162097
aaer,020,2040,2.8602958612527023
aaer,020,2041,2.8630740356403233
aaer,020,2042,2.847089694617822
aaer,020,2043,2.841648149033244
aaer,020,2044,2.8557554550924023
aaer,020,2045,2.857376578973931
aaer,020,2046,2.841645825261837
aaer,020,2047,2.837572780881879
aaer,020,2048,2.847246519263638
aaer,020,2049,2.8563337752214752
aaer,020,2050,2.8564698224520315
ghg,010,1850,2.9559803116983474
ghg,010,1851,2.95416090744896
ghg,010,1852,2.9420094504473915
ghg,010,1853,2.939071029570959
ghg,010,1854,2.957631554530051
ghg,010,1855,2.9657263897378896
ghg,010,1856,2.9430925070928993
ghg,010,1857,2.943067620675905
ghg,010,1858,2.934885551987429
ghg,010,1859,2.925278615722068
ghg,010,1860,2.9525778960851867
ghg,010,1861,2.9724084853326693
ghg,010,1862,2.9256600928204586
ghg,010,1863,2.9400792117149686
ghg,010,1864,2.9510798515542547
ghg,010,1865,2.933595066137975
ghg,010,1866,2.94457068116094
ghg,010,1867,2.9538660610449856
ghg,010,1868,2.934925278685585
ghg,010,1869,2.9167178119771915
ghg,010,1870,2.93823886695144
ghg,010,1871,2.962275716915277
ghg,010,1872,2.9531426773241365
ghg,010,1873,2.968126407224639
ghg,010,1874,2.9299299743235694
ghg,010,1875,2.926448174979743
ghg,010,1876,2.959924906316396
ghg,010,1877,2.9575072290781845
ghg,010,1878,2.9447064476342244
ghg,010,1879,2.9331795767013236
ghg,010,1880,2.938231747716815
ghg,010,1881,2.9632382240192325
ghg,010,1882,2.9443543725080374
ghg,010,1883,2.9226714893022
ghg,010,1884,2.9433222609287486
ghg,010,1885,2.965737377785372
ghg,010,1886,2.940474790266433
ghg,010,1887,2.9606379206748965
ghg,010,1888,2.9571377215726247
ghg,010,1889,2.9513904095084698
ghg,010,1890,2.949689563688965
ghg,010,1891,2.9683188392570448
ghg,010,1892,2.9421568049281532
ghg,010,1893,2.9361084900980865
ghg,010,1894,2.9513208454473885
ghg,010,1895,2.9526776963903125
ghg,010,1896,2.9381321563738885
ghg,010,1897,2.9409665940453555
ghg,010,1898,2.9394678272943446
ghg,010,1899,2.949523667021592
ghg,010,1900,2.9353941545099835
ghg,010,1901,2.9663394618618795
ghg,010,1902,2.9339520861648705
ghg,010,1903,2.9500489055135204
ghg,010,1904,2.974736472892624
ghg,010,1905,2.9606088864980715
ghg,010,1906,2.942736139238326
ghg,010,1907,2.9543136906035308
ghg,010,1908,2.95462827429746
ghg,010,1909,2.953028421721705
ghg,010,1910,2.96175233104444
ghg,010,1911,2.9538876049888385
ghg,010,1912,2.950280438660678
ghg,010,1913,2.9498846409207307
ghg,010,1914,2.971633602513264
ghg,010,1915,2.9347083820494206
ghg,010,1916,2.9343886607452405
ghg,010,1917,2.970765046277516
ghg,010,1918,2.949829060052082
ghg,010,1919,2.9276737358926055
ghg,010,1920,2.9449869601053846
ghg,010,1921,2.97119069127181
ghg,010,1922,2.9513942866830964
ghg,010,1923,2.9649543366634363
ghg,010,1924,2.9503127546291674
ghg,010,1925,2.9457354560580065
ghg,010,1926,2.9575758945694046
ghg,010,1927,2.9760803667742897
ghg,010,1928,2.952435450395041
ghg,010,1929,2.9689699416202293
ghg,010,1930,2.960202974847413
ghg,010,1931,2.9457971026514596
ghg,010,1932,2.9675095603754973
ghg,010,1933,2.9758437810247593
ghg,010,1934,2.969778205589544
ghg,010,1935,2.987927750821309
ghg,010,1936,2.960382803676862
ghg,010,1937,2.9455459794941907
ghg,010,1938,2.9573589923645756
ghg,010,1939,2.9858948509577337
ghg,010,1940,2.940628225989492
ghg,010,1941,2.9604943356786464
ghg,010,1942,2.959710471059843
ghg,010,1943,2.961649868475844
ghg,010,1944,2.968383909499068
ghg,010,1945,2.996871794814289
ghg,010,1946,2.964252140478072
ghg,010,1947,2.962468146444447
ghg,010,1948,2.9981512048681145
ghg,010,1949,2.9660157902776723
ghg,010,1950,2.9684958516323614
ghg,010,1951,2.962998517673529
ghg,010,1952,2.970683079449528
ghg,010,1953,2.982334715152197
ghg,010,1954,2.9730188935387227
ghg,010,1955,2.9705381398610142
ghg,010,1956,2.9978904150562156
ghg,010,1957,2.9648172401603152
ghg,010,1958,2.9494888874803147
ghg,010,1959,2.9747841212490704
ghg,010,1960,2.956629217346614
ghg,010,1961,2.9604136089818085
ghg,010,1962,2.960253129912938
ghg,010,1963,2.9508811421171526
ghg,010,1964,2.977080220095897
ghg,010,1965,2.9724993831102697
ghg,010,1966,2.9802543983577676
ghg,010,1967,2.9500247237739963
ghg,010,1968,2.9692828480722366
ghg,010,1969,2.9830007207740707
ghg,010,1970,2.9772930857244058
ghg,010,1971,2.9828377359457976
ghg,010,1972,2.9645080458110864
ghg,010,1973,2.9664223481791776
ghg,010,1974,2.9585491984860477
ghg,010,1975,2.9602930435258465
ghg,010,1976,3.0010628465340963
ghg,010,1977,2.9504067632026882
ghg,010,1978,2.980213355981694
ghg,010,1979,2.987864677739702
ghg,010,1980,3.0011316223946247
ghg,010,1981,2.9592767802851236
ghg,010,1982,2.9781312830565847
ghg,010,1983,2.9909991762880965
ghg,010,1984,2.9720146639721023
ghg,010,1985,2.9790805607007282
ghg,010,1986,2.9717375367217294
ghg,010,1987,2.997368763844518
ghg,010,1988,3.0148063392497804
ghg,010,1989,3.0039153164512444
ghg,010,1990,3.017913342133844
ghg,010,1991,2.9860318750717596
ghg,010,1992,2.9749940425042545
ghg,010,1993,3.011419151468961
ghg,010,1994,2.9839181204389065
ghg,010,1995,2.975525655071639
ghg,010,1996,3.011151341470307
ghg,010,1997,2.9932042159189534
ghg,010,1998,3.0004926506818475
ghg,010,1999,2.9996335211212357
ghg,010,2000,3.0021657564866544
ghg,010,2001,2.978815573606283
ghg,010,2002,2.9904088718171593
ghg,010,2003,3.014808619411715
ghg,010,2004,3.014708092433261
ghg,010,2005,3.0011512536706353
ghg,010,2006,2.9894796782246247
ghg,010,2007,3.017459662566373
ghg,010,2008,2.999796013894813
ghg,010,2009,3.013025816201938
ghg,010,2010,3.034544816983902
ghg,010,2011,3.009168874190849
ghg,010,2012,3.0066341587966314
ghg,010,2013,3.016048395393854
ghg,010,2014,3.0005001845321724
ghg,010,2015,2.978956682452081
ghg,010,2016,2.996788802288672
ghg,010,2017,3.029066382918807
ghg,010,2018,3.0066607756483132
ghg,010,2019,3.0066482928804157
ghg,010,2020,3.022889052905196
ghg,010,2021,3.0322817693596744
ghg,010,2022,3.0284044165474278
ghg,010,2023,3.0420391628874146
ghg,010,2024,3.027600729148647
ghg,010,2025,3.0349252112529075
ghg,010,2026,3.0526116197929367
ghg,010,2027,3.0175833133260896
ghg,010,2028,2.9987443932408033
ghg,010,2029,3.040901572808449
ghg,010,2030,3.033717108835713
ghg,010,2031,3.0539948081090738
ghg,010,2032,3.044193483163043
ghg,010,2033,3.050746262538979
ghg,010,2034,3.0393033491100137
ghg,010,2035,3.036306623386965
ghg,010,2036,3.048188323458082
ghg,010,2037,3.0228269051727303
ghg,010,2038,3.049773070902577
ghg,010,2039,3.037641363883951
ghg,010,2040,3.0775714689104463
ghg,010,2041,3.030673874893103
ghg,010,2042,3.0643213081397542
ghg,010,2043,3.0621690107884474
ghg,010,2044,3.05794465844547
ghg,010,2045,3.0447292781974644
ghg,010,2046,3.0581404639035084
ghg,010,2047,3.063475347158263
ghg,010,2048,3.063431607240597
ghg,010,2049,3.073880680870727
ghg,010,2050,3.0651130701672633
ghg,011,1850,2.9327637177423873
ghg,011,1851,2.956107072620529
ghg,011,1852,2.9723681904391346
ghg,011,1853,2.934592612214594
ghg,011,1854,2.9271823824377092
ghg,011,1855,2.9547267520299276
ghg,011,1856,2.9419093051678615
ghg,011,1857,2.940861734772677
ghg,011,1858,2.969819402804821
ghg,011,1859,2.9471015892473273
ghg,011,1860,2.946953997066868
ghg,011,1861,2.9528972671358695
ghg,011,1862,2.9485188753400013
ghg,011,1863,2.955051078471465
ghg,011,1864,2.96577884286379
ghg,011,1865,2.9485607439903467
ghg,011,1866,2.929500404850359
ghg,011,1867,2.9323697948362413
ghg,011,1868,2.915183481152259
ghg,011,1869,2.949724404307425
ghg,011,1870,2.9377580567441215
ghg,011,1871,2.9724424150685733
ghg,011,1872,2.954757185550013
ghg,011,1873,2.948003025293138
ghg,011,1874,2.935490310402643
ghg,011,1875,2.9550060044637494
ghg,011,1876,2.9552052689644484
ghg,011,1877,2.9564417667050638
ghg,011,1878,2.9500301419540507
ghg,011,1879,2.973274645219854
ghg,011,1880,2.9476617057162597
ghg,011,1881,2.956841119101925
ghg,011,1882,2.955798370352482
ghg,011,1883,2.962176986445322
ghg,011,1884,2.959944271817369
ghg,011,1885,2.938771465982483
ghg,011,1886,2.9320433242831156
ghg,011,1887,2.9510980422693636
ghg,011,1888,2.9514324684175963
ghg,011,1889,2.949018553192489
ghg,011,1890,2.9727269997148866
ghg,011,1891,2.9330787981226716
ghg,011,1892,2.9390334854119566
ghg,011,1893,2.9375786990556896
ghg,011,1894,2.948947600642973
ghg,011,1895,2.9384227947589636
ghg,011,1896,2.9452973377572245
ghg,011,1897,2.971470030993986
ghg,011,1898,2.956807979499395
ghg,011,1899,2.9336642820570438
ghg,011,1900,2.9444311414707927
ghg,011,1901,2.9762266076826225
ghg,011,1902,2.9447296539378027
ghg,011,1903,2.942278498385006
ghg,011,1904,2.9521890879353987
ghg,011,1905,2.962481736664001
ghg,011,1906,2.9415697949232076
ghg,011,1907,2.9434446789894877
ghg,011,1908,2.9572803771416787
ghg,011,1909,2.961443889380217
ghg,011,1910,2.9494279573920803
ghg,011,1911,2.973147461714338
ghg,011,1912,2.941592674567585
ghg,011,1913,2.9473719994356657
ghg,011,1914,2.9609651456358668
ghg,011,1915,2.938526530103865
ghg,011,1916,2.9516219981646983
ghg,011,1917,2.954000691118154
ghg,011,1918,2.949110613289628
ghg,011,1919,2.9435202353969143
ghg,011,1920,2.9606729013378006
ghg,011,1921,2.9545297769229153
ghg,011,1922,2.952838723896105
ghg,011,1923,2.965907549166266
ghg,011,1924,2.964222036461025
ghg,011,1925,2.947258729541139
ghg,011,1926,2.950747632422147
ghg,011,1927,2.9463196080838627
ghg,011,1928,2.9401941941731273
ghg,011,1929,2.9489707769036393
ghg,011,1930,2.9677593107945603
ghg,011,1931,2.940250427374394
ghg,011,1932,2.9519972334233873
ghg,011,1933,2.9715506489055428
ghg,011,1934,2.9548194411203674
ghg,011,1935,2.9561272908209473
ghg,011,1936,2.9715553281051883
ghg,011,1937,2.940226802114435
ghg,011,1938,2.9449598537162087
ghg,011,1939,2.949406660557165
ghg,011,1940,2.9393224673808933
ghg,011,1941,2.9280172937291344
ghg,011,1942,2.9483654599547666
ghg,011,1943,2.952515183084759
ghg,011,1944,2.972765584020925
ghg,011,1945,2.9539377571585383
ghg,011,1946,2.9624870573740774
ghg,011,1947,2.973239059832233
ghg,011,1948,2.9715352625678064
ghg,011,1949,2.9503950639674725
ghg,011,1950,2.9733263577620512
ghg,011,1951,2.998417113971311
ghg,011,1952,2.952191586610735
ghg,011,1953,2.953195142201351
ghg,011,1954,2.9688178829930143
ghg,011,1955,2.9664006797610365
ghg,011,1956,2.986152574435582
ghg,011,1957,2.9402090803839838
ghg,011,1958,2.945776032532166
ghg,011,1959,2.9559423657564783
ghg,011,1960,2.9543428983337168
ghg,011,1961,2.95052344439097
ghg,011,1962,2.9392307176879267
ghg,011,1963,2.962071958840581
ghg,011,1964,2.9385875864399114
ghg,011,1965,2.949280996237234
ghg,011,1966,2.9644547762503617
ghg,011,1967,2.9837921159855116
ghg,011,1968,2.9428793760280705
ghg,011,1969,2.967636478515659
ghg,011,1970,2.963932440150347
ghg,011,1971,2.9797796225081963
ghg,011,1972,2.9798415324133742
ghg,011,1973,2.9739325492941004
ghg,011,1974,2.959758198715593
ghg,011,1975,2.9829857775879582
ghg,011,1976,2.9678777892703705
ghg,011,1977,2.990836533641363
ghg,011,1978,2.968658071870079
ghg,011,1979,2.9910448552059656
ghg,011,1980,3.0271073224625487
ghg,011,1981,2.9729189068112802
ghg,011,1982,2.975400269366011
ghg,011,1983,2.9794449830112453
ghg,011,1984,2.997488653268598
ghg,011,1985,2.9931047677266096
ghg,011,1986,2.9687738717505097
ghg,011,1987,2.9677495112598375
ghg,011,1988,2.991862771562646
ghg,011,1989,2.9791735907293373
ghg,011,1990,2.987960361892924
ghg,011,1991,2.996851097605004
ghg,011,1992,2.97306901434338
ghg,011,1993,2.990385750386316
ghg,011,1994,3.0144789142326367
ghg,011,1995,2.996454190289152
ghg,011,1996,2.9966986111310536
ghg,011,1997,3.0192700630377383
ghg,011,1998,2.986631406041045
ghg,011,1999,2.9955156192525285
ghg,011,2000,3.0030978776727024
ghg,011,2001,3.0085210592091096
ghg,011,2002,2.989887624860921
ghg,011,2003,3.003612058016617
ghg,011,2004,3.0029827739359685
ghg,011,2005,3.016441966359152
ghg,011,2006,3.042763785476812
ghg,011,2007,2.9997323618703695
ghg,011,2008,3.0101356431237725
ghg,011,2009,3.043580412466525
ghg,011,2010,2.9965768457920374
ghg,011,2011,3.015455035597199
ghg,011,2012,3.050694978028228
ghg,011,2013,3.0211328389068943
ghg,011,2014,3.0223938189905386
ghg,011,2015,3.02422589917472
ghg,011,2016,3.0238152170206742
ghg,011,2017,3.027945526978841
ghg,011,2018,3.009368981514068
ghg,011,2019,3.0261470256455447
ghg,011,2020,3.0379279222131346
ghg,011,2021,3.026086631050903
ghg,011,2022,3.040162213733973
ghg,011,2023,3.0229375867432062
ghg,011,2024,3.036082982132345
ghg,011,2025,3.0458134421389085
ghg,011,2026,3.028521641752282
ghg,011,2027,3.045872888020274
ghg,011,2028,3.038507224899826
ghg,011,2029,3.0369233926831294
ghg,011,2030,3.057020836373768
ghg,011,2031,3.0199528043946926
ghg,011,2032,3.034524110395839
ghg,011,2033,3.0532364157055527
ghg,011,2034,3.0455327083850183
ghg,011,2035,3.0535376803801775
ghg,011,2036,3.0429175573175997
ghg,011,2037,3.0243553677364834
ghg,011,2038,3.0518666410235884
ghg,011,2039,3.072561194342513
ghg,011,2040,3.042916922409823
ghg,011,2041,3.0398209362581605
ghg,011,2042,3.0635885750902454
ghg,011,2043,3.040908152817215
ghg,011,2044,3.063453262894954
ghg,011,2045,3.068482972727576
ghg,011,2046,3.064027179232163
ghg,011,2047,3.0814735859121
ghg,011,2048,3.043436991029985
ghg,011,2049,3.0634223974542705
ghg,011,2050,3.069565818092602
ghg,012,1850,2.9691384034524293
ghg,012,1851,2.954565881382541
ghg,012,1852,2.9326419161956037
ghg,012,1853,2.929087876644391
ghg,012,1854,2.9426686373388784
ghg,012,1855,2.9411601688353417
ghg,012,1856,2.9335200081480792
ghg,012,1857,2.9325145811784865
ghg,012,1858,2.9487836295033962
ghg,012,1859,2.9490501141638417
ghg,012,1860,2.9407278808817994
ghg,012,1861,2.9459739611061826
ghg,012,1862,2.949825296652211
ghg,012,1863,2.94596545841132
ghg,012,1864,2.947316276256133
ghg,012,1865,2.9430982865873614
ghg,012,1866,2.9612128455745554
ghg,012,1867,2.9451538928705028
ghg,012,1868,2.9468158165146483
ghg,012,1869,2.939297892089037
ghg,012,1870,2.939629550561917
ghg,012,1871,2.9445218384160166
ghg,012,1872,2.948563559516843
ghg,012,1873,2.946806278030692
ghg,012,1874,2.950295545743001
ghg,012,1875,2.9376574252632186
ghg,012,1876,2.9578250668295403
ghg,012,1877,2.971320661031635
ghg,012,1878,2.9592759793450876
ghg,012,1879,2.959278592215658
ghg,012,1880,2.928296457695092
ghg,012,1881,2.9505682858402174
ghg,012,1882,2.954611221646283
ghg,012,1883,2.9494930950521145
ghg,012,1884,2.950307580052769
ghg,012,1885,2.918945404545764
ghg,012,1886,2.9406027817069376
ghg,012,1887,2.9242899826746083
ghg,012,1888,2.9391936873183466
ghg,012,1889,2.9332862031482723
ghg,012,1890,2.9365595882529187
ghg,012,1891,2.965195295991835
ghg,012,1892,2.9274824389320893
ghg,012,1893,2.9498232699021227
ghg,012,1894,2.963896345472995
ghg,012,1895,2.9742324417059893
ghg,012,1896,2.939469517393954
ghg,012,1897,2.962416478408618
ghg,012,1898,2.936247776204384
ghg,012,1899,2.950357964696203
ghg,012,1900,2.966123325723205
ghg,012,1901,2.928839576590053
ghg,012,1902,2.9232020045057228
ghg,012,1903,2.9477031955829287
ghg,012,1904,2.9394032974339446
ghg,012,1905,2.951827743571575
ghg,012,1906,2.959785851257455
ghg,012,1907,2.9512979129184913
ghg,012,1908,2.9412708488255364
ghg,012,1909,2.9524071510261587
ghg,012,1910,2.9794015723541687
ghg,012,1911,2.951186528203013
ghg,012,1912,2.957480537019862
ghg,012,1913,3.001036000205263
ghg,012,1914,2.9315970933825026
ghg,012,1915,2.9378323704989078
ghg,012,1916,2.9734718394197373
ghg,012,1917,2.943122629542003
ghg,012,1918,2.9617214033544124
ghg,012,1919,2.9520747831830723
ghg,012,1920,2.9402903677005523
ghg,012,1921,2.942911898793311
ghg,012,1922,2.949782176286074
ghg,012,1923,2.9531291572377047
ghg,012,1924,2.957036790356654
ghg,012,1925,2.966657143837259
ghg,012,1926,2.9503958912851758
ghg,012,1927,2.952183742899782
ghg,012,1928,2.965310814147619
ghg,012,1929,2.9786737011813855
ghg,012,1930,2.979839730509046
ghg,012,1931,2.943954426490751
ghg,012,1932,2.9533184879539323
ghg,012,1933,2.952576380490896
ghg,012,1934,2.95232624658681
ghg,012,1935,2.9663875077941286
ghg,012,1936,2.953153460101867
ghg,012,1937,2.9520947281628245
ghg,012,1938,2.9573405124531416
ghg,012,1939,2.955521140781926
ghg,012,1940,2.9691344310987122
ghg,012,1941,2.9684079775935373
ghg,012,1942,2.941256573768423
ghg,012,1943,2.9470696944521717
ghg,012,1944,2.950784910039059
ghg,012,1945,2.9577639086825966
ghg,012,1946,2.964845240875938
ghg,012,1947,2.942592689845244
ghg,012,1948,2.936529302378433
ghg,012,1949,2.9713117709106096
ghg,012,1950,2.9679897278273
ghg,012,1951,2.9547526168703153
ghg,012,1952,2.9631666475127916
ghg,012,1953,2.993737439811829
ghg,012,1954,2.9600302429748986
ghg,012,1955,2.9891945484743436
ghg,012,1956,2.957074770436504
ghg,012,1957,2.9474992491104786
ghg,012,1958,2.956279924864429
ghg,012,1959,2.9480446725586504
ghg,012,1960,2.9560093353426318
ghg,012,1961,2.9683891303506753
ghg,012,1962,2.9527609875978604
ghg,012,1963,2.9490148603002613
ghg,012,1964,2.9666580760680326
ghg,012,1965,2.958420032573142
ghg,012,1966,2.949566846069332
ghg,012,1967,2.9462219755206194
ghg,012,1968,2.9770475595389008
ghg,012,1969,2.947031333173332
ghg,012,1970,2.9751208452646023
ghg,012,1971,2.9728587310761108
ghg,012,1972,2.9653203935650296
ghg,012,1973,2.957153046968176
ghg,012,1974,2.9608742233759635
ghg,012,1975,2.9716918543249733
ghg,012,1976,2.945921813013586
ghg,012,1977,2.97295983015144
ghg,012,1978,2.958971865305354
ghg,012,1979,2.9608374964625366
ghg,012,1980,2.973071459982665
ghg,012,1981,2.975580726812524
ghg,012,1982,2.978071222906936
ghg,012,1983,2.9646253824220103
ghg,012,1984,2.9642177190580266
ghg,012,1985,2.9837349628368997
ghg,012,1986,2.99721525803838
ghg,012,1987,2.976757018077227
ghg,012,1988,2.9778822503400217
ghg,012,1989,2.9790485629741337
ghg,012,1990,2.989433368485759
ghg,012,1991,2.972852180832733
ghg,012,1992,2.976082715679554
ghg,012,1993,3.016890710564805
ghg,012,1994,2.979771235481544
ghg,012,1995,2.9904199226382255
ghg,012,1996,3.017449028772176
ghg,012,1997,2.968211475578602
ghg,012,1998,2.9908110244143864
ghg,012,1999,2.984633345068403
ghg,012,2000,2.9700331570230682
ghg,012,2001,2.9847151046855127
ghg,012,2002,2.9985350829734543
ghg,012,2003,2.9749542407505944
ghg,012,2004,2.998790710953326
ghg,012,2005,3.0076732414374696
ghg,012,2006,2.972483780120909
ghg,012,2007,2.9896803590642596
ghg,012,2008,2.98957185241565
ghg,012,2009,2.979491341005103
ghg,012,2010,2.9907585923687994
ghg,012,2011,2.9872724658897507
ghg,012,2012,3.0069702027504333
ghg,012,2013,3.015144836154335
ghg,012,2014,2.9918884769819822
ghg,012,2015,2.9940938063035234
ghg,012,2016,3.01231383339137
ghg,012,2017,3.0215529689640577
ghg,012,2018,3.0051687367551603
ghg,012,2019,3.0201694165058717
ghg,012,2020,3.0101792787887094
ghg,012,2021,3.0200720142746817
ghg,012,2022,3.0449355689933495
ghg,012,2023,2.9930736792524795
ghg,012,2024,3.0169626131645146
ghg,012,2025,3.0469754871585586
ghg,012,2026,3.0184267865764816
ghg,012,2027,3.006641117430764
ghg,012,2028,3.0316414679464123
ghg,012,2029,3.0172480214553605
ghg,012,2030,3.046449238431736
ghg,012,2031,3.004834672240007
ghg,012,2032,3.0305054686889688
ghg,012,2033,3.0535980805121103
ghg,012,2034,3.0255012766247216
ghg,012,2035,3.061447142857096
ghg,012,2036,3.0441172498975413
ghg,012,2037,3.057252387923792
ghg,012,2038,3.029691889583918
ghg,012,2039,3.042988803693282
ghg,012,2040,3.0627709464950925
ghg,012,2041,3.0340960634662113
ghg,012,2042,3.057350609016113
ghg,012,2043,3.0585497020027934
ghg,012,2044,3.049343251820873
ghg,012,2045,3.071172223443932
ghg,012,2046,3.0491433349800987
ghg,012,2047,3.0637445054317416
ghg,012,2048,3.063988747856209
ghg,012,2049,3.0817409048373543
ghg,012,2050,3.0640224210448594
ghg,013,1850,2.9294054251887105
ghg,013,1851,2.9319551796118173
ghg,013,1852,2.946687047556642
ghg,013,1853,2.954792969144448
ghg,013,1854,2.9385127721408586
ghg,013,1855,2.9517019474151485
ghg,013,1856,2.944231485955418
ghg,013,1857,2.9425629580248347
ghg,013,1858,2.9473921269703127
ghg,013,1859,2.958145960003613
ghg,013,1860,2.929801362878323
ghg,013,1861,2.9484690323816833
ghg,013,1862,2.941507103703693
ghg,013,1863,2.9411294076542536
ghg,013,1864,2.9408012339885437
ghg,013,1865,2.9654790327431266
ghg,013,1866,2.961807895560918
ghg,013,1867,2.929677081728609
ghg,013,1868,2.941942887214635
ghg,013,1869,2.9468134993822894
ghg,013,1870,2.9367692396222966
ghg,013,1871,2.958171888544927
ghg,013,1872,2.939580892613716
ghg,013,1873,2.9402594302174805
ghg,013,1874,2.9547607126430098
ghg,013,1875,2.9498102228676406
ghg,013,1876,2.9493726364529183
ghg,013,1877,2.951402463466755
ghg,013,1878,2.96702892398292
ghg,013,1879,2.9519084229866923
ghg,013,1880,2.9281167708542215
ghg,013,1881,2.9448640563121935
ghg,013,1882,2.9664853514426843
ghg,013,1883,2.9510502938824597
ghg,013,1884,2.9679713130268426
ghg,013,1885,2.949071318251933
ghg,013,1886,2.9443437374666286
ghg,013,1887,2.9485470979863795
ghg,013,1888,2.9472816648069564
ghg,013,1889,2.9499348050966447
ghg,013,1890,2.9381485189063765
ghg,013,1891,2.952530933135399
ghg,013,1892,2.9401836317193606
ghg,013,1893,2.945919805533882
ghg,013,1894,2.965381867266544
ghg,013,1895,2.955633226880191
ghg,013,1896,2.942590123179205
ghg,013,1897,2.9524320222794045
ghg,013,1898,2.942263726057399
ghg,013,1899,2.946559028958644
ghg,013,1900,2.958231628601969
ghg,013,1901,2.969629680245741
ghg,013,1902,2.948101808328358
ghg,013,1903,2.954859353893659
ghg,013,1904,2.9645124913010634
ghg,013,1905,2.9633525892058232
ghg,013,1906,2.9435702468302116
ghg,013,1907,2.9503184324927076
ghg,013,1908,2.9585519838094307
ghg,013,1909,2.9716097026634394
ghg,013,1910,2.9487629417979817
ghg,013,1911,2.962899288714995
ghg,013,1912,2.931201018923178
ghg,013,1913,2.9512686755551503
ghg,013,1914,2.957279529618839
ghg,013,1915,2.956405395093709
ghg,013,1916,2.9540862342980865
ghg,013,1917,2.9561091936998705
ghg,013,1918,2.956171808307094
ghg,013,1919,2.9720868689733324
ghg,013,1920,2.9592229675977055
ghg,013,1921,2.9747292422840235
ghg,013,1922,2.9684604833592174
ghg,013,1923,2.9775146160183517
ghg,013,1924,2.952098700663116
ghg,013,1925,2.9566722942327917
ghg,013,1926,2.959147203861797
ghg,013,1927,2.973160317431804
ghg,013,1928,2.953418722873426
ghg,013,1929,2.9497508249635542
ghg,013,1930,2.958212603990376
ghg,013,1931,2.9691400557166108
ghg,013,1932,2.9378732744158222
ghg,013,1933,2.9431163602286863
ghg,013,1934,2.9772141210413143
ghg,013,1935,2.945189560935419
ghg,013,1936,2.964424215969391
ghg,013,1937,2.9743404645130536
ghg,013,1938,2.9615022330199188
ghg,013,1939,2.9737013702164656
ghg,013,1940,2.9604314526904134
ghg,013,1941,2.9808061576470952
ghg,013,1942,2.9360436396145126
ghg,013,1943,2.9486096155063732
ghg,013,1944,2.971338545554051
ghg,013,1945,2.9570345340473096
ghg,013,1946,2.9715737354288385
ghg,013,1947,2.975860208269807
ghg,013,1948,2.943698872494469
ghg,013,1949,2.9655167731354046
ghg,013,1950,2.951089956135882
ghg,013,1951,2.9600302589269702
ghg,013,1952,2.9879182316014234
ghg,013,1953,2.9577196920466813
ghg,013,1954,2.9570719577220466
ghg,013,1955,2.9679923594668494
ghg,013,1956,2.9607147226502826
ghg,013,1957,2.9742153285739446
ghg,013,1958,2.968044049362962
ghg,013,1959,2.9648450605248886
ghg,013,1960,2.990787411592207
ghg,013,1961,2.969091089185309
ghg,013,1962,2.9541951965490023
ghg,013,1963,2.9647016630770575
ghg,013,1964,2.9949001330513494
ghg,013,1965,2.9608447631868158
ghg,013,1966,2.972865440665508
ghg,013,1967,2.980977871903339
ghg,013,1968,2.974878779534383
ghg,013,1969,2.975034403314466
ghg,013,1970,2.984564360805515
ghg,013,1971,2.976506655971894
ghg,013,1972,2.959782101131627
ghg,013,1973,2.960685208594634
ghg,013,1974,2.9854650008399464
ghg,013,1975,2.971386708572073
ghg,013,1976,3.003931264206007
ghg,013,1977,2.9642918359872543
ghg,013,1978,2.9901139993674266
ghg,013,1979,2.979693830156649
ghg,013,1980,3.000715743798087
ghg,013,1981,2.9713600459961182
ghg,013,1982,2.975471190445861
ghg,013,1983,2.989779298439833
ghg,013,1984,3.000912012215335
ghg,013,1985,2.9672559430116086
ghg,013,1986,2.9921112393458644
ghg,013,1987,2.9983026769383856
ghg,013,1988,2.987389987736548
ghg,013,1989,2.992322216702207
ghg,013,1990,3.014077248244846
ghg,013,1991,3.0022841253932464
ghg,013,1992,3.0132673917001433
ghg,013,1993,2.9960689341715097
ghg,013,1994,2.98362949922766
ghg,013,1995,2.9942270278206236
ghg,013,1996,2.99472604555511
ghg,013,1997,2.9948773459419815
ghg,013,1998,3.0129107563424133
ghg,013,1999,2.9886302232244084
ghg,013,2000,3.009557876647653
ghg,013,2001,3.0117458040869063
ghg,013,2002,3.026157656067332
ghg,013,2003,3.0269875701919715
ghg,013,2004,2.9977522059292205
ghg,013,2005,3.006540844973843
ghg,013,2006,3.0081348942085557
ghg,013,2007,3.0012158184154734
ghg,013,2008,3.0180035070517626
ghg,013,2009,3.016018975845207
ghg,013,2010,3.0173813600692356
ghg,013,2011,3.037534129598263
ghg,013,2012,2.9976976379607447
ghg,013,2013,3.034741126529875
ghg,013,2014,3.0287479571774223
ghg,013,2015,2.996837157492008
ghg,013,2016,3.012661736875091
ghg,013,2017,3.0224080336098593
ghg,013,2018,3.0183270941987237
ghg,013,2019,3.041279959595451
ghg,013,2020,2.996172925006261
ghg,013,2021,3.0280656535677624
ghg,013,2022,3.044343996281619
ghg,013,2023,3.0099100152903957
ghg,013,2024,3.0175147430035727
ghg,013,2025,3.0463417549793306
ghg,013,2026,3.03674474137155
ghg,013,2027,3.0546827522756614
ghg,013,2028,3.0276668417894976
ghg,013,2029,3.06375061438122
ghg,013,2030,3.0182737247327998
ghg,013,2031,3.0356954624350587
ghg,013,2032,3.0447991996301473
ghg,013,2033,3.040491799941307
ghg,013,2034,3.023139986665098
ghg,013,2035,3.020936300069098
ghg,013,2036,3.03814760033809
ghg,013,2037,3.033426406472232
ghg,013,2038,3.0475799424717285
ghg,013,2039,3.0456710053555334
ghg,013,2040,3.0738494177105857
ghg,013,2041,3.04918860734218
ghg,013,2042,3.0647787977974814
ghg,013,2043,3.045648600135948
ghg,013,2044,3.0517316522342894
ghg,013,2045,3.044295931571041
ghg,013,2046,3.064137611692766
ghg,013,2047,3.066894922841018
ghg,013,2048,3.0494372094144424
ghg,013,2049,3.070950101041638
ghg,013,2050,3.049373244837755
ghg,014,1850,2.9699207747600926
ghg,014,1851,2.957647485815543
ghg,014,1852,2.9383113943405377
ghg,014,1853,2.9221303567629215
ghg,014,1854,2.922047669300994
ghg,014,1855,2.943306436174688
ghg,014,1856,2.9377167590045263
ghg,014,1857,2.9430885326913043
ghg,014,1858,2.946833655767877
ghg,014,1859,2.9376270841459915
ghg,014,1860,2.9489670057185733
ghg,014,1861,2.9563591671418035
ghg,014,1862,2.9453369699682814
ghg,014,1863,2.9155319620433247
ghg,014,1864,2.9443676899381526
ghg,014,1865,2.962155448495813
ghg,014,1866,2.9383589466133584
ghg,014,1867,2.952233606414838
ghg,014,1868,2.9610264531480386
ghg,014,1869,2.9417891034533863
ghg,014,1870,2.9426582502766494
ghg,014,1871,2.9440702270819843
ghg,014,1872,2.949288907114611
ghg,014,1873,2.9301325685406416
ghg,014,1874,2.9526240683075926
ghg,014,1875,2.971471951308813
ghg,014,1876,2.9435488068728173
ghg,014,1877,2.9449581644146683
ghg,014,1878,2.9487320145690497
ghg,014,1879,2.956518444759899
ghg,014,1880,2.9460538568746246
ghg,014,1881,2.944065558729953
ghg,014,1882,2.9607214240353996
ghg,014,1883,2.9632654304533963
ghg,014,1884,2.960074988381625
ghg,014,1885,2.9346111451639585
ghg,014,1886,2.9179905187953823
ghg,014,1887,2.9489025503813755
ghg,014,1888,2.9493042171721693
ghg,014,1889,2.937308249059304
ghg,014,1890,2.9484281841827165
ghg,014,1891,2.9654894315699574
ghg,014,1892,2.9453682962826204
ghg,014,1893,2.960942925676004
ghg,014,1894,2.945667792630002
ghg,014,1895,2.9492033836859046
ghg,014,1896,2.960440481986941
ghg,014,1897,2.9517054965121754
ghg,014,1898,2.9689441561467325
ghg,014,1899,2.9625536151672303
ghg,014,1900,2.9403691502519846
ghg,014,1901,2.942300617490869
ghg,014,1902,2.9525254716034897
ghg,014,1903,2.946634651397668
ghg,014,1904,2.942146633770397
ghg,014,1905,2.9793332251306928
ghg,014,1906,2.9466099919383644
ghg,014,1907,2.9478229661059467
ghg,014,1908,2.9668752451735396
ghg,014,1909,2.953632939129121
ghg,014,1910,2.9441839196637276
ghg,014,1911,2.954639033453253
ghg,014,1912,2.9471122143688047
ghg,014,1913,2.9661783994243804
ghg,014,1914,2.962217483257382
ghg,014,1915,2.9490895640656793
ghg,014,1916,2.9637431134559122
ghg,014,1917,2.954746888017648
ghg,014,1918,2.9568556534532844
ghg,014,1919,2.9446566706006427
ghg,014,1920,2.952966766777139
ghg,014,1921,2.95925047967334
ghg,014,1922,2.9272649761362315
ghg,014,1923,2.945722458074284
ghg,014,1924,2.950614881830669
ghg,014,1925,2.9579740823975964
ghg,014,1926,2.96351808748308
ghg,014,1927,2.941499883045356
ghg,014,1928,2.936621442472794
ghg,014,1929,2.946776746428727
ghg,014,1930,2.9452228477528513
ghg,014,1931,2.962673288534122
ghg,014,1932,2.9581673935710002
ghg,014,1933,2.951330749289526
ghg,014,1934,2.957648353265702
ghg,014,1935,2.9631888641298447
ghg,014,1936,2.949533851101737
ghg,014,1937,2.950043535045822
ghg,014,1938,2.9552414790588895
ghg,014,1939,2.946852427087663
ghg,014,1940,2.9849072437708277
ghg,014,1941,2.946612076450823
ghg,014,1942,2.9376797449799232
ghg,014,1943,2.959423117187097
ghg,014,1944,2.9486053373066397
ghg,014,1945,2.956596634329868
ghg,014,1946,2.964850842430393
ghg,014,1947,2.9662698157472405
ghg,014,1948,2.948982604624007
ghg,014,1949,2.9639728430749814
ghg,014,1950,2.9429503921492643
ghg,014,1951,2.9609685450754695
ghg,014,1952,2.9709927178680275
ghg,014,1953,2.965566301702778
ghg,014,1954,2.9649355403075357
ghg,014,1955,2.9799217087455103
ghg,014,1956,2.933312643349156
ghg,014,1957,2.9435901533637954
ghg,014,1958,2.9570253304392913
ghg,014,1959,2.983891750421033
ghg,014,1960,2.9754668474687653
ghg,014,1961,2.9611134931559495
ghg,014,1962,2.9532305311359184
ghg,014,1963,2.980861990230197
ghg,014,1964,2.9608004580399854
ghg,014,1965,2.9645222028545226
ghg,014,1966,2.977729293422215
ghg,014,1967,2.951009905674409
ghg,014,1968,2.9733374972077606
ghg,014,1969,2.9758832089716534
ghg,014,1970,2.95222851491432
ghg,014,1971,2.9644325175769035
ghg,014,1972,2.989756798690649
ghg,014,1973,2.9778795594727296
ghg,014,1974,2.963474805596588
ghg,014,1975,2.9923225076174496
ghg,014,1976,2.97420606653775
ghg,014,1977,2.960387269642829
ghg,014,1978,2.9642241360262673
ghg,014,1979,2.9866159094531666
ghg,014,1980,2.9647663672332825
ghg,014,1981,2.9666315295003685
ghg,014,1982,2.9765918556950632
ghg,014,1983,3.002248194921954
ghg,014,1984,2.9814486621058025
ghg,014,1985,2.961059199432053
ghg,014,1986,3.0000169674247816
ghg,014,1987,2.9604342029462045
ghg,014,1988,2.9686763195291612
ghg,014,1989,2.985507479524414
ghg,014,1990,2.9897060183425253
ghg,014,1991,2.9815370236987615
ghg,014,1992,2.9758526282975724
ghg,014,1993,2.988333880155548
ghg,014,1994,2.9679082865631616
ghg,014,1995,2.9987148641361667
ghg,014,1996,3.0045518318686377
ghg,014,1997,2.9855422238941824
ghg,014,1998,2.9755768981565875
ghg,014,1999,2.998366225328611
ghg,014,2000,2.989699941204054
ghg,014,2001,2.99010028472541
ghg,014,2002,3.013107153912342
ghg,014,2003,2.9761808910597947
ghg,014,2004,2.9896057219511594
ghg,014,2005,3.0357306936532655
ghg,014,2006,2.995539026290817
ghg,014,2007,2.997944062494616
ghg,014,2008,3.012118354789199
ghg,014,2009,2.9895375677461575
ghg,014,2010,2.9930894910753643
ghg,014,2011,3.0130934194442442
ghg,014,2012,2.983476380222689
ghg,014,2013,3.011822187544537
ghg,014,2014,3.0350835183504956
ghg,014,2015,2.994263854667619
ghg,014,2016,2.9970607756004277
ghg,014,2017,3.0378185136635807
ghg,014,2018,2.996580151931508
ghg,014,2019,3.0261194005766487
ghg,014,2020,3.01845670769596
ghg,014,2021,3.0290738429017616
ghg,014,2022,3.017921724341498
ghg,014,2023,3.0284311316248953
ghg,014,2024,3.004630190483771
ghg,014,2025,3.0203456470248944
ghg,014,2026,3.0382092185228577
ghg,014,2027,3.0257085383479
ghg,014,2028,3.0234228908659113
ghg,014,2029,3.0238267718028293
ghg,014,2030,3.010029937428759
ghg,014,2031,3.024688854174441
ghg,014,2032,3.041377460488757
ghg,014,2033,3.0329042620604936
ghg,014,2034,3.0554207633435757
ghg,014,2035,3.0113336186342723
ghg,014,2036,3.0326120800183576
ghg,014,2037,3.070577965423048
ghg,014,2038,3.0249073782298335
ghg,014,2039,3.036245265016426
ghg,014,2040,3.0631149074215434
ghg,014,2041,3.0290277487752086
ghg,014,2042,3.04570237414705
ghg,014,2043,3.0505023745895725
ghg,014,2044,3.053492667115571
ghg,014,2045,3.062649107941353
ghg,014,2046,3.046814520121953
ghg,014,2047,3.043793750779065
ghg,014,2048,3.0516649730710643
ghg,014,2049,3.0601205568842715
ghg,014,2050,3.0634942161569336
ghg,015,1850,2.956917071895986
ghg,015,1851,2.9378676886290034
ghg,015,1852,2.9355574631029246
ghg,015,1853,2.934968690138801
ghg,015,1854,2.975639999133878
ghg,015,1855,2.94740801744104
ghg,015,1856,2.9297163444734897
ghg,015,1857,2.9545236368710386
ghg,015,1858,2.942968638982614
ghg,015,1859,2.9458414687255674
ghg,015,1860,2.942492479695139
ghg,015,1861,2.928037772044288
ghg,015,1862,2.940802477614389
ghg,015,1863,2.9369122214665944
ghg,015,1864,2.95526821786319
ghg,015,1865,2.9437826757706786
ghg,015,1866,2.9487882393198652
ghg,015,1867,2.9660551905020527
ghg,015,1868,2.947454317713432
ghg,015,1869,2.9679036652773494
ghg,015,1870,2.9570943547651303
ghg,015,1871,2.9542347701017877
ghg,015,1872,2.9794624391925346
ghg,015,1873,2.946858932491965
ghg,015,1874,2.962390834580398
ghg,015,1875,2.9383573074534057
ghg,015,1876,2.955621295558364
ghg,015,1877,2.931054163533875
ghg,015,1878,2.9398483427671747
ghg,015,1879,2.9495409985492516
ghg,015,1880,2.954769108038858
ghg,015,1881,2.9836084013229778
ghg,015,1882,2.9306197220975996
ghg,015,1883,2.948977559478385
ghg,015,1884,2.9479416999545602
ghg,015,1885,2.942108054241464
ghg,015,1886,2.9368462875989163
ghg,015,1887,2.9451208636583806
ghg,015,1888,2.962076988106866
ghg,015,1889,2.946087678327333
ghg,015,1890,2.9440707419970966
ghg,015,1891,2.9429932541906383
ghg,015,1892,2.961206300252057
ghg,015,1893,2.9355420221330912
ghg,015,1894,2.9581595284851745
ghg,015,1895,2.9686378313767916
ghg,015,1896,2.9537002780586454
ghg,015,1897,2.9549764004918884
ghg,015,1898,2.953804603252946
ghg,015,1899,2.945478711322469
ghg,015,1900,2.9505562911474374
ghg,015,1901,2.94738978596843
ghg,015,1902,2.9385417448127353
ghg,015,1903,2.9554366308870432
ghg,015,1904,2.9510052952825117
ghg,015,1905,2.9557182703389633
ghg,015,1906,2.9502208283784976
ghg,015,1907,2.9623427575579093
ghg,015,1908,2.9625057975610383
ghg,015,1909,2.9846986162174063
ghg,015,1910,2.959620499996173
ghg,015,1911,2.9355465801256946
ghg,015,1912,2.958978651027535
ghg,015,1913,2.962022376848049
ghg,015,1914,2.9383403948750026
ghg,015,1915,2.9352118889710312
ghg,015,1916,2.9647524438722193
ghg,015,1917,2.9713063476747035
ghg,015,1918,2.952965034257968
ghg,015,1919,2.947596840905982
ghg,015,1920,2.9529278116168434
ghg,015,1921,2.9609547542071266
ghg,015,1922,2.969173964291505
ghg,015,1923,2.9691855568146375
ghg,015,1924,2.962942620607455
ghg,015,1925,2.9715310504456767
ghg,015,1926,2.955861950191721
ghg,015,1927,2.947335142496795
ghg,015,1928,2.9755688384989907
ghg,015,1929,2.954521579888752
ghg,015,1930,2.960603664020044
ghg,015,1931,2.9613441042086115
ghg,015,1932,2.958167475756638
ghg,015,1933,2.967103361477981
ghg,015,1934,2.973562653692909
ghg,015,1935,2.955176131104072
ghg,015,1936,2.972507975233842
ghg,015,1937,2.9641628409575698
ghg,015,1938,2.9688898950649625
ghg,015,1939,2.98231654195311
ghg,015,1940,2.9404103121761453
ghg,015,1941,2.9784203281430486
ghg,015,1942,2.9608737989751615
ghg,015,1943,2.931928340024603
ghg,015,1944,2.955253722755516
ghg,015,1945,2.9721073976282684
ghg,015,1946,2.9517502800665647
ghg,015,1947,2.9593198001770555
ghg,015,1948,2.960942312832187
ghg,015,1949,2.967629662233136
ghg,015,1950,2.9716845829295795
ghg,015,1951,2.954906850067012
ghg,015,1952,2.9640596610236796
ghg,015,1953,2.972289393807246
ghg,015,1954,2.9405521516691686
ghg,015,1955,2.9374732231818044
ghg,015,1956,2.9746699828453176
ghg,015,1957,2.9575403958051605
ghg,015,1958,2.931649939487532
ghg,015,1959,2.9515340093613194
ghg,015,1960,2.9406514312078604
ghg,015,1961,2.9694699180867588
ghg,015,1962,2.968898723053725
ghg,015,1963,2.958201618505121
ghg,015,1964,2.9682771777130643
ghg,015,1965,2.980712790983552
ghg,015,1966,2.9512662925834645
ghg,015,1967,2.9685834747952633
ghg,015,1968,2.968627755257302
ghg,015,1969,2.973760149548259
ghg,015,1970,2.9793917708704987
ghg,015,1971,2.9529453944817816
ghg,015,1972,2.965813005232823
ghg,015,1973,2.957657083900022
ghg,015,1974,2.9948134477930717
ghg,015,1975,2.981687422194657
ghg,015,1976,2.9634831873592575
ghg,015,1977,2.992666964704549
ghg,015,1978,2.9834524439128027
ghg,015,1979,2.9884015671191735
ghg,015,1980,2.9646879561544957
ghg,015,1981,2.99554833267208
ghg,015,1982,2.9824461560099618
ghg,015,1983,2.9760162212309913
ghg,015,1984,2.971965287399262
ghg,015,1985,2.983684304091007
ghg,015,1986,2.954338599994752
ghg,015,1987,2.9483658863349285
ghg,015,1988,2.984383948644015
ghg,015,1989,2.971382199897769
ghg,015,1990,2.9974649078106435
ghg,015,1991,2.9848445088608617
ghg,015,1992,2.9793807847422094
ghg,015,1993,2.96698749928971
ghg,015,1994,2.9903228250792933
ghg,015,1995,2.9716633582809284
ghg,015,1996,2.9912108471665437
ghg,015,1997,2.99340448953584
ghg,015,1998,2.961191206252376
ghg,015,1999,2.990125793119093
ghg,015,2000,3.0329616196569775
ghg,015,2001,2.97815169580387
ghg,015,2002,3.005465405275614
ghg,015,2003,3.0199494845553643
ghg,015,2004,2.9777426805721516
ghg,015,2005,2.9608949158092863
ghg,015,2006,2.978930765465138
ghg,015,2007,3.021676434957346
ghg,015,2008,2.973841612501774
ghg,015,2009,3.009015498474167
ghg,015,2010,3.0218775013023005
ghg,015,2011,2.992302515975146
ghg,015,2012,3.0363164438027317
ghg,015,2013,2.993121685103171
ghg,015,2014,3.0445543097322667
ghg,015,2015,2.993866216767394
ghg,015,2016,3.0172708385274825
ghg,015,2017,3.0211631209385765
ghg,015,2018,2.9979462504990217
ghg,015,2019,3.056537062215244
ghg,015,2020,2.980990371990915
ghg,015,2021,2.9978238869044995
ghg,015,2022,3.0269410132814123
ghg,015,2023,3.01420375485599
ghg,015,2024,3.0116833721715714
ghg,015,2025,3.0266989447114296
ghg,015,2026,3.038087212215627
ghg,015,2027,3.0527844650470684
ghg,015,2028,3.026397123869176
ghg,015,2029,3.0457042072143428
ghg,015,2030,3.060033763778485
ghg,015,2031,3.0268573038549813
ghg,015,2032,3.0354735772343777
ghg,015,2033,3.0551313735260766
ghg,015,2034,3.0197447846293914
ghg,015,2035,3.0616348439193404
ghg,015,2036,3.0292232956508616
ghg,015,2037,3.045358520563786
ghg,015,2038,3.0383935774481867
ghg,015,2039,3.0488163302377917
ghg,015,2040,3.0609992104681933
ghg,015,2041,3.0429714589290042
ghg,015,2042,3.089654925558676
ghg,015,2043,3.053378189069301
ghg,015,2044,3.0674662562586215
ghg,015,2045,3.0435472142765922
ghg,015,2046,3.0514824501711346
ghg,015,2047,3.056019863561856
ghg,015,2048,3.058623521896957
ghg,015,2049,3.063555123641806
ghg,015,2050,3.042093289656198
