scenario,short,year,p5,p17,p33,p50,p66,p83,p95
high-extension,H,1750.0,-0.06145554960093431,-0.034896936429715926,-0.018295214815376288,-0.004735450602732081,0.008157523048063121,0.024785230425128757,0.05045641587145824
high-extension,H,1751.0,-0.15904593886645593,-0.08638050104720064,-0.03792366162985971,-0.0027074510361946766,0.0316489797751062,0.08142343031519357,0.13970833444537217
high-extension,H,1752.0,-0.1533898106141891,-0.09045333607540806,-0.041061890985091186,-0.0009228712446998771,0.034759051500551204,0.08100468613305602,0.1514587535390954
high-extension,H,1753.0,-0.16835356392889628,-0.09670172115908685,-0.044498700446575355,-0.0040056357320740685,0.033848677960243004,0.08860005916645886,0.18613710176771456
high-extension,H,1754.0,-0.18001564670242545,-0.09575429513257218,-0.038896384817036056,0.0033262003761826836,0.04078257495811429,0.09466535798177106,0.1725134370609597
high-extension,H,1755.0,-0.16364956013535253,-0.09867734072900976,-0.04179829264502712,0.0011996850504047097,0.040269694075443105,0.090899763013993,0.16836830473213993
high-extension,H,1756.0,-0.1798300764109753,-0.101721653974393,-0.051609266285972774,-0.005695314432520873,0.03460735335734901,0.0915324384426881,0.16671978546470356
high-extension,H,1757.0,-0.15912826416225867,-0.09637184485699515,-0.04538899523805821,0.001752553550912573,0.04104506795034364,0.0876625105340148,0.1597841510094535
high-extension,H,1758.0,-0.17011631888677625,-0.09248601470311703,-0.041856099040776806,0.002149150412867812,0.0404270284392947,0.09497744914681597,0.1841938083774722
high-extension,H,1759.0,-0.1659565880418652,-0.0897365441720844,-0.044798814653763175,-0.004375310319709199,0.038580803487971715,0.09436902425637243,0.16229025395931038
high-extension,H,1760.0,-0.17712075954100562,-0.09479387760452886,-0.042589008903893104,0.0007556718918060347,0.03736697854847021,0.09132940273818344,0.1638187113428119
high-extension,H,1761.0,-0.1690423866951435,-0.09135249307807809,-0.042162855371239885,-0.004991990673789252,0.030463852937201354,0.08511191142355248,0.16148380668877835
high-extension,H,1762.0,-0.18582663676078265,-0.10964968350587236,-0.0521636871696915,-0.009570963130130585,0.03694544129006859,0.09075940213748404,0.15126730423966406
high-extension,H,1763.0,-0.17815967973899896,-0.09710714058201259,-0.04900012018218945,-0.0019063999422822032,0.03922906995805869,0.09393812520454196,0.1863803134317173
high-extension,H,1764.0,-0.17414958964150842,-0.09154655660136048,-0.03795049078163298,0.0029275577205000597,0.034853609952490414,0.08719027910570572,0.18206571278915082
high-extension,H,1765.0,-0.17492790123999472,-0.10062197440230733,-0.04092070716924046,-0.001830520920383355,0.03162856452684089,0.09001062780502637,0.1623686953750424
high-extension,H,1766.0,-0.1921122562520786,-0.10962218161102198,-0.05241029210380821,-0.011584922124776374,0.026706993956415705,0.08922558136144268,0.16357451265433606
high-extension,H,1767.0,-0.16748155972294435,-0.09915360847661797,-0.049434991060672784,-0.0071101101078690915,0.02736543289647952,0.09091395963419631,0.17052183893078676
high-extension,H,1768.0,-0.1836421917455269,-0.10286057883944671,-0.052684201393541574,-0.010209359212417161,0.035904762100147446,0.09671755873145882,0.16617218411805357
high-extension,H,1769.0,-0.18622480942423317,-0.11003800161240855,-0.05661117313655334,-0.008357672572085854,0.03601753262841657,0.09061008444473975,0.17020376603422174
high-extension,H,1770.0,-0.1727725909662366,-0.09706292315745534,-0.04904214133297597,-0.008544388663803915,0.03366648927705902,0.08500546998015766,0.1779163518710351
high-extension,H,1771.0,-0.18500680679680054,-0.10345697033871198,-0.04971437039618109,-0.0059623797146969235,0.03609509533527642,0.09420216729079148,0.17284904149143504
high-extension,H,1772.0,-0.17051911980637874,-0.09274906927603242,-0.04411409129878027,-0.0017928873619980912,0.03390214558673654,0.08219882440158728,0.1610346942745144
high-extension,H,1773.0,-0.17138343812208998,-0.0966347179118048,-0.05096264959627484,-0.0019098118170953228,0.0369459442206579,0.08327256211584767,0.1631639832477675
high-extension,H,1774.0,-0.1746694682501072,-0.09898086835154635,-0.04165519478063434,-0.003947267333629684,0.034835074488816016,0.09269897533119231,0.17273199110125242
high-extension,H,1775.0,-0.1591887545423818,-0.09227236427890377,-0.040943413292597895,-0.002185533750674675,0.03225658985342669,0.08528411700369085,0.15206024285158823
high-extension,H,1776.0,-0.17630643114283065,-0.0967159875945331,-0.03918044728532275,-0.006033489125290184,0.03230230808174343,0.08630913961860588,0.16644644794859487
high-extension,H,1777.0,-0.1879755497216688,-0.10135684792359456,-0.051550402360303185,-0.004608895541525762,0.03707089236979677,0.09922068235274671,0.17199334416256593
high-extension,H,1778.0,-0.17506032158557513,-0.0942408215398326,-0.039654672487342224,0.0013372271518951612,0.037284610515788255,0.09782319104623022,0.17883022829255152
high-extension,H,1779.0,-0.17756079557561485,-0.08997389669760855,-0.04328108494815326,-0.0022696273286931887,0.03917595913962473,0.09245870257649776,0.1858643004544078
high-extension,H,1780.0,-0.1707929823919732,-0.10121668033636476,-0.051984587332261536,-0.00983666065063039,0.02937820108141564,0.09123627962525466,0.175376101443317
high-extension,H,1781.0,-0.17116459871222175,-0.10111291332018378,-0.0490562143913531,-0.007812086391673037,0.03144016437903358,0.09339345534612148,0.16620761791512356
high-extension,H,1782.0,-0.19018325769611188,-0.10467993440602348,-0.05085621172231331,-0.00835707782731938,0.03296842469908506,0.08857778504902493,0.16902684492477796
high-extension,H,1783.0,-0.18898873423406576,-0.1010141933412717,-0.05055547890060949,-0.006898221392434513,0.030469894816871037,0.09393882000074359,0.16444588218105294
high-extension,H,1784.0,-0.18556505628806966,-0.10305165963905966,-0.048783847153628365,-0.0014011722632486668,0.03555537501608855,0.09634887895682989,0.17086774685129902
high-extension,H,1785.0,-0.18539444921453888,-0.10007133329827123,-0.04950816129901076,-0.00794310884072574,0.033687044615184854,0.0848932937209838,0.15626626880969563
high-extension,H,1786.0,-0.18870374355187575,-0.10041102065888162,-0.045092433330084315,-0.001805799216165492,0.03734833188584647,0.09108049846045327,0.15427248124859194
high-extension,H,1787.0,-0.17743767112560252,-0.10093610179211734,-0.04820611430301491,-0.002172325694041142,0.03708668830785437,0.09767112579154243,0.16603343019807376
high-extension,H,1788.0,-0.17326266007240718,-0.10541460881809725,-0.047486728507695045,-0.0030725899742274215,0.038995028115224456,0.09396147573283663,0.1725863845960185
high-extension,H,1789.0,-0.17505786768587703,-0.10147178513347162,-0.04756307024405574,-0.005007423132968737,0.03774110858418707,0.10307113757902417,0.1717994877004123
high-extension,H,1790.0,-0.18205417946211858,-0.09588649004955138,-0.04717915619005838,-0.003823139285487477,0.03659769016577614,0.09930587612122693,0.16901403506058077
high-extension,H,1791.0,-0.16726105630448898,-0.09834173270268613,-0.040579322687883466,0.0028132147174144695,0.03907703959109807,0.09872984446394477,0.17041680273565363
high-extension,H,1792.0,-0.18801259862390635,-0.10987727993367179,-0.04804277127172875,-0.00069523039291201,0.0351198046943395,0.09589516154176247,0.16481537805684793
high-extension,H,1793.0,-0.17597591553667552,-0.10306960005119088,-0.05231295552000664,-0.0015462483971152036,0.03984839708753508,0.0865652805746166,0.1809185462594256
high-extension,H,1794.0,-0.18895227549719187,-0.10274869937247129,-0.04480402097620828,-0.0022791013246950716,0.04136999307530658,0.08840290761177198,0.17136053102403753
high-extension,H,1795.0,-0.1676688057653089,-0.09945187812480397,-0.04793259533861565,-0.00578563890832447,0.03069019035025244,0.09228875330214628,0.16409009661940271
high-extension,H,1796.0,-0.17554970115902374,-0.10167753718616161,-0.04890822640517283,-0.012221120815217857,0.027527334068186984,0.0850213121576721,0.15963407751439115
high-extension,H,1797.0,-0.18754277065300332,-0.10406271592432252,-0.050597245600674065,-0.004473266511946671,0.03660535786582024,0.09079160347568008,0.16917754755492964
high-extension,H,1798.0,-0.18398977992283116,-0.11138078460615009,-0.05746258681675716,-0.013304304402619163,0.027180848626440126,0.09235226654857444,0.1650119178750898
high-extension,H,1799.0,-0.18256403958133388,-0.10477091192769218,-0.04682038571021653,-0.005254664117745465,0.03451946561612318,0.09417658706955528,0.16718839228577778
high-extension,H,1800.0,-0.19236890745929774,-0.10824489947565286,-0.051855468198293266,-0.006910964463480662,0.03283629142189165,0.09320553294928108,0.1606730632987478
high-extension,H,1801.0,-0.1782738589148815,-0.09983547590418576,-0.04880691307114514,-0.012076145789072254,0.02794049837127459,0.08619631930936632,0.16552548246754847
high-extension,H,1802.0,-0.17938200969203288,-0.10386585404063811,-0.05153246021658885,-0.010238057152402988,0.03317517074331546,0.08195297711627456,0.16464643766343193
high-extension,H,1803.0,-0.17348686489494133,-0.10402884839237127,-0.05292806225718959,-0.011296343201118017,0.027278612692008784,0.08371702488573705,0.16357496983122657
high-extension,H,1804.0,-0.16501828643689226,-0.0994867540862563,-0.05195281733658444,-0.009938380377253073,0.029548920794908895,0.08532383580900327,0.15360515568215863
high-extension,H,1805.0,-0.18179922900241932,-0.1096285756638855,-0.06093488788414246,-0.015272285718724878,0.023111390325862836,0.07910151299574757,0.14635333784107007
high-extension,H,1806.0,-0.1825616129817357,-0.11457021147250704,-0.06137420861270719,-0.02280404217995688,0.018036322399893417,0.08189755423422294,0.15372747700839412
high-extension,H,1807.0,-0.18972749501554767,-0.10883529486216852,-0.05703408724871849,-0.012364109805733672,0.02608213431169915,0.0765343147411658,0.15537645597489813
high-extension,H,1808.0,-0.20518788803178617,-0.11336731808320046,-0.061071651751500686,-0.01568218302994699,0.030162178356785467,0.08761617623365697,0.16388064625252682
high-extension,H,1809.0,-0.18663841095208786,-0.10649155365679243,-0.057398246337671766,-0.012757704925856022,0.027432061964027678,0.08066314690399838,0.14982099896517354
high-extension,H,1810.0,-0.18256855712925807,-0.10451420263087335,-0.047691843732299004,-0.005998291852700272,0.03175770194034276,0.08148260694057988,0.16955833099831402
high-extension,H,1811.0,-0.18180352165421765,-0.09885286860036754,-0.04573054282802689,-0.008184688885854684,0.03478171379822446,0.08803990587783982,0.1734156218183199
high-extension,H,1812.0,-0.17041135900435322,-0.09438606559958863,-0.04293003284191147,-0.003475693377571698,0.034680733818720264,0.08963259896162473,0.17390629338585048
high-extension,H,1813.0,-0.18824675155925485,-0.09547871195402886,-0.0474350890117851,-0.006979972044935986,0.029981933367565092,0.08389426781763462,0.1786783384812837
high-extension,H,1814.0,-0.17761017030108203,-0.09918821948407433,-0.05038814185080718,-0.015182832777937465,0.030556263515202613,0.08140161931848414,0.1676862768453814
high-extension,H,1815.0,-0.1926462479321678,-0.104154979689133,-0.05276220514334616,-0.008544719503102795,0.032316947381414315,0.08823456622411581,0.1537355392798416
high-extension,H,1816.0,-0.18157324771178396,-0.10118604164427761,-0.0483667364659069,-0.007224857306164987,0.03243816808113706,0.0909656567277852,0.1750936618001972
high-extension,H,1817.0,-0.18857657655915125,-0.09979049855443721,-0.052600950082639035,-0.004985935645681457,0.03225189367968243,0.09133885728206212,0.1771641330513788
high-extension,H,1818.0,-0.17416731030034321,-0.09609659578949795,-0.04338848847514725,-0.0018558916267631398,0.03600470858791295,0.08448829151480279,0.17416118737080383
high-extension,H,1819.0,-0.17706316965446106,-0.1037922591085562,-0.04721427202036451,-0.005909680846921506,0.029266984409369364,0.09150066947390384,0.16875746832361593
high-extension,H,1820.0,-0.1856252946137864,-0.10125532278448701,-0.04697778029190775,-0.0038730640215298923,0.03638418070032241,0.0918211102928717,0.16367572444156248
high-extension,H,1821.0,-0.18634239693892163,-0.10336249632863478,-0.0482585528992715,-0.003203294305470612,0.03000512240569466,0.07864774835036645,0.1642077464986179
high-extension,H,1822.0,-0.1721257224133121,-0.09376269405703976,-0.04694730750582196,-0.004939034894314593,0.03182652587587327,0.08746421892498014,0.1643248550104856
high-extension,H,1823.0,-0.177333861854776,-0.09442824093344018,-0.04401921827690889,-0.0029655654730105924,0.03642242355811681,0.09488514669994444,0.1603507846786285
high-extension,H,1824.0,-0.1801086930020913,-0.0970580044266635,-0.04795748932127107,-0.001442464775743192,0.04215113375025851,0.10041481641675158,0.17523588106108448
high-extension,H,1825.0,-0.17721723513432366,-0.10038440001778363,-0.05195157675146759,-0.005429485717183387,0.031799315047514334,0.0949581385244759,0.18587144721042698
high-extension,H,1826.0,-0.18108634037165214,-0.09383655676181886,-0.04386410041103912,0.0028992566424025958,0.04088865595810628,0.09087643217139432,0.18046401634196188
high-extension,H,1827.0,-0.1836446170759231,-0.10093185222343275,-0.044861029292862314,-0.004038707967759889,0.03267804356081182,0.08249663861256061,0.15549884372945627
high-extension,H,1828.0,-0.18842986640678672,-0.10213397602893927,-0.0463776351841716,-0.0010825774841291477,0.03361006355158009,0.08897236564256247,0.16221288152588825
high-extension,H,1829.0,-0.1799297043346422,-0.10297776142269897,-0.04727106329594327,-0.00604909809666083,0.03131321145737648,0.08185627630542955,0.16366192638285404
high-extension,H,1830.0,-0.17164540588468463,-0.09997273021534386,-0.047885399948136585,-0.007634264471435899,0.033564966365358787,0.0920162132514968,0.1652593576461115
high-extension,H,1831.0,-0.16998354504503022,-0.0982115325363514,-0.04447225376080349,-0.008138216823638364,0.030393008281404465,0.08581311345601164,0.15663026484685283
high-extension,H,1832.0,-0.18645721279297955,-0.0958882471668895,-0.04858508105998523,-0.0013809583189055702,0.033485048009177586,0.08605837065040438,0.17967322804067287
high-extension,H,1833.0,-0.16819498450852882,-0.10276275127483951,-0.047566258139166255,-0.004266946318802272,0.03847748027522519,0.0930220437422563,0.18606487437286354
high-extension,H,1834.0,-0.16880041644037486,-0.0967752129908196,-0.04057290169379547,0.00043750257302033885,0.03594147458386958,0.08993067130058206,0.16445611013844985
high-extension,H,1835.0,-0.1855418941631273,-0.0951828778591188,-0.04681036655367851,-0.003314522128362342,0.03340785810742502,0.08632771212521048,0.16062229740501338
high-extension,H,1836.0,-0.17618470169968653,-0.09042858535981253,-0.04027602223406121,-0.0036877649678812296,0.03954761097636803,0.09182451632646703,0.16478585873330628
high-extension,H,1837.0,-0.17518728830446725,-0.10305468647985883,-0.0459972383374351,0.004888636611023137,0.04149737757866948,0.08742277743654395,0.15503420741787988
high-extension,H,1838.0,-0.1777652924699046,-0.09046718670533119,-0.03864920714753637,0.00047966663902301865,0.043796737089309715,0.09537005602213677,0.16079593018189
high-extension,H,1839.0,-0.17594975535125798,-0.09938970046944604,-0.042724056014023945,0.0027543287910691897,0.041248534198676634,0.09890174227603271,0.18231859387151242
high-extension,H,1840.0,-0.17385937189976725,-0.10090205218620657,-0.042522852451938715,-0.0027834829033084874,0.03528775318785257,0.09687637029215432,0.17949733826376618
high-extension,H,1841.0,-0.16438325608158927,-0.09854924337315042,-0.052124812289076616,-0.010798412941499257,0.029272445419313002,0.08622522607874383,0.17349833439641527
high-extension,H,1842.0,-0.17208998499512754,-0.10383354349331422,-0.04496173183648374,-0.0053046682513881865,0.03540835902643852,0.09517043039073704,0.17065509967206863
high-extension,H,1843.0,-0.17854039006705025,-0.09372384423234502,-0.045388988683290166,-0.0038541779481997968,0.033150378905342795,0.08479604591863188,0.15470552487216782
high-extension,H,1844.0,-0.1699012081993518,-0.09796908551662961,-0.03977408200465144,-0.0011901871489030207,0.035336142749371864,0.08702538828276457,0.16860331128104333
high-extension,H,1845.0,-0.16749375792713803,-0.09205410270090818,-0.04388716124285652,-0.006785884687487734,0.03941040933091251,0.09418677411546177,0.1701151078215032
high-extension,H,1846.0,-0.17015182481908828,-0.09826159219310522,-0.04694071310435805,-0.00752831220001186,0.03194819992883072,0.09497276978889635,0.17410928258300584
high-extension,H,1847.0,-0.17520518316805694,-0.09713326462471758,-0.038661467810478224,-0.0035329930727051387,0.035931709313924434,0.08608192510853296,0.17330501178636704
high-extension,H,1848.0,-0.17212099140661113,-0.09051732132811367,-0.0451328583605077,-0.0047077503342249655,0.03303292170054787,0.09131585316123472,0.16162056087072918
high-extension,H,1849.0,-0.17607254356542484,-0.09197539686547195,-0.04323404866049882,-0.005231410984703186,0.03487642045939107,0.08689663976729868,0.14654878879971278
high-extension,H,1850.0,-0.1563425885930259,-0.09816374902691967,-0.04491809808610856,0.0003670215249079664,0.03667439172707265,0.08572207859239665,0.1654401205024972
high-extension,H,1851.0,-0.16850600737292695,-0.09061631588251252,-0.037516889032719436,-0.0004406009210319098,0.03520541654543242,0.08990178830805146,0.15570416512074645
high-extension,H,1852.0,-0.16008038253570978,-0.08499220920218689,-0.0410585390504006,-0.004604796397331955,0.034259575824298005,0.08455740694860302,0.14802997095725867
high-extension,H,1853.0,-0.15488520367718756,-0.0880479870518304,-0.047319567957488345,-0.00774837728685247,0.028691399128413734,0.08378326564939427,0.1655810463470745
high-extension,H,1854.0,-0.16304825830397243,-0.09600344755972894,-0.05219257001326623,-0.007971375083552182,0.03121070944955517,0.07973379258713002,0.15417264360642924
high-extension,H,1855.0,-0.16497747533612,-0.08937203845106162,-0.04605828236093457,-0.011090867450443541,0.024958720505581507,0.07264651151345945,0.15617374838847192
high-extension,H,1856.0,-0.17365078538880208,-0.09510126882155298,-0.04699092463819763,-0.005950754811043395,0.030215653163959157,0.07663664752229538,0.16039763667779092
high-extension,H,1857.0,-0.17233855436359685,-0.09052293269220868,-0.04253811265476326,-0.0036288343788527027,0.02781152844196173,0.08349772077454994,0.1597737121074728
high-extension,H,1858.0,-0.1704393776080266,-0.09956758729776415,-0.047876965604942805,-0.002788166733082965,0.032657973745075584,0.08641700344979458,0.15517237569923115
high-extension,H,1859.0,-0.16205855728699847,-0.08727197216606823,-0.039656693571141245,-0.004673140273968764,0.03155692961964367,0.08868527521326133,0.1431868456781761
high-extension,H,1860.0,-0.15250430656742245,-0.0892919523210545,-0.0430038483907071,-0.007081878894321863,0.026726695313138184,0.07387953392784201,0.13181750301030126
high-extension,H,1861.0,-0.15752066763820477,-0.08650255049756815,-0.04154863865171544,-0.004320033499526633,0.030229057941102335,0.0847780250514146,0.1556210543964136
high-extension,H,1862.0,-0.15895552140474067,-0.09375759847312157,-0.03940499109451427,-0.004309487419414754,0.02945233418603456,0.08599899442415193,0.1633473277445696
high-extension,H,1863.0,-0.15345680191602876,-0.08604109103384625,-0.03768467363371807,-0.0009268354955688854,0.030752566610817388,0.07728137832427229,0.15141995459990054
high-extension,H,1864.0,-0.15570479624310482,-0.08980811740013284,-0.04338933338447052,-0.007433310468755535,0.02765323580071055,0.07802618683352301,0.14719332927080353
high-extension,H,1865.0,-0.15530821363727088,-0.0864164479528142,-0.03887072599499829,-0.002311632212354763,0.027329429369418543,0.08020396319793499,0.14727179901122928
high-extension,H,1866.0,-0.14411767076009654,-0.0794754257084553,-0.03503246737006753,0.003382929473662466,0.03770488678291112,0.09210921758530452,0.1522497048360481
high-extension,H,1867.0,-0.15467790031546252,-0.09130255481292292,-0.035043171256214964,0.0019003304224221168,0.04162452580886774,0.0875420367956108,0.16571184597632516
high-extension,H,1868.0,-0.15503162315247246,-0.08404030964965117,-0.04025229071070981,-0.0033004931258559748,0.030655002486610204,0.08355527580596667,0.15189685696155755
high-extension,H,1869.0,-0.1576527679781612,-0.08686798196353654,-0.041076936022951566,-0.001994096210320262,0.029928418036480834,0.0811203446032646,0.15494025874300027
high-extension,H,1870.0,-0.16113357419520244,-0.09121602621130001,-0.04625774674302553,-0.005212373578054066,0.030441740869487928,0.07890163788375444,0.14615853433335785
high-extension,H,1871.0,-0.17090132277868997,-0.0954391307259203,-0.04556183391429541,-0.009451576519692154,0.030086537476050026,0.07727049554386381,0.1398648227130082
high-extension,H,1872.0,-0.1503160696440305,-0.09543462841735266,-0.04440954112603731,-0.005255875512174768,0.03291469736829856,0.08325226496981711,0.14238300058076603
high-extension,H,1873.0,-0.14699149165558514,-0.08892724991279762,-0.04219864838162072,-0.006125724586484707,0.026683840978332655,0.07818971233822407,0.145116321097147
high-extension,H,1874.0,-0.1471393725890461,-0.09027571688380377,-0.03921568470582369,-0.002626189652764531,0.03562420497770594,0.08247900525386113,0.15173369875044304
high-extension,H,1875.0,-0.16225067718653577,-0.09055209956079477,-0.04500390570374373,-0.0002274262607593648,0.03809599626993686,0.08760965566771033,0.15448530618802223
high-extension,H,1876.0,-0.15036352626023472,-0.08485633007533203,-0.03416817068386534,-0.00017002154593818292,0.03820046917422324,0.08276095078485676,0.1427401808450655
high-extension,H,1877.0,-0.1596816889971977,-0.08579375356238585,-0.032712787050607435,0.00416902269528941,0.03826910778384393,0.08333048639329063,0.14530285771892631
high-extension,H,1878.0,-0.1586026723909687,-0.08546452077489583,-0.03798298069513359,0.0060544847130797885,0.04571828593886768,0.09134243795195197,0.16655673449364106
high-extension,H,1879.0,-0.14949575324212372,-0.08671228250905784,-0.039830355460574875,0.003972147617434377,0.034490798137300945,0.09078062623260046,0.15827546381589738
high-extension,H,1880.0,-0.14099064848204687,-0.07646309979513845,-0.03356126999686339,0.0008355125913976809,0.036552521769978134,0.08889379645784136,0.15834156584093748
high-extension,H,1881.0,-0.142305975104909,-0.08393818165679263,-0.036009471654226015,0.003264876455103106,0.035986726952999544,0.08186228984900441,0.1468331129193597
high-extension,H,1882.0,-0.1485874663134698,-0.0839742769314712,-0.03867901788080884,-0.0006400445070576244,0.03417645255789248,0.08172346949362815,0.15520618898813368
high-extension,H,1883.0,-0.1672713904550211,-0.0860536150644129,-0.039952803909414226,4.972586215280968e-05,0.03474709427068762,0.08513859670286852,0.14831259655989976
high-extension,H,1884.0,-0.16271075255683495,-0.09099139806174454,-0.03704641916443683,0.0008497001925239465,0.03911331960115142,0.08830540282720883,0.15309470606391748
high-extension,H,1885.0,-0.1673884227507082,-0.09528414783370981,-0.04035374332936459,0.0004712240367411927,0.03721619002197655,0.08384023799020596,0.16717422620462474
high-extension,H,1886.0,-0.141932157362045,-0.07719942689302554,-0.02842245040989981,0.008536436412165579,0.03823019669968735,0.08718285302093015,0.1669893033770182
high-extension,H,1887.0,-0.14814801208931214,-0.08294786346949377,-0.03303915161051794,0.007035845729290644,0.03916750003346251,0.08915027300230424,0.15684435296868485
high-extension,H,1888.0,-0.152593434208923,-0.0865870845842896,-0.03764925006545266,0.004588112272776394,0.04012684685471343,0.08829676948793139,0.1717694660869787
high-extension,H,1889.0,-0.13999837519681663,-0.07875383448773672,-0.030009670575586105,0.005246376220962898,0.03962831629034832,0.08559629699040877,0.14390203183663597
high-extension,H,1890.0,-0.1441962583555549,-0.08132942068102518,-0.032710963574848824,0.004886726530772068,0.03856609018876962,0.08656622167688494,0.1652296081784784
high-extension,H,1891.0,-0.14292679658537905,-0.07916856507304224,-0.03407726875252953,0.006277555870756442,0.044448056008898645,0.09091082851820775,0.1591050616144265
high-extension,H,1892.0,-0.142981959172639,-0.08296527551232753,-0.03567876657790172,0.0024555401497701537,0.036004704172957175,0.08807937455563451,0.15561429248731307
high-extension,H,1893.0,-0.15673044581559947,-0.08245071860885979,-0.03903247750997176,0.002364317899179739,0.04299049955819697,0.09018276857308831,0.16437425394211108
high-extension,H,1894.0,-0.1632418222985466,-0.08755773436403981,-0.03593068685373024,0.007116673269977003,0.044296687092789694,0.09384171461724865,0.15884374149423358
high-extension,H,1895.0,-0.15560239033612994,-0.08047337377796489,-0.030677973333080942,0.007831254714706422,0.04212124091204068,0.0892790081369512,0.15341465652298114
high-extension,H,1896.0,-0.14480901864358378,-0.07614486860703405,-0.03207692811868508,0.006862202798444579,0.04325115651127981,0.09702460287535246,0.16488827233064024
high-extension,H,1897.0,-0.15536341713261764,-0.08888735100108242,-0.033808085437537605,0.005773912708570035,0.0397301210018901,0.09439288848521667,0.163914669889429
high-extension,H,1898.0,-0.1501831157813878,-0.08048224210078929,-0.02598922467146943,0.014386585693324606,0.0492450994944508,0.09860268767081436,0.16978469846933175
high-extension,H,1899.0,-0.15002668106341072,-0.07590768717187678,-0.02905370752050773,0.012015640222712329,0.05093421523762714,0.10260998705192727,0.16754453530199148
high-extension,H,1900.0,-0.15482086529831537,-0.08251500950798692,-0.03350515022752008,0.00556411391726605,0.04468603330925367,0.09239898480540738,0.17724553447611358
high-extension,H,1901.0,-0.14674129910794792,-0.08364939230150809,-0.0344537058654014,0.007054493882765175,0.044730420660119834,0.08857691373172713,0.15732740620820684
high-extension,H,1902.0,-0.1533785235022767,-0.08309130801815683,-0.03394659131101208,0.006320212442373883,0.046015898738865926,0.10050250481716928,0.17278770081212913
high-extension,H,1903.0,-0.1604147850926473,-0.08252405990130357,-0.037276262396722534,0.010259768522798885,0.05230537333312079,0.09599119663749077,0.18267940532780985
high-extension,H,1904.0,-0.14969818222848827,-0.07658600306499681,-0.0267810713137702,0.014184180795222604,0.05498002084649799,0.10057091108632606,0.16656714357527458
high-extension,H,1905.0,-0.15516522833155602,-0.07320956255675326,-0.025932878445286783,0.014137057189154412,0.05430780569326943,0.1038942912705892,0.1733324651485796
high-extension,H,1906.0,-0.15400603428806492,-0.0750475446140454,-0.02042612638019957,0.016607045806288988,0.05534591843698816,0.09753175543133556,0.16867657126386135
high-extension,H,1907.0,-0.14246983712064173,-0.0667096957163263,-0.017843353644223483,0.021734767738969395,0.058542714847106936,0.11034653938349116,0.17516191951700485
high-extension,H,1908.0,-0.13967050165252806,-0.07023311798782772,-0.02270224978774532,0.016977675784727482,0.055089985211300235,0.10918739197676297,0.18569173468332426
high-extension,H,1909.0,-0.14900141988020105,-0.0718213219713075,-0.01736233678862539,0.023484006969839294,0.06310471423340978,0.11669312733018916,0.18085033684987042
high-extension,H,1910.0,-0.14446764597358341,-0.07450676547992956,-0.020134930892506373,0.023616623363013192,0.05923913625503107,0.10611033224438245,0.1772046672659295
high-extension,H,1911.0,-0.1485162007498147,-0.06942852306021101,-0.024023312679571793,0.015879371709899094,0.049365411968593245,0.10138814108690802,0.1842856293199976
high-extension,H,1912.0,-0.15079923418031974,-0.07400234989146465,-0.02179559313419617,0.02066225921832541,0.05997129024648796,0.11889672484285864,0.18268834917472918
high-extension,H,1913.0,-0.13651881707787233,-0.07114511649503667,-0.012007460222719736,0.028128002837367314,0.06337040457016302,0.11112734010084793,0.18221090909818247
high-extension,H,1914.0,-0.14497175009374377,-0.06382374522685846,-0.016825745785133746,0.01788603163920023,0.05619921371373122,0.11509240948919983,0.19955496364062345
high-extension,H,1915.0,-0.13502247803746537,-0.06271376432305618,-0.01027000981890896,0.028418143393790538,0.06470889197439102,0.11841797358619417,0.20038391880724765
high-extension,H,1916.0,-0.12975408078234987,-0.061408578854559054,-0.013906389934354554,0.029487683484327967,0.0645990821457367,0.11910313442044354,0.19912255780934426
high-extension,H,1917.0,-0.13215064084146216,-0.05829981843949521,-0.014018209341610239,0.0220293367958962,0.06158144903484221,0.1141365686917911,0.19305581155260512
high-extension,H,1918.0,-0.13061492621819526,-0.0580607985358008,-0.012688493379258089,0.0236230017412915,0.06651895133532669,0.12289979671651813,0.19383030239381566
high-extension,H,1919.0,-0.12904282600097283,-0.06427766618209307,-0.006134991762753878,0.03271696468847548,0.07343049198202212,0.12264896970392158,0.18890084336426582
high-extension,H,1920.0,-0.14074349278040096,-0.06750721604323491,-0.006326358405589491,0.03703535308637262,0.07008638558016957,0.12017900179377639,0.1967566452241123
high-extension,H,1921.0,-0.13571025097671252,-0.05835955173797557,-0.006183037933783427,0.03173294901083344,0.06850714222575502,0.12233138551970946,0.2064241393595157
high-extension,H,1922.0,-0.14040330874488158,-0.05692828468923583,-0.006551537283560709,0.03273507863123891,0.07556751275580523,0.1297523134558561,0.2100436932423243
high-extension,H,1923.0,-0.12247984530950759,-0.04651628395913602,0.000691596654095103,0.04196830076770906,0.08114260946984336,0.13283840595665736,0.21092679817136076
high-extension,H,1924.0,-0.13144140520395206,-0.053895271930124035,-0.004760957803712648,0.03715405025254086,0.08503244310381576,0.14578796954804868,0.22062243714679405
high-extension,H,1925.0,-0.12450899290499513,-0.04317488039390063,0.008775917388060304,0.04583792345864755,0.08520256463709493,0.13374016921821077,0.20830503393482172
high-extension,H,1926.0,-0.11223726606295927,-0.04113555027178217,0.00450994232754701,0.046551390751256055,0.08709640268638574,0.14406259702973864,0.2237745322767664
high-extension,H,1927.0,-0.10816659056622227,-0.03703471217505634,0.010853108406209984,0.05026982744262359,0.09017062156124289,0.14221872923482493,0.2132238379555741
high-extension,H,1928.0,-0.1267025746718787,-0.04432272189874481,0.008751601493958873,0.05279329329402519,0.0902560668159655,0.1515690690030919,0.23480807702828851
high-extension,H,1929.0,-0.10776128523856156,-0.035796476022508836,0.021662255749545833,0.05660780243768454,0.09391477210142428,0.15444628636658567,0.22469859385799523
high-extension,H,1930.0,-0.11246734813652201,-0.04012118148798541,0.01147918141794863,0.050529904644773194,0.09293364262057247,0.14518319887321945,0.22189726308216892
high-extension,H,1931.0,-0.09534436438850695,-0.04169156760229327,0.009418503677288508,0.06264118180394136,0.10282106510896569,0.15394547655458962,0.22536767785841014
high-extension,H,1932.0,-0.10950510413346659,-0.02670749825689532,0.015922339746597184,0.05802117414110049,0.10014210336656237,0.1545685567697718,0.23076176376287555
high-extension,H,1933.0,-0.10312343981111567,-0.03632775062308949,0.01784191079468189,0.057446273229457945,0.10178178192383248,0.1628184444392788,0.23105263935869488
high-extension,H,1934.0,-0.09790076656068118,-0.032332331607223846,0.02201101421928255,0.05882637451213389,0.09937106781962318,0.14954818719268206,0.22992511283391767
high-extension,H,1935.0,-0.09515723560003225,-0.02417557139425782,0.022261145883431997,0.06206214013291294,0.10406393358752766,0.1670672347347633,0.2394784383678134
high-extension,H,1936.0,-0.09780830711601478,-0.01707335471997538,0.023189323620375926,0.06399552153518981,0.1018685788416573,0.15544579736709024,0.23298815137008552
high-extension,H,1937.0,-0.09104141032738416,-0.017888849209913692,0.026019412137489404,0.06749687406850609,0.10399221150674194,0.1668583763136887,0.2425894501649686
high-extension,H,1938.0,-0.09244077529755136,-0.024941712429255452,0.030522474503343125,0.07799538511399921,0.11311218516526801,0.17628771713348196,0.24709597139020079
high-extension,H,1939.0,-0.09337921359105138,-0.01970314133738229,0.0328117327672653,0.07074124655952327,0.11187668610360027,0.17224913807056808,0.24896421948426084
high-extension,H,1940.0,-0.09559114963011539,-0.024023811847442327,0.03572905650849874,0.0793206956918898,0.1162124364912238,0.16712320151698767,0.2642836177537938
high-extension,H,1941.0,-0.07886132580256942,-0.00977155270327586,0.040932349216569734,0.08168633963219572,0.12224077886123338,0.17230503165739863,0.2544899278319052
high-extension,H,1942.0,-0.06710717849523325,-0.006012187322955845,0.04164752302534266,0.08176402429781876,0.1279805542948926,0.17948914261030247,0.25964445959844384
high-extension,H,1943.0,-0.07466109423549551,-0.008158189111436964,0.04758280542380819,0.09102326181392967,0.13371074696884075,0.19566098547781666,0.2778763428409632
high-extension,H,1944.0,-0.07366476010227778,-0.0013700792366340058,0.0436975133857613,0.08752869223134178,0.13048237265685556,0.1860482006537872,0.2766289370377197
high-extension,H,1945.0,-0.06956513443363421,0.00019481007953738296,0.05517555318111139,0.09102509691396989,0.13291216747632098,0.1875626545521744,0.2780525351367903
high-extension,H,1946.0,-0.07857004128262028,0.0005480740803947874,0.05123846461988989,0.09482644607356111,0.13376260997431139,0.18868983053343008,0.2703930872109659
high-extension,H,1947.0,-0.08727557602222746,0.0005586377847172769,0.05497568360136958,0.09810191301652385,0.13690600597850794,0.19358446099440038,0.28488726741995823
high-extension,H,1948.0,-0.06930285737962968,-0.00203890002489397,0.05669441020488004,0.09737072363255098,0.13520421131596444,0.19238071325133496,0.2711028328856093
high-extension,H,1949.0,-0.06501311197274347,0.00036271282088033816,0.04856848262799423,0.09373623247021018,0.13986718892840838,0.19964748552751815,0.2732082138330453
high-extension,H,1950.0,-0.07983419790708814,0.003075540526650324,0.05099414010292966,0.10141011328261244,0.14313282731577218,0.1955383588022392,0.2830454818724846
high-extension,H,1951.0,-0.07106576608995012,0.013780506888796827,0.06199721739975274,0.10075873303813113,0.1431593340671365,0.20516723099930148,0.2737342180973573
high-extension,H,1952.0,-0.06831515881268853,0.006054827469178605,0.06255718011730875,0.10827597094607405,0.1477025838664334,0.20264858973161154,0.27804236889904005
high-extension,H,1953.0,-0.08379248473488371,0.006609133242768062,0.06814874011174714,0.10935399464757377,0.1460086576655598,0.19760854491103674,0.2704823478396772
high-extension,H,1954.0,-0.07056862269214553,0.01841198799884891,0.07102562544764712,0.11050443582795563,0.1509352202141651,0.2023014515769616,0.2891743066159104
high-extension,H,1955.0,-0.07387090441018945,0.00438907298447595,0.06567459006033141,0.10822303470481658,0.14474735768734556,0.20355349283059232,0.2871060805879072
high-extension,H,1956.0,-0.0576395510045879,0.012611789828276859,0.06782150713045297,0.10547432607405019,0.14424084486578423,0.20160904107714311,0.27910437553427053
high-extension,H,1957.0,-0.0580932601162,0.02443221081307103,0.07546451320317467,0.11468939042327414,0.15472223730887386,0.20822010382056347,0.29127038038558845
high-extension,H,1958.0,-0.036328385741400626,0.03082173718853229,0.0807863507950651,0.12636961704490968,0.16058449467579064,0.2198915530546061,0.2894027657617051
high-extension,H,1959.0,-0.040738849275725145,0.03554272701921037,0.08164138561987336,0.12622576751858927,0.16605549563335245,0.2218593403008818,0.2969193575636067
high-extension,H,1960.0,-0.026942293256969504,0.04292884413489757,0.08968473554813859,0.12963709939644585,0.16955015092998435,0.22451832782015083,0.30171324714269054
high-extension,H,1961.0,-0.03671181910576292,0.040128126746962194,0.09565959033435859,0.13382999774433627,0.17827882636672823,0.2393776630752083,0.30669117638398147
high-extension,H,1962.0,-0.042972851556621505,0.0408104118992146,0.09214828301841581,0.14218292732294663,0.18248195095063355,0.24178474016733278,0.3356077812009141
high-extension,H,1963.0,-0.023513395588857164,0.04592682132989153,0.10072709435930914,0.1421187525995801,0.17643850577337136,0.2344004051245418,0.3283572172323573
high-extension,H,1964.0,-0.02170642997811035,0.05075516052281474,0.1009703529793021,0.14753060206726726,0.19194662242710597,0.24328874231644534,0.3229362206059011
high-extension,H,1965.0,-0.019696649408146055,0.05017013256071076,0.10533662305444992,0.15205234109599033,0.19320917688990355,0.2486206386360077,0.3327631512525068
high-extension,H,1966.0,-0.01880164223880597,0.058611111134952834,0.11388230299580118,0.15691182260241185,0.1958721573088069,0.26113149218160425,0.34930226662118447
high-extension,H,1967.0,-0.0275670254881231,0.06005405949198833,0.11637654496784285,0.16250624788872006,0.20123429407337395,0.26417489892200485,0.33943108055890714
high-extension,H,1968.0,-0.011008436065701142,0.07278986907944236,0.12409431005463291,0.16741613089607546,0.2054605236245647,0.26933770122964423,0.3488021071802897
high-extension,H,1969.0,0.005280135257253717,0.07944691599798429,0.12650896100815093,0.17231240517561244,0.21161498142748308,0.2613019157158557,0.35340377506440046
high-extension,H,1970.0,0.016350516500333503,0.08184331300229244,0.13400190137727633,0.17641989238976263,0.21866855945971017,0.28121718764226145,0.35310426480386453
high-extension,H,1971.0,0.020827318649843163,0.08715535632884049,0.13838091286918813,0.17942815576242077,0.22351784149924372,0.286796942086194,0.3618268810156213
high-extension,H,1972.0,0.029194772160964215,0.10401018649033389,0.15453464150495436,0.1930277825865589,0.23560148458604258,0.29531046840587555,0.38099876144896333
high-extension,H,1973.0,0.0250816233129353,0.09978310967215558,0.15895106778711737,0.2047626057848894,0.24357416193181755,0.30542596339153455,0.39462477729550305
high-extension,H,1974.0,0.04372580450184371,0.11654004165852347,0.16592909660868724,0.20675997698427728,0.24544788687937907,0.3099159906025976,0.397287321105798
high-extension,H,1975.0,0.05325299225377876,0.1183582449471883,0.16995722699272853,0.21264237487868437,0.2569453916445836,0.32128505986239386,0.4101993399762886
high-extension,H,1976.0,0.04560091168694359,0.12087901880925173,0.1782280153751674,0.22221371475771393,0.2688940043386449,0.3338390354441514,0.4348580122600089
high-extension,H,1977.0,0.05471648410654835,0.13194271613267194,0.18342057993167388,0.23293796096448777,0.2796512894123283,0.3376721711219042,0.4433630458707967
high-extension,H,1978.0,0.06183946808371789,0.13793306543339773,0.18830665646351116,0.23409513761299333,0.2825365380754099,0.3457894682297377,0.4377762295692759
high-extension,H,1979.0,0.08150439793375601,0.15074310532719348,0.1946167712500976,0.24678101559815013,0.2886958713875184,0.35818874783481003,0.43793230527791427
high-extension,H,1980.0,0.08157031942060206,0.14435939772024806,0.20946372094663734,0.2557594893513998,0.2983742379614234,0.36387647946206286,0.46851076278602444
high-extension,H,1981.0,0.09079308263014109,0.164507702349704,0.21458920215758098,0.26480765043296783,0.3084210831746977,0.37576851416753443,0.4631442522157587
high-extension,H,1982.0,0.09455506074922926,0.17075720101421446,0.2275892164542884,0.2779818242630322,0.324859794118101,0.3833735658276338,0.4623689770941903
high-extension,H,1983.0,0.10851209277749896,0.1837079670694299,0.23307211313231485,0.2873547349049456,0.3280271864928827,0.39169699021729565,0.47784337691027995
high-extension,H,1984.0,0.11261121436380095,0.19120111442333673,0.24762213406894024,0.292787278446865,0.3436369562116677,0.4071053478517892,0.5087335818614087
high-extension,H,1985.0,0.1149894621977072,0.18951463960186224,0.2547784844059781,0.29781325973056666,0.3457596397966984,0.40482249524672825,0.5042290275606787
high-extension,H,1986.0,0.11517895396118534,0.2060852950605094,0.2549759841124159,0.30091765872141324,0.35754280959356394,0.4171131336938196,0.5031893752379671
high-extension,H,1987.0,0.13441582966068683,0.20536937984381898,0.2645601112514407,0.3123146282168054,0.360831206540275,0.4264153324389353,0.5132977231085025
high-extension,H,1988.0,0.13973882827275938,0.21527343050878647,0.27128854319478796,0.3223133330191811,0.36776911598864503,0.44264119643075206,0.5316310904455648
high-extension,H,1989.0,0.15319252072974293,0.22848288850908394,0.28680621583055116,0.34048893858109863,0.38492214620490856,0.43914959312293467,0.5416198712785263
high-extension,H,1990.0,0.15089630734720905,0.23012103647524604,0.2911994792744832,0.3440590883363488,0.3872970014067533,0.44725344158763497,0.5377401216132991
high-extension,H,1991.0,0.1660730738142842,0.2498212126251839,0.29883998851533206,0.35217051378880243,0.404359488730868,0.46600953683231006,0.572113324529874
high-extension,H,1992.0,0.18071939633743592,0.25524006699887053,0.3176565768885947,0.36285693555824416,0.41258172042984737,0.48984755923669654,0.5715910722050086
high-extension,H,1993.0,0.20018120978299916,0.26184129221430685,0.31988849483635823,0.3677516907786433,0.4217540441179271,0.5026054883968397,0.5994091230240044
high-extension,H,1994.0,0.20188887373039813,0.27217365856383935,0.3275492535309126,0.37976395716452516,0.42962777275745273,0.5007425479799587,0.5973207248165063
high-extension,H,1995.0,0.19412895334906516,0.2859121210716898,0.3410327833222737,0.3921664528768078,0.4406369416589003,0.5145556097843461,0.603810233855144
high-extension,H,1996.0,0.1972547535096097,0.2855421138457196,0.34993515784961793,0.40374019733420874,0.44794772666565214,0.519059246316261,0.6224134976554644
high-extension,H,1997.0,0.21949450309767,0.2930345991695923,0.3567003094050627,0.4137089850984541,0.46058776040810967,0.5352593617924916,0.6292947799224476
high-extension,H,1998.0,0.22911984132116356,0.30229727196498946,0.3634608189722237,0.4145520929181364,0.47076568971976124,0.5504481675973474,0.6536870829561237
high-extension,H,1999.0,0.23822327871052038,0.31677227457247126,0.3710298801334268,0.42693196655789617,0.48444799603044403,0.556002590357603,0.6539660670720894
high-extension,H,2000.0,0.23886519091618652,0.3234043055608012,0.38385951598353385,0.4341788519631908,0.4883628422545156,0.5729001013907513,0.6607108512089775
high-extension,H,2001.0,0.2547136461108045,0.3380963535051324,0.4039390958014093,0.4499470363553884,0.5029408570759033,0.5769522487619604,0.6673525567373678
high-extension,H,2002.0,0.2714675510197036,0.36299699959246823,0.41770167537547975,0.47218020370605346,0.5178906783629161,0.5857434423803765,0.6892572548115864
high-extension,H,2003.0,0.2646963149095942,0.3575201397502732,0.41438344424111057,0.4772683717884988,0.5269880376267406,0.5949149259844565,0.6944168365046479
high-extension,H,2004.0,0.2807144456624311,0.36111606993277967,0.4285994935867956,0.4805548770289663,0.5299926850202878,0.6084067418525348,0.7080423094786938
high-extension,H,2005.0,0.29728311278943576,0.37085445603850486,0.4333810860469137,0.4915786676758456,0.5512767733122031,0.6168876660587211,0.7333111751539882
high-extension,H,2006.0,0.3005918451879394,0.3893166550643474,0.45158712399096496,0.5069327963157783,0.5552907061546415,0.6258208538724368,0.7377284321080194
high-extension,H,2007.0,0.3273973735287152,0.40458224407800975,0.467053640377965,0.5201785816670204,0.5777234152297723,0.6461777221757178,0.7483014785041213
high-extension,H,2008.0,0.32951775853830717,0.4107785601203477,0.4733985086353475,0.5328690825356573,0.5895365388487076,0.6664577874609182,0.778411963173734
high-extension,H,2009.0,0.34128102490443835,0.4263825088848199,0.4867681814246896,0.543968899048753,0.5991385118307587,0.6777155363566112,0.7845284820171904
high-extension,H,2010.0,0.34534009165235374,0.42705319274541026,0.49947594018329705,0.5655482297042449,0.6178277097512238,0.7127965394428852,0.7887327967273838
high-extension,H,2011.0,0.3546481162149737,0.4405095350995065,0.512796988673263,0.5685606873392943,0.632911247985623,0.7075553586198162,0.8241787008966719
high-extension,H,2012.0,0.3742562407757136,0.46318063599706544,0.5227653085417292,0.5863856391421386,0.6436985916882639,0.7215891914297015,0.8229090777674698
high-extension,H,2013.0,0.3865839628386595,0.47217063628142336,0.5316745117924018,0.5904327499027333,0.6492459782569616,0.7304008213599117,0.841454650340942
high-extension,H,2014.0,0.38903902798294093,0.47450733807638856,0.5480089875382351,0.6160792681396978,0.6788330955234514,0.7603817266068437,0.8494972835833121
high-extension,H,2015.0,0.4006610064178942,0.4899631764377554,0.5633640292180592,0.6232025588269915,0.6938933084300458,0.7750695643757536,0.8856064198497344
high-extension,H,2016.0,0.43250670258813306,0.5084167556223138,0.5798664790546245,0.6386776263269431,0.7116862175520222,0.7966141579601826,0.9246879104613298
high-extension,H,2017.0,0.43204773643328015,0.5147578635283999,0.5937120220274541,0.6595105791587196,0.7192994965409991,0.803107491409352,0.9430038731113702
high-extension,H,2018.0,0.4461284355132049,0.5322350412654445,0.6080182880676842,0.6702367206022138,0.7342853496667461,0.8208872935906679,0.9478739177746344
high-extension,H,2019.0,0.4523575851374781,0.5441910537416436,0.6173939325056468,0.6827465782626522,0.7583384195324465,0.8384345023398172,0.9491363180941742
high-extension,H,2020.0,0.4738136803849574,0.5627852660460868,0.6323968611733116,0.6960351010881058,0.7526025742347257,0.8573617380635375,0.9799403172826101
high-extension,H,2021.0,0.47504676942615415,0.5684935026927472,0.6478550948179037,0.7214514682275301,0.7867601275551912,0.8655466187421345,0.9960590374153907
high-extension,H,2022.0,0.48635754191816444,0.5884385643723892,0.6622284318768582,0.7312269281853266,0.7938406494111978,0.8864770089819112,1.012498275837461
high-extension,H,2023.0,0.5038175173061898,0.5932268416893773,0.6763578935308432,0.745018306813365,0.8075186951598519,0.8996868344755894,1.022374388555252
high-extension,H,2024.0,0.5012694868547269,0.5998355331436463,0.6821974807744026,0.7581985580200937,0.8234866854471727,0.9286280600911485,1.0503522243254049
high-extension,H,2025.0,0.521746149343238,0.6209167629892796,0.6985510364745288,0.7656501672880234,0.840518778883113,0.9266437045084454,1.0687890595289782
high-extension,H,2026.0,0.5155278077744891,0.6349064582665831,0.7059085557350954,0.7890342829183581,0.8624176625573613,0.9547994857029515,1.083056043952381
high-extension,H,2027.0,0.5365255872938983,0.6400990736350125,0.7179767989185476,0.786740260663439,0.8675601894980127,0.9737986140181707,1.1151733822847185
high-extension,H,2028.0,0.5606703958495176,0.6519103067608506,0.7363723473945039,0.8140817464114614,0.8822280314640877,0.9940050579219915,1.146643698356141
high-extension,H,2029.0,0.5671764082889549,0.6598841614083417,0.7495948116793358,0.8361452458213213,0.9122282988583843,1.0126789273730095,1.1715588481321362
high-extension,H,2030.0,0.5706023124673397,0.6851676745152597,0.7623862716043993,0.8452773674675357,0.9239373642120874,1.0316360580689248,1.169201717796729
high-extension,H,2031.0,0.5728132300281483,0.6887434529586274,0.7754480060631065,0.8606785459079791,0.9417509196255278,1.051720517923516,1.1918156598380427
high-extension,H,2032.0,0.6007318885195261,0.6978954711670712,0.7918961134261301,0.8719297117591946,0.9577008087640262,1.067778177530913,1.2050663799302548
high-extension,H,2033.0,0.6010659108040292,0.7006176672358981,0.7910278043480994,0.8817591538274716,0.9748012136790423,1.0863277378984582,1.2341875761554677
high-extension,H,2034.0,0.6284034131206171,0.7273062771089769,0.8207834970453062,0.9032882114129334,0.992655012646858,1.1009726353949747,1.254256563561005
high-extension,H,2035.0,0.617582383506645,0.7341254313179412,0.837660948163155,0.9231453046869467,1.0055370242160557,1.132615922914531,1.2671677881156653
high-extension,H,2036.0,0.6510441390648716,0.745261951343404,0.8507152222374236,0.9394415235106917,1.0228066008850347,1.1274526529638011,1.2959091164428296
high-extension,H,2037.0,0.660106128513401,0.763719900653345,0.8648021450805634,0.9559785938376013,1.0467839816583504,1.160339644950762,1.3074788761725482
high-extension,H,2038.0,0.6673535902040688,0.782000451241997,0.8780978529945687,0.9695699717624469,1.0714314853806401,1.1771017994935142,1.3343046167995862
high-extension,H,2039.0,0.6881237210483643,0.8030728129540199,0.9059048596116824,0.9968187789622824,1.0827021424996717,1.199308960724132,1.3689697109458074
high-extension,H,2040.0,0.7100244189103535,0.8091890532095406,0.9178933012910129,1.010974315533589,1.1022471968909955,1.2274000263784934,1.3717649294188137
high-extension,H,2041.0,0.7123707497397674,0.8318289900760798,0.931339348475697,1.0205536624057854,1.1142756245534735,1.2443729621679867,1.3782551508029355
high-extension,H,2042.0,0.7390386166868675,0.8438984607638239,0.9405095046956079,1.0435595807065015,1.1398156560075077,1.2590248796468364,1.4170326097927997
high-extension,H,2043.0,0.7415987792388896,0.8546076444660324,0.958153135385854,1.051446806252247,1.1623890345866512,1.2747001662247799,1.433298824713225
high-extension,H,2044.0,0.7586854288397863,0.8687630470683294,0.9880571492694942,1.0731341933246348,1.1766332224222824,1.2943439020470187,1.449427679717093
high-extension,H,2045.0,0.7701520355723287,0.8825199572733713,0.995393673923285,1.0921926238072737,1.200560002579544,1.3321825085073138,1.4906258324736186
high-extension,H,2046.0,0.7841394540944999,0.9061787319825375,1.012200439680833,1.1209272082080681,1.2132868157422012,1.3430122334943622,1.4965487887060105
high-extension,H,2047.0,0.7914295799845564,0.9235877984718966,1.0386907607478384,1.1342574405156463,1.2287103659796907,1.3578214628379885,1.5502293427993472
high-extension,H,2048.0,0.8244109874185123,0.947051018841145,1.059085283897193,1.1456332303490562,1.255350346847789,1.39168280948692,1.575752577280308
high-extension,H,2049.0,0.8477223630576972,0.9618247676563094,1.0759692712258269,1.1754743046660427,1.2790580215788425,1.4169701195322861,1.6002799563915309
high-extension,H,2050.0,0.863635301903445,0.9757412377897354,1.0819235766170707,1.1925264446594517,1.2965449622969645,1.4356270165174698,1.6360500321286877
high-extension,H,2051.0,0.8662893497593113,0.9815858539490301,1.1073681180856203,1.2182450998043624,1.321900736706687,1.4895114019828537,1.6445515567917388
high-extension,H,2052.0,0.8954037849179041,1.011268879631878,1.122692279322463,1.2457460170255457,1.3392091731899722,1.4862718657777096,1.7008918857706492
high-extension,H,2053.0,0.9131834922710574,1.0339249719834083,1.1507086861511464,1.2534246778615759,1.3627869574652143,1.5165191256318746,1.7050639327891437
high-extension,H,2054.0,0.9173605916819126,1.0422217145861958,1.1603199569443465,1.2806911521347664,1.3882878583172833,1.5296470243545512,1.713917736264124
high-extension,H,2055.0,0.924280541000083,1.0529875646659628,1.1805915072207624,1.2940713241101893,1.4162425013296156,1.5591257018584572,1.7460470196295046
high-extension,H,2056.0,0.9430528514688025,1.0773213074027903,1.2061159699867823,1.317188231281245,1.4394592937909043,1.5743096554395235,1.771611050859404
high-extension,H,2057.0,0.9599013548760239,1.0967832644346094,1.217734708712689,1.3458689461623476,1.4641133154590307,1.6294670187426281,1.8027007541333826
high-extension,H,2058.0,0.9636746709518266,1.112528661308576,1.24027864811332,1.3681871262704997,1.4784048083715633,1.6435718597708775,1.8499935315738314
high-extension,H,2059.0,0.9978442286321646,1.140931766829121,1.261248540498522,1.3705963129038128,1.4915545941868946,1.6579198807471869,1.8671670989669078
high-extension,H,2060.0,1.0075569442561911,1.1582637498748845,1.2847888460245356,1.3958832831627397,1.5095618379100106,1.6787225046416674,1.9016690307583777
high-extension,H,2061.0,1.0223485056749937,1.1708169603888734,1.3067389618855705,1.4141648282309114,1.5308557858098677,1.6935464540069214,1.9053855148234846
high-extension,H,2062.0,1.0312629291588258,1.192902398254332,1.3340432625403027,1.4480307632982006,1.5587707038371397,1.723869158067283,1.9215442855892773
high-extension,H,2063.0,1.0582879692750762,1.2051330586956095,1.341655703258824,1.4671548679473534,1.5809417768030751,1.7597742209058675,1.9553613346539387
high-extension,H,2064.0,1.0768209537805082,1.2256962366468864,1.3534815388207635,1.4904035694426243,1.607659355857088,1.77551983339599,2.0218377512041283
high-extension,H,2065.0,1.0943349750472529,1.2339849318600749,1.3744764996419678,1.5098292256327739,1.6455383506149341,1.8037818232523002,2.0464918204009335
high-extension,H,2066.0,1.0963600736868229,1.2452928885805516,1.3929020617556984,1.5248949463293753,1.6527955017014548,1.8227176947866082,2.049847121402765
high-extension,H,2067.0,1.120929036672745,1.2744239767645875,1.421806773142583,1.545251499797747,1.6789864067022793,1.8559650958249243,2.0903281793792523
high-extension,H,2068.0,1.1539455707595105,1.2856237212222275,1.4303659561223012,1.5658288884472693,1.7025138082963984,1.8927688205491058,2.100258191641214
high-extension,H,2069.0,1.1676402249693965,1.3074116116345773,1.4489601335645759,1.5942321677061209,1.7322119135749285,1.911824638434842,2.142850041270107
high-extension,H,2070.0,1.1623925742128762,1.3160123080529418,1.4748841530640326,1.6162251643251466,1.753055765093419,1.9353145760000032,2.17034162744451
high-extension,H,2071.0,1.1651975791058498,1.3255763761227917,1.4954058685319394,1.6421757167721487,1.7738287716022152,1.9701405595905337,2.2304277052849777
high-extension,H,2072.0,1.198861639963084,1.3564943188369591,1.517001883527151,1.6664631891773616,1.8003478099663737,2.004128920930836,2.2416896507904043
high-extension,H,2073.0,1.1950324336387657,1.3690851695256467,1.5309237987613862,1.6830946690355244,1.8196921481080197,2.019762159299703,2.254646982406015
high-extension,H,2074.0,1.212214171147584,1.3941206047896366,1.5482887675904324,1.6909526875238856,1.8469317953788627,2.069075515075877,2.3002013304001885
high-extension,H,2075.0,1.241021927811832,1.4164000055738573,1.563576241813264,1.73092078670939,1.8867307068786205,2.093873820391426,2.3438793592163893
high-extension,H,2076.0,1.252317414237308,1.436867654333916,1.5913340466298205,1.7556127793314316,1.9101975470256016,2.1125615989462636,2.377997939916834
high-extension,H,2077.0,1.2777499080329289,1.4430259314106608,1.611924799705128,1.7749000381146425,1.922835796651393,2.13277496401595,2.387539364053107
high-extension,H,2078.0,1.3162996094446113,1.472081035876635,1.6381628482935393,1.7931134662912602,1.9410092183427625,2.152003464043469,2.4439215188246677
high-extension,H,2079.0,1.3096397396948762,1.4993709918183638,1.6475991787820083,1.821144298864672,1.983178066375323,2.180519777053736,2.4808817140130897
high-extension,H,2080.0,1.3224702011967773,1.5146859450798682,1.6648347545011348,1.8400042474857503,1.9978261435906346,2.199777727971609,2.4933808172895415
high-extension,H,2081.0,1.3401545895581675,1.5302963713995215,1.7001261442450992,1.859936079006659,2.02726636457064,2.2175751892019497,2.5110724662624153
high-extension,H,2082.0,1.3577269910179435,1.5513680941920278,1.7063361023928614,1.8899477554425905,2.0419632239636836,2.2710772426901764,2.55927976912111
high-extension,H,2083.0,1.3638428824632487,1.5701885258048953,1.7376381519358186,1.8991927182958226,2.081361497598924,2.2999956772996093,2.599516502870701
high-extension,H,2084.0,1.3743506719348448,1.5867997278735182,1.7565103081967233,1.9244540150642657,2.1044970129453295,2.317871510668437,2.6227265103667117
high-extension,H,2085.0,1.411526382526773,1.610122708283744,1.767636957290244,1.941007459184826,2.1297734769602856,2.349169368914904,2.6413410231491237
high-extension,H,2086.0,1.4336206776020626,1.6216341509654117,1.7868690497059112,1.953061759315125,2.1322043776819886,2.3696913472038603,2.6932559560049922
high-extension,H,2087.0,1.458835752156701,1.6409821838918448,1.8090823145767796,1.987317821925608,2.163249167115704,2.3943156578276246,2.7269519740927097
high-extension,H,2088.0,1.4767355360845613,1.6448933793307579,1.8299388788465218,2.0223206931621065,2.201115757979342,2.4252848341580715,2.7535013754945514
high-extension,H,2089.0,1.4936445037878783,1.6645161963092707,1.8573880436754837,2.050526143825074,2.2270928780812613,2.457838292189996,2.7884153526199693
high-extension,H,2090.0,1.5036272608054584,1.695893514872576,1.8765967655723772,2.072728993887346,2.2530412580609434,2.497063409526408,2.8105520881294943
high-extension,H,2091.0,1.4948974683986858,1.7117464255398112,1.9001406265103349,2.084599337964843,2.2778891032906565,2.5238874454625218,2.867026964759646
high-extension,H,2092.0,1.5336362283547074,1.748039885854337,1.932756357534427,2.116251265280174,2.2869937846172252,2.5390308684128646,2.8675759451901928
high-extension,H,2093.0,1.544631056589544,1.7628900239933811,1.9461732759827006,2.140818825636023,2.307695825488798,2.584861045202626,2.910348745086544
high-extension,H,2094.0,1.54476614515294,1.7638407622351304,1.9638022439691276,2.1598007779819093,2.3400797647908407,2.6220285101694887,2.9121041998578474
high-extension,H,2095.0,1.5674155791330138,1.803536247525719,1.9790157838712215,2.17861988171617,2.383574803604279,2.638168808215136,2.9486118488048527
high-extension,H,2096.0,1.5871122662173562,1.8253418746445462,2.0046484452441735,2.213623477999444,2.4077281010358353,2.6769114893655788,2.996236430159564
high-extension,H,2097.0,1.6120201839051307,1.8317958591501302,2.0292892916436145,2.245427409907267,2.436090866251003,2.7124937636241557,3.0494379676757886
high-extension,H,2098.0,1.6407322962246638,1.8598142773404214,2.0567278226959322,2.261265112679007,2.4447881915016625,2.743528151315614,3.06374625006505
high-extension,H,2099.0,1.6572156804528009,1.8756261470517446,2.0723360489618923,2.287651729047648,2.477751665579587,2.7679180874776477,3.084248980126111
high-extension,H,2100.0,1.6699711158615718,1.8744062606945993,2.0895978565211704,2.3031923277855832,2.504058309031328,2.789909704931445,3.1287273385503447
high-extension,H,2101.0,1.6840618763508233,1.909709093942939,2.1167099217792518,2.3152776319785118,2.5335934252220675,2.820713231130307,3.183431224658043
high-extension,H,2102.0,1.7040570121853498,1.9170026662942639,2.1264081120235376,2.3411799118390264,2.5658830866057465,2.8349851762748126,3.209541960059267
high-extension,H,2103.0,1.7110404904892822,1.942541392530287,2.1569784489148844,2.3815988660947736,2.570023137482647,2.8703861316639463,3.2713771215071366
high-extension,H,2104.0,1.7302791276132374,1.948646040199599,2.183809684687934,2.4015948938652985,2.599602784188461,2.915527021850993,3.2520594011632236
high-extension,H,2105.0,1.7615495702154556,1.9745936564351911,2.2097923489351525,2.417962365986561,2.632318506781994,2.938735446833579,3.2718609163631207
high-extension,H,2106.0,1.750020871832504,1.9857762037758673,2.219370042071446,2.4520978732828262,2.655979871191011,2.9649048104830382,3.2988710416976956
high-extension,H,2107.0,1.7651810289271197,2.024505001189603,2.2467259419516767,2.4745113528352274,2.680578430902544,2.988821138898038,3.3346738645901137
high-extension,H,2108.0,1.7782910503811575,2.015954296822717,2.258118831418502,2.500597240890787,2.7004025210462057,3.0114932534002405,3.39734892993739
high-extension,H,2109.0,1.7894987225175676,2.044853107413362,2.2841463917263765,2.5228335856391984,2.729508640515122,3.0106148699655506,3.4148386878586687
high-extension,H,2110.0,1.8036270544857167,2.062621361263763,2.3049471438781945,2.534557370322211,2.7398738721093685,3.0522162469742913,3.462280422162852
high-extension,H,2111.0,1.8240115020318968,2.080815156987838,2.327144736844126,2.5693011526391936,2.7817378903781838,3.099806273761248,3.460716278480136
high-extension,H,2112.0,1.8414402317362069,2.103831460300886,2.348975806845339,2.582855506611773,2.798566912032018,3.1395811343123983,3.513312207378914
high-extension,H,2113.0,1.8671986765185302,2.130632929597089,2.3619149102214894,2.605937232873549,2.8197296385417934,3.162668601954345,3.55522016547078
high-extension,H,2114.0,1.8716033929894873,2.134161313268469,2.379782558037744,2.6402959614498993,2.8374237268321947,3.208039610707528,3.6006695950985796
high-extension,H,2115.0,1.8957598537177105,2.158333355895501,2.4081699998011152,2.6474521782759273,2.8741812055064653,3.2091729143927514,3.657900912343719
high-extension,H,2116.0,1.9042144961772767,2.1588461982781064,2.411170547398553,2.6717132127346725,2.88818353311483,3.2378357429782416,3.67915779891506
high-extension,H,2117.0,1.9215977404270335,2.1978334684205083,2.4318374807401595,2.694973231073172,2.930367587563977,3.289451141064535,3.737804825907684
high-extension,H,2118.0,1.9340389592665472,2.2118986818219524,2.4703461666926794,2.726920409521229,2.9505394258171664,3.3210862576142843,3.736003826772231
high-extension,H,2119.0,1.9205034050805039,2.2342372739961602,2.4755019122707913,2.763532094108786,2.970711929711211,3.3273500773903613,3.756526046188916
high-extension,H,2120.0,1.9555611174179544,2.242248607235936,2.5101168205737303,2.7663693169763213,3.0010475478822136,3.3580677700342965,3.7915968592414533
high-extension,H,2121.0,1.9969742051457495,2.267992080417003,2.5176648302780382,2.816215747030109,3.0421394798935117,3.409371430306258,3.847840033438654
high-extension,H,2122.0,2.0097212815070566,2.2732038001079804,2.5488523030651042,2.818178804895981,3.0723837257720312,3.416537432562421,3.9128283040439857
high-extension,H,2123.0,2.047670771474579,2.279892075827134,2.5446856232506274,2.845531139938035,3.087185459480176,3.4592166387462213,3.935864734740333
high-extension,H,2124.0,2.042837084039938,2.307261265309945,2.5795299181730824,2.865100249227423,3.0921107684859264,3.511241302332281,3.945362798313665
high-extension,H,2125.0,2.0661348370899413,2.331163881088869,2.613015743863284,2.883928807093097,3.117115152728237,3.5239235041030006,3.955359058589594
high-extension,H,2126.0,2.066666223825361,2.343255500808613,2.635773433632393,2.9094918661455056,3.149273378933718,3.5524967697601606,3.974197319223038
high-extension,H,2127.0,2.067370311774979,2.343613070540397,2.6556544073958763,2.9227797214020814,3.177517047920274,3.608050122088329,4.026019019804266
high-extension,H,2128.0,2.076711879490716,2.370833350249603,2.633885387448747,2.9682724114262715,3.2250224660223843,3.6270503830041076,4.069616264734445
high-extension,H,2129.0,2.11070815412033,2.3977338009434273,2.683712394198769,2.981463166360491,3.250683871539525,3.637969556719085,4.115829000038582
high-extension,H,2130.0,2.106285027366261,2.4368589373419725,2.72094748362477,3.0045001513626635,3.2522050151887,3.6851170899428425,4.194314980260888
high-extension,H,2131.0,2.1375493969203583,2.4415901033184055,2.7120100218141125,3.012361002559181,3.2917413683955212,3.7180170000448673,4.193441538327881
high-extension,H,2132.0,2.145482086997595,2.4298462380986536,2.7364006569853996,3.0423492716303686,3.321276048467028,3.7610668780799394,4.273184661298976
high-extension,H,2133.0,2.171760642245758,2.453276910872435,2.7656022342622544,3.0689154406248504,3.342653135321394,3.751304804603369,4.296971189038973
high-extension,H,2134.0,2.170415125999023,2.4855314450902184,2.787363768539013,3.0926768815706476,3.3561800124003134,3.7915390114576932,4.3482037018436985
high-extension,H,2135.0,2.2037744456596293,2.488706825582393,2.8130460208403383,3.1151298938070546,3.4063643115401976,3.8280837868277144,4.343154909962685
high-extension,H,2136.0,2.2146795713331793,2.499380019108982,2.823473876306474,3.1250367889510766,3.4073552932844007,3.8413716512876896,4.366130473972392
high-extension,H,2137.0,2.216090175853626,2.5330444155724465,2.827962656180012,3.167013767242423,3.4445199923883982,3.8755114265487616,4.412891961147482
high-extension,H,2138.0,2.214229961784233,2.5581158480813024,2.8485430781772534,3.186041207701841,3.4667835329148526,3.9066571554754734,4.454477951418719
high-extension,H,2139.0,2.2490741421480527,2.594692980726994,2.894009232119276,3.2064645238650216,3.49276539874375,3.953458708249236,4.521974665309711
high-extension,H,2140.0,2.2589701943114875,2.6067405869437765,2.927511368897151,3.2301755280400934,3.5147994502921645,3.969319071394499,4.544084751324004
high-extension,H,2141.0,2.2740262045011095,2.629562598967553,2.941894039719403,3.253991924010254,3.5472256649772205,3.994619988659722,4.565757710088637
high-extension,H,2142.0,2.2631936803111654,2.6297354511179853,2.9539085706033807,3.275596725086601,3.5787724255000186,4.014942630802203,4.630267121195765
high-extension,H,2143.0,2.299891354450859,2.6567637129538477,2.9615079598573435,3.29737325371162,3.610304324961113,4.0371399581906315,4.610918685267766
high-extension,H,2144.0,2.33825641036952,2.6686819462805254,2.9779588562262784,3.3181314876713226,3.6288820108033475,4.082699052673902,4.657996503882129
high-extension,H,2145.0,2.3332544198559573,2.6782693202884302,2.9956157965754953,3.343204243006852,3.653864683238057,4.109939625967224,4.720944100184807
high-extension,H,2146.0,2.349688463076179,2.695386694407828,3.015568917831439,3.3944083430324796,3.6622135638864575,4.161488273537485,4.726406334283626
high-extension,H,2147.0,2.328187128817044,2.7203875300293987,3.0320260779083847,3.3757332777182643,3.6967786232358497,4.15323033105238,4.77520604081189
high-extension,H,2148.0,2.3598002761757315,2.733132106586758,3.059027643119761,3.422645954257038,3.721603141598076,4.21189461674947,4.820865628398044
high-extension,H,2149.0,2.364817260551491,2.735616367230706,3.0650499340204664,3.4336496730164394,3.767056492190478,4.2458391784730685,4.8505541257450275
high-extension,H,2150.0,2.4141768899049763,2.754459336658403,3.0961692819233866,3.464672688435539,3.7783399670138667,4.249133540670222,4.86543036506902
high-extension,H,2151.0,2.387913512947363,2.768014588448851,3.1171703923560004,3.4748733069063373,3.790152544783883,4.275483387479266,4.920845489898948
high-extension,H,2152.0,2.395523683376917,2.779391872115629,3.1299379583681235,3.482608412997822,3.8378417240199267,4.322495004643623,5.015280904203035
high-extension,H,2153.0,2.397883852955487,2.8123060947779845,3.144502721559104,3.5300836442202415,3.84609074183046,4.347008227290426,4.992973483568496
high-extension,H,2154.0,2.40441780266349,2.8196039411063234,3.1588973320940594,3.5386597026776037,3.88764112853883,4.378226074745247,5.0120893973807235
high-extension,H,2155.0,2.4354113982162153,2.8386073140629327,3.1798122492090966,3.575013629125394,3.9041805222816333,4.415259084556147,5.065834702270611
high-extension,H,2156.0,2.4410426190145498,2.8699508683249504,3.202549124872096,3.575573177930106,3.9332066040471694,4.4390980103590545,5.081599225658965
high-extension,H,2157.0,2.4428254108222975,2.859137030936101,3.234664439035411,3.62684853199072,3.9684315694556314,4.4507504983912165,5.122597196987748
high-extension,H,2158.0,2.46018221084522,2.881958616343273,3.2697150501986405,3.6391794768231067,3.975693507693195,4.475428630626142,5.173639477787404
high-extension,H,2159.0,2.4581668726111343,2.91904904834429,3.265115637992562,3.6595781083140833,4.0084591568019565,4.514854951118852,5.241026767927213
high-extension,H,2160.0,2.483326074011842,2.925206029044491,3.29277615180522,3.687864592189227,4.024052373957984,4.550174232887408,5.229437704960831
high-extension,H,2161.0,2.491835514701881,2.9364071070685935,3.303270965264699,3.711230291745788,4.053881999844461,4.584687244763287,5.271397091385205
high-extension,H,2162.0,2.484911787123537,2.952939420866543,3.287027917320784,3.699361407074452,4.090600537607435,4.614734033272038,5.280470381947166
high-extension,H,2163.0,2.524662702614903,2.9534419488645955,3.3239506310558746,3.739344333774101,4.0959270613295375,4.64811403801202,5.350518083492412
high-extension,H,2164.0,2.513293873254765,2.987547195886639,3.3301992267375846,3.768686002371667,4.139093073279807,4.661666801647328,5.370357556949577
high-extension,H,2165.0,2.549400665080292,2.9897707297197744,3.3469264254744275,3.7707507187580283,4.161208274502159,4.680383929621464,5.371517537412784
high-extension,H,2166.0,2.501029367811951,3.0261625929194094,3.379141588652565,3.7924837211804667,4.190188038165218,4.710638816910809,5.414999198930979
high-extension,H,2167.0,2.541806336405929,3.0425944578689856,3.4019742209350756,3.8387539221115974,4.202611795722869,4.764177894497012,5.408931168988022
high-extension,H,2168.0,2.5504028767490703,3.0534809303920296,3.3924086477141566,3.8515367727367833,4.231886345539092,4.794692305171966,5.454638239119386
high-extension,H,2169.0,2.584249767421306,3.0667634108239024,3.438346168682071,3.878635204013312,4.253969172319284,4.821756389869721,5.51430307871076
high-extension,H,2170.0,2.617469685722295,3.090410814719559,3.4777433862287395,3.8877951048030717,4.279776320980038,4.825789801226473,5.592569632703731
high-extension,H,2171.0,2.617779492260628,3.09346187372776,3.518607541419608,3.8977846108591194,4.308520421857548,4.86023286662138,5.619571040677219
high-extension,H,2172.0,2.63350161930369,3.1203877794197306,3.521499452941738,3.935021493492842,4.337174617311382,4.892990243222038,5.633029150927704
high-extension,H,2173.0,2.6116297722370443,3.123128089289907,3.5373140915852153,3.963766615710585,4.363415679439738,4.90736972593443,5.665715249566045
high-extension,H,2174.0,2.610341228917235,3.1413761974202874,3.546840251867108,3.9778677096134074,4.374221955949871,4.93762217540415,5.677031540018038
high-extension,H,2175.0,2.6304495580699543,3.181194161567589,3.561819730292332,3.9817030428822853,4.407842846107544,4.975354215357733,5.728290315204971
high-extension,H,2176.0,2.6488723106041125,3.180695165226325,3.597928486560532,4.028162460026933,4.42319727531191,5.012211104025033,5.775691588029271
high-extension,H,2177.0,2.641864241445783,3.191664489217911,3.597294530611472,4.034904002709571,4.454710158537229,5.030760975644266,5.806526218398205
high-extension,H,2178.0,2.6932625624725706,3.195313886352483,3.6057779720704937,4.062217520613242,4.461380901867519,5.073512012096603,5.867731819243734
high-extension,H,2179.0,2.670559678452157,3.2207591644382605,3.6145012670552914,4.057046694144019,4.497442943193194,5.1280414625539485,5.881062178216923
high-extension,H,2180.0,2.696585948255866,3.251378853589128,3.6258929507405147,4.070480164476105,4.519064022610639,5.129442273918284,5.932158281013284
high-extension,H,2181.0,2.7091324217699677,3.237431208632929,3.6617508672647308,4.128567422819042,4.5441390836683535,5.154126508793143,5.950340133050814
high-extension,H,2182.0,2.7223222590338034,3.23304761249811,3.6880532989421226,4.132437209488079,4.54717110220342,5.181789749677594,6.036537917915006
high-extension,H,2183.0,2.7206653279183546,3.2512333948637564,3.695632793583248,4.155846007359738,4.593052980086925,5.211706609586438,6.0641785088178315
high-extension,H,2184.0,2.7201434549205525,3.297123500143007,3.7071767662975663,4.179325952734518,4.6126602461565955,5.2631453356501545,6.05463722627453
high-extension,H,2185.0,2.7443868052224194,3.3082952467727234,3.750293415212704,4.201892473461946,4.643499724486595,5.282826017159175,6.103484129454515
high-extension,H,2186.0,2.777010454788643,3.317387948298896,3.7561998276742945,4.216366615362842,4.649942527069111,5.280063236600868,6.130459728765522
high-extension,H,2187.0,2.7685201639518278,3.318464180041215,3.7624995034789794,4.219820550935758,4.666158847833121,5.303248690486083,6.161851145385284
high-extension,H,2188.0,2.739094650837699,3.340686129507644,3.7808304709529548,4.275740477571513,4.713104491112624,5.341947525829544,6.213352774325879
high-extension,H,2189.0,2.7574866951504817,3.3488380952786403,3.7894915600434587,4.280188385166111,4.7262367232202545,5.356260446426787,6.220585509106391
high-extension,H,2190.0,2.788144993672829,3.3668027043854356,3.810988553515393,4.309114049486242,4.732919140466703,5.416834317472168,6.326972448089229
high-extension,H,2191.0,2.8286300935008555,3.3875395041726635,3.837170964765738,4.321770907028191,4.75359993261299,5.417306358739579,6.30974665009042
high-extension,H,2192.0,2.8066016253008637,3.3729134567971455,3.8368292188083015,4.3378572349279265,4.777530312120899,5.45300757776995,6.35052584003076
high-extension,H,2193.0,2.818344026158796,3.377184775312342,3.8751926119749283,4.3381027244928685,4.801340746677605,5.453322224060326,6.374739931685423
high-extension,H,2194.0,2.8283954085835887,3.4013252420790914,3.90002711462864,4.370746687633055,4.83808393771547,5.500209188998476,6.401261542518275
high-extension,H,2195.0,2.7986850402184933,3.4180394599284414,3.9040812041892083,4.388393693274162,4.8656822084489315,5.530282699651917,6.433249500259419
high-extension,H,2196.0,2.8604007057064984,3.429031382165559,3.9164810458281707,4.407592867537271,4.862054176761962,5.533748654534058,6.4645197639909036
high-extension,H,2197.0,2.8374176049747573,3.445025624257768,3.9164566241014107,4.418267473035278,4.885524528502284,5.591064355208944,6.459551620306712
high-extension,H,2198.0,2.8393879921064946,3.474956381761093,3.931651290177801,4.435234045476983,4.8927842510657475,5.59956727230741,6.468473429850465
high-extension,H,2199.0,2.887782701219882,3.4648288651887142,3.945238147131374,4.457383885283501,4.91643876659442,5.644786992859351,6.592032539193393
high-extension,H,2200.0,2.8877836444546174,3.489736678999725,3.96778803700403,4.485844600584848,4.937323672329596,5.6686563260916385,6.573374097598225
high-extension,H,2201.0,2.8705567509504,3.507402732598009,3.979439510097827,4.512937137079169,4.962812024220523,5.703931135191199,6.61975206152719
high-extension,H,2202.0,2.8442044796874466,3.524915994296872,3.977164198911497,4.550652553102906,4.98670682390414,5.680014934594203,6.633308148018219
high-extension,H,2203.0,2.8823237509466386,3.478315438289496,4.004129477671092,4.562827318420164,4.997283132393842,5.687606523649759,6.682184476117048
high-extension,H,2204.0,2.8949150461491837,3.517875046062315,4.03661465805796,4.565270338176412,5.047534559547302,5.7403065278262755,6.694330397193951
high-extension,H,2205.0,2.8880983095799815,3.5211194193420994,4.024253613757263,4.549887693234199,5.044382516376481,5.769862480740735,6.712144442480587
high-extension,H,2206.0,2.91938320868151,3.5367537808322926,4.044526262408151,4.5955935772637675,5.045114399239086,5.786462444617437,6.769583016497734
high-extension,H,2207.0,2.922146060116505,3.555987069372378,4.0603221280571224,4.628823004887513,5.050696655830572,5.803630225650354,6.7919607081441145
high-extension,H,2208.0,2.941680884558349,3.560187309219445,4.062560422664451,4.620765687048765,5.0898963704555715,5.839842880010465,6.844415867579613
high-extension,H,2209.0,2.941356508530072,3.5613920331454207,4.079841135351831,4.627280129801058,5.116974846039518,5.86972402169267,6.837824184487396
high-extension,H,2210.0,2.8815768967609237,3.59160412005498,4.086055084072398,4.630162131233527,5.109034115634514,5.900000431872938,6.8483434594950054
high-extension,H,2211.0,2.8968007243414546,3.6062334001603467,4.128032449471789,4.632629338133391,5.147458996536548,5.874309110107934,6.891792525928086
high-extension,H,2212.0,2.9179923405662334,3.5953430932805976,4.129966113052504,4.657810266356237,5.158632140333512,5.9243127213082065,6.931133546025102
high-extension,H,2213.0,2.9174551072535673,3.6341479503924394,4.118904776950772,4.666058287098762,5.168442181501086,5.934923138802954,6.959081812583182
high-extension,H,2214.0,2.9438215686826257,3.6435541647658445,4.095592750341904,4.686541358053045,5.212920666355005,5.962326420772415,6.9850581699648036
high-extension,H,2215.0,2.9450241720406756,3.641768205063165,4.126846001709007,4.68877019662931,5.212955466546124,5.990991357989935,6.9714611441799805
high-extension,H,2216.0,2.9501652498253885,3.614575776743238,4.160381859587667,4.724529053129108,5.2292614988853,6.02888101059824,6.961761769846305
high-extension,H,2217.0,2.9589890552377707,3.6484109676651797,4.18542226534988,4.737404270555752,5.240304211907239,6.05594100047334,7.085866873595037
high-extension,H,2218.0,2.9677516256603504,3.6566575968563386,4.165384358307266,4.749678760740471,5.288608450680928,6.06131281028488,7.076638074161835
high-extension,H,2219.0,2.9355123238432403,3.676507965335533,4.166800254898771,4.767803223043382,5.297873056384704,6.0671928610088255,7.090917483437734
high-extension,H,2220.0,2.9219462511833454,3.6809358824656564,4.208364192881605,4.760562615786809,5.297875896798922,6.1128719532838165,7.145756637394941
high-extension,H,2221.0,2.9145620273376767,3.670579113237004,4.208206109692433,4.778078999911562,5.325489000711644,6.0905084126851285,7.24519244361442
high-extension,H,2222.0,2.9224756814311204,3.662964606799391,4.226057590897568,4.80222379962161,5.326331078390033,6.113283764923125,7.2206205830927255
high-extension,H,2223.0,2.9511735895373636,3.6738460293851163,4.227797535568403,4.794598780534365,5.326517387234626,6.144597229665044,7.232590216243616
high-extension,H,2224.0,2.9622363884238543,3.6955085294167764,4.236416610173623,4.842050846446925,5.351517135521334,6.1654727996917105,7.224913855563858
high-extension,H,2225.0,2.9792812755352815,3.6853981208900417,4.264140572170459,4.84747748600096,5.357996196074337,6.179903539687137,7.311446430560526
high-extension,H,2226.0,2.933539884531625,3.6965911721896867,4.241463457810385,4.8273868759154555,5.400235245194854,6.197265869402858,7.286576201608642
high-extension,H,2227.0,2.9238137957236234,3.7212152454707828,4.279872969883046,4.865707961657161,5.3980170513241434,6.208563122083736,7.3398558437795645
high-extension,H,2228.0,2.92893988318572,3.698644751002225,4.26181573384676,4.87678774107208,5.447379803835739,6.2374052123086265,7.3975165904899844
high-extension,H,2229.0,2.9034872046783633,3.7201427532262348,4.268500040515187,4.853844257837523,5.435151530084843,6.237492995553618,7.369425733507716
high-extension,H,2230.0,2.965631081040111,3.719121425103948,4.254798919009913,4.873166781980017,5.449790868267424,6.242049891391202,7.413376430373348
high-extension,H,2231.0,2.955350545191268,3.747729753422737,4.2754140578688204,4.876075269782721,5.466736562705181,6.263692579551736,7.383205998565727
high-extension,H,2232.0,2.9145888241560844,3.7622529759865584,4.2932744167796395,4.902146297816525,5.479922960368064,6.3108923120170575,7.412877793021633
high-extension,H,2233.0,2.9865373503958628,3.7508359168281684,4.330574181260984,4.891000421364101,5.499445213106371,6.33192134622855,7.4382053213748165
high-extension,H,2234.0,2.981908120179635,3.74423444744739,4.319079180633603,4.898140939934623,5.5031989526448015,6.3505614644331825,7.490105853804458
high-extension,H,2235.0,3.009833407110139,3.7754834824953996,4.3304763342611645,4.933624280674837,5.549698833922584,6.352259601378929,7.536247199110824
high-extension,H,2236.0,2.9351932243390952,3.7747039024708635,4.339204989066374,4.947894332321527,5.554528365211448,6.349487673436582,7.533055598908972
high-extension,H,2237.0,3.014596080861841,3.7787629990965983,4.352537396429896,4.949164870660224,5.580304621099318,6.345388659479691,7.635814436454444
high-extension,H,2238.0,2.987047884904253,3.7588464319653285,4.346087895890687,4.95780090128524,5.570658181040707,6.393095506899171,7.581847263738005
high-extension,H,2239.0,2.984516792169495,3.762984377135381,4.356432842179623,4.96439443904444,5.560375003610721,6.40535683586967,7.57213787815983
high-extension,H,2240.0,2.994539838936624,3.788193923128505,4.355240974489953,4.983370562758812,5.616425367865847,6.414258969136263,7.5652369168130535
high-extension,H,2241.0,3.027300504934198,3.7766517659659984,4.36623553330116,4.968414194796932,5.609217684864918,6.437980187337152,7.641787180257526
high-extension,H,2242.0,3.0482502421004307,3.796920481834423,4.38575283555074,4.997732464700353,5.591103814839688,6.452479677122951,7.570982484009499
high-extension,H,2243.0,3.023297822213906,3.835790784155355,4.393068045786486,4.9870002315919715,5.604250566777181,6.429719455129877,7.67282598641077
high-extension,H,2244.0,2.9895307322472915,3.825128911886881,4.402494116983962,5.0218491511604135,5.617588393307516,6.468627979166827,7.600312324423875
high-extension,H,2245.0,3.0124641505611742,3.8370980988777683,4.400762962233168,5.002180264818825,5.641241621586492,6.474784209115733,7.689312891659992
high-extension,H,2246.0,3.0282963188723424,3.844389304888085,4.411223224920623,5.034027984006622,5.634485932406184,6.525173287494946,7.6920547038914275
high-extension,H,2247.0,3.0348449845662935,3.8292689056255034,4.386115703729137,5.036918596841353,5.632654349843701,6.524243834338856,7.660459357619167
high-extension,H,2248.0,2.9973641922806347,3.8438851555058635,4.40961374964968,5.009092626655184,5.6556260972883505,6.554461310260757,7.719097720464053
high-extension,H,2249.0,3.0127278357737284,3.8347220103933433,4.396006411902515,5.031260666211087,5.652062871884155,6.530513353021032,7.739176434498015
high-extension,H,2250.0,3.0345879188977363,3.878597089568295,4.419309776422772,5.04732279751868,5.664963275191948,6.53326214640009,7.737334082598462
high-extension,H,2251.0,2.99091665626861,3.849813845032685,4.399721278002188,5.060483105970529,5.697560347096109,6.560132444644195,7.807102387811249
high-extension,H,2252.0,2.99507098100031,3.858967606469684,4.4325725681317145,5.060000802905981,5.671008236012824,6.629039444184382,7.843010527049499
high-extension,H,2253.0,2.9822686949869825,3.845984400275503,4.459502733757156,5.080054597152429,5.723725356262949,6.587391070085615,7.802237843120755
high-extension,H,2254.0,2.9861124559860115,3.86369197753098,4.451313384502946,5.058744972891391,5.727837741319992,6.594564124227753,7.8096158471678585
high-extension,H,2255.0,3.0566272756511674,3.8522810447772633,4.478021901456143,5.097402447454574,5.724069923863667,6.591139486272641,7.85066914283736
high-extension,H,2256.0,3.035911064947786,3.87005924967157,4.424919616788401,5.091098065201777,5.739110879240099,6.605235176372476,7.85672908520414
high-extension,H,2257.0,3.0830556942622267,3.853731417503305,4.469275973042136,5.104906983613041,5.739153624784427,6.640766762898898,7.850662067683454
high-extension,H,2258.0,3.0336995302408174,3.8696793186088416,4.466558272934916,5.117009483818979,5.742768309382165,6.638609944578893,7.872762588672143
high-extension,H,2259.0,3.0189704119840077,3.88561004293004,4.425873916149182,5.089264340087005,5.768088978789225,6.6710079617419415,7.902247952711669
high-extension,H,2260.0,3.0032156007124144,3.8360356736789463,4.4800985276969865,5.073711901876969,5.7662772726210125,6.6548256516218665,7.9149098391464365
high-extension,H,2261.0,3.0261317536556316,3.8688740940100432,4.459617210970072,5.108690457805663,5.741336181911203,6.665291659092132,7.983049769925726
high-extension,H,2262.0,3.0443924699974216,3.87379337517136,4.481008993432067,5.1273353897204075,5.813524677252634,6.692835148717083,7.935270023247035
high-extension,H,2263.0,3.0119670116667314,3.8805272183744086,4.463323714921009,5.1402317749756055,5.773539618140119,6.658011963058441,7.951317537273563
high-extension,H,2264.0,2.9883385037508705,3.859823915023381,4.492405151032676,5.133022918887123,5.804340956361095,6.68423370527016,7.948228791942624
high-extension,H,2265.0,2.9947601784871005,3.854524991484427,4.47547864703444,5.155327157173394,5.800465078243279,6.723075711199308,7.912611881794132
high-extension,H,2266.0,2.989271054882651,3.8606148798417683,4.514072251737716,5.147649276699074,5.7903985118618575,6.697465066260959,7.972197398639045
high-extension,H,2267.0,2.9848112928940997,3.842843511886001,4.467176654193371,5.112916269884253,5.8116697664412085,6.699559450607603,7.967719659316367
high-extension,H,2268.0,2.962859432047719,3.873838223390249,4.521543421716314,5.13084451786924,5.832793282733311,6.7439943440266665,7.969760768986624
high-extension,H,2269.0,2.962960934053107,3.8849904847008285,4.47495999469325,5.1488206021156095,5.830071666074591,6.726500859784374,8.001993262788407
high-extension,H,2270.0,2.996504693738457,3.875218729212328,4.502331425573852,5.13651097566878,5.818772182713201,6.780953668309794,8.070892569594863
high-extension,H,2271.0,3.0123424362387126,3.8863353996570678,4.491642385780831,5.1657109049201075,5.814331626015995,6.785246932401608,8.01541264129629
high-extension,H,2272.0,3.036024796983643,3.8858722710972895,4.521429630714102,5.201562911779457,5.839595532877413,6.780622259833011,8.04694947894926
high-extension,H,2273.0,3.048503161848596,3.892032448241828,4.488784590459619,5.171498161626133,5.851968659483436,6.756257022673615,8.0460356803665
high-extension,H,2274.0,2.9924654605349628,3.8882788880384216,4.488971033594357,5.193728075563226,5.8396747278027314,6.778505022653152,8.052925604040176
high-extension,H,2275.0,3.006880003977877,3.8851774452698744,4.4933949440483785,5.193036417781156,5.86506894875035,6.795007536786265,8.077051443682517
high-extension,H,2276.0,3.0066443480580225,3.8826126013247633,4.500706294889271,5.2082140719172125,5.892424303026402,6.747871450434925,8.0752245288403
high-extension,H,2277.0,3.0026408334252546,3.8948541464032744,4.540639662107793,5.1648987835647215,5.868382054693992,6.790694590231106,8.117891943741496
high-extension,H,2278.0,3.0269513791448794,3.8977465486247884,4.569304070316241,5.1860446908461295,5.8707657062461,6.77658019633871,8.079194530320816
high-extension,H,2279.0,3.035238358998627,3.8831014445707095,4.5122655328781525,5.174183035164929,5.873546942408398,6.7832113612847085,8.1088462727638
high-extension,H,2280.0,3.014906930401916,3.884337700246174,4.534694568936374,5.14695851920041,5.8709722620550195,6.826705459262088,8.114921564744918
high-extension,H,2281.0,3.0117154472849754,3.8873796928030777,4.513165411792195,5.169330976586346,5.862244531959778,6.760850318414088,8.136664633929742
high-extension,H,2282.0,3.0624193342998045,3.935453682255717,4.4956676707260925,5.1812966365119015,5.904671850197042,6.8042894881452485,8.137479167177489
high-extension,H,2283.0,3.027477988268057,3.900629387644575,4.525976153401437,5.1693597097816175,5.893785281810032,6.798175101043298,8.134128149444063
high-extension,H,2284.0,3.0568906016876274,3.903092512516431,4.491360907196784,5.18487815766932,5.906479090796606,6.787310763613809,8.21625204013675
high-extension,H,2285.0,2.986691947814575,3.8855892885350256,4.506469065669917,5.200381831052387,5.885780823623343,6.756261846287351,8.18512671454704
high-extension,H,2286.0,3.0380392828110856,3.8903438183093324,4.492898240944303,5.205259158114663,5.923393387102423,6.840907042558894,8.231792869056088
high-extension,H,2287.0,2.9931589138178545,3.8995123438457133,4.4784077417225125,5.201326031457465,5.935250876404823,6.784706885342011,8.22139709058241
high-extension,H,2288.0,3.020063494815466,3.8841603729661682,4.474574949804867,5.191696936504171,5.90595667194594,6.844651262295121,8.253783677786776
high-extension,H,2289.0,3.0518315617166483,3.8851384520147647,4.514251883513309,5.171278831430526,5.9108106149246975,6.841864554099267,8.224471052142814
high-extension,H,2290.0,3.0331327161314863,3.851011870630032,4.505758668260783,5.198865547276521,5.9213080857000495,6.862896246281274,8.23570423536668
high-extension,H,2291.0,3.0369383419379576,3.906821374445215,4.494270563838097,5.180858055868639,5.9043491876646135,6.871984418842618,8.244843618539209
high-extension,H,2292.0,2.999070229533162,3.8818396383738247,4.490845237332576,5.214844873798099,5.9219360408858455,6.845096655265146,8.26826475920866
high-extension,H,2293.0,3.001068040291658,3.882989294434514,4.4837610560661325,5.201839060183925,5.947652451917222,6.847251285407957,8.308179870584716
high-extension,H,2294.0,3.0320165258045333,3.89424295671653,4.49063068959544,5.161728622936647,5.969991180036704,6.846372634519547,8.292526115677179
high-extension,H,2295.0,3.083403211435433,3.855184015916318,4.497423874372552,5.181231738546106,5.975154156158101,6.889193702850784,8.287296352598544
high-extension,H,2296.0,2.9802841489091896,3.884992510524377,4.497929852339111,5.223246357140028,5.933354691440054,6.900698209081284,8.272012873530397
high-extension,H,2297.0,3.0712775477507783,3.881324460480181,4.509332132493961,5.201408563444831,5.95357360135723,6.9141479230727265,8.267169589950441
high-extension,H,2298.0,3.0484998657052818,3.8729511720771335,4.491382816844943,5.193705391007025,5.943539918038125,6.831602599679222,8.34301914937501
high-extension,H,2299.0,3.0173632265501813,3.8848608529422055,4.502169634110086,5.21989746603765,5.959127382321586,6.861817908652846,8.34913526948303
high-extension,H,2300.0,2.990059886359943,3.8995744036359894,4.53513099153446,5.2182012771722075,5.97901818203345,6.898351945982973,8.350937555396623
high-extension,H,2301.0,2.9852837294707717,3.8845593409215753,4.5260328327727635,5.2132679587753525,5.966974654496904,6.895504825210684,8.312065670721283
high-extension,H,2302.0,2.989372723897972,3.8460365200425164,4.541568735861269,5.180092434683742,5.971929570069932,6.916088619436993,8.298685214572597
high-extension,H,2303.0,2.985568818377169,3.8897612305353797,4.523643225284541,5.2144878759747435,5.990028178238468,6.9245218309653005,8.405753319231254
high-extension,H,2304.0,3.0117207398510586,3.894650598273285,4.531832181269971,5.2164211780533565,5.965405918862621,6.9335997631866375,8.403245254665972
high-extension,H,2305.0,2.996233665129257,3.9002068300073187,4.51656578829353,5.185398224949924,5.960663067536356,6.957532058434376,8.362131355732098
high-extension,H,2306.0,3.0082754720978557,3.9032053834000267,4.54882635886535,5.187684633712539,5.9797486631870225,6.924218452531402,8.372417197592867
high-extension,H,2307.0,2.9813176075065466,3.871110427318496,4.527584545017804,5.200468943902463,5.9917647905016,6.904894086349174,8.376375554228964
high-extension,H,2308.0,2.9744059000232586,3.8625169831782697,4.51688607491804,5.220657757447865,5.981303990266909,6.911966277028995,8.41032761486376
high-extension,H,2309.0,2.980426722278776,3.881704634396478,4.519474697819626,5.18406457868782,5.951888397603062,6.867413528386611,8.46449438286948
high-extension,H,2310.0,2.972398013636395,3.894437626827638,4.505446332142796,5.188656217338499,5.967162076370735,6.930194834805259,8.418879953181122
high-extension,H,2311.0,2.9759418677741896,3.8901325111124327,4.505959076276213,5.211869032488472,5.982226882237692,6.9234839018428875,8.425497715757329
high-extension,H,2312.0,3.027049516798495,3.900219437079317,4.515367642284346,5.218584989855168,5.9380932195170955,6.922432246412453,8.402893867151013
high-extension,H,2313.0,3.0191935361328692,3.891183490146419,4.521103106292808,5.22753534379737,5.94456114531828,6.933484847595107,8.408937412340258
high-extension,H,2314.0,3.018896716146723,3.9022956824358213,4.521992383082017,5.2120756416272895,5.961109741977437,6.901652262582409,8.407870728069822
high-extension,H,2315.0,3.0012997861707706,3.91052763246447,4.537808226824967,5.219179289265306,5.980049740551085,6.965835373867414,8.440447053264057
high-extension,H,2316.0,2.982056588552546,3.9092274426307854,4.526609739551867,5.207257265734195,5.987451857023213,6.971978511449602,8.433278185861301
high-extension,H,2317.0,3.0069265878405202,3.901524218545942,4.528719512518281,5.218111392681989,5.984051265002867,6.992819042724996,8.443162089689926
high-extension,H,2318.0,3.065515539666853,3.9203226972864087,4.528343843788879,5.22474533449301,6.001554830416436,6.9838600925071335,8.470036697470517
high-extension,H,2319.0,3.0612302109981493,3.8977169633551316,4.530870471760003,5.229624641275415,6.026545112440744,6.998485888316342,8.450401551796437
high-extension,H,2320.0,3.0291821283697673,3.924186999771707,4.513592577607774,5.24031670107523,5.984824066562041,6.981889686585391,8.510001739744263
high-extension,H,2321.0,3.0562837519881922,3.918412359328916,4.538522434187194,5.241441284687518,5.968790670370629,6.9660500586976175,8.479182801032978
high-extension,H,2322.0,2.993989211440679,3.895305844459451,4.532848162721327,5.2314303822833015,5.97738968946059,6.97050772168201,8.50051047619206
high-extension,H,2323.0,2.971710200985737,3.885126036661032,4.535853639229719,5.236320554799116,5.975861422718761,7.016735748527059,8.581437856690624
high-extension,H,2324.0,3.03317383496598,3.911480918476693,4.540701098693834,5.238095450913901,6.0235175614651375,7.010001431448712,8.513528778453747
high-extension,H,2325.0,3.0442802514411436,3.8855979279973942,4.5388913734666385,5.260503767645213,5.974957776935893,6.994117248584659,8.491059712313884
high-extension,H,2326.0,2.995914045911798,3.8852314203814076,4.526267933382663,5.2574511595658615,6.014012091110375,6.988278273162098,8.50542682930998
high-extension,H,2327.0,3.015620464324971,3.9265258138380448,4.520220930991333,5.261248527248087,6.0137121153212085,7.004104726642873,8.507386161059857
high-extension,H,2328.0,3.022662312683557,3.902015203295227,4.530626027232473,5.2819099122024005,5.9941091353991895,7.017784668478472,8.529226260077783
high-extension,H,2329.0,3.03947313176758,3.882120395693035,4.508062307149707,5.2365573423655265,6.017743932918453,6.998754214882665,8.525337854018945
high-extension,H,2330.0,3.0601407586974987,3.8883992108274374,4.525814349531324,5.255246912001276,6.00309272198939,7.009722042643707,8.522142691701022
high-extension,H,2331.0,2.9843585406401987,3.900470970352028,4.535905552584003,5.244099108044446,6.025307198252355,7.007839127723193,8.557532731531078
high-extension,H,2332.0,2.9855930272722273,3.9033474739087017,4.518380040895268,5.252752451090006,6.019020782665004,6.9517058402986915,8.591475486757352
high-extension,H,2333.0,3.018919260848259,3.877779330987103,4.530846128263486,5.289816539945444,6.015853839834327,6.973838302271835,8.57818425185413
high-extension,H,2334.0,3.0274279270061633,3.9091489232041314,4.557482812615136,5.280667417595258,6.01608048074014,6.973062161163334,8.611014875260917
high-extension,H,2335.0,3.02225962759885,3.905498266513477,4.528371563410073,5.275502486478461,6.049293791578711,6.995507678824237,8.609094729034378
high-extension,H,2336.0,3.029355889623314,3.9209266524724082,4.549442968321618,5.260200888140812,6.038640603474765,6.986619758954749,8.681673773406114
high-extension,H,2337.0,3.065551849358932,3.9006693997374082,4.520142879131035,5.244408576704507,6.0547620930654285,7.044009942696428,8.677476706545175
high-extension,H,2338.0,3.069268612415002,3.8994666240598646,4.530642102791363,5.252310552007356,6.02921266098371,7.048105705435895,8.580347430429505
high-extension,H,2339.0,3.0655071237104305,3.900809743329679,4.56699471808748,5.2594562000157685,6.07823901106459,7.049551721105532,8.62857562707544
high-extension,H,2340.0,3.075529600455576,3.8938115296398768,4.542253809789892,5.258712900801441,6.035776809261226,7.030650899574602,8.63774975742411
high-extension,H,2341.0,3.081417654772499,3.920790118471657,4.526696354648501,5.285290365771635,6.050101071727622,7.054584374023436,8.628418444425959
high-extension,H,2342.0,3.1077131576212285,3.9253318674406485,4.5371674420357415,5.274158559902753,6.049211892438216,7.036257675713627,8.599299083689571
high-extension,H,2343.0,3.0813460018401404,3.9018734257100687,4.550660106672154,5.297698193115066,6.081657509680056,7.030459073535741,8.649363129154604
high-extension,H,2344.0,3.094767420040516,3.9219294172457686,4.55508222777453,5.335785087065359,6.0745866161933515,7.029600968773536,8.664630741229436
high-extension,H,2345.0,3.0716494123600735,3.913428361504195,4.564384772995699,5.288393704769229,6.045749957447312,7.054977894276626,8.682693813297808
high-extension,H,2346.0,3.055442743370916,3.943181611570977,4.541206340289375,5.257320126507078,6.085540399994171,7.069204167722942,8.66384113545717
high-extension,H,2347.0,3.0907536410787895,3.8999417125635625,4.553107162661662,5.2711077327901625,6.060596344464073,7.068538864202146,8.656906740487884
high-extension,H,2348.0,3.061189159348407,3.956372267486267,4.540424208947553,5.294327011532598,6.067712912172444,7.0327574655296665,8.72535972245872
high-extension,H,2349.0,3.0696918160650726,3.941597323376009,4.532400219768356,5.3102926778110975,6.047978686351553,7.045107080481859,8.741123790252349
high-extension,H,2350.0,3.1127201728276463,3.9085331237829535,4.57273571303389,5.269063672489446,6.079425128597494,7.02869943620001,8.753138260152047
high-extension,H,2351.0,3.039707159144912,3.9506582947604447,4.548312495491932,5.275194159599098,6.069398018341435,7.040295745712472,8.718526189983649
high-extension,H,2352.0,3.049975860145367,3.933399933672983,4.569216461657738,5.2850375507113565,6.053140799844098,7.030814267064099,8.70947204608248
high-extension,H,2353.0,3.064561133482048,3.922320745700377,4.550341986109992,5.288271617104214,6.069073918501835,7.0496054204884615,8.75498276031365
high-extension,H,2354.0,3.086792979182261,3.887675014246366,4.569172377063938,5.288672439223028,6.05805175443813,7.055054905970967,8.759468894512374
high-extension,H,2355.0,3.082319342165056,3.907612057246445,4.57050692967132,5.31744880320712,6.0780699192082,7.066000701173834,8.733056747518336
high-extension,H,2356.0,3.0759561807010405,3.9122380324669455,4.549382088863678,5.296827037100468,6.085694815736865,7.0588413013450735,8.708941691416582
high-extension,H,2357.0,3.0574270171216904,3.9109223584197195,4.549823488786446,5.294198134289658,6.0840714845008375,7.076755778617992,8.727463142055347
high-extension,H,2358.0,3.0704056347159945,3.953895098653734,4.554619106778722,5.314866941233889,6.091514535892212,7.082236860590896,8.780749471118241
high-extension,H,2359.0,3.0491418288825853,3.898405246696954,4.55806266375837,5.2799699915074,6.105003322971582,7.089326905035268,8.732963676209723
high-extension,H,2360.0,3.0296773369088337,3.9156364118151057,4.560998879341315,5.317420926684903,6.094998959897539,7.110608297153256,8.858612569855215
high-extension,H,2361.0,3.1145715937599694,3.9025997991701367,4.56859688069649,5.3015070385038845,6.09416177141654,7.118137357301053,8.794058576797738
high-extension,H,2362.0,3.101196776509839,3.9129736366024894,4.556274538397028,5.324269098315788,6.099175157172224,7.123738216317014,8.755077997322548
high-extension,H,2363.0,3.1047226591579125,3.8990928816419137,4.560672718096546,5.320774780240016,6.111782932375111,7.145392094779827,8.819667774357224
high-extension,H,2364.0,3.0431941306491765,3.893715522698575,4.567233987763463,5.285856120041288,6.068738208433908,7.142392458403661,8.73401351567544
high-extension,H,2365.0,3.0726382758708994,3.91543248682675,4.571506746329254,5.297375988976967,6.116078630362792,7.1048468290245275,8.82603045660114
high-extension,H,2366.0,3.0504316862541563,3.904699532562883,4.605772424153632,5.321186677848979,6.146454555216689,7.129302385358018,8.846724429797703
high-extension,H,2367.0,3.0412042543446525,3.920493546883674,4.561037801668216,5.320967214131908,6.102709839996607,7.126472665338963,8.89824622375339
high-extension,H,2368.0,3.0425738248478518,3.9058743934660045,4.564578325345918,5.28819667013431,6.122522421415806,7.1349627731530685,8.78367782772771
high-extension,H,2369.0,3.0147233793533346,3.9237360370173313,4.551013259656557,5.322264859496625,6.121728156106218,7.122879289041731,8.743955907116193
high-extension,H,2370.0,3.0718817025615537,3.889144824123246,4.540368336355224,5.304877149878231,6.146866475258092,7.126032542153372,8.792785870937408
high-extension,H,2371.0,3.0722701447711183,3.899008088451955,4.517554998544333,5.311354744756524,6.104086252210878,7.166878184124354,8.757824470100722
high-extension,H,2372.0,3.0658782710005292,3.9034390518321254,4.542767565083679,5.312386604549139,6.1392685952151265,7.154483938222548,8.811801363500194
high-extension,H,2373.0,3.026118366972837,3.88127639192237,4.562395967342848,5.32060796326936,6.09871176205227,7.1623269979692115,8.869486807182067
high-extension,H,2374.0,3.016406990129606,3.8889647439478794,4.555324805675712,5.3302973373743905,6.1151576444093685,7.182075046861419,8.8218120502296
high-extension,H,2375.0,3.061026819545982,3.8924922220021636,4.568196166024276,5.318428255661674,6.088248585888161,7.165154508770117,8.789416568986988
high-extension,H,2376.0,3.046487971712472,3.8993778126380785,4.574161230617363,5.322484603753859,6.099558558545173,7.16373227238917,8.742668045628408
high-extension,H,2377.0,3.076428326434798,3.8797353556612038,4.581220140668403,5.32511838517667,6.101212379567121,7.194651991930499,8.832962079504115
high-extension,H,2378.0,3.107883675753408,3.9074561451627057,4.55979240268411,5.307649230188998,6.085037994571777,7.197656441362677,8.798540726282667
high-extension,H,2379.0,3.106171252951506,3.916678672016371,4.548179484229614,5.3242071399001345,6.102707529490669,7.158072294688197,8.860235927994445
high-extension,H,2380.0,3.1207560291743617,3.9127215594897433,4.572198503200937,5.324295022691315,6.101974382656845,7.164651035389408,8.905157879798056
high-extension,H,2381.0,3.1005286768817784,3.929867206327604,4.581965498742736,5.313603912564134,6.1022144325821115,7.153629312918044,8.840143052125612
high-extension,H,2382.0,3.095460519380196,3.9127827952894285,4.61054858711049,5.337829899463578,6.107536060061259,7.199445789004332,8.824262177574946
high-extension,H,2383.0,3.0869870472870247,3.8914115475000233,4.594061708400892,5.325778172946851,6.105687672325131,7.1904579304574465,8.883479795606792
high-extension,H,2384.0,3.0805704595845342,3.9381899148774884,4.582572893905334,5.361266411503905,6.096395535892792,7.149680496659932,8.871837539163002
high-extension,H,2385.0,3.0987206908765987,3.9142793801035243,4.596444635734311,5.353028457718744,6.123272516278129,7.154492115198042,8.866113833519293
high-extension,H,2386.0,3.0467306290394447,3.9203016544852907,4.585996792888191,5.3364882133538325,6.0988636978104065,7.157439413791197,8.877411241663662
high-extension,H,2387.0,3.065628559535045,3.903816849518855,4.616658683661966,5.346070895061228,6.107752285577065,7.14636213377259,8.86792516924606
high-extension,H,2388.0,3.1183062967187376,3.8861335607950975,4.576313848287357,5.332887786967997,6.132188504774944,7.163939328451388,8.871512248004851
high-extension,H,2389.0,3.0872857506535416,3.9004866472136692,4.582137205762903,5.337811329865493,6.103098564755908,7.178345085599527,8.896659810801168
high-extension,H,2390.0,3.045683826020466,3.9461908739744294,4.606336816432018,5.344217914716615,6.122080110932806,7.1530196036641,8.87391427980353
high-extension,H,2391.0,3.036004532159431,3.9097237331016843,4.601455652540037,5.336343577554527,6.086225449324863,7.20455673930536,8.961947453818059
high-extension,H,2392.0,3.084430007734301,3.9279047231072366,4.570390973107405,5.334023670610377,6.13593419791464,7.197083271341561,8.93374848335089
high-extension,H,2393.0,3.1038096568336373,3.9276601571671517,4.6004080114175885,5.332270795118861,6.124896666846894,7.185157279653986,8.993002137611395
high-extension,H,2394.0,3.066441514472377,3.9204895570288274,4.596264630144061,5.32738102146678,6.13070470470987,7.192929829116111,8.948081966610363
high-extension,H,2395.0,3.049708164948326,3.9173506542301917,4.58285880052954,5.352634636263004,6.101376556039989,7.197376841889279,8.98232000364595
high-extension,H,2396.0,3.0499745938531158,3.931502184922792,4.616931571331941,5.375721056109709,6.110435942064473,7.222537012150472,8.866649714526366
high-extension,H,2397.0,3.0623144533532844,3.945638896000784,4.576693830290973,5.359821644459703,6.107532991921838,7.232801535796766,8.900459502131213
high-extension,H,2398.0,3.0900925487119557,3.9155947444816763,4.571117930659032,5.337479067810326,6.1237465680514855,7.206634231370578,8.906967769471795
high-extension,H,2399.0,3.0865792369065566,3.9075292013907927,4.573991190549309,5.3671725391958525,6.120818207759076,7.238873986320157,8.929477369794776
high-extension,H,2400.0,3.1530172830212573,3.9156101095042013,4.588333468364927,5.334383279988997,6.093133300961911,7.256945499607565,8.93464791002891
high-extension,H,2401.0,3.083779027833475,3.920275962403645,4.581507896576225,5.356167619900702,6.088386410480805,7.203314191503039,9.032890876025688
high-extension,H,2402.0,3.0309847352207004,3.9301334657762856,4.595613936218675,5.322808329801853,6.152320369433812,7.204497473000783,8.898335102206264
high-extension,H,2403.0,3.0860469631616887,3.9108287694726824,4.556613316216782,5.329855232337012,6.1006227245140705,7.192266831141496,8.933209582124746
high-extension,H,2404.0,3.098593531770409,3.9074875127946713,4.5644372380649285,5.343364396724639,6.115063231124313,7.188959662511455,8.940688577378204
high-extension,H,2405.0,3.1014056845823132,3.9369112677293363,4.585984033253846,5.373838779869314,6.117544989090141,7.223523986470286,8.995750459561863
high-extension,H,2406.0,3.1083167287966886,3.9320571835938,4.576492766455416,5.361512370124223,6.123067522990805,7.245287008473534,8.976671427190508
high-extension,H,2407.0,3.074337006577876,3.9339270632871264,4.604106531158906,5.338208070718206,6.130210001746433,7.259531602945369,8.933423968033718
high-extension,H,2408.0,3.0943127136188666,3.9298430218121383,4.570872022341831,5.359903110619154,6.14410877014024,7.261947268066665,8.992469938670274
high-extension,H,2409.0,3.114916470977748,3.9187918849039987,4.594462464527999,5.365088559869454,6.122164702744333,7.23572432547134,8.946653374707344
high-extension,H,2410.0,3.095829028768813,3.9278806303079024,4.573119308956971,5.341659129262869,6.1272203641308565,7.227957436288225,8.987407583046203
high-extension,H,2411.0,3.088196927358486,3.919533742639466,4.567869572646054,5.32352805193893,6.12702370530064,7.228756652294703,8.989833929117568
high-extension,H,2412.0,3.1203566514289234,3.9265392716287186,4.586292141482793,5.354905462835259,6.100765774229565,7.240366388596675,9.068283186854556
high-extension,H,2413.0,3.051074473052015,3.8964018797359787,4.5887778089954,5.356576807591035,6.129622304628403,7.210074697534542,8.978170574091388
high-extension,H,2414.0,3.053518759050959,3.926081099734047,4.5942740952336925,5.38734101760136,6.106892072208107,7.22376310693453,9.072191437711663
high-extension,H,2415.0,3.0668056984026135,3.917591222772215,4.582415464406713,5.384242413110819,6.121777494301655,7.262288360277033,9.030704672630304
high-extension,H,2416.0,3.060249680742607,3.9202486062691353,4.562439431180352,5.393180988022098,6.0947375994739375,7.237814234826764,9.096322296888092
high-extension,H,2417.0,3.0679488636656367,3.9041960461336918,4.554797738374309,5.344211922692291,6.1152897223246345,7.266552458673499,9.09025941017008
high-extension,H,2418.0,3.0912956746643525,3.921440021725737,4.584081525602914,5.3729254805542,6.1252275761953285,7.2572758222754405,8.963278865948986
high-extension,H,2419.0,3.065987306245622,3.9455028094969222,4.600620643351268,5.348417362932888,6.1272131178566225,7.2819181871334955,8.976982095382178
high-extension,H,2420.0,3.04973037113191,3.9156901096371706,4.56656936730829,5.3435715010297615,6.1527040461686875,7.273915586296365,8.98939250776141
high-extension,H,2421.0,3.0882988245195944,3.920409996496044,4.583317223512754,5.36003731643175,6.150829957280888,7.293845803404153,9.029732324320836
high-extension,H,2422.0,3.0904429435713996,3.930016675320866,4.61873554128924,5.399500767576868,6.149604143616561,7.25225227889214,9.017387773129645
high-extension,H,2423.0,3.1156321826575475,3.951859620111936,4.600704083100697,5.376825695165022,6.146787450143607,7.260321692620715,9.085188275433412
high-extension,H,2424.0,3.0785787518735637,3.9044989686541878,4.600495324538636,5.375659173440779,6.153599260518707,7.254152415509998,9.128121714278388
high-extension,H,2425.0,3.0951816441609408,3.9081461185233377,4.599913701338876,5.358290592715543,6.1555662922340435,7.2683606486509955,9.059652733558384
high-extension,H,2426.0,3.1220538070077586,3.916883228322231,4.5983343217949475,5.359182613387546,6.154705479944359,7.2338215494416005,9.016294228077333
high-extension,H,2427.0,3.116070623141763,3.9248788719863357,4.59335037459786,5.379790438530541,6.151866987957621,7.274917099486397,9.050717050775116
high-extension,H,2428.0,3.108023396173417,3.8965319503945737,4.560250225246326,5.393788698019401,6.162903806845577,7.252753995004365,9.088801117031144
high-extension,H,2429.0,3.0626716679167862,3.921057255011336,4.586669612845995,5.389704817865353,6.135429178801639,7.29134012929011,9.02601311031645
high-extension,H,2430.0,3.0580825362680675,3.8888477940010535,4.600546383148208,5.3857709948225505,6.126899732091851,7.301542247878395,9.03039916129456
high-extension,H,2431.0,3.0677673548649413,3.9104925774708184,4.6004356372848445,5.385949708436425,6.140580757948618,7.28045390421898,9.123522102080337
high-extension,H,2432.0,3.0614644413178986,3.8732770826197895,4.569936104127162,5.40422939094158,6.1076463422539256,7.274262083857065,9.121057189928694
high-extension,H,2433.0,3.0778355927270233,3.9021297096669127,4.6078266609473015,5.3660535499545094,6.131539522484329,7.322066916669434,9.179464670720048
high-extension,H,2434.0,3.0794826425814525,3.8834457790685657,4.602645953450887,5.3788032389908995,6.150136649791404,7.253829754336029,9.238747114205092
high-extension,H,2435.0,3.0563302059014203,3.894262333677651,4.582051040165963,5.371729632140663,6.162105684148689,7.293549323791362,9.255118143107103
high-extension,H,2436.0,3.085290481587279,3.9155106493878926,4.5838039836429845,5.348207567414281,6.124818631939876,7.2730589238875805,9.037434364701365
high-extension,H,2437.0,3.105178945558153,3.9152560188099867,4.583624056845458,5.3767844331969235,6.130993368871683,7.291784690875594,9.16865682502635
high-extension,H,2438.0,3.108785341390098,3.8997986072431097,4.593686969356556,5.368123296114199,6.109450019020746,7.255780079938208,9.119137826031482
high-extension,H,2439.0,3.070545774465064,3.9109545019133054,4.604052196798629,5.3710807224317625,6.124375387537211,7.246522459295156,9.123757936874428
high-extension,H,2440.0,3.0807164457858573,3.910409027163814,4.6092723117213525,5.354061736303484,6.121312424450801,7.261073686972162,9.261774259313857
high-extension,H,2441.0,3.0999420737629113,3.911707359139654,4.586655158214275,5.404229620415821,6.135551413498638,7.331328891268224,9.258300030439742
high-extension,H,2442.0,3.083122457797567,3.907672304384721,4.607489210120361,5.405315215041934,6.130860923041062,7.281954659950074,9.242585493464919
high-extension,H,2443.0,3.0557129255858633,3.866819224012201,4.593145537328858,5.3764911271603735,6.180036839342847,7.297091771648773,9.146698319887781
high-extension,H,2444.0,3.0752493373513152,3.882607702234811,4.5979020968998165,5.382030494021759,6.139887181791882,7.302709693427548,9.174444361572126
high-extension,H,2445.0,3.0748098813283278,3.908427801603129,4.58739493335225,5.381758579067927,6.171014727523284,7.275732402915741,9.162770693501308
high-extension,H,2446.0,3.062135480485159,3.938103653869692,4.590290255725295,5.410881848831493,6.157328073676549,7.280186136156542,9.160221890517352
high-extension,H,2447.0,3.0746535144657003,3.948648151443381,4.585816784687686,5.4326106403739605,6.161272421876974,7.263785908579445,9.164773581001514
high-extension,H,2448.0,3.0871557913047964,3.938424449389219,4.608771826871055,5.4408827332440906,6.148520974454844,7.2974153956928,9.159944966855667
high-extension,H,2449.0,3.1331357367707815,3.886451948584402,4.592458632114881,5.402305731657612,6.160526232898616,7.282919686680581,9.155567552602918
high-extension,H,2450.0,3.0733411468892564,3.9432711876671678,4.603414745274887,5.442338506394643,6.136424381785518,7.3130623777736385,9.182044101268797
high-extension,H,2451.0,3.0829130100633066,3.928873050966077,4.618132080812675,5.414620593062226,6.143629576709853,7.301739078011598,9.152201830161323
high-extension,H,2452.0,3.0952356371068026,3.9322200685210356,4.596198380115822,5.399880168157625,6.117079187884674,7.348623161325746,9.130913314054588
high-extension,H,2453.0,3.121760851356463,3.912682512847832,4.614107268081867,5.404350584091321,6.1276072054598965,7.381130690560032,9.111230249339227
high-extension,H,2454.0,3.1299255358241584,3.941285602463375,4.618714392246493,5.376587347269033,6.144043894728681,7.3763942832080405,9.219811578559653
high-extension,H,2455.0,3.1129945967924137,3.9726627829874985,4.6465651210820615,5.379129585878099,6.135063265520025,7.342726898080895,9.236390791875348
high-extension,H,2456.0,3.095225420452592,3.916870138691847,4.63012557820086,5.404690913908494,6.138615882502554,7.331534956000311,9.211062193404494
high-extension,H,2457.0,3.080122719791638,3.9362964484197596,4.644081405850188,5.3634655945212915,6.1669795139108015,7.320779223541232,9.238565867314549
high-extension,H,2458.0,3.0819008894922053,3.9228935945551315,4.614816487600166,5.370498397137551,6.1536235199341,7.36284275621731,9.319245870691613
high-extension,H,2459.0,3.0500496710636784,3.914261284842983,4.641512666296032,5.395720253887335,6.160795776762469,7.363672183385134,9.198675195016921
high-extension,H,2460.0,3.103166692029645,3.8955276005338106,4.627029388425999,5.434301183364827,6.141370314295386,7.328943879047056,9.133426133496636
high-extension,H,2461.0,3.0818392341400633,3.925107174238309,4.639375621369555,5.40639026053489,6.144794417254609,7.374003218902652,9.220093200118761
high-extension,H,2462.0,3.0651483110379942,3.8977804387633053,4.642500822291121,5.4239806409727445,6.13041543149599,7.33660941529856,9.253187180742389
high-extension,H,2463.0,3.09098744357151,3.903251739243904,4.653130202431674,5.393675357284324,6.158206546016741,7.344638857300763,9.288764554484233
high-extension,H,2464.0,3.0620271240775176,3.922414984913985,4.6278754751362,5.3828147057534546,6.108423335043189,7.321184948575403,9.21447725175446
high-extension,H,2465.0,3.0701033281516956,3.916530562590154,4.637513167179626,5.396591125124806,6.157270583084375,7.321855928567856,9.288508140488437
high-extension,H,2466.0,3.0931756406445197,3.9383570806570054,4.653762333051727,5.373994531666942,6.140767625184443,7.317899845045885,9.24220701285909
high-extension,H,2467.0,3.0377632446679845,3.8965400754504604,4.628105012524039,5.386701516396972,6.140960665384459,7.314960844786917,9.272011777092677
high-extension,H,2468.0,3.051547226553343,3.9071052258032224,4.648490043120772,5.3971426160828875,6.154412751140765,7.286148518152715,9.239398815960515
high-extension,H,2469.0,3.108052285913885,3.908073117415384,4.624801736257635,5.396011774864086,6.157065728172663,7.281100187325272,9.303825946730582
high-extension,H,2470.0,3.120580058259362,3.9045238015816026,4.627856191621908,5.414872829030325,6.164064251880893,7.338422661422704,9.259860703476173
high-extension,H,2471.0,3.1123761809238504,3.8849818074360525,4.62435676631854,5.409156737310037,6.165601059976419,7.362116808770329,9.255315358896354
high-extension,H,2472.0,3.1190414353239415,3.900267688947635,4.624224624556657,5.416864528934815,6.187522570308619,7.379224694073957,9.203308761368572
high-extension,H,2473.0,3.1167513887139027,3.9341374022794224,4.612301875349917,5.428144563771745,6.157273351863999,7.36008016532349,9.272402811817404
high-extension,H,2474.0,3.078565941556181,3.911816790805199,4.6276882133088595,5.380828882852228,6.160830897282528,7.318982961929573,9.275050483322966
high-extension,H,2475.0,3.0875889577429496,3.9062784660297165,4.644157888552106,5.422871260417793,6.182560794712999,7.329351949644165,9.261514559613799
high-extension,H,2476.0,3.1200379244083356,3.928128969689808,4.62670990002826,5.403456834625685,6.204166721157531,7.343120479264942,9.298727892832472
high-extension,H,2477.0,3.0825642135343836,3.9128147663364095,4.6185145014634,5.421228132624925,6.176804946910467,7.358085877711539,9.31779436688917
high-extension,H,2478.0,3.0609569000519836,3.9110523332932625,4.609088062688537,5.397489115863605,6.1792211962598005,7.348543265544332,9.324942510220152
high-extension,H,2479.0,3.082216798656117,3.937845661855645,4.619980099539503,5.397759794794882,6.195705792157036,7.3249773533481575,9.331946861417672
high-extension,H,2480.0,3.10758179913983,3.8782726594221275,4.636760773186987,5.377757742607972,6.229599827777121,7.336401324498777,9.345102712708997
high-extension,H,2481.0,3.069098377996031,3.896542068249881,4.637142316429869,5.400892163459972,6.193393921171406,7.367101685031205,9.325312289052595
high-extension,H,2482.0,3.033812608917715,3.9349347867560143,4.653771767837038,5.3953361914041595,6.166651048152848,7.367925663673897,9.341454955518772
high-extension,H,2483.0,3.0979283112452514,3.9036827815480635,4.661979372444659,5.4143604575292255,6.183354589813243,7.368245938377382,9.383108479907486
high-extension,H,2484.0,3.0827239618139597,3.915595906997809,4.647421854301182,5.420116956061685,6.1760309658684545,7.371934095404794,9.317447012742026
high-extension,H,2485.0,3.0807930761851554,3.9082096029195488,4.660436580620629,5.415713679844965,6.1534905429455575,7.348875714976954,9.34815889991347
high-extension,H,2486.0,3.07178757556331,3.918529252654098,4.660495945300085,5.403963917768036,6.190563813024705,7.335992668121831,9.304042555767184
high-extension,H,2487.0,3.1026207047778933,3.913397757784462,4.66998410303746,5.440191551444945,6.1793166815191,7.381459448994824,9.343591152953842
high-extension,H,2488.0,3.0873093319345988,3.8944273893138788,4.649792237718871,5.4290738267919005,6.182451720301257,7.396800810079135,9.294441436826464
high-extension,H,2489.0,3.059189347286386,3.9050882204813986,4.653881723976261,5.433153701732969,6.1428652712838305,7.359554395365635,9.30663511474766
high-extension,H,2490.0,3.085840306805314,3.893523083629971,4.657391286279414,5.418620901712683,6.167610982709759,7.3307141802180515,9.34308242025843
high-extension,H,2491.0,3.1085326120071888,3.918131765472122,4.644609871182066,5.396884508764945,6.164407304135946,7.379714898651491,9.479438439234096
high-extension,H,2492.0,3.118618709251508,3.894602136016192,4.627120496881309,5.425815796201102,6.180756236583025,7.394012141857585,9.431264007008782
high-extension,H,2493.0,3.0842949923549967,3.9138647113427756,4.622997342166012,5.4289689959499645,6.189970937477287,7.362558588623777,9.435507455682174
high-extension,H,2494.0,3.083129592874833,3.933205557886361,4.673760255442497,5.405550745616602,6.16142195682647,7.366736314659833,9.41893863298149
high-extension,H,2495.0,3.062444091067181,3.9071795145641595,4.667806392426957,5.4482663124960204,6.185704196289245,7.336871023932123,9.442553622643048
high-extension,H,2496.0,3.051659105120333,3.890372966975425,4.659387188597057,5.423270184867549,6.165613007096026,7.317588789470704,9.459688398804095
high-extension,H,2497.0,3.0731413816739988,3.915728666877094,4.6585543943062175,5.422526899648757,6.192448574194031,7.3545509067886785,9.486735161784969
high-extension,H,2498.0,3.1030381131169746,3.9154183940666063,4.6465121722888165,5.415906748271387,6.196609789417776,7.359113018314656,9.422328000754643
high-extension,H,2499.0,3.134288782704818,3.9159899605925927,4.6418393379423835,5.375047388123466,6.178479982322715,7.346818722409101,9.39177894639815
high-extension,H,2500.0,3.093369130714471,3.923792010481789,4.610583486323562,5.406600914348294,6.197732920914511,7.385509092481949,9.337531788390402
high-extension,H,2501.0,3.117479957620344,3.898449954912381,4.630118707840802,5.4321248437914615,6.183170578986481,7.345927474601886,9.308752635627895
high-overshoot,H,1750.0,-0.06145554960093431,-0.034896936429715926,-0.018295214815376288,-0.004735450602732081,0.008157523048063121,0.024785230425128757,0.05045641587145824
high-overshoot,H,1751.0,-0.15904593886645593,-0.08638050104720064,-0.03792366162985971,-0.0027074510361946766,0.0316489797751062,0.08142343031519357,0.13970833444537217
high-overshoot,H,1752.0,-0.1533898106141891,-0.09045333607540806,-0.041061890985091186,-0.0009228712446998771,0.034759051500551204,0.08100468613305602,0.1514587535390954
high-overshoot,H,1753.0,-0.16835356392889628,-0.09670172115908685,-0.044498700446575355,-0.0040056357320740685,0.033848677960243004,0.08860005916645886,0.18613710176771456
high-overshoot,H,1754.0,-0.18001564670242545,-0.09575429513257218,-0.038896384817036056,0.0033262003761826836,0.04078257495811429,0.09466535798177106,0.1725134370609597
high-overshoot,H,1755.0,-0.16364956013535253,-0.09867734072900976,-0.04179829264502712,0.0011996850504047097,0.040269694075443105,0.090899763013993,0.16836830473213993
high-overshoot,H,1756.0,-0.1798300764109753,-0.101721653974393,-0.051609266285972774,-0.005695314432520873,0.03460735335734901,0.0915324384426881,0.16671978546470356
high-overshoot,H,1757.0,-0.15912826416225867,-0.09637184485699515,-0.04538899523805821,0.001752553550912573,0.04104506795034364,0.0876625105340148,0.1597841510094535
high-overshoot,H,1758.0,-0.17011631888677625,-0.09248601470311703,-0.041856099040776806,0.002149150412867812,0.0404270284392947,0.09497744914681597,0.1841938083774722
high-overshoot,H,1759.0,-0.1659565880418652,-0.0897365441720844,-0.044798814653763175,-0.004375310319709199,0.038580803487971715,0.09436902425637243,0.16229025395931038
high-overshoot,H,1760.0,-0.17712075954100562,-0.09479387760452886,-0.042589008903893104,0.0007556718918060347,0.03736697854847021,0.09132940273818344,0.1638187113428119
high-overshoot,H,1761.0,-0.1690423866951435,-0.09135249307807809,-0.042162855371239885,-0.004991990673789252,0.030463852937201354,0.08511191142355248,0.16148380668877835
high-overshoot,H,1762.0,-0.18582663676078265,-0.10964968350587236,-0.0521636871696915,-0.009570963130130585,0.03694544129006859,0.09075940213748404,0.15126730423966406
high-overshoot,H,1763.0,-0.17815967973899896,-0.09710714058201259,-0.04900012018218945,-0.0019063999422822032,0.03922906995805869,0.09393812520454196,0.1863803134317173
high-overshoot,H,1764.0,-0.17414958964150842,-0.09154655660136048,-0.03795049078163298,0.0029275577205000597,0.034853609952490414,0.08719027910570572,0.18206571278915082
high-overshoot,H,1765.0,-0.17492790123999472,-0.10062197440230733,-0.04092070716924046,-0.001830520920383355,0.03162856452684089,0.09001062780502637,0.1623686953750424
high-overshoot,H,1766.0,-0.1921122562520786,-0.10962218161102198,-0.05241029210380821,-0.011584922124776374,0.026706993956415705,0.08922558136144268,0.16357451265433606
high-overshoot,H,1767.0,-0.16748155972294435,-0.09915360847661797,-0.049434991060672784,-0.0071101101078690915,0.02736543289647952,0.09091395963419631,0.17052183893078676
high-overshoot,H,1768.0,-0.1836421917455269,-0.10286057883944671,-0.052684201393541574,-0.010209359212417161,0.035904762100147446,0.09671755873145882,0.16617218411805357
high-overshoot,H,1769.0,-0.18622480942423317,-0.11003800161240855,-0.05661117313655334,-0.008357672572085854,0.03601753262841657,0.09061008444473975,0.17020376603422174
high-overshoot,H,1770.0,-0.1727725909662366,-0.09706292315745534,-0.04904214133297597,-0.008544388663803915,0.03366648927705902,0.08500546998015766,0.1779163518710351
high-overshoot,H,1771.0,-0.18500680679680054,-0.10345697033871198,-0.04971437039618109,-0.0059623797146969235,0.03609509533527642,0.09420216729079148,0.17284904149143504
high-overshoot,H,1772.0,-0.17051911980637874,-0.09274906927603242,-0.04411409129878027,-0.0017928873619980912,0.03390214558673654,0.08219882440158728,0.1610346942745144
high-overshoot,H,1773.0,-0.17138343812208998,-0.0966347179118048,-0.05096264959627484,-0.0019098118170953228,0.0369459442206579,0.08327256211584767,0.1631639832477675
high-overshoot,H,1774.0,-0.1746694682501072,-0.09898086835154635,-0.04165519478063434,-0.003947267333629684,0.034835074488816016,0.09269897533119231,0.17273199110125242
high-overshoot,H,1775.0,-0.1591887545423818,-0.09227236427890377,-0.040943413292597895,-0.002185533750674675,0.03225658985342669,0.08528411700369085,0.15206024285158823
high-overshoot,H,1776.0,-0.17630643114283065,-0.0967159875945331,-0.03918044728532275,-0.006033489125290184,0.03230230808174343,0.08630913961860588,0.16644644794859487
high-overshoot,H,1777.0,-0.1879755497216688,-0.10135684792359456,-0.051550402360303185,-0.004608895541525762,0.03707089236979677,0.09922068235274671,0.17199334416256593
high-overshoot,H,1778.0,-0.17506032158557513,-0.0942408215398326,-0.039654672487342224,0.0013372271518951612,0.037284610515788255,0.09782319104623022,0.17883022829255152
high-overshoot,H,1779.0,-0.17756079557561485,-0.08997389669760855,-0.04328108494815326,-0.0022696273286931887,0.03917595913962473,0.09245870257649776,0.1858643004544078
high-overshoot,H,1780.0,-0.1707929823919732,-0.10121668033636476,-0.051984587332261536,-0.00983666065063039,0.02937820108141564,0.09123627962525466,0.175376101443317
high-overshoot,H,1781.0,-0.17116459871222175,-0.10111291332018378,-0.0490562143913531,-0.007812086391673037,0.03144016437903358,0.09339345534612148,0.16620761791512356
high-overshoot,H,1782.0,-0.19018325769611188,-0.10467993440602348,-0.05085621172231331,-0.00835707782731938,0.03296842469908506,0.08857778504902493,0.16902684492477796
high-overshoot,H,1783.0,-0.18898873423406576,-0.1010141933412717,-0.05055547890060949,-0.006898221392434513,0.030469894816871037,0.09393882000074359,0.16444588218105294
high-overshoot,H,1784.0,-0.18556505628806966,-0.10305165963905966,-0.048783847153628365,-0.0014011722632486668,0.03555537501608855,0.09634887895682989,0.17086774685129902
high-overshoot,H,1785.0,-0.18539444921453888,-0.10007133329827123,-0.04950816129901076,-0.00794310884072574,0.033687044615184854,0.0848932937209838,0.15626626880969563
high-overshoot,H,1786.0,-0.18870374355187575,-0.10041102065888162,-0.045092433330084315,-0.001805799216165492,0.03734833188584647,0.09108049846045327,0.15427248124859194
high-overshoot,H,1787.0,-0.17743767112560252,-0.10093610179211734,-0.04820611430301491,-0.002172325694041142,0.03708668830785437,0.09767112579154243,0.16603343019807376
high-overshoot,H,1788.0,-0.17326266007240718,-0.10541460881809725,-0.047486728507695045,-0.0030725899742274215,0.038995028115224456,0.09396147573283663,0.1725863845960185
high-overshoot,H,1789.0,-0.17505786768587703,-0.10147178513347162,-0.04756307024405574,-0.005007423132968737,0.03774110858418707,0.10307113757902417,0.1717994877004123
high-overshoot,H,1790.0,-0.18205417946211858,-0.09588649004955138,-0.04717915619005838,-0.003823139285487477,0.03659769016577614,0.09930587612122693,0.16901403506058077
high-overshoot,H,1791.0,-0.16726105630448898,-0.09834173270268613,-0.040579322687883466,0.0028132147174144695,0.03907703959109807,0.09872984446394477,0.17041680273565363
high-overshoot,H,1792.0,-0.18801259862390635,-0.10987727993367179,-0.04804277127172875,-0.00069523039291201,0.0351198046943395,0.09589516154176247,0.16481537805684793
high-overshoot,H,1793.0,-0.17597591553667552,-0.10306960005119088,-0.05231295552000664,-0.0015462483971152036,0.03984839708753508,0.0865652805746166,0.1809185462594256
high-overshoot,H,1794.0,-0.18895227549719187,-0.10274869937247129,-0.04480402097620828,-0.0022791013246950716,0.04136999307530658,0.08840290761177198,0.17136053102403753
high-overshoot,H,1795.0,-0.1676688057653089,-0.09945187812480397,-0.04793259533861565,-0.00578563890832447,0.03069019035025244,0.09228875330214628,0.16409009661940271
high-overshoot,H,1796.0,-0.17554970115902374,-0.10167753718616161,-0.04890822640517283,-0.012221120815217857,0.027527334068186984,0.0850213121576721,0.15963407751439115
high-overshoot,H,1797.0,-0.18754277065300332,-0.10406271592432252,-0.050597245600674065,-0.004473266511946671,0.03660535786582024,0.09079160347568008,0.16917754755492964
high-overshoot,H,1798.0,-0.18398977992283116,-0.11138078460615009,-0.05746258681675716,-0.013304304402619163,0.027180848626440126,0.09235226654857444,0.1650119178750898
high-overshoot,H,1799.0,-0.18256403958133388,-0.10477091192769218,-0.04682038571021653,-0.005254664117745465,0.03451946561612318,0.09417658706955528,0.16718839228577778
high-overshoot,H,1800.0,-0.19236890745929774,-0.10824489947565286,-0.051855468198293266,-0.006910964463480662,0.03283629142189165,0.09320553294928108,0.1606730632987478
high-overshoot,H,1801.0,-0.1782738589148815,-0.09983547590418576,-0.04880691307114514,-0.012076145789072254,0.02794049837127459,0.08619631930936632,0.16552548246754847
high-overshoot,H,1802.0,-0.17938200969203288,-0.10386585404063811,-0.05153246021658885,-0.010238057152402988,0.03317517074331546,0.08195297711627456,0.16464643766343193
high-overshoot,H,1803.0,-0.17348686489494133,-0.10402884839237127,-0.05292806225718959,-0.011296343201118017,0.027278612692008784,0.08371702488573705,0.16357496983122657
high-overshoot,H,1804.0,-0.16501828643689226,-0.0994867540862563,-0.05195281733658444,-0.009938380377253073,0.029548920794908895,0.08532383580900327,0.15360515568215863
high-overshoot,H,1805.0,-0.18179922900241932,-0.1096285756638855,-0.06093488788414246,-0.015272285718724878,0.023111390325862836,0.07910151299574757,0.14635333784107007
high-overshoot,H,1806.0,-0.1825616129817357,-0.11457021147250704,-0.06137420861270719,-0.02280404217995688,0.018036322399893417,0.08189755423422294,0.15372747700839412
high-overshoot,H,1807.0,-0.18972749501554767,-0.10883529486216852,-0.05703408724871849,-0.012364109805733672,0.02608213431169915,0.0765343147411658,0.15537645597489813
high-overshoot,H,1808.0,-0.20518788803178617,-0.11336731808320046,-0.061071651751500686,-0.01568218302994699,0.030162178356785467,0.08761617623365697,0.16388064625252682
high-overshoot,H,1809.0,-0.18663841095208786,-0.10649155365679243,-0.057398246337671766,-0.012757704925856022,0.027432061964027678,0.08066314690399838,0.14982099896517354
high-overshoot,H,1810.0,-0.18256855712925807,-0.10451420263087335,-0.047691843732299004,-0.005998291852700272,0.03175770194034276,0.08148260694057988,0.16955833099831402
high-overshoot,H,1811.0,-0.18180352165421765,-0.09885286860036754,-0.04573054282802689,-0.008184688885854684,0.03478171379822446,0.08803990587783982,0.1734156218183199
high-overshoot,H,1812.0,-0.17041135900435322,-0.09438606559958863,-0.04293003284191147,-0.003475693377571698,0.034680733818720264,0.08963259896162473,0.17390629338585048
high-overshoot,H,1813.0,-0.18824675155925485,-0.09547871195402886,-0.0474350890117851,-0.006979972044935986,0.029981933367565092,0.08389426781763462,0.1786783384812837
high-overshoot,H,1814.0,-0.17761017030108203,-0.09918821948407433,-0.05038814185080718,-0.015182832777937465,0.030556263515202613,0.08140161931848414,0.1676862768453814
high-overshoot,H,1815.0,-0.1926462479321678,-0.104154979689133,-0.05276220514334616,-0.008544719503102795,0.032316947381414315,0.08823456622411581,0.1537355392798416
high-overshoot,H,1816.0,-0.18157324771178396,-0.10118604164427761,-0.0483667364659069,-0.007224857306164987,0.03243816808113706,0.0909656567277852,0.1750936618001972
high-overshoot,H,1817.0,-0.18857657655915125,-0.09979049855443721,-0.052600950082639035,-0.004985935645681457,0.03225189367968243,0.09133885728206212,0.1771641330513788
high-overshoot,H,1818.0,-0.17416731030034321,-0.09609659578949795,-0.04338848847514725,-0.0018558916267631398,0.03600470858791295,0.08448829151480279,0.17416118737080383
high-overshoot,H,1819.0,-0.17706316965446106,-0.1037922591085562,-0.04721427202036451,-0.005909680846921506,0.029266984409369364,0.09150066947390384,0.16875746832361593
high-overshoot,H,1820.0,-0.1856252946137864,-0.10125532278448701,-0.04697778029190775,-0.0038730640215298923,0.03638418070032241,0.0918211102928717,0.16367572444156248
high-overshoot,H,1821.0,-0.18634239693892163,-0.10336249632863478,-0.0482585528992715,-0.003203294305470612,0.03000512240569466,0.07864774835036645,0.1642077464986179
high-overshoot,H,1822.0,-0.1721257224133121,-0.09376269405703976,-0.04694730750582196,-0.004939034894314593,0.03182652587587327,0.08746421892498014,0.1643248550104856
high-overshoot,H,1823.0,-0.177333861854776,-0.09442824093344018,-0.04401921827690889,-0.0029655654730105924,0.03642242355811681,0.09488514669994444,0.1603507846786285
high-overshoot,H,1824.0,-0.1801086930020913,-0.0970580044266635,-0.04795748932127107,-0.001442464775743192,0.04215113375025851,0.10041481641675158,0.17523588106108448
high-overshoot,H,1825.0,-0.17721723513432366,-0.10038440001778363,-0.05195157675146759,-0.005429485717183387,0.031799315047514334,0.0949581385244759,0.18587144721042698
high-overshoot,H,1826.0,-0.18108634037165214,-0.09383655676181886,-0.04386410041103912,0.0028992566424025958,0.04088865595810628,0.09087643217139432,0.18046401634196188
high-overshoot,H,1827.0,-0.1836446170759231,-0.10093185222343275,-0.044861029292862314,-0.004038707967759889,0.03267804356081182,0.08249663861256061,0.15549884372945627
high-overshoot,H,1828.0,-0.18842986640678672,-0.10213397602893927,-0.0463776351841716,-0.0010825774841291477,0.03361006355158009,0.08897236564256247,0.16221288152588825
high-overshoot,H,1829.0,-0.1799297043346422,-0.10297776142269897,-0.04727106329594327,-0.00604909809666083,0.03131321145737648,0.08185627630542955,0.16366192638285404
high-overshoot,H,1830.0,-0.17164540588468463,-0.09997273021534386,-0.047885399948136585,-0.007634264471435899,0.033564966365358787,0.0920162132514968,0.1652593576461115
high-overshoot,H,1831.0,-0.16998354504503022,-0.0982115325363514,-0.04447225376080349,-0.008138216823638364,0.030393008281404465,0.08581311345601164,0.15663026484685283
high-overshoot,H,1832.0,-0.18645721279297955,-0.0958882471668895,-0.04858508105998523,-0.0013809583189055702,0.033485048009177586,0.08605837065040438,0.17967322804067287
high-overshoot,H,1833.0,-0.16819498450852882,-0.10276275127483951,-0.047566258139166255,-0.004266946318802272,0.03847748027522519,0.0930220437422563,0.18606487437286354
high-overshoot,H,1834.0,-0.16880041644037486,-0.0967752129908196,-0.04057290169379547,0.00043750257302033885,0.03594147458386958,0.08993067130058206,0.16445611013844985
high-overshoot,H,1835.0,-0.1855418941631273,-0.0951828778591188,-0.04681036655367851,-0.003314522128362342,0.03340785810742502,0.08632771212521048,0.16062229740501338
high-overshoot,H,1836.0,-0.17618470169968653,-0.09042858535981253,-0.04027602223406121,-0.0036877649678812296,0.03954761097636803,0.09182451632646703,0.16478585873330628
high-overshoot,H,1837.0,-0.17518728830446725,-0.10305468647985883,-0.0459972383374351,0.004888636611023137,0.04149737757866948,0.08742277743654395,0.15503420741787988
high-overshoot,H,1838.0,-0.1777652924699046,-0.09046718670533119,-0.03864920714753637,0.00047966663902301865,0.043796737089309715,0.09537005602213677,0.16079593018189
high-overshoot,H,1839.0,-0.17594975535125798,-0.09938970046944604,-0.042724056014023945,0.0027543287910691897,0.041248534198676634,0.09890174227603271,0.18231859387151242
high-overshoot,H,1840.0,-0.17385937189976725,-0.10090205218620657,-0.042522852451938715,-0.0027834829033084874,0.03528775318785257,0.09687637029215432,0.17949733826376618
high-overshoot,H,1841.0,-0.16438325608158927,-0.09854924337315042,-0.052124812289076616,-0.010798412941499257,0.029272445419313002,0.08622522607874383,0.17349833439641527
high-overshoot,H,1842.0,-0.17208998499512754,-0.10383354349331422,-0.04496173183648374,-0.0053046682513881865,0.03540835902643852,0.09517043039073704,0.17065509967206863
high-overshoot,H,1843.0,-0.17854039006705025,-0.09372384423234502,-0.045388988683290166,-0.0038541779481997968,0.033150378905342795,0.08479604591863188,0.15470552487216782
high-overshoot,H,1844.0,-0.1699012081993518,-0.09796908551662961,-0.03977408200465144,-0.0011901871489030207,0.035336142749371864,0.08702538828276457,0.16860331128104333
high-overshoot,H,1845.0,-0.16749375792713803,-0.09205410270090818,-0.04388716124285652,-0.006785884687487734,0.03941040933091251,0.09418677411546177,0.1701151078215032
high-overshoot,H,1846.0,-0.17015182481908828,-0.09826159219310522,-0.04694071310435805,-0.00752831220001186,0.03194819992883072,0.09497276978889635,0.17410928258300584
high-overshoot,H,1847.0,-0.17520518316805694,-0.09713326462471758,-0.038661467810478224,-0.0035329930727051387,0.035931709313924434,0.08608192510853296,0.17330501178636704
high-overshoot,H,1848.0,-0.17212099140661113,-0.09051732132811367,-0.0451328583605077,-0.0047077503342249655,0.03303292170054787,0.09131585316123472,0.16162056087072918
high-overshoot,H,1849.0,-0.17607254356542484,-0.09197539686547195,-0.04323404866049882,-0.005231410984703186,0.03487642045939107,0.08689663976729868,0.14654878879971278
high-overshoot,H,1850.0,-0.1563425885930259,-0.09816374902691967,-0.04491809808610856,0.0003670215249079664,0.03667439172707265,0.08572207859239665,0.1654401205024972
high-overshoot,H,1851.0,-0.16850600737292695,-0.09061631588251252,-0.037516889032719436,-0.0004406009210319098,0.03520541654543242,0.08990178830805146,0.15570416512074645
high-overshoot,H,1852.0,-0.16008038253570978,-0.08499220920218689,-0.0410585390504006,-0.004604796397331955,0.034259575824298005,0.08455740694860302,0.14802997095725867
high-overshoot,H,1853.0,-0.15488520367718756,-0.0880479870518304,-0.047319567957488345,-0.00774837728685247,0.028691399128413734,0.08378326564939427,0.1655810463470745
high-overshoot,H,1854.0,-0.16304825830397243,-0.09600344755972894,-0.05219257001326623,-0.007971375083552182,0.03121070944955517,0.07973379258713002,0.15417264360642924
high-overshoot,H,1855.0,-0.16497747533612,-0.08937203845106162,-0.04605828236093457,-0.011090867450443541,0.024958720505581507,0.07264651151345945,0.15617374838847192
high-overshoot,H,1856.0,-0.17365078538880208,-0.09510126882155298,-0.04699092463819763,-0.005950754811043395,0.030215653163959157,0.07663664752229538,0.16039763667779092
high-overshoot,H,1857.0,-0.17233855436359685,-0.09052293269220868,-0.04253811265476326,-0.0036288343788527027,0.02781152844196173,0.08349772077454994,0.1597737121074728
high-overshoot,H,1858.0,-0.1704393776080266,-0.09956758729776415,-0.047876965604942805,-0.002788166733082965,0.032657973745075584,0.08641700344979458,0.15517237569923115
high-overshoot,H,1859.0,-0.16205855728699847,-0.08727197216606823,-0.039656693571141245,-0.004673140273968764,0.03155692961964367,0.08868527521326133,0.1431868456781761
high-overshoot,H,1860.0,-0.15250430656742245,-0.0892919523210545,-0.0430038483907071,-0.007081878894321863,0.026726695313138184,0.07387953392784201,0.13181750301030126
high-overshoot,H,1861.0,-0.15752066763820477,-0.08650255049756815,-0.04154863865171544,-0.004320033499526633,0.030229057941102335,0.0847780250514146,0.1556210543964136
high-overshoot,H,1862.0,-0.15895552140474067,-0.09375759847312157,-0.03940499109451427,-0.004309487419414754,0.02945233418603456,0.08599899442415193,0.1633473277445696
high-overshoot,H,1863.0,-0.15345680191602876,-0.08604109103384625,-0.03768467363371807,-0.0009268354955688854,0.030752566610817388,0.07728137832427229,0.15141995459990054
high-overshoot,H,1864.0,-0.15570479624310482,-0.08980811740013284,-0.04338933338447052,-0.007433310468755535,0.02765323580071055,0.07802618683352301,0.14719332927080353
high-overshoot,H,1865.0,-0.15530821363727088,-0.0864164479528142,-0.03887072599499829,-0.002311632212354763,0.027329429369418543,0.08020396319793499,0.14727179901122928
high-overshoot,H,1866.0,-0.14411767076009654,-0.0794754257084553,-0.03503246737006753,0.003382929473662466,0.03770488678291112,0.09210921758530452,0.1522497048360481
high-overshoot,H,1867.0,-0.15467790031546252,-0.09130255481292292,-0.035043171256214964,0.0019003304224221168,0.04162452580886774,0.0875420367956108,0.16571184597632516
high-overshoot,H,1868.0,-0.15503162315247246,-0.08404030964965117,-0.04025229071070981,-0.0033004931258559748,0.030655002486610204,0.08355527580596667,0.15189685696155755
high-overshoot,H,1869.0,-0.1576527679781612,-0.08686798196353654,-0.041076936022951566,-0.001994096210320262,0.029928418036480834,0.0811203446032646,0.15494025874300027
high-overshoot,H,1870.0,-0.16113357419520244,-0.09121602621130001,-0.04625774674302553,-0.005212373578054066,0.030441740869487928,0.07890163788375444,0.14615853433335785
high-overshoot,H,1871.0,-0.17090132277868997,-0.0954391307259203,-0.04556183391429541,-0.009451576519692154,0.030086537476050026,0.07727049554386381,0.1398648227130082
high-overshoot,H,1872.0,-0.1503160696440305,-0.09543462841735266,-0.04440954112603731,-0.005255875512174768,0.03291469736829856,0.08325226496981711,0.14238300058076603
high-overshoot,H,1873.0,-0.14699149165558514,-0.08892724991279762,-0.04219864838162072,-0.006125724586484707,0.026683840978332655,0.07818971233822407,0.145116321097147
high-overshoot,H,1874.0,-0.1471393725890461,-0.09027571688380377,-0.03921568470582369,-0.002626189652764531,0.03562420497770594,0.08247900525386113,0.15173369875044304
high-overshoot,H,1875.0,-0.16225067718653577,-0.09055209956079477,-0.04500390570374373,-0.0002274262607593648,0.03809599626993686,0.08760965566771033,0.15448530618802223
high-overshoot,H,1876.0,-0.15036352626023472,-0.08485633007533203,-0.03416817068386534,-0.00017002154593818292,0.03820046917422324,0.08276095078485676,0.1427401808450655
high-overshoot,H,1877.0,-0.1596816889971977,-0.08579375356238585,-0.032712787050607435,0.00416902269528941,0.03826910778384393,0.08333048639329063,0.14530285771892631
high-overshoot,H,1878.0,-0.1586026723909687,-0.08546452077489583,-0.03798298069513359,0.0060544847130797885,0.04571828593886768,0.09134243795195197,0.16655673449364106
high-overshoot,H,1879.0,-0.14949575324212372,-0.08671228250905784,-0.039830355460574875,0.003972147617434377,0.034490798137300945,0.09078062623260046,0.15827546381589738
high-overshoot,H,1880.0,-0.14099064848204687,-0.07646309979513845,-0.03356126999686339,0.0008355125913976809,0.036552521769978134,0.08889379645784136,0.15834156584093748
high-overshoot,H,1881.0,-0.142305975104909,-0.08393818165679263,-0.036009471654226015,0.003264876455103106,0.035986726952999544,0.08186228984900441,0.1468331129193597
high-overshoot,H,1882.0,-0.1485874663134698,-0.0839742769314712,-0.03867901788080884,-0.0006400445070576244,0.03417645255789248,0.08172346949362815,0.15520618898813368
high-overshoot,H,1883.0,-0.1672713904550211,-0.0860536150644129,-0.039952803909414226,4.972586215280968e-05,0.03474709427068762,0.08513859670286852,0.14831259655989976
high-overshoot,H,1884.0,-0.16271075255683495,-0.09099139806174454,-0.03704641916443683,0.0008497001925239465,0.03911331960115142,0.08830540282720883,0.15309470606391748
high-overshoot,H,1885.0,-0.1673884227507082,-0.09528414783370981,-0.04035374332936459,0.0004712240367411927,0.03721619002197655,0.08384023799020596,0.16717422620462474
high-overshoot,H,1886.0,-0.141932157362045,-0.07719942689302554,-0.02842245040989981,0.008536436412165579,0.03823019669968735,0.08718285302093015,0.1669893033770182
high-overshoot,H,1887.0,-0.14814801208931214,-0.08294786346949377,-0.03303915161051794,0.007035845729290644,0.03916750003346251,0.08915027300230424,0.15684435296868485
high-overshoot,H,1888.0,-0.152593434208923,-0.0865870845842896,-0.03764925006545266,0.004588112272776394,0.04012684685471343,0.08829676948793139,0.1717694660869787
high-overshoot,H,1889.0,-0.13999837519681663,-0.07875383448773672,-0.030009670575586105,0.005246376220962898,0.03962831629034832,0.08559629699040877,0.14390203183663597
high-overshoot,H,1890.0,-0.1441962583555549,-0.08132942068102518,-0.032710963574848824,0.004886726530772068,0.03856609018876962,0.08656622167688494,0.1652296081784784
high-overshoot,H,1891.0,-0.14292679658537905,-0.07916856507304224,-0.03407726875252953,0.006277555870756442,0.044448056008898645,0.09091082851820775,0.1591050616144265
high-overshoot,H,1892.0,-0.142981959172639,-0.08296527551232753,-0.03567876657790172,0.0024555401497701537,0.036004704172957175,0.08807937455563451,0.15561429248731307
high-overshoot,H,1893.0,-0.15673044581559947,-0.08245071860885979,-0.03903247750997176,0.002364317899179739,0.04299049955819697,0.09018276857308831,0.16437425394211108
high-overshoot,H,1894.0,-0.1632418222985466,-0.08755773436403981,-0.03593068685373024,0.007116673269977003,0.044296687092789694,0.09384171461724865,0.15884374149423358
high-overshoot,H,1895.0,-0.15560239033612994,-0.08047337377796489,-0.030677973333080942,0.007831254714706422,0.04212124091204068,0.0892790081369512,0.15341465652298114
high-overshoot,H,1896.0,-0.14480901864358378,-0.07614486860703405,-0.03207692811868508,0.006862202798444579,0.04325115651127981,0.09702460287535246,0.16488827233064024
high-overshoot,H,1897.0,-0.15536341713261764,-0.08888735100108242,-0.033808085437537605,0.005773912708570035,0.0397301210018901,0.09439288848521667,0.163914669889429
high-overshoot,H,1898.0,-0.1501831157813878,-0.08048224210078929,-0.02598922467146943,0.014386585693324606,0.0492450994944508,0.09860268767081436,0.16978469846933175
high-overshoot,H,1899.0,-0.15002668106341072,-0.07590768717187678,-0.02905370752050773,0.012015640222712329,0.05093421523762714,0.10260998705192727,0.16754453530199148
high-overshoot,H,1900.0,-0.15482086529831537,-0.08251500950798692,-0.03350515022752008,0.00556411391726605,0.04468603330925367,0.09239898480540738,0.17724553447611358
high-overshoot,H,1901.0,-0.14674129910794792,-0.08364939230150809,-0.0344537058654014,0.007054493882765175,0.044730420660119834,0.08857691373172713,0.15732740620820684
high-overshoot,H,1902.0,-0.1533785235022767,-0.08309130801815683,-0.03394659131101208,0.006320212442373883,0.046015898738865926,0.10050250481716928,0.17278770081212913
high-overshoot,H,1903.0,-0.1604147850926473,-0.08252405990130357,-0.037276262396722534,0.010259768522798885,0.05230537333312079,0.09599119663749077,0.18267940532780985
high-overshoot,H,1904.0,-0.14969818222848827,-0.07658600306499681,-0.0267810713137702,0.014184180795222604,0.05498002084649799,0.10057091108632606,0.16656714357527458
high-overshoot,H,1905.0,-0.15516522833155602,-0.07320956255675326,-0.025932878445286783,0.014137057189154412,0.05430780569326943,0.1038942912705892,0.1733324651485796
high-overshoot,H,1906.0,-0.15400603428806492,-0.0750475446140454,-0.02042612638019957,0.016607045806288988,0.05534591843698816,0.09753175543133556,0.16867657126386135
high-overshoot,H,1907.0,-0.14246983712064173,-0.0667096957163263,-0.017843353644223483,0.021734767738969395,0.058542714847106936,0.11034653938349116,0.17516191951700485
high-overshoot,H,1908.0,-0.13967050165252806,-0.07023311798782772,-0.02270224978774532,0.016977675784727482,0.055089985211300235,0.10918739197676297,0.18569173468332426
high-overshoot,H,1909.0,-0.14900141988020105,-0.0718213219713075,-0.01736233678862539,0.023484006969839294,0.06310471423340978,0.11669312733018916,0.18085033684987042
high-overshoot,H,1910.0,-0.14446764597358341,-0.07450676547992956,-0.020134930892506373,0.023616623363013192,0.05923913625503107,0.10611033224438245,0.1772046672659295
high-overshoot,H,1911.0,-0.1485162007498147,-0.06942852306021101,-0.024023312679571793,0.015879371709899094,0.049365411968593245,0.10138814108690802,0.1842856293199976
high-overshoot,H,1912.0,-0.15079923418031974,-0.07400234989146465,-0.02179559313419617,0.02066225921832541,0.05997129024648796,0.11889672484285864,0.18268834917472918
high-overshoot,H,1913.0,-0.13651881707787233,-0.07114511649503667,-0.012007460222719736,0.028128002837367314,0.06337040457016302,0.11112734010084793,0.18221090909818247
high-overshoot,H,1914.0,-0.14497175009374377,-0.06382374522685846,-0.016825745785133746,0.01788603163920023,0.05619921371373122,0.11509240948919983,0.19955496364062345
high-overshoot,H,1915.0,-0.13502247803746537,-0.06271376432305618,-0.01027000981890896,0.028418143393790538,0.06470889197439102,0.11841797358619417,0.20038391880724765
high-overshoot,H,1916.0,-0.12975408078234987,-0.061408578854559054,-0.013906389934354554,0.029487683484327967,0.0645990821457367,0.11910313442044354,0.19912255780934426
high-overshoot,H,1917.0,-0.13215064084146216,-0.05829981843949521,-0.014018209341610239,0.0220293367958962,0.06158144903484221,0.1141365686917911,0.19305581155260512
high-overshoot,H,1918.0,-0.13061492621819526,-0.0580607985358008,-0.012688493379258089,0.0236230017412915,0.06651895133532669,0.12289979671651813,0.19383030239381566
high-overshoot,H,1919.0,-0.12904282600097283,-0.06427766618209307,-0.006134991762753878,0.03271696468847548,0.07343049198202212,0.12264896970392158,0.18890084336426582
high-overshoot,H,1920.0,-0.14074349278040096,-0.06750721604323491,-0.006326358405589491,0.03703535308637262,0.07008638558016957,0.12017900179377639,0.1967566452241123
high-overshoot,H,1921.0,-0.13571025097671252,-0.05835955173797557,-0.006183037933783427,0.03173294901083344,0.06850714222575502,0.12233138551970946,0.2064241393595157
high-overshoot,H,1922.0,-0.14040330874488158,-0.05692828468923583,-0.006551537283560709,0.03273507863123891,0.07556751275580523,0.1297523134558561,0.2100436932423243
high-overshoot,H,1923.0,-0.12247984530950759,-0.04651628395913602,0.000691596654095103,0.04196830076770906,0.08114260946984336,0.13283840595665736,0.21092679817136076
high-overshoot,H,1924.0,-0.13144140520395206,-0.053895271930124035,-0.004760957803712648,0.03715405025254086,0.08503244310381576,0.14578796954804868,0.22062243714679405
high-overshoot,H,1925.0,-0.12450899290499513,-0.04317488039390063,0.008775917388060304,0.04583792345864755,0.08520256463709493,0.13374016921821077,0.20830503393482172
high-overshoot,H,1926.0,-0.11223726606295927,-0.04113555027178217,0.00450994232754701,0.046551390751256055,0.08709640268638574,0.14406259702973864,0.2237745322767664
high-overshoot,H,1927.0,-0.10816659056622227,-0.03703471217505634,0.010853108406209984,0.05026982744262359,0.09017062156124289,0.14221872923482493,0.2132238379555741
high-overshoot,H,1928.0,-0.1267025746718787,-0.04432272189874481,0.008751601493958873,0.05279329329402519,0.0902560668159655,0.1515690690030919,0.23480807702828851
high-overshoot,H,1929.0,-0.10776128523856156,-0.035796476022508836,0.021662255749545833,0.05660780243768454,0.09391477210142428,0.15444628636658567,0.22469859385799523
high-overshoot,H,1930.0,-0.11246734813652201,-0.04012118148798541,0.01147918141794863,0.050529904644773194,0.09293364262057247,0.14518319887321945,0.22189726308216892
high-overshoot,H,1931.0,-0.09534436438850695,-0.04169156760229327,0.009418503677288508,0.06264118180394136,0.10282106510896569,0.15394547655458962,0.22536767785841014
high-overshoot,H,1932.0,-0.10950510413346659,-0.02670749825689532,0.015922339746597184,0.05802117414110049,0.10014210336656237,0.1545685567697718,0.23076176376287555
high-overshoot,H,1933.0,-0.10312343981111567,-0.03632775062308949,0.01784191079468189,0.057446273229457945,0.10178178192383248,0.1628184444392788,0.23105263935869488
high-overshoot,H,1934.0,-0.09790076656068118,-0.032332331607223846,0.02201101421928255,0.05882637451213389,0.09937106781962318,0.14954818719268206,0.22992511283391767
high-overshoot,H,1935.0,-0.09515723560003225,-0.02417557139425782,0.022261145883431997,0.06206214013291294,0.10406393358752766,0.1670672347347633,0.2394784383678134
high-overshoot,H,1936.0,-0.09780830711601478,-0.01707335471997538,0.023189323620375926,0.06399552153518981,0.1018685788416573,0.15544579736709024,0.23298815137008552
high-overshoot,H,1937.0,-0.09104141032738416,-0.017888849209913692,0.026019412137489404,0.06749687406850609,0.10399221150674194,0.1668583763136887,0.2425894501649686
high-overshoot,H,1938.0,-0.09244077529755136,-0.024941712429255452,0.030522474503343125,0.07799538511399921,0.11311218516526801,0.17628771713348196,0.24709597139020079
high-overshoot,H,1939.0,-0.09337921359105138,-0.01970314133738229,0.0328117327672653,0.07074124655952327,0.11187668610360027,0.17224913807056808,0.24896421948426084
high-overshoot,H,1940.0,-0.09559114963011539,-0.024023811847442327,0.03572905650849874,0.0793206956918898,0.1162124364912238,0.16712320151698767,0.2642836177537938
high-overshoot,H,1941.0,-0.07886132580256942,-0.00977155270327586,0.040932349216569734,0.08168633963219572,0.12224077886123338,0.17230503165739863,0.2544899278319052
high-overshoot,H,1942.0,-0.06710717849523325,-0.006012187322955845,0.04164752302534266,0.08176402429781876,0.1279805542948926,0.17948914261030247,0.25964445959844384
high-overshoot,H,1943.0,-0.07466109423549551,-0.008158189111436964,0.04758280542380819,0.09102326181392967,0.13371074696884075,0.19566098547781666,0.2778763428409632
high-overshoot,H,1944.0,-0.07366476010227778,-0.0013700792366340058,0.0436975133857613,0.08752869223134178,0.13048237265685556,0.1860482006537872,0.2766289370377197
high-overshoot,H,1945.0,-0.06956513443363421,0.00019481007953738296,0.05517555318111139,0.09102509691396989,0.13291216747632098,0.1875626545521744,0.2780525351367903
high-overshoot,H,1946.0,-0.07857004128262028,0.0005480740803947874,0.05123846461988989,0.09482644607356111,0.13376260997431139,0.18868983053343008,0.2703930872109659
high-overshoot,H,1947.0,-0.08727557602222746,0.0005586377847172769,0.05497568360136958,0.09810191301652385,0.13690600597850794,0.19358446099440038,0.28488726741995823
high-overshoot,H,1948.0,-0.06930285737962968,-0.00203890002489397,0.05669441020488004,0.09737072363255098,0.13520421131596444,0.19238071325133496,0.2711028328856093
high-overshoot,H,1949.0,-0.06501311197274347,0.00036271282088033816,0.04856848262799423,0.09373623247021018,0.13986718892840838,0.19964748552751815,0.2732082138330453
high-overshoot,H,1950.0,-0.07983419790708814,0.003075540526650324,0.05099414010292966,0.10141011328261244,0.14313282731577218,0.1955383588022392,0.2830454818724846
high-overshoot,H,1951.0,-0.07106576608995012,0.013780506888796827,0.06199721739975274,0.10075873303813113,0.1431593340671365,0.20516723099930148,0.2737342180973573
high-overshoot,H,1952.0,-0.06831515881268853,0.006054827469178605,0.06255718011730875,0.10827597094607405,0.1477025838664334,0.20264858973161154,0.27804236889904005
high-overshoot,H,1953.0,-0.08379248473488371,0.006609133242768062,0.06814874011174714,0.10935399464757377,0.1460086576655598,0.19760854491103674,0.2704823478396772
high-overshoot,H,1954.0,-0.07056862269214553,0.01841198799884891,0.07102562544764712,0.11050443582795563,0.1509352202141651,0.2023014515769616,0.2891743066159104
high-overshoot,H,1955.0,-0.07387090441018945,0.00438907298447595,0.06567459006033141,0.10822303470481658,0.14474735768734556,0.20355349283059232,0.2871060805879072
high-overshoot,H,1956.0,-0.0576395510045879,0.012611789828276859,0.06782150713045297,0.10547432607405019,0.14424084486578423,0.20160904107714311,0.27910437553427053
high-overshoot,H,1957.0,-0.0580932601162,0.02443221081307103,0.07546451320317467,0.11468939042327414,0.15472223730887386,0.20822010382056347,0.29127038038558845
high-overshoot,H,1958.0,-0.036328385741400626,0.03082173718853229,0.0807863507950651,0.12636961704490968,0.16058449467579064,0.2198915530546061,0.2894027657617051
high-overshoot,H,1959.0,-0.040738849275725145,0.03554272701921037,0.08164138561987336,0.12622576751858927,0.16605549563335245,0.2218593403008818,0.2969193575636067
high-overshoot,H,1960.0,-0.026942293256969504,0.04292884413489757,0.08968473554813859,0.12963709939644585,0.16955015092998435,0.22451832782015083,0.30171324714269054
high-overshoot,H,1961.0,-0.03671181910576292,0.040128126746962194,0.09565959033435859,0.13382999774433627,0.17827882636672823,0.2393776630752083,0.30669117638398147
high-overshoot,H,1962.0,-0.042972851556621505,0.0408104118992146,0.09214828301841581,0.14218292732294663,0.18248195095063355,0.24178474016733278,0.3356077812009141
high-overshoot,H,1963.0,-0.023513395588857164,0.04592682132989153,0.10072709435930914,0.1421187525995801,0.17643850577337136,0.2344004051245418,0.3283572172323573
high-overshoot,H,1964.0,-0.02170642997811035,0.05075516052281474,0.1009703529793021,0.14753060206726726,0.19194662242710597,0.24328874231644534,0.3229362206059011
high-overshoot,H,1965.0,-0.019696649408146055,0.05017013256071076,0.10533662305444992,0.15205234109599033,0.19320917688990355,0.2486206386360077,0.3327631512525068
high-overshoot,H,1966.0,-0.01880164223880597,0.058611111134952834,0.11388230299580118,0.15691182260241185,0.1958721573088069,0.26113149218160425,0.34930226662118447
high-overshoot,H,1967.0,-0.0275670254881231,0.06005405949198833,0.11637654496784285,0.16250624788872006,0.20123429407337395,0.26417489892200485,0.33943108055890714
high-overshoot,H,1968.0,-0.011008436065701142,0.07278986907944236,0.12409431005463291,0.16741613089607546,0.2054605236245647,0.26933770122964423,0.3488021071802897
high-overshoot,H,1969.0,0.005280135257253717,0.07944691599798429,0.12650896100815093,0.17231240517561244,0.21161498142748308,0.2613019157158557,0.35340377506440046
high-overshoot,H,1970.0,0.016350516500333503,0.08184331300229244,0.13400190137727633,0.17641989238976263,0.21866855945971017,0.28121718764226145,0.35310426480386453
high-overshoot,H,1971.0,0.020827318649843163,0.08715535632884049,0.13838091286918813,0.17942815576242077,0.22351784149924372,0.286796942086194,0.3618268810156213
high-overshoot,H,1972.0,0.029194772160964215,0.10401018649033389,0.15453464150495436,0.1930277825865589,0.23560148458604258,0.29531046840587555,0.38099876144896333
high-overshoot,H,1973.0,0.0250816233129353,0.09978310967215558,0.15895106778711737,0.2047626057848894,0.24357416193181755,0.30542596339153455,0.39462477729550305
high-overshoot,H,1974.0,0.04372580450184371,0.11654004165852347,0.16592909660868724,0.20675997698427728,0.24544788687937907,0.3099159906025976,0.397287321105798
high-overshoot,H,1975.0,0.05325299225377876,0.1183582449471883,0.16995722699272853,0.21264237487868437,0.2569453916445836,0.32128505986239386,0.4101993399762886
high-overshoot,H,1976.0,0.04560091168694359,0.12087901880925173,0.1782280153751674,0.22221371475771393,0.2688940043386449,0.3338390354441514,0.4348580122600089
high-overshoot,H,1977.0,0.05471648410654835,0.13194271613267194,0.18342057993167388,0.23293796096448777,0.2796512894123283,0.3376721711219042,0.4433630458707967
high-overshoot,H,1978.0,0.06183946808371789,0.13793306543339773,0.18830665646351116,0.23409513761299333,0.2825365380754099,0.3457894682297377,0.4377762295692759
high-overshoot,H,1979.0,0.08150439793375601,0.15074310532719348,0.1946167712500976,0.24678101559815013,0.2886958713875184,0.35818874783481003,0.43793230527791427
high-overshoot,H,1980.0,0.08157031942060206,0.14435939772024806,0.20946372094663734,0.2557594893513998,0.2983742379614234,0.36387647946206286,0.46851076278602444
high-overshoot,H,1981.0,0.09079308263014109,0.164507702349704,0.21458920215758098,0.26480765043296783,0.3084210831746977,0.37576851416753443,0.4631442522157587
high-overshoot,H,1982.0,0.09455506074922926,0.17075720101421446,0.2275892164542884,0.2779818242630322,0.324859794118101,0.3833735658276338,0.4623689770941903
high-overshoot,H,1983.0,0.10851209277749896,0.1837079670694299,0.23307211313231485,0.2873547349049456,0.3280271864928827,0.39169699021729565,0.47784337691027995
high-overshoot,H,1984.0,0.11261121436380095,0.19120111442333673,0.24762213406894024,0.292787278446865,0.3436369562116677,0.4071053478517892,0.5087335818614087
high-overshoot,H,1985.0,0.1149894621977072,0.18951463960186224,0.2547784844059781,0.29781325973056666,0.3457596397966984,0.40482249524672825,0.5042290275606787
high-overshoot,H,1986.0,0.11517895396118534,0.2060852950605094,0.2549759841124159,0.30091765872141324,0.35754280959356394,0.4171131336938196,0.5031893752379671
high-overshoot,H,1987.0,0.13441582966068683,0.20536937984381898,0.2645601112514407,0.3123146282168054,0.360831206540275,0.4264153324389353,0.5132977231085025
high-overshoot,H,1988.0,0.13973882827275938,0.21527343050878647,0.27128854319478796,0.3223133330191811,0.36776911598864503,0.44264119643075206,0.5316310904455648
high-overshoot,H,1989.0,0.15319252072974293,0.22848288850908394,0.28680621583055116,0.34048893858109863,0.38492214620490856,0.43914959312293467,0.5416198712785263
high-overshoot,H,1990.0,0.15089630734720905,0.23012103647524604,0.2911994792744832,0.3440590883363488,0.3872970014067533,0.44725344158763497,0.5377401216132991
high-overshoot,H,1991.0,0.1660730738142842,0.2498212126251839,0.29883998851533206,0.35217051378880243,0.404359488730868,0.46600953683231006,0.572113324529874
high-overshoot,H,1992.0,0.18071939633743592,0.25524006699887053,0.3176565768885947,0.36285693555824416,0.41258172042984737,0.48984755923669654,0.5715910722050086
high-overshoot,H,1993.0,0.20018120978299916,0.26184129221430685,0.31988849483635823,0.3677516907786433,0.4217540441179271,0.5026054883968397,0.5994091230240044
high-overshoot,H,1994.0,0.20188887373039813,0.27217365856383935,0.3275492535309126,0.37976395716452516,0.42962777275745273,0.5007425479799587,0.5973207248165063
high-overshoot,H,1995.0,0.19412895334906516,0.2859121210716898,0.3410327833222737,0.3921664528768078,0.4406369416589003,0.5145556097843461,0.603810233855144
high-overshoot,H,1996.0,0.1972547535096097,0.2855421138457196,0.34993515784961793,0.40374019733420874,0.44794772666565214,0.519059246316261,0.6224134976554644
high-overshoot,H,1997.0,0.21949450309767,0.2930345991695923,0.3567003094050627,0.4137089850984541,0.46058776040810967,0.5352593617924916,0.6292947799224476
high-overshoot,H,1998.0,0.22911984132116356,0.30229727196498946,0.3634608189722237,0.4145520929181364,0.47076568971976124,0.5504481675973474,0.6536870829561237
high-overshoot,H,1999.0,0.23822327871052038,0.31677227457247126,0.3710298801334268,0.42693196655789617,0.48444799603044403,0.556002590357603,0.6539660670720894
high-overshoot,H,2000.0,0.23886519091618652,0.3234043055608012,0.38385951598353385,0.4341788519631908,0.4883628422545156,0.5729001013907513,0.6607108512089775
high-overshoot,H,2001.0,0.2547136461108045,0.3380963535051324,0.4039390958014093,0.4499470363553884,0.5029408570759033,0.5769522487619604,0.6673525567373678
high-overshoot,H,2002.0,0.2714675510197036,0.36299699959246823,0.41770167537547975,0.47218020370605346,0.5178906783629161,0.5857434423803765,0.6892572548115864
high-overshoot,H,2003.0,0.2646963149095942,0.3575201397502732,0.41438344424111057,0.4772683717884988,0.5269880376267406,0.5949149259844565,0.6944168365046479
high-overshoot,H,2004.0,0.2807144456624311,0.36111606993277967,0.4285994935867956,0.4805548770289663,0.5299926850202878,0.6084067418525348,0.7080423094786938
high-overshoot,H,2005.0,0.29728311278943576,0.37085445603850486,0.4333810860469137,0.4915786676758456,0.5512767733122031,0.6168876660587211,0.7333111751539882
high-overshoot,H,2006.0,0.3005918451879394,0.3893166550643474,0.45158712399096496,0.5069327963157783,0.5552907061546415,0.6258208538724368,0.7377284321080194
high-overshoot,H,2007.0,0.3273973735287152,0.40458224407800975,0.467053640377965,0.5201785816670204,0.5777234152297723,0.6461777221757178,0.7483014785041213
high-overshoot,H,2008.0,0.32951775853830717,0.4107785601203477,0.4733985086353475,0.5328690825356573,0.5895365388487076,0.6664577874609182,0.778411963173734
high-overshoot,H,2009.0,0.34128102490443835,0.4263825088848199,0.4867681814246896,0.543968899048753,0.5991385118307587,0.6777155363566112,0.7845284820171904
high-overshoot,H,2010.0,0.34534009165235374,0.42705319274541026,0.49947594018329705,0.5655482297042449,0.6178277097512238,0.7127965394428852,0.7887327967273838
high-overshoot,H,2011.0,0.3546481162149737,0.4405095350995065,0.512796988673263,0.5685606873392943,0.632911247985623,0.7075553586198162,0.8241787008966719
high-overshoot,H,2012.0,0.3742562407757136,0.46318063599706544,0.5227653085417292,0.5863856391421386,0.6436985916882639,0.7215891914297015,0.8229090777674698
high-overshoot,H,2013.0,0.3865839628386595,0.47217063628142336,0.5316745117924018,0.5904327499027333,0.6492459782569616,0.7304008213599117,0.841454650340942
high-overshoot,H,2014.0,0.38903902798294093,0.47450733807638856,0.5480089875382351,0.6160792681396978,0.6788330955234514,0.7603817266068437,0.8494972835833121
high-overshoot,H,2015.0,0.4006610064178942,0.4899631764377554,0.5633640292180592,0.6232025588269915,0.6938933084300458,0.7750695643757536,0.8856064198497344
high-overshoot,H,2016.0,0.43250670258813306,0.5084167556223138,0.5798664790546245,0.6386776263269431,0.7116862175520222,0.7966141579601826,0.9246879104613298
high-overshoot,H,2017.0,0.43204773643328015,0.5147578635283999,0.5937120220274541,0.6595105791587196,0.7192994965409991,0.803107491409352,0.9430038731113702
high-overshoot,H,2018.0,0.4461284355132049,0.5322350412654445,0.6080182880676842,0.6702367206022138,0.7342853496667461,0.8208872935906679,0.9478739177746344
high-overshoot,H,2019.0,0.4523575851374781,0.5441910537416436,0.6173939325056468,0.6827465782626522,0.7583384195324465,0.8384345023398172,0.9491363180941742
high-overshoot,H,2020.0,0.4738136803849574,0.5627852660460868,0.6323968611733116,0.6960351010881058,0.7526025742347257,0.8573617380635375,0.9799403172826101
high-overshoot,H,2021.0,0.47504676942615415,0.5684935026927472,0.6478550948179037,0.7214514682275301,0.7867601275551912,0.8655466187421345,0.9960590374153907
high-overshoot,H,2022.0,0.48635754191816444,0.5884385643723892,0.6622284318768582,0.7312269281853266,0.7938406494111978,0.8864770089819112,1.012498275837461
high-overshoot,H,2023.0,0.5038175173061898,0.5932268416893773,0.6763578935308432,0.745018306813365,0.8075186951598519,0.8996868344755894,1.022374388555252
high-overshoot,H,2024.0,0.5012694868547269,0.5998355331436463,0.6821974807744026,0.7581985580200937,0.8234866854471727,0.9286280600911485,1.0503522243254049
high-overshoot,H,2025.0,0.521746149343238,0.6209167629892796,0.6985510364745288,0.7656501672880234,0.840518778883113,0.9266437045084454,1.0687890595289782
high-overshoot,H,2026.0,0.5155278077744891,0.6349064582665831,0.7059085557350954,0.7890342829183581,0.8624176625573613,0.9547994857029515,1.083056043952381
high-overshoot,H,2027.0,0.5365255872938983,0.6400990736350125,0.7179767989185476,0.786740260663439,0.8675601894980127,0.9737986140181707,1.1151733822847185
high-overshoot,H,2028.0,0.5606703958495176,0.6519103067608506,0.7363723473945039,0.8140817464114614,0.8822280314640877,0.9940050579219915,1.146643698356141
high-overshoot,H,2029.0,0.5671764082889549,0.6598841614083417,0.7495948116793358,0.8361452458213213,0.9122282988583843,1.0126789273730095,1.1715588481321362
high-overshoot,H,2030.0,0.5706023124673397,0.6851676745152597,0.7623862716043993,0.8452773674675357,0.9239373642120874,1.0316360580689248,1.169201717796729
high-overshoot,H,2031.0,0.5728132300281483,0.6887434529586274,0.7754480060631065,0.8606785459079791,0.9417509196255278,1.051720517923516,1.1918156598380427
high-overshoot,H,2032.0,0.6007318885195261,0.6978954711670712,0.7918961134261301,0.8719297117591946,0.9577008087640262,1.067778177530913,1.2050663799302548
high-overshoot,H,2033.0,0.6010659108040292,0.7006176672358981,0.7910278043480994,0.8817591538274716,0.9748012136790423,1.0863277378984582,1.2341875761554677
high-overshoot,H,2034.0,0.6284034131206171,0.7273062771089769,0.8207834970453062,0.9032882114129334,0.992655012646858,1.1009726353949747,1.254256563561005
high-overshoot,H,2035.0,0.617582383506645,0.7341254313179412,0.837660948163155,0.9231453046869467,1.0055370242160557,1.132615922914531,1.2671677881156653
high-overshoot,H,2036.0,0.6510441390648716,0.745261951343404,0.8507152222374236,0.9394415235106917,1.0228066008850347,1.1274526529638011,1.2959091164428296
high-overshoot,H,2037.0,0.660106128513401,0.763719900653345,0.8648021450805634,0.9559785938376013,1.0467839816583504,1.160339644950762,1.3074788761725482
high-overshoot,H,2038.0,0.6673535902040688,0.782000451241997,0.8780978529945687,0.9695699717624469,1.0714314853806401,1.1771017994935142,1.3343046167995862
high-overshoot,H,2039.0,0.6881237210483643,0.8030728129540199,0.9059048596116824,0.9968187789622824,1.0827021424996717,1.199308960724132,1.3689697109458074
high-overshoot,H,2040.0,0.7100244189103535,0.8091890532095406,0.9178933012910129,1.010974315533589,1.1022471968909955,1.2274000263784934,1.3717649294188137
high-overshoot,H,2041.0,0.7123707497397674,0.8318289900760798,0.931339348475697,1.0205536624057854,1.1142756245534735,1.2443729621679867,1.3782551508029355
high-overshoot,H,2042.0,0.7390386166868675,0.8438984607638239,0.9405095046956079,1.0435595807065015,1.1398156560075077,1.2590248796468364,1.4170326097927997
high-overshoot,H,2043.0,0.7415987792388896,0.8546076444660324,0.958153135385854,1.051446806252247,1.1623890345866512,1.2747001662247799,1.433298824713225
high-overshoot,H,2044.0,0.7586854288397863,0.8687630470683294,0.9880571492694942,1.0731341933246348,1.1766332224222824,1.2943439020470187,1.449427679717093
high-overshoot,H,2045.0,0.7701520355723287,0.8825199572733713,0.995393673923285,1.0921926238072737,1.200560002579544,1.3321825085073138,1.4906258324736186
high-overshoot,H,2046.0,0.7841394540944999,0.9061787319825375,1.012200439680833,1.1209272082080681,1.2132868157422012,1.3430122334943622,1.4965487887060105
high-overshoot,H,2047.0,0.7914295799845564,0.9235877984718966,1.0386907607478384,1.1342574405156463,1.2287103659796907,1.3578214628379885,1.5502293427993472
high-overshoot,H,2048.0,0.8244109874185123,0.947051018841145,1.059085283897193,1.1456332303490562,1.255350346847789,1.39168280948692,1.575752577280308
high-overshoot,H,2049.0,0.8477223630576972,0.9618247676563094,1.0759692712258269,1.1754743046660427,1.2790580215788425,1.4169701195322861,1.6002799563915309
high-overshoot,H,2050.0,0.863635301903445,0.9757412377897354,1.0819235766170707,1.1925264446594517,1.2965449622969645,1.4356270165174698,1.6360500321286877
high-overshoot,H,2051.0,0.8662893497593113,0.9815858539490301,1.1073681180856203,1.2182450998043624,1.321900736706687,1.4895114019828537,1.6445515567917388
high-overshoot,H,2052.0,0.8954037849179041,1.011268879631878,1.122692279322463,1.2457460170255457,1.3392091731899722,1.4862718657777096,1.7008918857706492
high-overshoot,H,2053.0,0.9131834922710574,1.0339249719834083,1.1507086861511464,1.2534246778615759,1.3627869574652143,1.5165191256318746,1.7050639327891437
high-overshoot,H,2054.0,0.9173605916819126,1.0422217145861958,1.1603199569443465,1.2806911521347664,1.3882878583172833,1.5296470243545512,1.713917736264124
high-overshoot,H,2055.0,0.924280541000083,1.0529875646659628,1.1805915072207624,1.2940713241101893,1.4162425013296156,1.5591257018584572,1.7460470196295046
high-overshoot,H,2056.0,0.9430528514688025,1.0773213074027903,1.2061159699867823,1.317188231281245,1.4394592937909043,1.5743096554395235,1.771611050859404
high-overshoot,H,2057.0,0.9599013548760239,1.0967832644346094,1.217734708712689,1.3458689461623476,1.4641133154590307,1.6294670187426281,1.8027007541333826
high-overshoot,H,2058.0,0.9636746709518266,1.112528661308576,1.24027864811332,1.3681871262704997,1.4784048083715633,1.6435718597708775,1.8499935315738314
high-overshoot,H,2059.0,0.9978442286321646,1.140931766829121,1.261248540498522,1.3705963129038128,1.4915545941868946,1.6579198807471869,1.8671670989669078
high-overshoot,H,2060.0,1.0075569442561911,1.1582637498748845,1.2847888460245356,1.3958832831627397,1.5095618379100106,1.6787225046416674,1.9016690307583777
high-overshoot,H,2061.0,1.0223485056749937,1.1708169603888734,1.3067389618855705,1.4141648282309114,1.5308557858098677,1.6935464540069214,1.9053855148234846
high-overshoot,H,2062.0,1.0312629291588258,1.192902398254332,1.3340432625403027,1.4480307632982006,1.5587707038371397,1.723869158067283,1.9215442855892773
high-overshoot,H,2063.0,1.0582879692750762,1.2051330586956095,1.341655703258824,1.4671548679473534,1.5809417768030751,1.7597742209058675,1.9553613346539387
high-overshoot,H,2064.0,1.0768209537805082,1.2256962366468864,1.3534815388207635,1.4904035694426243,1.607659355857088,1.77551983339599,2.0218377512041283
high-overshoot,H,2065.0,1.0943349750472529,1.2339849318600749,1.3744764996419678,1.5098292256327739,1.6455383506149341,1.8037818232523002,2.0464918204009335
high-overshoot,H,2066.0,1.0963600736868229,1.2452928885805516,1.3929020617556984,1.5248949463293753,1.6527955017014548,1.8227176947866082,2.049847121402765
high-overshoot,H,2067.0,1.120929036672745,1.2744239767645875,1.421806773142583,1.545251499797747,1.6789864067022793,1.8559650958249243,2.0903281793792523
high-overshoot,H,2068.0,1.1539455707595105,1.2856237212222275,1.4303659561223012,1.5658288884472693,1.7025138082963984,1.8927688205491058,2.100258191641214
high-overshoot,H,2069.0,1.1676402249693965,1.3074116116345773,1.4489601335645759,1.5942321677061209,1.7322119135749285,1.911824638434842,2.142850041270107
high-overshoot,H,2070.0,1.1623925742128762,1.3160123080529418,1.4748841530640326,1.6162251643251466,1.753055765093419,1.9353145760000032,2.17034162744451
high-overshoot,H,2071.0,1.1651975791058498,1.3255763761227917,1.4954058685319394,1.6421757167721487,1.7738287716022152,1.9701405595905337,2.2304277052849777
high-overshoot,H,2072.0,1.198861639963084,1.3564943188369591,1.517001883527151,1.6664631891773616,1.8003478099663737,2.004128920930836,2.2416896507904043
high-overshoot,H,2073.0,1.1950324336387657,1.3690851695256467,1.5309237987613862,1.6830946690355244,1.8196921481080197,2.019762159299703,2.254646982406015
high-overshoot,H,2074.0,1.212214171147584,1.3941206047896366,1.5482887675904324,1.6909526875238856,1.8469317953788627,2.069075515075877,2.3002013304001885
high-overshoot,H,2075.0,1.241021927811832,1.4164000055738573,1.563576241813264,1.73092078670939,1.8867307068786205,2.093873820391426,2.3438793592163893
high-overshoot,H,2076.0,1.252317414237308,1.436867654333916,1.5913340466298205,1.7556127793314316,1.9101975470256016,2.1125615989462636,2.377997939916834
high-overshoot,H,2077.0,1.2777499080329289,1.4430259314106608,1.611924799705128,1.7749000381146425,1.922835796651393,2.13277496401595,2.387539364053107
high-overshoot,H,2078.0,1.3162996094446113,1.472081035876635,1.6381628482935393,1.7931134662912602,1.9410092183427625,2.152003464043469,2.4439215188246677
high-overshoot,H,2079.0,1.3096397396948762,1.4993709918183638,1.6475991787820083,1.821144298864672,1.983178066375323,2.180519777053736,2.4808817140130897
high-overshoot,H,2080.0,1.3224702011967773,1.5146859450798682,1.6648347545011348,1.8400042474857503,1.9978261435906346,2.199777727971609,2.4933808172895415
high-overshoot,H,2081.0,1.3401545895581675,1.5302963713995215,1.7001261442450992,1.859936079006659,2.02726636457064,2.2175751892019497,2.5110724662624153
high-overshoot,H,2082.0,1.3577269910179435,1.5513680941920278,1.7063361023928614,1.8899477554425905,2.0419632239636836,2.2710772426901764,2.55927976912111
high-overshoot,H,2083.0,1.3638428824632487,1.5701885258048953,1.7376381519358186,1.8991927182958226,2.081361497598924,2.2999956772996093,2.599516502870701
high-overshoot,H,2084.0,1.3743506719348448,1.5867997278735182,1.7565103081967233,1.9244540150642657,2.1044970129453295,2.317871510668437,2.6227265103667117
high-overshoot,H,2085.0,1.411526382526773,1.610122708283744,1.767636957290244,1.941007459184826,2.1297734769602856,2.349169368914904,2.6413410231491237
high-overshoot,H,2086.0,1.4336206776020626,1.6216341509654117,1.7868690497059112,1.953061759315125,2.1322043776819886,2.3696913472038603,2.6932559560049922
high-overshoot,H,2087.0,1.458835752156701,1.6409821838918448,1.8090823145767796,1.987317821925608,2.163249167115704,2.3943156578276246,2.7269519740927097
high-overshoot,H,2088.0,1.4767355360845613,1.6448933793307579,1.8299388788465218,2.0223206931621065,2.201115757979342,2.4252848341580715,2.7535013754945514
high-overshoot,H,2089.0,1.4936445037878783,1.6645161963092707,1.8573880436754837,2.050526143825074,2.2270928780812613,2.457838292189996,2.7884153526199693
high-overshoot,H,2090.0,1.5036272608054584,1.695893514872576,1.8765967655723772,2.072728993887346,2.2530412580609434,2.497063409526408,2.8105520881294943
high-overshoot,H,2091.0,1.4948974683986858,1.7117464255398112,1.9001406265103349,2.084599337964843,2.2778891032906565,2.5238874454625218,2.867026964759646
high-overshoot,H,2092.0,1.5336362283547074,1.748039885854337,1.932756357534427,2.116251265280174,2.2869937846172252,2.5390308684128646,2.8675759451901928
high-overshoot,H,2093.0,1.544631056589544,1.7628900239933811,1.9461732759827006,2.140818825636023,2.307695825488798,2.584861045202626,2.910348745086544
high-overshoot,H,2094.0,1.54476614515294,1.7638407622351304,1.9638022439691276,2.1598007779819093,2.3400797647908407,2.6220285101694887,2.9121041998578474
high-overshoot,H,2095.0,1.5674155791330138,1.803536247525719,1.9790157838712215,2.17861988171617,2.383574803604279,2.638168808215136,2.9486118488048527
high-overshoot,H,2096.0,1.5871122662173562,1.8253418746445462,2.0046484452441735,2.213623477999444,2.4077281010358353,2.6769114893655788,2.996236430159564
high-overshoot,H,2097.0,1.6120201839051307,1.8317958591501302,2.0292892916436145,2.245427409907267,2.436090866251003,2.7124937636241557,3.0494379676757886
high-overshoot,H,2098.0,1.6407322962246638,1.8598142773404214,2.0567278226959322,2.261265112679007,2.4447881915016625,2.743528151315614,3.06374625006505
high-overshoot,H,2099.0,1.6572156804528009,1.8756261470517446,2.0723360489618923,2.287651729047648,2.477751665579587,2.7679180874776477,3.084248980126111
high-overshoot,H,2100.0,1.6699711158615718,1.8744062606945993,2.0895978565211704,2.3031923277855832,2.504058309031328,2.789909704931445,3.1287273385503447
high-overshoot,H,2101.0,1.6839370703591339,1.9096266531992285,2.11664262302078,2.3152361253673064,2.533511756756591,2.8206129696211106,3.18330958782005
high-overshoot,H,2102.0,1.703815403165125,1.9165509139767167,2.1259943254020968,2.3406475130133866,2.5655201064304753,2.834509946537119,3.2091794838485943
high-overshoot,H,2103.0,1.7103300468915796,1.9414095290391602,2.1560002652525325,2.3805107529143332,2.56883907395868,2.8692247792356103,3.270793780314534
high-overshoot,H,2104.0,1.728093245033183,1.94665401910931,2.181767134254235,2.399662732868506,2.597585930808213,2.913548820483834,3.250203698011483
high-overshoot,H,2105.0,1.7580957367366876,1.9712750871329938,2.2057067155266763,2.414790060972046,2.6287126595818413,2.935843847969554,3.2680466847080445
high-overshoot,H,2106.0,1.7462740597180768,1.9813789663459835,2.2149411122818874,2.4475754801188776,2.650786936989821,2.9611056504752784,3.2931930677907078
high-overshoot,H,2107.0,1.7584165407571428,2.0172629542891394,2.23978865880298,2.4661532644491087,2.671501319095402,2.9793836468618213,3.327228529091375
high-overshoot,H,2108.0,1.7701385202901614,2.0064908969523683,2.2474864109608315,2.4899402463688016,2.691081176211408,3.0013406147258284,3.389251822573916
high-overshoot,H,2109.0,1.777713659001151,2.033449660159173,2.2714219595265615,2.51120899901572,2.7164342769006566,2.998598677603389,3.4015635790606478
high-overshoot,H,2110.0,1.789896194255822,2.0485302701402412,2.2888680564961486,2.517663785372394,2.7245485696638605,3.037654725571097,3.446924373798128
high-overshoot,H,2111.0,1.8047549930579556,2.063585150560465,2.308850118550065,2.5483668359767515,2.761343984856963,3.077349456506265,3.437385882578022
high-overshoot,H,2112.0,1.8213607206371787,2.0832809810050765,2.326537542297185,2.558850930861016,2.7715308838921655,3.114171682688638,3.4868652581492214
high-overshoot,H,2113.0,1.845527565421265,2.105072889183129,2.334037074974365,2.5785231675064444,2.787490970145396,3.130814515090849,3.527330830201533
high-overshoot,H,2114.0,1.8456045356683561,2.105042356895606,2.349868426791829,2.610310293264551,2.8018216061416563,3.1708225842540467,3.5629150665822102
high-overshoot,H,2115.0,1.8646243575832664,2.1262007850361417,2.375881748067346,2.611973997679507,2.832322078892646,3.166605354956689,3.6161485523035712
high-overshoot,H,2116.0,1.8687569868656042,2.1196815389217045,2.370752495736529,2.630383634684964,2.8452817905601,3.1909351537220036,3.63357060087165
high-overshoot,H,2117.0,1.8763826154895533,2.1531289383824777,2.389169214293942,2.6484313855957455,2.877131433649532,3.236132077040156,3.6801366710555445
high-overshoot,H,2118.0,1.886826160637429,2.158079365945736,2.417234718373039,2.6734755954391907,2.8909662608986464,3.257204941239525,3.676855814014939
high-overshoot,H,2119.0,1.8767678502694345,2.1797689867233037,2.419195862136971,2.699433050615523,2.9070232328022247,3.2576504800470407,3.6943094553382387
high-overshoot,H,2120.0,1.9002787531200056,2.1784838619704696,2.446180031296597,2.6957604861894255,2.933046022981624,3.284801769326105,3.7177039033167505
high-overshoot,H,2121.0,1.9401093445741455,2.2003957320165073,2.448430789917849,2.738814813420316,2.963097618760132,3.3238238251075294,3.7580425728520934
high-overshoot,H,2122.0,1.9421452356801248,2.199703542350969,2.471041047030363,2.7337274626031887,2.9837863008266816,3.323454174187987,3.811519550515857
high-overshoot,H,2123.0,1.96780073530457,2.2023037834692554,2.460920837256392,2.7544214589251954,2.9891938282304737,3.36093806077991,3.8288253463244217
high-overshoot,H,2124.0,1.9610623221715402,2.218119642011179,2.4841145256118455,2.763301204630009,2.986573720859993,3.3897177772705964,3.831959826340557
high-overshoot,H,2125.0,1.9859921815069566,2.230716928007775,2.506592139226657,2.7686940623285787,3.007416921061093,3.397188177869362,3.8336724855389757
high-overshoot,H,2126.0,1.9730644936692883,2.2374832461635767,2.531853063945442,2.7916940697891586,3.024025107120887,3.4245928502039518,3.836180684239194
high-overshoot,H,2127.0,1.9669176962224635,2.236155830772505,2.531656234159959,2.794164903094409,3.0399561931251693,3.4621975859030862,3.8714722300714444
high-overshoot,H,2128.0,1.9687080778038606,2.2513196490926837,2.5080728961414196,2.8270162356150257,3.0814218202543624,3.4637425424167967,3.895311904855537
high-overshoot,H,2129.0,2.0086345316978242,2.2724600994076787,2.543352715863078,2.829921456929788,3.0855979590600335,3.4711368255169357,3.9458972639858594
high-overshoot,H,2130.0,1.984615130329297,2.2967800303480224,2.575749753201735,2.8444267766272704,3.0847341962757455,3.5013979499513512,3.9842723518365792
high-overshoot,H,2131.0,2.0047756138664212,2.2961948342284546,2.5621180690287226,2.8416745972309623,3.104613186573444,3.521793450089935,4.017222726040285
high-overshoot,H,2132.0,2.0099596086121143,2.2884924395383273,2.5688569336675133,2.8625275818512472,3.1243299167887004,3.548587583995946,4.045976435540603
high-overshoot,H,2133.0,2.0226955072250123,2.290517372037591,2.5892490273228232,2.8807450890332422,3.1328103849806435,3.5304177118149536,4.0546904664258365
high-overshoot,H,2134.0,2.0163585329720646,2.3149306998446457,2.599386797856857,2.882806738237863,3.144055707773723,3.562668818146951,4.08769341866206
high-overshoot,H,2135.0,2.0429325604129986,2.3028175879858015,2.6036450522737846,2.8856221793484162,3.179751638935995,3.5788228010982417,4.083662633241151
high-overshoot,H,2136.0,2.021681327246734,2.2984473552364277,2.620860179937532,2.893925234557916,3.1704277269096104,3.5809333879416942,4.109867173443443
high-overshoot,H,2137.0,2.035606868698736,2.3217717677868324,2.60938171851226,2.934314980424928,3.1915335285973194,3.602541379298309,4.11352137554595
high-overshoot,H,2138.0,2.043231898132635,2.335674158041713,2.6142189276232553,2.928315566977704,3.1908336260500474,3.621973366035821,4.147221298140558
high-overshoot,H,2139.0,2.052484611357929,2.354206677402074,2.6404039593892032,2.9297512720388608,3.203859466425814,3.6473416479498546,4.187182332169627
high-overshoot,H,2140.0,2.0307133277098437,2.3688905674462575,2.6663476318678865,2.9441591043956175,3.205072046263437,3.6479195453358817,4.183040678610737
high-overshoot,H,2141.0,2.0374290209766164,2.3756532651870734,2.663425382536116,2.9487503949985587,3.226435278057397,3.6550622553842462,4.178860962773476
high-overshoot,H,2142.0,2.0434917437316003,2.361019686336053,2.656385288809213,2.959169853561086,3.238225229993456,3.6466135622205806,4.245993058257386
high-overshoot,H,2143.0,2.038090904156608,2.384473474561448,2.660300137140411,2.9738246913658077,3.2518543825829966,3.660039518056405,4.212949370198573
high-overshoot,H,2144.0,2.069304602145994,2.3652478927469884,2.6604390094289165,2.9733982632780975,3.2555497251140966,3.679572501743291,4.236713485964206
high-overshoot,H,2145.0,2.0624756494378733,2.382844251593376,2.673072150391224,2.986296855913698,3.270496521806593,3.6966129708647806,4.2838574143903365
high-overshoot,H,2146.0,2.075027166239987,2.3809984040890444,2.6657887946449805,3.003296889664789,3.2590068590417847,3.7224815954518986,4.270934628134306
high-overshoot,H,2147.0,2.044120319211038,2.3888621972441224,2.682517122853721,2.9742942221574538,3.2766640276401198,3.72353653211359,4.296201862952665
high-overshoot,H,2148.0,2.060807052340445,2.394925804940874,2.6889635602462385,3.0151610355522043,3.270478031638083,3.720035713271546,4.32473223466854
high-overshoot,H,2149.0,2.061347548384852,2.382248990001873,2.6899343918712852,3.005460384541437,3.2966096768176114,3.7637121851727406,4.324909405404321
high-overshoot,H,2150.0,2.0942351694015753,2.3834683013826536,2.7001868905094275,3.011945442439073,3.2936140465010215,3.7349563922428284,4.348533731438898
high-overshoot,H,2151.0,2.0625425226690832,2.3828840510992157,2.6951456351064786,2.9923083510305037,3.2828133605732184,3.7515368930301585,4.354808467989449
high-overshoot,H,2152.0,2.0330537961910604,2.378479063742644,2.695910613462154,2.9977161505210312,3.317979726033907,3.745678324603702,4.404016455078083
high-overshoot,H,2153.0,2.046490189562738,2.3815384260098837,2.675956808236253,3.0419168920445934,3.3110528662993657,3.7568420427154647,4.403535594325124
high-overshoot,H,2154.0,2.013048909833297,2.383348843038405,2.6791446908292764,3.034072174571036,3.327313532152809,3.7639802708347943,4.372836882234912
high-overshoot,H,2155.0,2.0712030343691468,2.3977167958569385,2.6994094652868785,3.0326397630245228,3.3321965571658834,3.7807832857060806,4.37598139692428
high-overshoot,H,2156.0,2.0506160391575783,2.3942011394443234,2.7025470524947246,3.0363034296771785,3.324947671270926,3.7797075159898363,4.395364940262258
high-overshoot,H,2157.0,2.0575266740696163,2.3720907612012283,2.7150077654146467,3.0391122621436395,3.350637651996515,3.778751542986185,4.374763814913444
high-overshoot,H,2158.0,2.0590820830423477,2.387056852964605,2.722238998934262,3.035410754058625,3.3242699286433344,3.778726270913185,4.402628022878129
high-overshoot,H,2159.0,2.030913357616133,2.4077268776621397,2.7118955025681974,3.0386107957305155,3.3225649136836894,3.786570233607787,4.409703567913346
high-overshoot,H,2160.0,2.060992568335475,2.3931741162248774,2.7008914623102775,3.0394726661734803,3.335688885879109,3.823124020633707,4.425379132182046
high-overshoot,H,2161.0,2.0314937278455916,2.3778471616242998,2.714808385614074,3.032285745209493,3.341295819745307,3.8234456667498664,4.393350771420384
high-overshoot,H,2162.0,2.01907302268978,2.389750481818979,2.683737627871362,3.0174081168116884,3.3265198213685165,3.8026214157885416,4.404287253690213
high-overshoot,H,2163.0,2.027673007596212,2.3601886367519023,2.692695801138566,3.0267700713456263,3.342687751418046,3.808507785983475,4.424260251967316
high-overshoot,H,2164.0,2.032441878677006,2.381884132590889,2.668769987466675,3.040108483396839,3.3359536837400525,3.809060879584326,4.431371847807544
high-overshoot,H,2165.0,2.0140869776973975,2.372319199362959,2.6772863268483573,3.014349823923584,3.3474765261487467,3.7992732222542096,4.4501732624979535
high-overshoot,H,2166.0,1.985722550404172,2.3836470136674848,2.6753021010811797,3.0174292978447363,3.3572591562610503,3.810489660794437,4.430844671192461
high-overshoot,H,2167.0,2.0133085827748234,2.376645032812632,2.6810301403270795,3.03885304888478,3.34627934605054,3.8092646200419558,4.400910722189046
high-overshoot,H,2168.0,2.012570820667777,2.3661582796582987,2.665559439394576,3.0137716856032806,3.3360450135829107,3.837767243907259,4.392242673289989
high-overshoot,H,2169.0,2.0040216747501307,2.374455147237565,2.6705334407740655,3.0177722001591243,3.342163727321884,3.823384117032664,4.467783594217658
high-overshoot,H,2170.0,2.0297418332275785,2.3770190188395297,2.686137763881629,3.0272344185165037,3.3429994525853597,3.805291198397326,4.474499754765834
high-overshoot,H,2171.0,1.9900178508785311,2.3622264131557307,2.6836586049204936,2.997787287375731,3.3397614783376133,3.810009032931655,4.525879588527354
high-overshoot,H,2172.0,1.9896435148926281,2.3582507014738945,2.6839886035916365,3.0069021599805863,3.329209547289312,3.8225631359839207,4.436992035692949
high-overshoot,H,2173.0,1.9915496907313042,2.360754753598405,2.664874246869566,3.0195782674320717,3.3462342872658417,3.808581802587742,4.495804368730344
high-overshoot,H,2174.0,1.9790574803386871,2.3701619047029934,2.662420046144593,2.9977968601603187,3.30379177067805,3.793532741694262,4.451588955100872
high-overshoot,H,2175.0,1.9817223822933911,2.3633482808805644,2.6651598295916568,2.999441310558102,3.3060100806553687,3.802183130071265,4.449746884049655
high-overshoot,H,2176.0,1.9797769582650624,2.336499935154818,2.6640404199760646,2.9906530484105063,3.3262405515647746,3.8115984594186503,4.455343485457645
high-overshoot,H,2177.0,1.9753635851945268,2.327276252501371,2.662685550902961,2.9913482850577706,3.328529858371666,3.8121467523779486,4.465365509648947
high-overshoot,H,2178.0,1.9760858619668358,2.330886833799033,2.6473117021757573,2.994339235885366,3.310893477441397,3.8047218943078716,4.554023633689745
high-overshoot,H,2179.0,1.9642683943641859,2.3116040437513057,2.6260699189550243,2.9628908686780075,3.3114405778622213,3.802967723029838,4.525979691409118
high-overshoot,H,2180.0,1.9457815826704625,2.345300413816029,2.6336838014120705,2.975050179637393,3.318324493567052,3.795419931168839,4.507754579285721
high-overshoot,H,2181.0,1.9928904267596173,2.3277690359363663,2.6238421065557356,2.9765639537695288,3.3089382273136048,3.7810973499965805,4.511352932557111
high-overshoot,H,2182.0,1.9552818257859963,2.287612508402819,2.6113243014098346,2.9731135321259785,3.2910601720389314,3.784348740175425,4.542926955309893
high-overshoot,H,2183.0,1.9596988218453901,2.293329130296803,2.6135384854515324,2.9371820250338416,3.2873747362722767,3.7812788187802697,4.5164322048192895
high-overshoot,H,2184.0,1.932532643986487,2.2991460129222103,2.5985226641911536,2.948941105789901,3.2843990290725302,3.7945210378585426,4.485041783182368
high-overshoot,H,2185.0,1.9356579221420835,2.3087151629573004,2.621670053825015,2.9471767209448014,3.278218283193199,3.778926470563962,4.5012479838795985
high-overshoot,H,2186.0,1.920728156111962,2.2889598408868985,2.6050788830199663,2.9489436676109464,3.2596317760933866,3.7453700440570747,4.462827976031212
high-overshoot,H,2187.0,1.8939975754620844,2.2678484921431923,2.592903143519487,2.9287394559810718,3.264572077594465,3.7575055541049904,4.531811843689731
high-overshoot,H,2188.0,1.8787758001634423,2.2650444533914063,2.595257132963631,2.9183249811385057,3.284473113284434,3.7248850172471135,4.481467504136032
high-overshoot,H,2189.0,1.884952341275821,2.272354816349892,2.560871351302541,2.918855603147326,3.264380100882897,3.709732778079074,4.449327450584144
high-overshoot,H,2190.0,1.9036500276258526,2.2714228573103035,2.5530082681961583,2.924051902474288,3.240407226628078,3.728946781000778,4.445138625633485
high-overshoot,H,2191.0,1.9186642447103799,2.251952974984232,2.5620320199334996,2.911775902306243,3.2317614813731916,3.722369181399504,4.430956955713324
high-overshoot,H,2192.0,1.9040817393230203,2.219653426833074,2.535808217922841,2.900133832106795,3.21886835375745,3.7017602379519996,4.425672623940189
high-overshoot,H,2193.0,1.888233688485351,2.232103427436642,2.5582954886005727,2.8755730879067354,3.2178738748543796,3.7259288719810115,4.368692600936492
high-overshoot,H,2194.0,1.8587690131377292,2.204939885868181,2.5279003822657753,2.876356651982785,3.2282030241393564,3.703922733567439,4.39592017893265
high-overshoot,H,2195.0,1.8499734706810944,2.2157588512829793,2.5299692359737924,2.884948691660932,3.1988262884085263,3.706952057994793,4.42176034959404
high-overshoot,H,2196.0,1.8597791575767055,2.1831012476901988,2.5202481769991527,2.854349103353217,3.1881265512083035,3.704427829105249,4.414370346770961
high-overshoot,H,2197.0,1.836439339451413,2.1955143001333193,2.515025834991761,2.8520413023757203,3.185927431786069,3.6564002873488493,4.395247267979475
high-overshoot,H,2198.0,1.8511792702814147,2.1860338069650607,2.5028508227122215,2.8416729490707664,3.1740322725864534,3.6475792171813777,4.361600264241384
high-overshoot,H,2199.0,1.8160209102474323,2.178810178919724,2.492301174902937,2.8258213654584763,3.1764031129953496,3.659632504799588,4.409915275014772
high-overshoot,H,2200.0,1.8178052246733767,2.1661753499373635,2.486876904369014,2.8273018901343554,3.1512850324414567,3.652512539749936,4.431555791926492
high-overshoot,H,2201.0,1.7961528679564345,2.15780871210548,2.4607752661264835,2.8138358640224133,3.1638119519338677,3.6055604481639687,4.378697643423542
high-overshoot,H,2202.0,1.7962932949463757,2.1711068201599963,2.463370912126046,2.8060855193394394,3.15005120981999,3.5908953444246574,4.381487360622911
high-overshoot,H,2203.0,1.7804917130994669,2.1377063081488776,2.457482065429604,2.7986868237083047,3.1131050270021308,3.598268252664521,4.358282326455095
high-overshoot,H,2204.0,1.782236384614174,2.1253373572756673,2.4445112918390146,2.787921867771554,3.1202153762793565,3.5769825763777443,4.362861966562273
high-overshoot,H,2205.0,1.7701304765174157,2.114867835780962,2.436733788982208,2.775932234409718,3.091058693001058,3.5535434858200956,4.278725175120517
high-overshoot,H,2206.0,1.7700084846364093,2.0997699688126605,2.4207949183078554,2.7543099538340323,3.0883402024205275,3.549287737905733,4.295753316419715
high-overshoot,H,2207.0,1.7561977182922826,2.0932313562473377,2.416814340408854,2.743095595511756,3.0474128702755348,3.5474531062668357,4.353733854288452
high-overshoot,H,2208.0,1.7389114794969445,2.0699439364482473,2.396530139674169,2.7245308867037146,3.068540893601444,3.5238361777184775,4.330465823551402
high-overshoot,H,2209.0,1.7183995350878742,2.0767787523072165,2.379732629799101,2.7228330440986137,3.052605705858741,3.53611035997494,4.29613411461097
high-overshoot,H,2210.0,1.7222624290048374,2.087869468813635,2.3619823576588743,2.6999275624274643,3.043601770848032,3.525844857920076,4.269683052578851
high-overshoot,H,2211.0,1.6921742085882148,2.067938070908868,2.3431951848843777,2.6629139565836484,3.032266217745355,3.4796683555648684,4.238503018140896
high-overshoot,H,2212.0,1.7120749245814317,2.0411321966383906,2.3396348942143064,2.681636241706922,3.0129598409489717,3.501062276390425,4.267276343942909
high-overshoot,H,2213.0,1.6908769942082944,2.0599716934841585,2.3261019183038996,2.6555762004120025,3.0178887165631525,3.444589014222262,4.246125101200707
high-overshoot,H,2214.0,1.6914283431009087,2.0232486772980725,2.2933622809660537,2.665608635915096,3.0094559988061467,3.459195025019173,4.271659101893919
high-overshoot,H,2215.0,1.6697869916819799,2.0209542095084116,2.298854340853314,2.6330268107173684,2.9875005911196584,3.4393630426400854,4.236790039343049
high-overshoot,H,2216.0,1.6698569068635876,1.9967416103042117,2.2828560167025813,2.6339766475956554,2.981811418841171,3.4398201612718706,4.197439065505023
high-overshoot,H,2217.0,1.7028261991849112,1.991447037820219,2.281714875799473,2.6258451255848168,2.9747673339357257,3.409570578577181,4.1836549040524895
high-overshoot,H,2218.0,1.617454197880546,1.9817006315040915,2.2769234714916156,2.6196363616639142,2.967948177727899,3.4039461633752564,4.218797592883458
high-overshoot,H,2219.0,1.654835530042244,1.9649287510779163,2.2535370850863323,2.6136682172540344,2.9474058126341562,3.4216799552352373,4.18289518227575
high-overshoot,H,2220.0,1.5898988757950279,1.9700809862262478,2.2589156677877007,2.5921714552722968,2.9431306736737954,3.3772881945120647,4.162281928035089
high-overshoot,H,2221.0,1.613406602687921,1.936430220054555,2.245231574119976,2.584340268407553,2.922668991768919,3.3448817071480916,4.210013579128393
high-overshoot,H,2222.0,1.6141942906748101,1.9333233450265286,2.241803122711766,2.5363379384338884,2.938893846972391,3.3662439050282114,4.137311985119337
high-overshoot,H,2223.0,1.6430559885298275,1.94709092223248,2.2202677926167715,2.547376267877305,2.8813377984048825,3.305536829117679,4.082051713817167
high-overshoot,H,2224.0,1.6261808525004788,1.9163021399612716,2.212013098251561,2.5321057316679374,2.886100435285701,3.304948699872553,4.115567308651453
high-overshoot,H,2225.0,1.5877322080717426,1.9156223953631153,2.2177045961505226,2.52703645971954,2.8835486047386025,3.3181751099896344,4.137545981503286
high-overshoot,H,2226.0,1.5774908892841308,1.9163720402553976,2.1875864361862045,2.5259316565351497,2.860282844626741,3.312725606956094,4.110216109618329
high-overshoot,H,2227.0,1.533723248895961,1.8954894439341305,2.1736775262462285,2.5187852996588043,2.856287079160786,3.2829004011805845,4.098281547077914
high-overshoot,H,2228.0,1.5525601959313329,1.8839074199972214,2.1558571454531337,2.4907389587884223,2.843707255717202,3.2729936577419245,4.027336005129367
high-overshoot,H,2229.0,1.5409227917592507,1.8632157837934509,2.1375662649301606,2.4586234505428215,2.828943145811248,3.2702772809173766,4.045016906809977
high-overshoot,H,2230.0,1.5455989809545467,1.8516065001643665,2.1376705567681444,2.422250626685959,2.8067391354390354,3.266222170921215,4.021995227828463
high-overshoot,H,2231.0,1.5495637927102597,1.8387045053069264,2.126391189506701,2.4459768111361466,2.7850460168009326,3.2409982885818605,4.064940061049228
high-overshoot,H,2232.0,1.5068882642121115,1.8463098820414128,2.118283728136428,2.4324788873731995,2.7889997504288395,3.266912208180318,4.013427022951261
high-overshoot,H,2233.0,1.5254448178966773,1.8281245423177868,2.1190201401972146,2.4375239682901757,2.765871754886184,3.234511837998333,4.000921361623325
high-overshoot,H,2234.0,1.5289633982805113,1.8264477240595465,2.100879362659094,2.419470107895949,2.7549408168031495,3.2011818857958025,3.958352356581153
high-overshoot,H,2235.0,1.4862415962209925,1.8242664030675495,2.0890066932394618,2.3966678019969425,2.730584349861608,3.1934599226786564,3.9747161681653638
high-overshoot,H,2236.0,1.4896923714205395,1.8085386262907384,2.098432057245249,2.4025256998982427,2.734678429742346,3.1937106282035383,3.937791778288629
high-overshoot,H,2237.0,1.4892364871656845,1.7924391653223388,2.078836739265479,2.390029017993431,2.7184004952252474,3.153230305424218,3.8799491189406337
high-overshoot,H,2238.0,1.4522099597275862,1.781031719188545,2.0559662540808143,2.370572484854395,2.7083623377525163,3.1521555940394186,3.8977783920291387
high-overshoot,H,2239.0,1.4738270573015761,1.7797535722843258,2.0510609134704807,2.3663255309433047,2.6828079727396177,3.1466749942151386,3.922654968918839
high-overshoot,H,2240.0,1.4647348752176186,1.7692956249754994,2.0282048463857025,2.3653625265105753,2.6981510471415477,3.1462227357951953,3.8839394765759345
high-overshoot,H,2241.0,1.4553702521719953,1.7537136441926557,2.0289563830153816,2.3397807472280214,2.6783024034346896,3.140153057631669,3.875136994197633
high-overshoot,H,2242.0,1.4612729514844338,1.7598222482457286,2.0137754923768125,2.3120701459279784,2.6584241653794702,3.081874263367678,3.952995028534982
high-overshoot,H,2243.0,1.4233973952875332,1.749714646989344,2.0235952080709554,2.3077320615459125,2.6347070799033014,3.055064487123004,3.886813295712369
high-overshoot,H,2244.0,1.432136191717356,1.7378713740727054,1.9903493491274842,2.2841633850427105,2.6175960245627388,3.0557554310437793,3.8205092771368787
high-overshoot,H,2245.0,1.408986297519855,1.7140596829974746,1.9715443131543646,2.2917404165502298,2.630436894977777,3.0196542144513874,3.804811562820471
high-overshoot,H,2246.0,1.4162929093373975,1.7142090849395255,1.9583815246893332,2.272575918448789,2.6158640977955594,3.0308274539033615,3.7446459808172583
high-overshoot,H,2247.0,1.3984606873847136,1.709027803274337,1.9368958875654922,2.255896781814924,2.600141161479092,3.0137337434426845,3.8081141781804995
high-overshoot,H,2248.0,1.3812093182567546,1.70333569815487,1.937622143557907,2.241269238144276,2.594666539329026,2.986310600234071,3.7608127982585975
high-overshoot,H,2249.0,1.364362759409075,1.6903884049962536,1.916820103716186,2.23366294705038,2.5844870266670688,2.9983808373478964,3.7286353783598902
high-overshoot,H,2250.0,1.362279818406449,1.6807648623183797,1.9128085440309086,2.2200071573698374,2.5507790096538896,2.9723883810027325,3.7345817980501494
high-overshoot,H,2251.0,1.360449080793596,1.6593892242661745,1.9040102529359935,2.2161160990401574,2.5559567722631202,2.946004263364909,3.7408863357844964
high-overshoot,H,2252.0,1.3359877613028273,1.6355445852405834,1.895588569005477,2.2105544179854975,2.5224635568914047,2.9670434179816003,3.7115493945202838
high-overshoot,H,2253.0,1.3652366857395826,1.6472271382395451,1.87722565780972,2.2145175496122036,2.540890408810011,2.9447117243586654,3.7059067934993135
high-overshoot,H,2254.0,1.321439383379717,1.636926587010186,1.8847018992686397,2.183115972132188,2.5160481525941556,2.9037516882934655,3.668492490981649
high-overshoot,H,2255.0,1.3348331769271202,1.614006001020757,1.8715909720105557,2.159670901899871,2.4954682755436144,2.8902242721375417,3.628279442484453
high-overshoot,H,2256.0,1.3169313248342243,1.618983047863285,1.842622097894958,2.1457565774448506,2.474285326996748,2.893993131363289,3.610602680025146
high-overshoot,H,2257.0,1.3178001286656276,1.6176479076296892,1.8556427567802738,2.1264841273032857,2.4534101187985535,2.862168296564244,3.5956084661419787
high-overshoot,H,2258.0,1.3295558386994506,1.6040867228444875,1.8441745256933693,2.128924378542154,2.46042265777597,2.880643141973711,3.6297759168944115
high-overshoot,H,2259.0,1.308498254585592,1.5716707705704838,1.8180346745089255,2.101709732031236,2.4532938422996824,2.8793051949288273,3.6068020336559026
high-overshoot,H,2260.0,1.27204942483842,1.5582436195811313,1.8135087409135284,2.094552190016362,2.428880183804248,2.831301186453408,3.6274634455586714
high-overshoot,H,2261.0,1.2735600829617153,1.5636234201533987,1.7893264281517576,2.0879568301699876,2.421498621879245,2.8246786450107666,3.592478328411659
high-overshoot,H,2262.0,1.2823518509082588,1.5433872243236697,1.7735024557425072,2.082843134526078,2.405905305007753,2.816446849186174,3.5699094448391047
high-overshoot,H,2263.0,1.2886702671447103,1.5381577123420036,1.7816221212061008,2.071862363389553,2.366253401597381,2.8109405816260082,3.6545935352115557
high-overshoot,H,2264.0,1.2630039713593086,1.5230729725525232,1.7759204454830317,2.0553768018641407,2.3612289431858855,2.7941933636507676,3.617507466841764
high-overshoot,H,2265.0,1.2608770908283877,1.5019084730320775,1.771578706889852,2.0471329215600345,2.3408836390599173,2.7726434065968513,3.513050055029246
high-overshoot,H,2266.0,1.2413470348805347,1.4869477601105738,1.748883554958637,2.0173590976555493,2.33248882436398,2.756652093018866,3.4976084109478363
high-overshoot,H,2267.0,1.2138730206383157,1.487319554021475,1.737986154130981,2.0174169976235152,2.318969052681855,2.7392146837781284,3.5145286792154047
high-overshoot,H,2268.0,1.2300054844679242,1.4621957223179738,1.7182321653900874,2.0186043932064024,2.311144786729578,2.7217576121360896,3.487734136396565
high-overshoot,H,2269.0,1.2102176785932124,1.463409971173725,1.7149766284818877,1.9894385345485626,2.3103941778652812,2.70776141292713,3.5097694756466176
high-overshoot,H,2270.0,1.1813599477042929,1.4592911105710356,1.6987153685874774,1.960343945660824,2.297662905734727,2.6817355635575484,3.453749826909599
high-overshoot,H,2271.0,1.1887450217859132,1.46375206473971,1.6940936521127503,1.9600707941381332,2.274721737990712,2.693638613247351,3.456963013890187
high-overshoot,H,2272.0,1.1814562589688533,1.4593245291223336,1.6892340544977458,1.9738361153102844,2.2644095999067084,2.652754356478472,3.408178854955033
high-overshoot,H,2273.0,1.178560726667613,1.4489131436186262,1.6748097639849393,1.945958608439703,2.2350630436012224,2.6576729010832394,3.3850121148790335
high-overshoot,H,2274.0,1.160378336549545,1.41712631982096,1.6599833753949538,1.9402328265616802,2.2270006831040825,2.6394561247801303,3.4128443494628
high-overshoot,H,2275.0,1.1298235199025886,1.4129430832448269,1.6570793153245624,1.9153754857114977,2.2273757483046097,2.625950051616087,3.400051226370804
high-overshoot,H,2276.0,1.1620408421908537,1.4147223523355887,1.630869694598473,1.9259359295924348,2.2210894796059546,2.6062438742914797,3.3473209435368316
high-overshoot,H,2277.0,1.142768010447689,1.3928495253987607,1.6291495024774258,1.913181690753086,2.2032333500256636,2.57741811953012,3.340468011687309
high-overshoot,H,2278.0,1.130532664538086,1.3821601391640865,1.621825270309205,1.8997722927503864,2.1743120552724666,2.578848059296418,3.330763324412536
high-overshoot,H,2279.0,1.120376234302269,1.36793588912006,1.5998034563468628,1.881818557933075,2.155042692383527,2.5611349388210183,3.2835808513378932
high-overshoot,H,2280.0,1.0927825433144687,1.386870263840948,1.5806691918287092,1.850198159389138,2.120864856882527,2.564821192280472,3.314311353138265
high-overshoot,H,2281.0,1.0855953781193042,1.3550476840896837,1.5814567004836761,1.8494966582475294,2.1196463983942917,2.576245913704838,3.283984875178811
high-overshoot,H,2282.0,1.0816185044243187,1.3503459105131166,1.5747173918027257,1.845580581987191,2.1242456929027234,2.541718406615483,3.2911464728574056
high-overshoot,H,2283.0,1.076980935150118,1.353945648153797,1.551098841986149,1.8173930611255715,2.107721267646355,2.531853580622306,3.3024391624729637
high-overshoot,H,2284.0,1.0725249698511148,1.3370511582068734,1.5358901146754358,1.8200851703835201,2.092219215395754,2.4843618532492737,3.3102782143682608
high-overshoot,H,2285.0,1.0694910733316738,1.3185236725533571,1.5265316719870243,1.7947804897536066,2.0721790649392813,2.481390890848762,3.250577261636703
high-overshoot,H,2286.0,1.0499456775182814,1.3147009439717166,1.5193891391751204,1.7918504819879462,2.0789468911714772,2.4750497118346986,3.249467849604603
high-overshoot,H,2287.0,1.0334345988431175,1.285439045879798,1.5050375804560074,1.782103312164644,2.0459578600163453,2.428100212985654,3.1860472883101236
high-overshoot,H,2288.0,1.0039056166775195,1.2756249846067056,1.4930071080841514,1.7577902256975237,2.0239231029229336,2.462601709666878,3.1543403820384044
high-overshoot,H,2289.0,1.0149348908269018,1.252812777348717,1.471312532085136,1.730600412924196,2.0288050194675287,2.4107000787144703,3.158808699728684
high-overshoot,H,2290.0,1.0145723408828073,1.2594072917251404,1.4526055269835383,1.7066312254820404,2.019651088747109,2.4074942375671418,3.206094183134979
high-overshoot,H,2291.0,1.0152218762113587,1.2456064817411432,1.4575234489361215,1.7065265687563407,2.0023798838860962,2.398127979617078,3.1072941046322278
high-overshoot,H,2292.0,1.0046099485481446,1.213828251531278,1.4392233236784926,1.705512131970689,1.9710685329002602,2.3718849244594566,3.096567277569139
high-overshoot,H,2293.0,0.9762859893191868,1.2194637395819332,1.4518495247133651,1.688961381897467,1.9725063062403039,2.372028217005421,3.104360569257998
high-overshoot,H,2294.0,0.96073485481597,1.191552497053257,1.4283656634839288,1.6962599403598566,1.96816227097093,2.3689460916984855,3.061661661785423
high-overshoot,H,2295.0,0.9746456810617227,1.19527856737354,1.4103980112520613,1.6643845731068478,1.9531278655097997,2.3555543822196543,3.0717880858163036
high-overshoot,H,2296.0,0.9794374605562584,1.1754277225139442,1.4010929024611274,1.6483070274376193,1.9302557240430558,2.313737016100027,3.0344907991920054
high-overshoot,H,2297.0,0.9604413133806522,1.1736779331219769,1.3870462218233082,1.644961517470016,1.918971820209544,2.3065005777269456,3.0140036232276675
high-overshoot,H,2298.0,0.9516097716414686,1.1619086666561014,1.369334457234826,1.620157906687505,1.8990169454066756,2.2618245167503113,3.004650528888306
high-overshoot,H,2299.0,0.9087979149641184,1.170570964641242,1.3564979372006243,1.6221025925783983,1.8943403055760317,2.2720466407317748,3.021972005448256
high-overshoot,H,2300.0,0.9337669253835724,1.1484821684263733,1.361276546859456,1.6062614923160834,1.884549648143153,2.2616118219775236,3.0095422848998536
high-overshoot,H,2301.0,0.9075731061404203,1.1417050231658192,1.3445674060879642,1.6212967962653277,1.8783794693976394,2.2458555893462693,2.9569260517032516
high-overshoot,H,2302.0,0.9023133528177691,1.1243801476997262,1.326477191438519,1.5799692227746538,1.845347252088891,2.2481203577518087,2.9320560808969334
high-overshoot,H,2303.0,0.9120719603683184,1.1198518951194152,1.308631455716031,1.5895882589748023,1.8384468628806223,2.2357721911425807,2.8934740900230533
high-overshoot,H,2304.0,0.8839398472607324,1.1141750221586535,1.2915813671642746,1.5560784621779267,1.8278406794664581,2.183200791605467,2.9426889690244344
high-overshoot,H,2305.0,0.8861744195487237,1.0899216770198277,1.2783472163903093,1.518380299070494,1.8064031488275836,2.1836367345425542,2.8909737882134854
high-overshoot,H,2306.0,0.8657080393803139,1.09813205486865,1.2762052872433622,1.5275092133554016,1.7940318150325718,2.1570080068793756,2.870500790916108
high-overshoot,H,2307.0,0.8362303515582136,1.059191348915579,1.2627649755265442,1.5190258882374392,1.7687500708748272,2.1437251930611017,2.8378134526727647
high-overshoot,H,2308.0,0.8307692353584198,1.0529767927785294,1.2703520756428601,1.5067659682810033,1.7394255187779644,2.1305812390553913,2.8336361796115788
high-overshoot,H,2309.0,0.8252347163656657,1.0327084245921176,1.2514535464362673,1.498271821053391,1.7648429020220437,2.131038845548662,2.817594657585557
high-overshoot,H,2310.0,0.8427810545082465,1.0360583672843242,1.2204070930182729,1.4723930999540975,1.7219928104131268,2.112125183793813,2.7544080874311008
high-overshoot,H,2311.0,0.8188138090569732,1.0349156992615196,1.2264022085936022,1.4467963827202772,1.7226792153846622,2.098032181238082,2.7810168055524986
high-overshoot,H,2312.0,0.8099636982010482,1.01808738254788,1.2134296026673386,1.4496371542337079,1.692309227819529,2.0514451490042553,2.7292382909192487
high-overshoot,H,2313.0,0.7944250008447828,1.0108139977248138,1.209402496912984,1.4678584509846118,1.6694207747511363,2.048409478597324,2.7022750382769627
high-overshoot,H,2314.0,0.7630037813452413,1.0103283459053183,1.1920670207198476,1.4296719624490213,1.6497648547317694,2.0329554795703246,2.7024828585401623
high-overshoot,H,2315.0,0.791951765465927,0.980111394046889,1.1815802177372308,1.4323154151612576,1.6533654380327574,2.037314319999077,2.684713390370045
high-overshoot,H,2316.0,0.7891629012500564,0.9842204899184248,1.1574539187909285,1.4177153747295654,1.6403709217595526,2.0191748261839457,2.651245705716957
high-overshoot,H,2317.0,0.7472468760507502,0.9640982586112783,1.1560846232463826,1.3886400736645546,1.634835798203486,1.99312814092755,2.6146625429368533
high-overshoot,H,2318.0,0.7438605027042583,0.950565438534283,1.150829598384682,1.3837831726632812,1.6071387718611843,1.9878544689471556,2.5920955356274336
high-overshoot,H,2319.0,0.7427376833886586,0.946218320748558,1.1374857712432862,1.3620610266616857,1.6015631957676555,1.9490507073731713,2.6397725031867667
high-overshoot,H,2320.0,0.7194928793171278,0.9262712796129078,1.1217697909710178,1.365670135113738,1.5804046527851021,1.9491430343339082,2.606697672908852
high-overshoot,H,2321.0,0.7017771793288576,0.923165592824475,1.1202738350997803,1.340525337272582,1.5659616037301571,1.93256468018693,2.5743762879215057
high-overshoot,H,2322.0,0.7123306336503559,0.9182509855577188,1.1036271006390521,1.3102205230954456,1.5518903305253293,1.911389983233276,2.541379425598028
high-overshoot,H,2323.0,0.6833247613853489,0.9084233557333502,1.0946260558407725,1.2881646103438547,1.532772314819811,1.905189539827474,2.566294710293814
high-overshoot,H,2324.0,0.694948762913341,0.8868262197193151,1.061167963379323,1.2954855729934611,1.5308241502908944,1.8988507666849161,2.5587920493739493
high-overshoot,H,2325.0,0.6870329782459997,0.8813709437071301,1.0519271199770077,1.274755523714213,1.5062359280581046,1.8568840888331286,2.506087333180906
high-overshoot,H,2326.0,0.6617488113201796,0.8615244845169538,1.034370715445402,1.2668255484063595,1.4834211266024997,1.857335194878162,2.471199326519625
high-overshoot,H,2327.0,0.6605345922561094,0.864982015701423,1.0355484334725924,1.233616265761695,1.4735022786850123,1.8439386260777482,2.497168081596997
high-overshoot,H,2328.0,0.652728346183803,0.8295025675109452,1.016115657859479,1.228778667677661,1.468062672477617,1.8694076899126548,2.442324637528024
high-overshoot,H,2329.0,0.6322878110963875,0.8259961222708759,1.011849156235493,1.2290894050171248,1.4594618182400083,1.8284538409663373,2.4312208812470653
high-overshoot,H,2330.0,0.6236663122144765,0.831729792728484,1.00119490480312,1.1995334322340112,1.441594015041925,1.8230835549153788,2.397532764771907
high-overshoot,H,2331.0,0.6183081006954413,0.8126112403413308,0.9927536726390033,1.1976056467295233,1.4322563601640401,1.7761791766749315,2.4121799460360935
high-overshoot,H,2332.0,0.5975146616361304,0.7890301948878458,0.9816113710881517,1.1936363226034516,1.4036039869376824,1.7710635159887849,2.36920436999562
high-overshoot,H,2333.0,0.6197476352557142,0.7939085277563597,0.9703276335122593,1.173456867585489,1.3836986189589364,1.7461719888397178,2.3604212751629285
high-overshoot,H,2334.0,0.5779474981739008,0.7948311011345203,0.9478923558255096,1.1563082863145193,1.361924724914185,1.7207074181501107,2.3531306602690787
high-overshoot,H,2335.0,0.5901036936594635,0.7848159775204151,0.9411048732696972,1.1423236440513518,1.3736608159853754,1.7212093278486182,2.3292541253661208
high-overshoot,H,2336.0,0.5639752648896322,0.756306513805356,0.9447977836259606,1.141676935932137,1.3344564470457805,1.7138391957444998,2.3272573198705158
high-overshoot,H,2337.0,0.5501313188265557,0.7493999675038799,0.9241870620389857,1.1306023364038704,1.3409683156778966,1.6995001820471345,2.27289833071237
high-overshoot,H,2338.0,0.5457996767902378,0.7437353312823693,0.9092607902537575,1.0861557024573674,1.315790792253342,1.6869553047951087,2.2192234205131
high-overshoot,H,2339.0,0.5300532964232044,0.7140335394094918,0.8886278193346546,1.0925301551105202,1.3200325246535354,1.6439068450338523,2.2472160188371957
high-overshoot,H,2340.0,0.5148472074525153,0.6994100127729486,0.8776609779640557,1.0788245997140586,1.2900085331854307,1.6585957724715295,2.239029068219177
high-overshoot,H,2341.0,0.5166190875230593,0.6898232544267577,0.8757759986641535,1.0769759575317555,1.2842950221882656,1.634623265140604,2.2080184450500537
high-overshoot,H,2342.0,0.5055553562354754,0.6869758235256896,0.8680114148924979,1.0569981289233572,1.2793809203797835,1.611873048723216,2.2122221975550977
high-overshoot,H,2343.0,0.488893713925482,0.6842245318128727,0.8521444023093212,1.0552934604449022,1.2727815575164512,1.6229770668338488,2.186766875375974
high-overshoot,H,2344.0,0.49053287268741164,0.667618785031454,0.8356839178310497,1.0330604716364895,1.2524432591883476,1.589334089148615,2.1126071714370345
high-overshoot,H,2345.0,0.485371391905127,0.67086009616229,0.8095923774601999,1.0134133265196072,1.2459800465040278,1.565934056539157,2.1776516469686658
high-overshoot,H,2346.0,0.4677171826777116,0.6595085574952242,0.8076216914137838,1.0083528192619966,1.2165015338443312,1.5605653938473294,2.1108817008423095
high-overshoot,H,2347.0,0.4554090618067233,0.6420010602096836,0.8032608921340598,0.9852284269118292,1.203125662399702,1.5380405917699695,2.1252428913460677
high-overshoot,H,2348.0,0.44159286776650575,0.6305323298378122,0.7866580548343451,0.9914831098912545,1.1899863666549875,1.541418223149741,2.102637236732718
high-overshoot,H,2349.0,0.4360022433337473,0.6183372980130298,0.7678217865186449,0.9686874503491342,1.1714237714504436,1.49587455598262,2.087804478016929
high-overshoot,H,2350.0,0.415473646924584,0.6091985239101965,0.7596738517552118,0.9399514900687848,1.1539347226510706,1.4854878518216719,2.073734598954057
high-overshoot,H,2351.0,0.4103116747810797,0.5866741371244727,0.7457809528486788,0.9332631357847757,1.1220572344732131,1.4487975327023956,2.0366798918985585
high-overshoot,H,2352.0,0.40035613869278536,0.5690028464840626,0.7384623889237126,0.916653320482661,1.1172421589832313,1.471275364636109,2.058096957824937
high-overshoot,H,2353.0,0.3962296916936405,0.5584486885764507,0.7085239396570092,0.9060652843042594,1.1146751915559916,1.431561314127236,1.9978949826549681
high-overshoot,H,2354.0,0.366871373848369,0.5585392912763335,0.7027002796843486,0.9126132476420054,1.0974392702902154,1.4297882626360705,2.0012537347744215
high-overshoot,H,2355.0,0.36692233167065164,0.5504444647780813,0.6990165642539621,0.8823080985498206,1.0857289583213692,1.404877852070081,1.9692999160945224
high-overshoot,H,2356.0,0.35367277552247756,0.5255754337447684,0.6887885275981266,0.8837735654207081,1.0639852921961588,1.3914345604658656,1.8973407164703262
high-overshoot,H,2357.0,0.3443356345719251,0.5256654640437117,0.6773256536970844,0.8684292344686085,1.0596095621722303,1.378356114781097,1.901430122706659
high-overshoot,H,2358.0,0.33852133811448804,0.5217035700474799,0.6677942395447938,0.8364574946471884,1.0524016898971724,1.3979572269692344,1.9003826223432927
high-overshoot,H,2359.0,0.3216494902380223,0.5101422535081145,0.6548669189621605,0.8383386697902523,1.0336679682959997,1.3889070901602436,1.878660670296041
high-overshoot,H,2360.0,0.3446319913473086,0.5033462196080849,0.6491380159851902,0.8242816986111173,1.022128706547995,1.345817260693802,1.8883541156529502
high-overshoot,H,2361.0,0.3275836195511466,0.4838464594873151,0.6441606151967194,0.8214749355555027,1.0116273722185405,1.3298668245392504,1.868567585258781
high-overshoot,H,2362.0,0.3037788605932537,0.4795868214677359,0.6278683684360813,0.8036167986925602,1.0096990021659393,1.310014139070083,1.8721906372521955
high-overshoot,H,2363.0,0.28177226526720894,0.46371385696959855,0.6265047989105954,0.8135309375854483,0.9806666382978365,1.30552333695556,1.8438426431769475
high-overshoot,H,2364.0,0.30875440017503186,0.45367780074903374,0.5948724916856397,0.788349617707012,0.9810528421472682,1.2881206556272395,1.8198472789962847
high-overshoot,H,2365.0,0.3009510049788433,0.4543265773440034,0.604129112074531,0.7794938262469826,0.985437858628092,1.2746906650966383,1.8193358074576336
high-overshoot,H,2366.0,0.27581981191871163,0.45037413447342856,0.6007162511236049,0.7797596684397619,0.9814494313921062,1.2736944916373136,1.813488499709207
high-overshoot,H,2367.0,0.28264359895294305,0.4290763290038438,0.574751020852663,0.7610494783297191,0.9479420546532392,1.2666355024150566,1.7773090231466937
high-overshoot,H,2368.0,0.2569088899399208,0.42012534909094923,0.5626429042863049,0.7454898351753051,0.9395609823588232,1.2376407456367735,1.739562477935909
high-overshoot,H,2369.0,0.2581305704562863,0.41781191821937125,0.5532158000253915,0.7262667141028636,0.9168934989035025,1.229923948753535,1.7063892469335566
high-overshoot,H,2370.0,0.22888513255714737,0.4201105768137298,0.5499160443245913,0.7400886779601837,0.9013542666920256,1.228832217696352,1.724467727035559
high-overshoot,H,2371.0,0.25749227582284473,0.414578715926004,0.539432117982955,0.7199094740712639,0.8950239617168219,1.209672424074884,1.7470657308925361
high-overshoot,H,2372.0,0.23445975617133263,0.40666048156107026,0.5467335334980647,0.7186759162767024,0.9030774845623017,1.1950438186798993,1.6899788045072643
high-overshoot,H,2373.0,0.21563273911117198,0.3951813421829747,0.5376320679986517,0.7053565626441783,0.8975846614266371,1.2003697937029059,1.7025940399116115
high-overshoot,H,2374.0,0.20934996122280858,0.3941764402150058,0.5223554955124053,0.7003207449793983,0.8990250510374367,1.2091876062016238,1.6540743949795482
high-overshoot,H,2375.0,0.22583614494126875,0.3733558831956915,0.525522790920775,0.6884550903420414,0.885498857102186,1.202827664657145,1.6778253909147294
high-overshoot,H,2376.0,0.21754074565910744,0.37750139599734694,0.5332606280212329,0.6991897977284132,0.8744792250048455,1.178849739205657,1.7039774234646292
high-overshoot,H,2377.0,0.22600740166297117,0.3873109508983714,0.5240157580376111,0.6893281717244715,0.8614492173935208,1.1688018419934203,1.6298944225818068
high-overshoot,H,2378.0,0.21438518881900545,0.38418963004306306,0.5144573223047573,0.6750034196767515,0.8589354366618779,1.1711778204363925,1.6178937956980106
high-overshoot,H,2379.0,0.23401982677963903,0.36885500993628695,0.5088719328560387,0.6664779892463732,0.8516381468735682,1.143107308713775,1.6063517360381687
high-overshoot,H,2380.0,0.21569945561088769,0.3672912682316595,0.5157486539690503,0.6701710096567968,0.8450774686946687,1.1679037292676835,1.61700722226966
high-overshoot,H,2381.0,0.20468454008246256,0.36435549067209044,0.5163545640818925,0.6653467975232151,0.8367685752364145,1.1210575861634318,1.5792135630616526
high-overshoot,H,2382.0,0.2063490457978288,0.35778499369594086,0.5203419374644775,0.6841355383335479,0.8480181822144642,1.1420090816537352,1.6047106106699511
high-overshoot,H,2383.0,0.1864844200997588,0.35176780319637163,0.5082756021438539,0.6634047324868868,0.8250939188049979,1.1227077621542545,1.5827656659332283
high-overshoot,H,2384.0,0.20004785138672265,0.36753551386571465,0.5074653971391215,0.6658803289362097,0.8329219815748808,1.1196636289160122,1.585140784219463
high-overshoot,H,2385.0,0.1969126671974395,0.3597996891287577,0.5059719635861337,0.6704316030492667,0.8290451473259713,1.0929470766184057,1.5700174126896889
high-overshoot,H,2386.0,0.20215920700805518,0.35891245162808083,0.49307087771025987,0.6640391427473437,0.8212306066525411,1.1105471214745128,1.5573605149501695
high-overshoot,H,2387.0,0.20458933722393624,0.36051259800405655,0.5006479539725043,0.6564060693213345,0.8323312435301469,1.093469745068503,1.5578741623894412
high-overshoot,H,2388.0,0.19790906555986043,0.35407274175238357,0.5018051134269922,0.6490920315736132,0.8080549866318185,1.1047011077653184,1.5758999994974212
high-overshoot,H,2389.0,0.20179323442804814,0.3571523552696545,0.48594297165272543,0.6470660351451516,0.8333228567891694,1.0900513641170304,1.5549721080613153
high-overshoot,H,2390.0,0.2113608271155294,0.36157877746247724,0.4947296820507705,0.6518869911903028,0.8270014408610268,1.0914537962611834,1.5428349943109407
high-overshoot,H,2391.0,0.2174319979687672,0.3569166103360532,0.5035031455332359,0.6338068404187545,0.7938526199053044,1.0810945037372186,1.5619746709070097
high-overshoot,H,2392.0,0.19267439425388078,0.35360418341883426,0.4919456431888501,0.6452393206153862,0.7997938018622189,1.0842974441871616,1.5346811062487418
high-overshoot,H,2393.0,0.18697034544171673,0.3624501214419618,0.5081906182764707,0.6527263288955761,0.8061240633007849,1.087646455501647,1.5861945133332922
high-overshoot,H,2394.0,0.19088327043657313,0.3494034643431231,0.48980638588108943,0.629888586713644,0.8039273030630859,1.0779905501989242,1.5564440034298925
high-overshoot,H,2395.0,0.21031314447382338,0.35684930118172725,0.4926779806193941,0.6486234468260719,0.8060992815660064,1.088863823216104,1.561551166195439
high-overshoot,H,2396.0,0.2026613792235158,0.348975314089994,0.48711037677453956,0.6552360285924892,0.8110825398046664,1.0901040146727417,1.5447809501367114
high-overshoot,H,2397.0,0.19423744598979967,0.3465285563296166,0.478577933017822,0.6391925615833046,0.8091974473394188,1.0821888036494265,1.5430243570315076
high-overshoot,H,2398.0,0.20444352111118572,0.3590327958181076,0.48220654119495626,0.6268039684609092,0.828746638002895,1.086366853691315,1.5345361240744375
high-overshoot,H,2399.0,0.1882718511844944,0.36369163835068047,0.48178105593906134,0.6390467531044971,0.7999737503565353,1.0822472027804408,1.5441985492446533
high-overshoot,H,2400.0,0.22930838713213653,0.3606350691655117,0.48015466701810644,0.6409370423303344,0.8019571906153385,1.0860273258273534,1.5233459297632184
high-overshoot,H,2401.0,0.22875364262480952,0.36962753418597355,0.4870637135791286,0.664927428429172,0.7945042192612866,1.050960174749551,1.525858437363105
high-overshoot,H,2402.0,0.22244193881903046,0.36302123986851115,0.4913542482002121,0.6537728954190077,0.8063582879187015,1.0628710448320755,1.5086084357884093
high-overshoot,H,2403.0,0.2091841592307164,0.367717877713823,0.5010392023824716,0.6565282952307292,0.811053705796608,1.0929094102942467,1.490831188289961
high-overshoot,H,2404.0,0.22082401954748532,0.3596743750579178,0.5010919218922409,0.6508445146369619,0.8103020858548359,1.0628903630527942,1.472682511845826
high-overshoot,H,2405.0,0.23250031546976646,0.3686567356918255,0.5082847177433955,0.6680499922395373,0.8244025885306261,1.059520380207279,1.4916594910910472
high-overshoot,H,2406.0,0.23046470961715676,0.36435607086175165,0.5130628458911078,0.6538483434663264,0.8184833300125028,1.069403132364108,1.519830735760187
high-overshoot,H,2407.0,0.24320532162029995,0.38461679843221735,0.5149920313512986,0.6570829592057904,0.8219337836692288,1.0709150831534668,1.516536558088571
high-overshoot,H,2408.0,0.24108866518039662,0.3871428398609214,0.5142030365408884,0.6589773398026043,0.812994982407201,1.0565806576032921,1.541567661126803
high-overshoot,H,2409.0,0.2516166116975954,0.3945574752812442,0.5183494600853463,0.656657245806082,0.814894426630609,1.0554480826593493,1.562557860236021
high-overshoot,H,2410.0,0.25799261817213265,0.38595854129673535,0.5161413758289459,0.6520464692336823,0.8244730823734076,1.0686331517938048,1.5181016024688945
high-overshoot,H,2411.0,0.21973340183278317,0.3831031738207507,0.5099368982989541,0.654541005446636,0.8335788414897893,1.0894971148845616,1.4828135636779844
high-overshoot,H,2412.0,0.2491516491206676,0.3907081165205577,0.5199591903980594,0.6666205843882766,0.8261294114236918,1.090176294484356,1.4967664852884983
high-overshoot,H,2413.0,0.25617648341999194,0.391466234648002,0.5088602870611019,0.6466741963989542,0.8071437015739926,1.069972800003445,1.4802259201477337
high-overshoot,H,2414.0,0.2543945183659022,0.39486229183013555,0.5181974694510899,0.659227920908415,0.8199263138582885,1.0525985074981592,1.5179495178568796
high-overshoot,H,2415.0,0.2542247288023749,0.3967719594549312,0.5152426055945591,0.654010687787342,0.827387510880312,1.0603396332175914,1.4875226803966748
high-overshoot,H,2416.0,0.2564631533789904,0.39399277009529465,0.5174380748922799,0.6573612812042964,0.8254871145562427,1.0570998831595895,1.463634533086412
high-overshoot,H,2417.0,0.2668030691553381,0.3980069948910006,0.5160179255580646,0.6508710239270359,0.8247776538164681,1.0781403058443169,1.462032210849121
high-overshoot,H,2418.0,0.24886571560826473,0.3897903766084269,0.5254527272376862,0.6527661714727825,0.8158987622929633,1.0617424462169067,1.4982208466569589
high-overshoot,H,2419.0,0.2662453326417007,0.4039703693764356,0.5170778722942648,0.6631683340829143,0.8196588107022799,1.0674194241670558,1.4818976572333458
high-overshoot,H,2420.0,0.2651529035073101,0.38735699807506263,0.5120672282265434,0.6506432393320665,0.8027536252850758,1.0646769818791118,1.4536651549137385
high-overshoot,H,2421.0,0.2804108771881887,0.4018321158468623,0.5165101489371042,0.6564142979114304,0.8282457872629109,1.066751116402296,1.4879549975455235
high-overshoot,H,2422.0,0.2666192431177363,0.4009054689329174,0.5209503259028293,0.6662447101752211,0.8327721961286704,1.0593937561396003,1.4697942987556434
high-overshoot,H,2423.0,0.28079097257194524,0.4082851685093417,0.5310648111099054,0.6605204831166281,0.8309436802102601,1.0718351330810787,1.457338559620154
high-overshoot,H,2424.0,0.2872290494092058,0.40170223931347127,0.5241740707324681,0.6618553711363631,0.8117921750194935,1.0645646972664136,1.4467590757599118
high-overshoot,H,2425.0,0.26817991433344046,0.4093055169703241,0.5196138792462334,0.6589122359783322,0.8182904607254025,1.0669158765080697,1.4846962033935998
high-overshoot,H,2426.0,0.28863663686328633,0.39538781239334303,0.5154054160541646,0.6571122139045916,0.8127389712676957,1.0761641635119081,1.4355821631840413
high-overshoot,H,2427.0,0.27260020626580495,0.3920639526472432,0.5230955637424786,0.6762591615711593,0.8244445261634132,1.0503485930741276,1.4490632142641469
high-overshoot,H,2428.0,0.2705868670432782,0.40694131129775524,0.5201218067057836,0.6657030799514685,0.8283811163984863,1.0664610782783635,1.4412967336413272
high-overshoot,H,2429.0,0.2923805702545267,0.4106965226319911,0.5419886364326069,0.6712269108079498,0.8237077501434804,1.0503487077748224,1.40787916074314
high-overshoot,H,2430.0,0.2877027269961338,0.41700019480339595,0.530032501216492,0.6707197584352388,0.8258592705186608,1.07058475208581,1.4610818556857637
high-overshoot,H,2431.0,0.27481425449315317,0.40758737185449423,0.5235266441115417,0.6680161631798052,0.8210035706073391,1.0553940177434522,1.4367498763961535
high-overshoot,H,2432.0,0.2665282210705347,0.41152229883726893,0.5290277038249456,0.6571106647337752,0.8184788038592782,1.0653873445960826,1.4576768418785362
high-overshoot,H,2433.0,0.2770226729292776,0.41249874469397874,0.5194575159465614,0.6417937191420174,0.8140569025655302,1.0604884782772983,1.4656040503644805
high-overshoot,H,2434.0,0.28855297576588634,0.408056453747915,0.5329078807317461,0.6743492219842839,0.8258426706568406,1.0482721218465412,1.4469794431286183
high-overshoot,H,2435.0,0.2704138322079059,0.40404568261100415,0.5263291489020153,0.6730781363015058,0.8350195210519321,1.0547440781154607,1.4422333404788827
high-overshoot,H,2436.0,0.2742106181450012,0.4064302838454037,0.5254716415299266,0.6574162611771694,0.8258666530837745,1.061101274040436,1.438178733072094
high-overshoot,H,2437.0,0.30059086508447375,0.42379332507691975,0.5313616897289045,0.6714989714306843,0.8177069322657717,1.0613753632762424,1.4348173095782903
high-overshoot,H,2438.0,0.2794983154524446,0.41012803030455,0.5213901800011569,0.6598691080833006,0.8141889460318451,1.0529582944336757,1.4256126941619003
high-overshoot,H,2439.0,0.27237378255206834,0.4200665556322318,0.5272141248485454,0.6644599088139458,0.8210858764911697,1.0564408145638453,1.4169289038609665
high-overshoot,H,2440.0,0.2958356128818232,0.40902756267378226,0.5294159570351772,0.6614692347377582,0.8182650106832243,1.045152221108438,1.4485696479886925
high-overshoot,H,2441.0,0.287163566107358,0.4255785583576784,0.5344813012250816,0.6766570927959408,0.8155981954987623,1.0477410071400102,1.435343171360566
high-overshoot,H,2442.0,0.2995880613349325,0.42212733278689957,0.5430493233231055,0.6600445691047523,0.8257542684184345,1.0568206871407957,1.4037912449849883
high-overshoot,H,2443.0,0.29215487196225687,0.4194589173337037,0.5430857297676841,0.6739337665346546,0.8122466300962686,1.0463812887996378,1.4128688420196995
high-overshoot,H,2444.0,0.2979883883810879,0.42763266094511726,0.5352208499814998,0.6595560236963681,0.8201250498337294,1.0660108043841412,1.4114902650813521
high-overshoot,H,2445.0,0.31192788239527447,0.4316212063931308,0.5367333642744353,0.6568203488895846,0.8230179414720113,1.0653429052778594,1.4145642973860937
high-overshoot,H,2446.0,0.32053941237947375,0.4315385878178446,0.5436509259379106,0.6680873170527548,0.8254499222538604,1.046362700554913,1.4050881122431607
high-overshoot,H,2447.0,0.2990307027740873,0.42303938766863025,0.544442891950674,0.6839080735111387,0.8211305653453835,1.0537986045326995,1.3924250307863695
high-overshoot,H,2448.0,0.3211439902859945,0.4345907803458232,0.5461494658805802,0.680410286837508,0.8235615634311138,1.052151558894151,1.4632951342940157
high-overshoot,H,2449.0,0.3050999776700191,0.43591929273437735,0.5514349830283091,0.6793930501255423,0.8247557468008134,1.0609031055811984,1.4191183809568122
high-overshoot,H,2450.0,0.3003971410795532,0.431604407607768,0.5624758239719266,0.6758244079226521,0.8187456928604016,1.0488399759861895,1.409940453008961
high-overshoot,H,2451.0,0.31125814423147524,0.4318671511008118,0.5602497371469564,0.6780735791576852,0.8080894294904338,1.0315003414266173,1.4056076986077464
high-overshoot,H,2452.0,0.31611715584664724,0.43252842027551014,0.5542323380487971,0.6711085601596312,0.8059061335324782,1.0376182154171705,1.4023319541734
high-overshoot,H,2453.0,0.30955413835927503,0.4401429947473207,0.5401566173192496,0.6775794892748481,0.8232049167723039,1.042251682740756,1.4175570198223248
high-overshoot,H,2454.0,0.32556118531944217,0.4418293929450233,0.5426466777724194,0.6709428147569569,0.8094838745018086,1.0462376114482754,1.4302423267838473
high-overshoot,H,2455.0,0.3087643440752918,0.4399729282420265,0.5481075591568992,0.6724252971170753,0.8222905490209513,1.0394805226203827,1.410289457955609
high-overshoot,H,2456.0,0.3063650537516834,0.4319952083892437,0.5568708455872671,0.6844403689003836,0.8264519823860097,1.0467005445971422,1.4324992535847076
high-overshoot,H,2457.0,0.3022974173458133,0.4407754887652776,0.5629065169099408,0.6708889210264068,0.8151897889479867,1.0382048752678255,1.439298983109101
high-overshoot,H,2458.0,0.30611127604951643,0.43770908150923293,0.5468623605990969,0.6678819804077595,0.7978945475498396,1.0397665453662082,1.4063749285916995
high-overshoot,H,2459.0,0.31058202571337035,0.4357406701788785,0.5546832283624897,0.6681502037034288,0.8178188207988041,1.045532215604623,1.3934653272809265
high-overshoot,H,2460.0,0.31462326510203736,0.4336320432935673,0.554739273052738,0.6739044707422571,0.819180148342042,1.0313502920363453,1.4109653641667341
high-overshoot,H,2461.0,0.3314649342570571,0.44165860958928266,0.5558871947441926,0.6665355291762153,0.810295400937927,1.0432294414982495,1.398603660831724
high-overshoot,H,2462.0,0.32741643643285817,0.4452707250112967,0.5652746431192153,0.6746471318390166,0.8119412141106696,1.0233788085116686,1.4040423314297235
high-overshoot,H,2463.0,0.3420418956903083,0.4568223462427128,0.5608468350521684,0.6727334399160066,0.8263525757884997,1.0393077618319058,1.4119374249663534
high-overshoot,H,2464.0,0.31944777603761393,0.43833166317851135,0.5652253578644482,0.6852502584919121,0.80651746125992,1.035356738268861,1.429524621884896
high-overshoot,H,2465.0,0.32158680475665924,0.4495319333621878,0.5560929377106837,0.6778292507676253,0.8088152595600274,1.0213236062509887,1.3930161927929552
high-overshoot,H,2466.0,0.3367101326627768,0.45451527902721844,0.5546618249892529,0.6733206634767163,0.8106969070025462,1.0319733504876953,1.3880731192616678
high-overshoot,H,2467.0,0.338543193924461,0.455821050864001,0.5587899483357198,0.6741217435918472,0.8106539724175504,1.028945847970826,1.367719843736613
high-overshoot,H,2468.0,0.32300017427743094,0.4567821919779436,0.5495640735010798,0.6739868613078709,0.8110728004466119,1.0219523433116782,1.3883735053275932
high-overshoot,H,2469.0,0.33429365946194844,0.4531486128496141,0.5723221515859351,0.665327651468713,0.8060236976419207,1.0362869994884623,1.4115867824119432
high-overshoot,H,2470.0,0.32289757626385157,0.4584393998201996,0.5626317888350384,0.6817441443858875,0.818184956869209,1.0354814570156339,1.3816152935148405
high-overshoot,H,2471.0,0.3204663299380982,0.44497634265972197,0.5600816974515382,0.673203973499604,0.814140453746256,1.0292255509052648,1.4037720458063834
high-overshoot,H,2472.0,0.33002292074056166,0.4524815385097211,0.5559991848705946,0.6686291335783455,0.8091819570810255,1.0201851423627937,1.3611551110452
high-overshoot,H,2473.0,0.34150957489503586,0.44690881016871886,0.5565331513686875,0.6748385423640672,0.8111935927885193,1.0263325874385099,1.3838386402174572
high-overshoot,H,2474.0,0.3273610840439353,0.4467438459314043,0.5577943549618367,0.6695974015801026,0.8044006416163955,1.0255101973681144,1.37883328148936
high-overshoot,H,2475.0,0.31455369626406854,0.4432729590823503,0.5593530663898745,0.6777632498847903,0.8080343883022565,1.0246211845909288,1.374517318837711
high-overshoot,H,2476.0,0.3537712744248378,0.4527142685915603,0.5502515645533624,0.6702821013071212,0.8256415396756878,1.0221664879833612,1.3536229768789998
high-overshoot,H,2477.0,0.3421618634324651,0.454101919141223,0.5638750733125245,0.6729271011767106,0.8124921966109974,1.0159382377681334,1.4023995672200544
high-overshoot,H,2478.0,0.3339913057846606,0.4512816419487928,0.5522143371626255,0.6735064272807347,0.8077592158822683,1.021714785286376,1.377852625251925
high-overshoot,H,2479.0,0.33192847127441955,0.4595071195388869,0.5559482960727776,0.6814374141849502,0.8195229457949422,1.0290937580551454,1.3898292172266615
high-overshoot,H,2480.0,0.33092351271862397,0.4698446888884977,0.5660460737666647,0.6769782415465986,0.8174171147525198,1.014408032169646,1.4019468366607195
high-overshoot,H,2481.0,0.33927661810832244,0.4628094666179816,0.5620056775805314,0.6883674622699202,0.810467519961069,1.0183906944640135,1.3719751990084734
high-overshoot,H,2482.0,0.3296469039542325,0.4600972265163794,0.5659103204427537,0.6778249549172153,0.8177656126507358,1.011600338662093,1.3664171205862443
high-overshoot,H,2483.0,0.3367564711907597,0.4469848949350789,0.5658808845680801,0.6831724964255265,0.8157903021581403,1.0079256109021932,1.343390419247727
high-overshoot,H,2484.0,0.3509020302589682,0.4613636454680505,0.570396769437649,0.6937205203791579,0.8263011192428731,1.0190543004717,1.3398526641478266
high-overshoot,H,2485.0,0.3463487119759307,0.46357820726226245,0.5723474732611502,0.6829708072144541,0.8037162724599702,1.0057045400434048,1.3318999703953645
high-overshoot,H,2486.0,0.32876504672386286,0.454094324873905,0.5698732963152374,0.6968327960291011,0.8111766754731496,1.0264749366907873,1.3411758998925964
high-overshoot,H,2487.0,0.3656325830306209,0.4608397496993081,0.5728463289340011,0.6942293844219781,0.8195568073861103,1.0463646561549873,1.3348861996102832
high-overshoot,H,2488.0,0.3476132910470951,0.4622478450345347,0.567028791060554,0.6796093624370537,0.8236063862391152,1.0230094321502736,1.330109639704855
high-overshoot,H,2489.0,0.3574436796312392,0.44765758238401904,0.5622868725764919,0.683598946035973,0.8099776231971619,1.031333945926044,1.3408433091624536
high-overshoot,H,2490.0,0.35227177744283966,0.4706615567754341,0.5670626784863345,0.6815904206566793,0.8178617492689847,1.0294799136753363,1.3455398543131616
high-overshoot,H,2491.0,0.34584864347818306,0.46263954505110194,0.5646061050929712,0.6793533385550957,0.8043382406343809,1.0022603673075776,1.3299787612721787
high-overshoot,H,2492.0,0.3413306031890619,0.4628899240111497,0.5687456900842481,0.6787160489699466,0.7969285397367265,1.006346398434773,1.3376745334068465
high-overshoot,H,2493.0,0.3445378461489672,0.47307485737689303,0.5617971779813,0.6885911732386375,0.8077466076758969,1.0094064475978204,1.3610417863104485
high-overshoot,H,2494.0,0.35023215618080716,0.46417441281890937,0.5670788041536522,0.6841783600361173,0.8193856332595977,0.9996013683102123,1.3359310178313513
high-overshoot,H,2495.0,0.3557895686033353,0.4543446140833738,0.568304627871123,0.6867680165999793,0.8073449032800283,0.9910645929309523,1.3576348852549525
high-overshoot,H,2496.0,0.34838719418593783,0.45869979128343835,0.569936102578738,0.6879257179715451,0.8085992208468602,1.0051753874807436,1.345093707939614
high-overshoot,H,2497.0,0.3460802477056333,0.4602047469888442,0.5703069043101868,0.683574434196734,0.8097941924508286,0.9953439181125993,1.336044999538157
high-overshoot,H,2498.0,0.3321210900547752,0.45858937177704606,0.5614936640732046,0.6751006465204522,0.8132803187715458,1.0042769949581163,1.3561229023013515
high-overshoot,H,2499.0,0.34004833607536195,0.4631161205544774,0.5714247087512397,0.6779867505612662,0.8044071173497626,1.013889301269918,1.3202218556420062
high-overshoot,H,2500.0,0.343721075664385,0.46492609204882024,0.5652991779271469,0.6765556301140685,0.8136726260879996,1.0191494939162622,1.3269576006138721
high-overshoot,H,2501.0,0.356424936188052,0.4626467946956385,0.566747251084035,0.679660101710589,0.7950243708979471,1.0084925658245847,1.3216405485318292
medium-extension,M,1750.0,-0.06145554960093431,-0.034896936429715926,-0.018295214815376288,-0.004735450602732081,0.008157523048063121,0.024785230425128757,0.05045641587145824
medium-extension,M,1751.0,-0.15904593886645593,-0.08638050104720064,-0.03792366162985971,-0.0027074510361946766,0.0316489797751062,0.08142343031519357,0.13970833444537217
medium-extension,M,1752.0,-0.1533898106141891,-0.09045333607540806,-0.041061890985091186,-0.0009228712446998771,0.034759051500551204,0.08100468613305602,0.1514587535390954
medium-extension,M,1753.0,-0.16835356392889628,-0.09670172115908685,-0.044498700446575355,-0.0040056357320740685,0.033848677960243004,0.08860005916645886,0.18613710176771456
medium-extension,M,1754.0,-0.18001564670242545,-0.09575429513257218,-0.038896384817036056,0.0033262003761826836,0.04078257495811429,0.09466535798177106,0.1725134370609597
medium-extension,M,1755.0,-0.16364956013535253,-0.09867734072900976,-0.04179829264502712,0.0011996850504047097,0.040269694075443105,0.090899763013993,0.16836830473213993
medium-extension,M,1756.0,-0.1798300764109753,-0.101721653974393,-0.051609266285972774,-0.005695314432520873,0.03460735335734901,0.0915324384426881,0.16671978546470356
medium-extension,M,1757.0,-0.15912826416225867,-0.09637184485699515,-0.04538899523805821,0.001752553550912573,0.04104506795034364,0.0876625105340148,0.1597841510094535
medium-extension,M,1758.0,-0.17011631888677625,-0.09248601470311703,-0.041856099040776806,0.002149150412867812,0.0404270284392947,0.09497744914681597,0.1841938083774722
medium-extension,M,1759.0,-0.1659565880418652,-0.0897365441720844,-0.044798814653763175,-0.004375310319709199,0.038580803487971715,0.09436902425637243,0.16229025395931038
medium-extension,M,1760.0,-0.17712075954100562,-0.09479387760452886,-0.042589008903893104,0.0007556718918060347,0.03736697854847021,0.09132940273818344,0.1638187113428119
medium-extension,M,1761.0,-0.1690423866951435,-0.09135249307807809,-0.042162855371239885,-0.004991990673789252,0.030463852937201354,0.08511191142355248,0.16148380668877835
medium-extension,M,1762.0,-0.18582663676078265,-0.10964968350587236,-0.0521636871696915,-0.009570963130130585,0.03694544129006859,0.09075940213748404,0.15126730423966406
medium-extension,M,1763.0,-0.17815967973899896,-0.09710714058201259,-0.04900012018218945,-0.0019063999422822032,0.03922906995805869,0.09393812520454196,0.1863803134317173
medium-extension,M,1764.0,-0.17414958964150842,-0.09154655660136048,-0.03795049078163298,0.0029275577205000597,0.034853609952490414,0.08719027910570572,0.18206571278915082
medium-extension,M,1765.0,-0.17492790123999472,-0.10062197440230733,-0.04092070716924046,-0.001830520920383355,0.03162856452684089,0.09001062780502637,0.1623686953750424
medium-extension,M,1766.0,-0.1921122562520786,-0.10962218161102198,-0.05241029210380821,-0.011584922124776374,0.026706993956415705,0.08922558136144268,0.16357451265433606
medium-extension,M,1767.0,-0.16748155972294435,-0.09915360847661797,-0.049434991060672784,-0.0071101101078690915,0.02736543289647952,0.09091395963419631,0.17052183893078676
medium-extension,M,1768.0,-0.1836421917455269,-0.10286057883944671,-0.052684201393541574,-0.010209359212417161,0.035904762100147446,0.09671755873145882,0.16617218411805357
medium-extension,M,1769.0,-0.18622480942423317,-0.11003800161240855,-0.05661117313655334,-0.008357672572085854,0.03601753262841657,0.09061008444473975,0.17020376603422174
medium-extension,M,1770.0,-0.1727725909662366,-0.09706292315745534,-0.04904214133297597,-0.008544388663803915,0.03366648927705902,0.08500546998015766,0.1779163518710351
medium-extension,M,1771.0,-0.18500680679680054,-0.10345697033871198,-0.04971437039618109,-0.0059623797146969235,0.03609509533527642,0.09420216729079148,0.17284904149143504
medium-extension,M,1772.0,-0.17051911980637874,-0.09274906927603242,-0.04411409129878027,-0.0017928873619980912,0.03390214558673654,0.08219882440158728,0.1610346942745144
medium-extension,M,1773.0,-0.17138343812208998,-0.0966347179118048,-0.05096264959627484,-0.0019098118170953228,0.0369459442206579,0.08327256211584767,0.1631639832477675
medium-extension,M,1774.0,-0.1746694682501072,-0.09898086835154635,-0.04165519478063434,-0.003947267333629684,0.034835074488816016,0.09269897533119231,0.17273199110125242
medium-extension,M,1775.0,-0.1591887545423818,-0.09227236427890377,-0.040943413292597895,-0.002185533750674675,0.03225658985342669,0.08528411700369085,0.15206024285158823
medium-extension,M,1776.0,-0.17630643114283065,-0.0967159875945331,-0.03918044728532275,-0.006033489125290184,0.03230230808174343,0.08630913961860588,0.16644644794859487
medium-extension,M,1777.0,-0.1879755497216688,-0.10135684792359456,-0.051550402360303185,-0.004608895541525762,0.03707089236979677,0.09922068235274671,0.17199334416256593
medium-extension,M,1778.0,-0.17506032158557513,-0.0942408215398326,-0.039654672487342224,0.0013372271518951612,0.037284610515788255,0.09782319104623022,0.17883022829255152
medium-extension,M,1779.0,-0.17756079557561485,-0.08997389669760855,-0.04328108494815326,-0.0022696273286931887,0.03917595913962473,0.09245870257649776,0.1858643004544078
medium-extension,M,1780.0,-0.1707929823919732,-0.10121668033636476,-0.051984587332261536,-0.00983666065063039,0.02937820108141564,0.09123627962525466,0.175376101443317
medium-extension,M,1781.0,-0.17116459871222175,-0.10111291332018378,-0.0490562143913531,-0.007812086391673037,0.03144016437903358,0.09339345534612148,0.16620761791512356
medium-extension,M,1782.0,-0.19018325769611188,-0.10467993440602348,-0.05085621172231331,-0.00835707782731938,0.03296842469908506,0.08857778504902493,0.16902684492477796
medium-extension,M,1783.0,-0.18898873423406576,-0.1010141933412717,-0.05055547890060949,-0.006898221392434513,0.030469894816871037,0.09393882000074359,0.16444588218105294
medium-extension,M,1784.0,-0.18556505628806966,-0.10305165963905966,-0.048783847153628365,-0.0014011722632486668,0.03555537501608855,0.09634887895682989,0.17086774685129902
medium-extension,M,1785.0,-0.18539444921453888,-0.10007133329827123,-0.04950816129901076,-0.00794310884072574,0.033687044615184854,0.0848932937209838,0.15626626880969563
medium-extension,M,1786.0,-0.18870374355187575,-0.10041102065888162,-0.045092433330084315,-0.001805799216165492,0.03734833188584647,0.09108049846045327,0.15427248124859194
medium-extension,M,1787.0,-0.17743767112560252,-0.10093610179211734,-0.04820611430301491,-0.002172325694041142,0.03708668830785437,0.09767112579154243,0.16603343019807376
medium-extension,M,1788.0,-0.17326266007240718,-0.10541460881809725,-0.047486728507695045,-0.0030725899742274215,0.038995028115224456,0.09396147573283663,0.1725863845960185
medium-extension,M,1789.0,-0.17505786768587703,-0.10147178513347162,-0.04756307024405574,-0.005007423132968737,0.03774110858418707,0.10307113757902417,0.1717994877004123
medium-extension,M,1790.0,-0.18205417946211858,-0.09588649004955138,-0.04717915619005838,-0.003823139285487477,0.03659769016577614,0.09930587612122693,0.16901403506058077
medium-extension,M,1791.0,-0.16726105630448898,-0.09834173270268613,-0.040579322687883466,0.0028132147174144695,0.03907703959109807,0.09872984446394477,0.17041680273565363
medium-extension,M,1792.0,-0.18801259862390635,-0.10987727993367179,-0.04804277127172875,-0.00069523039291201,0.0351198046943395,0.09589516154176247,0.16481537805684793
medium-extension,M,1793.0,-0.17597591553667552,-0.10306960005119088,-0.05231295552000664,-0.0015462483971152036,0.03984839708753508,0.0865652805746166,0.1809185462594256
medium-extension,M,1794.0,-0.18895227549719187,-0.10274869937247129,-0.04480402097620828,-0.0022791013246950716,0.04136999307530658,0.08840290761177198,0.17136053102403753
medium-extension,M,1795.0,-0.1676688057653089,-0.09945187812480397,-0.04793259533861565,-0.00578563890832447,0.03069019035025244,0.09228875330214628,0.16409009661940271
medium-extension,M,1796.0,-0.17554970115902374,-0.10167753718616161,-0.04890822640517283,-0.012221120815217857,0.027527334068186984,0.0850213121576721,0.15963407751439115
medium-extension,M,1797.0,-0.18754277065300332,-0.10406271592432252,-0.050597245600674065,-0.004473266511946671,0.03660535786582024,0.09079160347568008,0.16917754755492964
medium-extension,M,1798.0,-0.18398977992283116,-0.11138078460615009,-0.05746258681675716,-0.013304304402619163,0.027180848626440126,0.09235226654857444,0.1650119178750898
medium-extension,M,1799.0,-0.18256403958133388,-0.10477091192769218,-0.04682038571021653,-0.005254664117745465,0.03451946561612318,0.09417658706955528,0.16718839228577778
medium-extension,M,1800.0,-0.19236890745929774,-0.10824489947565286,-0.051855468198293266,-0.006910964463480662,0.03283629142189165,0.09320553294928108,0.1606730632987478
medium-extension,M,1801.0,-0.1782738589148815,-0.09983547590418576,-0.04880691307114514,-0.012076145789072254,0.02794049837127459,0.08619631930936632,0.16552548246754847
medium-extension,M,1802.0,-0.17938200969203288,-0.10386585404063811,-0.05153246021658885,-0.010238057152402988,0.03317517074331546,0.08195297711627456,0.16464643766343193
medium-extension,M,1803.0,-0.17348686489494133,-0.10402884839237127,-0.05292806225718959,-0.011296343201118017,0.027278612692008784,0.08371702488573705,0.16357496983122657
medium-extension,M,1804.0,-0.16501828643689226,-0.0994867540862563,-0.05195281733658444,-0.009938380377253073,0.029548920794908895,0.08532383580900327,0.15360515568215863
medium-extension,M,1805.0,-0.18179922900241932,-0.1096285756638855,-0.06093488788414246,-0.015272285718724878,0.023111390325862836,0.07910151299574757,0.14635333784107007
medium-extension,M,1806.0,-0.1825616129817357,-0.11457021147250704,-0.06137420861270719,-0.02280404217995688,0.018036322399893417,0.08189755423422294,0.15372747700839412
medium-extension,M,1807.0,-0.18972749501554767,-0.10883529486216852,-0.05703408724871849,-0.012364109805733672,0.02608213431169915,0.0765343147411658,0.15537645597489813
medium-extension,M,1808.0,-0.20518788803178617,-0.11336731808320046,-0.061071651751500686,-0.01568218302994699,0.030162178356785467,0.08761617623365697,0.16388064625252682
medium-extension,M,1809.0,-0.18663841095208786,-0.10649155365679243,-0.057398246337671766,-0.012757704925856022,0.027432061964027678,0.08066314690399838,0.14982099896517354
medium-extension,M,1810.0,-0.18256855712925807,-0.10451420263087335,-0.047691843732299004,-0.005998291852700272,0.03175770194034276,0.08148260694057988,0.16955833099831402
medium-extension,M,1811.0,-0.18180352165421765,-0.09885286860036754,-0.04573054282802689,-0.008184688885854684,0.03478171379822446,0.08803990587783982,0.1734156218183199
medium-extension,M,1812.0,-0.17041135900435322,-0.09438606559958863,-0.04293003284191147,-0.003475693377571698,0.034680733818720264,0.08963259896162473,0.17390629338585048
medium-extension,M,1813.0,-0.18824675155925485,-0.09547871195402886,-0.0474350890117851,-0.006979972044935986,0.029981933367565092,0.08389426781763462,0.1786783384812837
medium-extension,M,1814.0,-0.17761017030108203,-0.09918821948407433,-0.05038814185080718,-0.015182832777937465,0.030556263515202613,0.08140161931848414,0.1676862768453814
medium-extension,M,1815.0,-0.1926462479321678,-0.104154979689133,-0.05276220514334616,-0.008544719503102795,0.032316947381414315,0.08823456622411581,0.1537355392798416
medium-extension,M,1816.0,-0.18157324771178396,-0.10118604164427761,-0.0483667364659069,-0.007224857306164987,0.03243816808113706,0.0909656567277852,0.1750936618001972
medium-extension,M,1817.0,-0.18857657655915125,-0.09979049855443721,-0.052600950082639035,-0.004985935645681457,0.03225189367968243,0.09133885728206212,0.1771641330513788
medium-extension,M,1818.0,-0.17416731030034321,-0.09609659578949795,-0.04338848847514725,-0.0018558916267631398,0.03600470858791295,0.08448829151480279,0.17416118737080383
medium-extension,M,1819.0,-0.17706316965446106,-0.1037922591085562,-0.04721427202036451,-0.005909680846921506,0.029266984409369364,0.09150066947390384,0.16875746832361593
medium-extension,M,1820.0,-0.1856252946137864,-0.10125532278448701,-0.04697778029190775,-0.0038730640215298923,0.03638418070032241,0.0918211102928717,0.16367572444156248
medium-extension,M,1821.0,-0.18634239693892163,-0.10336249632863478,-0.0482585528992715,-0.003203294305470612,0.03000512240569466,0.07864774835036645,0.1642077464986179
medium-extension,M,1822.0,-0.1721257224133121,-0.09376269405703976,-0.04694730750582196,-0.004939034894314593,0.03182652587587327,0.08746421892498014,0.1643248550104856
medium-extension,M,1823.0,-0.177333861854776,-0.09442824093344018,-0.04401921827690889,-0.0029655654730105924,0.03642242355811681,0.09488514669994444,0.1603507846786285
medium-extension,M,1824.0,-0.1801086930020913,-0.0970580044266635,-0.04795748932127107,-0.001442464775743192,0.04215113375025851,0.10041481641675158,0.17523588106108448
medium-extension,M,1825.0,-0.17721723513432366,-0.10038440001778363,-0.05195157675146759,-0.005429485717183387,0.031799315047514334,0.0949581385244759,0.18587144721042698
medium-extension,M,1826.0,-0.18108634037165214,-0.09383655676181886,-0.04386410041103912,0.0028992566424025958,0.04088865595810628,0.09087643217139432,0.18046401634196188
medium-extension,M,1827.0,-0.1836446170759231,-0.10093185222343275,-0.044861029292862314,-0.004038707967759889,0.03267804356081182,0.08249663861256061,0.15549884372945627
medium-extension,M,1828.0,-0.18842986640678672,-0.10213397602893927,-0.0463776351841716,-0.0010825774841291477,0.03361006355158009,0.08897236564256247,0.16221288152588825
medium-extension,M,1829.0,-0.1799297043346422,-0.10297776142269897,-0.04727106329594327,-0.00604909809666083,0.03131321145737648,0.08185627630542955,0.16366192638285404
medium-extension,M,1830.0,-0.17164540588468463,-0.09997273021534386,-0.047885399948136585,-0.007634264471435899,0.033564966365358787,0.0920162132514968,0.1652593576461115
medium-extension,M,1831.0,-0.16998354504503022,-0.0982115325363514,-0.04447225376080349,-0.008138216823638364,0.030393008281404465,0.08581311345601164,0.15663026484685283
medium-extension,M,1832.0,-0.18645721279297955,-0.0958882471668895,-0.04858508105998523,-0.0013809583189055702,0.033485048009177586,0.08605837065040438,0.17967322804067287
medium-extension,M,1833.0,-0.16819498450852882,-0.10276275127483951,-0.047566258139166255,-0.004266946318802272,0.03847748027522519,0.0930220437422563,0.18606487437286354
medium-extension,M,1834.0,-0.16880041644037486,-0.0967752129908196,-0.04057290169379547,0.00043750257302033885,0.03594147458386958,0.08993067130058206,0.16445611013844985
medium-extension,M,1835.0,-0.1855418941631273,-0.0951828778591188,-0.04681036655367851,-0.003314522128362342,0.03340785810742502,0.08632771212521048,0.16062229740501338
medium-extension,M,1836.0,-0.17618470169968653,-0.09042858535981253,-0.04027602223406121,-0.0036877649678812296,0.03954761097636803,0.09182451632646703,0.16478585873330628
medium-extension,M,1837.0,-0.17518728830446725,-0.10305468647985883,-0.0459972383374351,0.004888636611023137,0.04149737757866948,0.08742277743654395,0.15503420741787988
medium-extension,M,1838.0,-0.1777652924699046,-0.09046718670533119,-0.03864920714753637,0.00047966663902301865,0.043796737089309715,0.09537005602213677,0.16079593018189
medium-extension,M,1839.0,-0.17594975535125798,-0.09938970046944604,-0.042724056014023945,0.0027543287910691897,0.041248534198676634,0.09890174227603271,0.18231859387151242
medium-extension,M,1840.0,-0.17385937189976725,-0.10090205218620657,-0.042522852451938715,-0.0027834829033084874,0.03528775318785257,0.09687637029215432,0.17949733826376618
medium-extension,M,1841.0,-0.16438325608158927,-0.09854924337315042,-0.052124812289076616,-0.010798412941499257,0.029272445419313002,0.08622522607874383,0.17349833439641527
medium-extension,M,1842.0,-0.17208998499512754,-0.10383354349331422,-0.04496173183648374,-0.0053046682513881865,0.03540835902643852,0.09517043039073704,0.17065509967206863
medium-extension,M,1843.0,-0.17854039006705025,-0.09372384423234502,-0.045388988683290166,-0.0038541779481997968,0.033150378905342795,0.08479604591863188,0.15470552487216782
medium-extension,M,1844.0,-0.1699012081993518,-0.09796908551662961,-0.03977408200465144,-0.0011901871489030207,0.035336142749371864,0.08702538828276457,0.16860331128104333
medium-extension,M,1845.0,-0.16749375792713803,-0.09205410270090818,-0.04388716124285652,-0.006785884687487734,0.03941040933091251,0.09418677411546177,0.1701151078215032
medium-extension,M,1846.0,-0.17015182481908828,-0.09826159219310522,-0.04694071310435805,-0.00752831220001186,0.03194819992883072,0.09497276978889635,0.17410928258300584
medium-extension,M,1847.0,-0.17520518316805694,-0.09713326462471758,-0.038661467810478224,-0.0035329930727051387,0.035931709313924434,0.08608192510853296,0.17330501178636704
medium-extension,M,1848.0,-0.17212099140661113,-0.09051732132811367,-0.0451328583605077,-0.0047077503342249655,0.03303292170054787,0.09131585316123472,0.16162056087072918
medium-extension,M,1849.0,-0.17607254356542484,-0.09197539686547195,-0.04323404866049882,-0.005231410984703186,0.03487642045939107,0.08689663976729868,0.14654878879971278
medium-extension,M,1850.0,-0.1563425885930259,-0.09816374902691967,-0.04491809808610856,0.0003670215249079664,0.03667439172707265,0.08572207859239665,0.1654401205024972
medium-extension,M,1851.0,-0.16850600737292695,-0.09061631588251252,-0.037516889032719436,-0.0004406009210319098,0.03520541654543242,0.08990178830805146,0.15570416512074645
medium-extension,M,1852.0,-0.16008038253570978,-0.08499220920218689,-0.0410585390504006,-0.004604796397331955,0.034259575824298005,0.08455740694860302,0.14802997095725867
medium-extension,M,1853.0,-0.15488520367718756,-0.0880479870518304,-0.047319567957488345,-0.00774837728685247,0.028691399128413734,0.08378326564939427,0.1655810463470745
medium-extension,M,1854.0,-0.16304825830397243,-0.09600344755972894,-0.05219257001326623,-0.007971375083552182,0.03121070944955517,0.07973379258713002,0.15417264360642924
medium-extension,M,1855.0,-0.16497747533612,-0.08937203845106162,-0.04605828236093457,-0.011090867450443541,0.024958720505581507,0.07264651151345945,0.15617374838847192
medium-extension,M,1856.0,-0.17365078538880208,-0.09510126882155298,-0.04699092463819763,-0.005950754811043395,0.030215653163959157,0.07663664752229538,0.16039763667779092
medium-extension,M,1857.0,-0.17233855436359685,-0.09052293269220868,-0.04253811265476326,-0.0036288343788527027,0.02781152844196173,0.08349772077454994,0.1597737121074728
medium-extension,M,1858.0,-0.1704393776080266,-0.09956758729776415,-0.047876965604942805,-0.002788166733082965,0.032657973745075584,0.08641700344979458,0.15517237569923115
medium-extension,M,1859.0,-0.16205855728699847,-0.08727197216606823,-0.039656693571141245,-0.004673140273968764,0.03155692961964367,0.08868527521326133,0.1431868456781761
medium-extension,M,1860.0,-0.15250430656742245,-0.0892919523210545,-0.0430038483907071,-0.007081878894321863,0.026726695313138184,0.07387953392784201,0.13181750301030126
medium-extension,M,1861.0,-0.15752066763820477,-0.08650255049756815,-0.04154863865171544,-0.004320033499526633,0.030229057941102335,0.0847780250514146,0.1556210543964136
medium-extension,M,1862.0,-0.15895552140474067,-0.09375759847312157,-0.03940499109451427,-0.004309487419414754,0.02945233418603456,0.08599899442415193,0.1633473277445696
medium-extension,M,1863.0,-0.15345680191602876,-0.08604109103384625,-0.03768467363371807,-0.0009268354955688854,0.030752566610817388,0.07728137832427229,0.15141995459990054
medium-extension,M,1864.0,-0.15570479624310482,-0.08980811740013284,-0.04338933338447052,-0.007433310468755535,0.02765323580071055,0.07802618683352301,0.14719332927080353
medium-extension,M,1865.0,-0.15530821363727088,-0.0864164479528142,-0.03887072599499829,-0.002311632212354763,0.027329429369418543,0.08020396319793499,0.14727179901122928
medium-extension,M,1866.0,-0.14411767076009654,-0.0794754257084553,-0.03503246737006753,0.003382929473662466,0.03770488678291112,0.09210921758530452,0.1522497048360481
medium-extension,M,1867.0,-0.15467790031546252,-0.09130255481292292,-0.035043171256214964,0.0019003304224221168,0.04162452580886774,0.0875420367956108,0.16571184597632516
medium-extension,M,1868.0,-0.15503162315247246,-0.08404030964965117,-0.04025229071070981,-0.0033004931258559748,0.030655002486610204,0.08355527580596667,0.15189685696155755
medium-extension,M,1869.0,-0.1576527679781612,-0.08686798196353654,-0.041076936022951566,-0.001994096210320262,0.029928418036480834,0.0811203446032646,0.15494025874300027
medium-extension,M,1870.0,-0.16113357419520244,-0.09121602621130001,-0.04625774674302553,-0.005212373578054066,0.030441740869487928,0.07890163788375444,0.14615853433335785
medium-extension,M,1871.0,-0.17090132277868997,-0.0954391307259203,-0.04556183391429541,-0.009451576519692154,0.030086537476050026,0.07727049554386381,0.1398648227130082
medium-extension,M,1872.0,-0.1503160696440305,-0.09543462841735266,-0.04440954112603731,-0.005255875512174768,0.03291469736829856,0.08325226496981711,0.14238300058076603
medium-extension,M,1873.0,-0.14699149165558514,-0.08892724991279762,-0.04219864838162072,-0.006125724586484707,0.026683840978332655,0.07818971233822407,0.145116321097147
medium-extension,M,1874.0,-0.1471393725890461,-0.09027571688380377,-0.03921568470582369,-0.002626189652764531,0.03562420497770594,0.08247900525386113,0.15173369875044304
medium-extension,M,1875.0,-0.16225067718653577,-0.09055209956079477,-0.04500390570374373,-0.0002274262607593648,0.03809599626993686,0.08760965566771033,0.15448530618802223
medium-extension,M,1876.0,-0.15036352626023472,-0.08485633007533203,-0.03416817068386534,-0.00017002154593818292,0.03820046917422324,0.08276095078485676,0.1427401808450655
medium-extension,M,1877.0,-0.1596816889971977,-0.08579375356238585,-0.032712787050607435,0.00416902269528941,0.03826910778384393,0.08333048639329063,0.14530285771892631
medium-extension,M,1878.0,-0.1586026723909687,-0.08546452077489583,-0.03798298069513359,0.0060544847130797885,0.04571828593886768,0.09134243795195197,0.16655673449364106
medium-extension,M,1879.0,-0.14949575324212372,-0.08671228250905784,-0.039830355460574875,0.003972147617434377,0.034490798137300945,0.09078062623260046,0.15827546381589738
medium-extension,M,1880.0,-0.14099064848204687,-0.07646309979513845,-0.03356126999686339,0.0008355125913976809,0.036552521769978134,0.08889379645784136,0.15834156584093748
medium-extension,M,1881.0,-0.142305975104909,-0.08393818165679263,-0.036009471654226015,0.003264876455103106,0.035986726952999544,0.08186228984900441,0.1468331129193597
medium-extension,M,1882.0,-0.1485874663134698,-0.0839742769314712,-0.03867901788080884,-0.0006400445070576244,0.03417645255789248,0.08172346949362815,0.15520618898813368
medium-extension,M,1883.0,-0.1672713904550211,-0.0860536150644129,-0.039952803909414226,4.972586215280968e-05,0.03474709427068762,0.08513859670286852,0.14831259655989976
medium-extension,M,1884.0,-0.16271075255683495,-0.09099139806174454,-0.03704641916443683,0.0008497001925239465,0.03911331960115142,0.08830540282720883,0.15309470606391748
medium-extension,M,1885.0,-0.1673884227507082,-0.09528414783370981,-0.04035374332936459,0.0004712240367411927,0.03721619002197655,0.08384023799020596,0.16717422620462474
medium-extension,M,1886.0,-0.141932157362045,-0.07719942689302554,-0.02842245040989981,0.008536436412165579,0.03823019669968735,0.08718285302093015,0.1669893033770182
medium-extension,M,1887.0,-0.14814801208931214,-0.08294786346949377,-0.03303915161051794,0.007035845729290644,0.03916750003346251,0.08915027300230424,0.15684435296868485
medium-extension,M,1888.0,-0.152593434208923,-0.0865870845842896,-0.03764925006545266,0.004588112272776394,0.04012684685471343,0.08829676948793139,0.1717694660869787
medium-extension,M,1889.0,-0.13999837519681663,-0.07875383448773672,-0.030009670575586105,0.005246376220962898,0.03962831629034832,0.08559629699040877,0.14390203183663597
medium-extension,M,1890.0,-0.1441962583555549,-0.08132942068102518,-0.032710963574848824,0.004886726530772068,0.03856609018876962,0.08656622167688494,0.1652296081784784
medium-extension,M,1891.0,-0.14292679658537905,-0.07916856507304224,-0.03407726875252953,0.006277555870756442,0.044448056008898645,0.09091082851820775,0.1591050616144265
medium-extension,M,1892.0,-0.142981959172639,-0.08296527551232753,-0.03567876657790172,0.0024555401497701537,0.036004704172957175,0.08807937455563451,0.15561429248731307
medium-extension,M,1893.0,-0.15673044581559947,-0.08245071860885979,-0.03903247750997176,0.002364317899179739,0.04299049955819697,0.09018276857308831,0.16437425394211108
medium-extension,M,1894.0,-0.1632418222985466,-0.08755773436403981,-0.03593068685373024,0.007116673269977003,0.044296687092789694,0.09384171461724865,0.15884374149423358
medium-extension,M,1895.0,-0.15560239033612994,-0.08047337377796489,-0.030677973333080942,0.007831254714706422,0.04212124091204068,0.0892790081369512,0.15341465652298114
medium-extension,M,1896.0,-0.14480901864358378,-0.07614486860703405,-0.03207692811868508,0.006862202798444579,0.04325115651127981,0.09702460287535246,0.16488827233064024
medium-extension,M,1897.0,-0.15536341713261764,-0.08888735100108242,-0.033808085437537605,0.005773912708570035,0.0397301210018901,0.09439288848521667,0.163914669889429
medium-extension,M,1898.0,-0.1501831157813878,-0.08048224210078929,-0.02598922467146943,0.014386585693324606,0.0492450994944508,0.09860268767081436,0.16978469846933175
medium-extension,M,1899.0,-0.15002668106341072,-0.07590768717187678,-0.02905370752050773,0.012015640222712329,0.05093421523762714,0.10260998705192727,0.16754453530199148
medium-extension,M,1900.0,-0.15482086529831537,-0.08251500950798692,-0.03350515022752008,0.00556411391726605,0.04468603330925367,0.09239898480540738,0.17724553447611358
medium-extension,M,1901.0,-0.14674129910794792,-0.08364939230150809,-0.0344537058654014,0.007054493882765175,0.044730420660119834,0.08857691373172713,0.15732740620820684
medium-extension,M,1902.0,-0.1533785235022767,-0.08309130801815683,-0.03394659131101208,0.006320212442373883,0.046015898738865926,0.10050250481716928,0.17278770081212913
medium-extension,M,1903.0,-0.1604147850926473,-0.08252405990130357,-0.037276262396722534,0.010259768522798885,0.05230537333312079,0.09599119663749077,0.18267940532780985
medium-extension,M,1904.0,-0.14969818222848827,-0.07658600306499681,-0.0267810713137702,0.014184180795222604,0.05498002084649799,0.10057091108632606,0.16656714357527458
medium-extension,M,1905.0,-0.15516522833155602,-0.07320956255675326,-0.025932878445286783,0.014137057189154412,0.05430780569326943,0.1038942912705892,0.1733324651485796
medium-extension,M,1906.0,-0.15400603428806492,-0.0750475446140454,-0.02042612638019957,0.016607045806288988,0.05534591843698816,0.09753175543133556,0.16867657126386135
medium-extension,M,1907.0,-0.14246983712064173,-0.0667096957163263,-0.017843353644223483,0.021734767738969395,0.058542714847106936,0.11034653938349116,0.17516191951700485
medium-extension,M,1908.0,-0.13967050165252806,-0.07023311798782772,-0.02270224978774532,0.016977675784727482,0.055089985211300235,0.10918739197676297,0.18569173468332426
medium-extension,M,1909.0,-0.14900141988020105,-0.0718213219713075,-0.01736233678862539,0.023484006969839294,0.06310471423340978,0.11669312733018916,0.18085033684987042
medium-extension,M,1910.0,-0.14446764597358341,-0.07450676547992956,-0.020134930892506373,0.023616623363013192,0.05923913625503107,0.10611033224438245,0.1772046672659295
medium-extension,M,1911.0,-0.1485162007498147,-0.06942852306021101,-0.024023312679571793,0.015879371709899094,0.049365411968593245,0.10138814108690802,0.1842856293199976
medium-extension,M,1912.0,-0.15079923418031974,-0.07400234989146465,-0.02179559313419617,0.02066225921832541,0.05997129024648796,0.11889672484285864,0.18268834917472918
medium-extension,M,1913.0,-0.13651881707787233,-0.07114511649503667,-0.012007460222719736,0.028128002837367314,0.06337040457016302,0.11112734010084793,0.18221090909818247
medium-extension,M,1914.0,-0.14497175009374377,-0.06382374522685846,-0.016825745785133746,0.01788603163920023,0.05619921371373122,0.11509240948919983,0.19955496364062345
medium-extension,M,1915.0,-0.13502247803746537,-0.06271376432305618,-0.01027000981890896,0.028418143393790538,0.06470889197439102,0.11841797358619417,0.20038391880724765
medium-extension,M,1916.0,-0.12975408078234987,-0.061408578854559054,-0.013906389934354554,0.029487683484327967,0.0645990821457367,0.11910313442044354,0.19912255780934426
medium-extension,M,1917.0,-0.13215064084146216,-0.05829981843949521,-0.014018209341610239,0.0220293367958962,0.06158144903484221,0.1141365686917911,0.19305581155260512
medium-extension,M,1918.0,-0.13061492621819526,-0.0580607985358008,-0.012688493379258089,0.0236230017412915,0.06651895133532669,0.12289979671651813,0.19383030239381566
medium-extension,M,1919.0,-0.12904282600097283,-0.06427766618209307,-0.006134991762753878,0.03271696468847548,0.07343049198202212,0.12264896970392158,0.18890084336426582
medium-extension,M,1920.0,-0.14074349278040096,-0.06750721604323491,-0.006326358405589491,0.03703535308637262,0.07008638558016957,0.12017900179377639,0.1967566452241123
medium-extension,M,1921.0,-0.13571025097671252,-0.05835955173797557,-0.006183037933783427,0.03173294901083344,0.06850714222575502,0.12233138551970946,0.2064241393595157
medium-extension,M,1922.0,-0.14040330874488158,-0.05692828468923583,-0.006551537283560709,0.03273507863123891,0.07556751275580523,0.1297523134558561,0.2100436932423243
medium-extension,M,1923.0,-0.12247984530950759,-0.04651628395913602,0.000691596654095103,0.04196830076770906,0.08114260946984336,0.13283840595665736,0.21092679817136076
medium-extension,M,1924.0,-0.13144140520395206,-0.053895271930124035,-0.004760957803712648,0.03715405025254086,0.08503244310381576,0.14578796954804868,0.22062243714679405
medium-extension,M,1925.0,-0.12450899290499513,-0.04317488039390063,0.008775917388060304,0.04583792345864755,0.08520256463709493,0.13374016921821077,0.20830503393482172
medium-extension,M,1926.0,-0.11223726606295927,-0.04113555027178217,0.00450994232754701,0.046551390751256055,0.08709640268638574,0.14406259702973864,0.2237745322767664
medium-extension,M,1927.0,-0.10816659056622227,-0.03703471217505634,0.010853108406209984,0.05026982744262359,0.09017062156124289,0.14221872923482493,0.2132238379555741
medium-extension,M,1928.0,-0.1267025746718787,-0.04432272189874481,0.008751601493958873,0.05279329329402519,0.0902560668159655,0.1515690690030919,0.23480807702828851
medium-extension,M,1929.0,-0.10776128523856156,-0.035796476022508836,0.021662255749545833,0.05660780243768454,0.09391477210142428,0.15444628636658567,0.22469859385799523
medium-extension,M,1930.0,-0.11246734813652201,-0.04012118148798541,0.01147918141794863,0.050529904644773194,0.09293364262057247,0.14518319887321945,0.22189726308216892
medium-extension,M,1931.0,-0.09534436438850695,-0.04169156760229327,0.009418503677288508,0.06264118180394136,0.10282106510896569,0.15394547655458962,0.22536767785841014
medium-extension,M,1932.0,-0.10950510413346659,-0.02670749825689532,0.015922339746597184,0.05802117414110049,0.10014210336656237,0.1545685567697718,0.23076176376287555
medium-extension,M,1933.0,-0.10312343981111567,-0.03632775062308949,0.01784191079468189,0.057446273229457945,0.10178178192383248,0.1628184444392788,0.23105263935869488
medium-extension,M,1934.0,-0.09790076656068118,-0.032332331607223846,0.02201101421928255,0.05882637451213389,0.09937106781962318,0.14954818719268206,0.22992511283391767
medium-extension,M,1935.0,-0.09515723560003225,-0.02417557139425782,0.022261145883431997,0.06206214013291294,0.10406393358752766,0.1670672347347633,0.2394784383678134
medium-extension,M,1936.0,-0.09780830711601478,-0.01707335471997538,0.023189323620375926,0.06399552153518981,0.1018685788416573,0.15544579736709024,0.23298815137008552
medium-extension,M,1937.0,-0.09104141032738416,-0.017888849209913692,0.026019412137489404,0.06749687406850609,0.10399221150674194,0.1668583763136887,0.2425894501649686
medium-extension,M,1938.0,-0.09244077529755136,-0.024941712429255452,0.030522474503343125,0.07799538511399921,0.11311218516526801,0.17628771713348196,0.24709597139020079
medium-extension,M,1939.0,-0.09337921359105138,-0.01970314133738229,0.0328117327672653,0.07074124655952327,0.11187668610360027,0.17224913807056808,0.24896421948426084
medium-extension,M,1940.0,-0.09559114963011539,-0.024023811847442327,0.03572905650849874,0.0793206956918898,0.1162124364912238,0.16712320151698767,0.2642836177537938
medium-extension,M,1941.0,-0.07886132580256942,-0.00977155270327586,0.040932349216569734,0.08168633963219572,0.12224077886123338,0.17230503165739863,0.2544899278319052
medium-extension,M,1942.0,-0.06710717849523325,-0.006012187322955845,0.04164752302534266,0.08176402429781876,0.1279805542948926,0.17948914261030247,0.25964445959844384
medium-extension,M,1943.0,-0.07466109423549551,-0.008158189111436964,0.04758280542380819,0.09102326181392967,0.13371074696884075,0.19566098547781666,0.2778763428409632
medium-extension,M,1944.0,-0.07366476010227778,-0.0013700792366340058,0.0436975133857613,0.08752869223134178,0.13048237265685556,0.1860482006537872,0.2766289370377197
medium-extension,M,1945.0,-0.06956513443363421,0.00019481007953738296,0.05517555318111139,0.09102509691396989,0.13291216747632098,0.1875626545521744,0.2780525351367903
medium-extension,M,1946.0,-0.07857004128262028,0.0005480740803947874,0.05123846461988989,0.09482644607356111,0.13376260997431139,0.18868983053343008,0.2703930872109659
medium-extension,M,1947.0,-0.08727557602222746,0.0005586377847172769,0.05497568360136958,0.09810191301652385,0.13690600597850794,0.19358446099440038,0.28488726741995823
medium-extension,M,1948.0,-0.06930285737962968,-0.00203890002489397,0.05669441020488004,0.09737072363255098,0.13520421131596444,0.19238071325133496,0.2711028328856093
medium-extension,M,1949.0,-0.06501311197274347,0.00036271282088033816,0.04856848262799423,0.09373623247021018,0.13986718892840838,0.19964748552751815,0.2732082138330453
medium-extension,M,1950.0,-0.07983419790708814,0.003075540526650324,0.05099414010292966,0.10141011328261244,0.14313282731577218,0.1955383588022392,0.2830454818724846
medium-extension,M,1951.0,-0.07106576608995012,0.013780506888796827,0.06199721739975274,0.10075873303813113,0.1431593340671365,0.20516723099930148,0.2737342180973573
medium-extension,M,1952.0,-0.06831515881268853,0.006054827469178605,0.06255718011730875,0.10827597094607405,0.1477025838664334,0.20264858973161154,0.27804236889904005
medium-extension,M,1953.0,-0.08379248473488371,0.006609133242768062,0.06814874011174714,0.10935399464757377,0.1460086576655598,0.19760854491103674,0.2704823478396772
medium-extension,M,1954.0,-0.07056862269214553,0.01841198799884891,0.07102562544764712,0.11050443582795563,0.1509352202141651,0.2023014515769616,0.2891743066159104
medium-extension,M,1955.0,-0.07387090441018945,0.00438907298447595,0.06567459006033141,0.10822303470481658,0.14474735768734556,0.20355349283059232,0.2871060805879072
medium-extension,M,1956.0,-0.0576395510045879,0.012611789828276859,0.06782150713045297,0.10547432607405019,0.14424084486578423,0.20160904107714311,0.27910437553427053
medium-extension,M,1957.0,-0.0580932601162,0.02443221081307103,0.07546451320317467,0.11468939042327414,0.15472223730887386,0.20822010382056347,0.29127038038558845
medium-extension,M,1958.0,-0.036328385741400626,0.03082173718853229,0.0807863507950651,0.12636961704490968,0.16058449467579064,0.2198915530546061,0.2894027657617051
medium-extension,M,1959.0,-0.040738849275725145,0.03554272701921037,0.08164138561987336,0.12622576751858927,0.16605549563335245,0.2218593403008818,0.2969193575636067
medium-extension,M,1960.0,-0.026942293256969504,0.04292884413489757,0.08968473554813859,0.12963709939644585,0.16955015092998435,0.22451832782015083,0.30171324714269054
medium-extension,M,1961.0,-0.03671181910576292,0.040128126746962194,0.09565959033435859,0.13382999774433627,0.17827882636672823,0.2393776630752083,0.30669117638398147
medium-extension,M,1962.0,-0.042972851556621505,0.0408104118992146,0.09214828301841581,0.14218292732294663,0.18248195095063355,0.24178474016733278,0.3356077812009141
medium-extension,M,1963.0,-0.023513395588857164,0.04592682132989153,0.10072709435930914,0.1421187525995801,0.17643850577337136,0.2344004051245418,0.3283572172323573
medium-extension,M,1964.0,-0.02170642997811035,0.05075516052281474,0.1009703529793021,0.14753060206726726,0.19194662242710597,0.24328874231644534,0.3229362206059011
medium-extension,M,1965.0,-0.019696649408146055,0.05017013256071076,0.10533662305444992,0.15205234109599033,0.19320917688990355,0.2486206386360077,0.3327631512525068
medium-extension,M,1966.0,-0.01880164223880597,0.058611111134952834,0.11388230299580118,0.15691182260241185,0.1958721573088069,0.26113149218160425,0.34930226662118447
medium-extension,M,1967.0,-0.0275670254881231,0.06005405949198833,0.11637654496784285,0.16250624788872006,0.20123429407337395,0.26417489892200485,0.33943108055890714
medium-extension,M,1968.0,-0.011008436065701142,0.07278986907944236,0.12409431005463291,0.16741613089607546,0.2054605236245647,0.26933770122964423,0.3488021071802897
medium-extension,M,1969.0,0.005280135257253717,0.07944691599798429,0.12650896100815093,0.17231240517561244,0.21161498142748308,0.2613019157158557,0.35340377506440046
medium-extension,M,1970.0,0.016350516500333503,0.08184331300229244,0.13400190137727633,0.17641989238976263,0.21866855945971017,0.28121718764226145,0.35310426480386453
medium-extension,M,1971.0,0.020827318649843163,0.08715535632884049,0.13838091286918813,0.17942815576242077,0.22351784149924372,0.286796942086194,0.3618268810156213
medium-extension,M,1972.0,0.029194772160964215,0.10401018649033389,0.15453464150495436,0.1930277825865589,0.23560148458604258,0.29531046840587555,0.38099876144896333
medium-extension,M,1973.0,0.0250816233129353,0.09978310967215558,0.15895106778711737,0.2047626057848894,0.24357416193181755,0.30542596339153455,0.39462477729550305
medium-extension,M,1974.0,0.04372580450184371,0.11654004165852347,0.16592909660868724,0.20675997698427728,0.24544788687937907,0.3099159906025976,0.397287321105798
medium-extension,M,1975.0,0.05325299225377876,0.1183582449471883,0.16995722699272853,0.21264237487868437,0.2569453916445836,0.32128505986239386,0.4101993399762886
medium-extension,M,1976.0,0.04560091168694359,0.12087901880925173,0.1782280153751674,0.22221371475771393,0.2688940043386449,0.3338390354441514,0.4348580122600089
medium-extension,M,1977.0,0.05471648410654835,0.13194271613267194,0.18342057993167388,0.23293796096448777,0.2796512894123283,0.3376721711219042,0.4433630458707967
medium-extension,M,1978.0,0.06183946808371789,0.13793306543339773,0.18830665646351116,0.23409513761299333,0.2825365380754099,0.3457894682297377,0.4377762295692759
medium-extension,M,1979.0,0.08150439793375601,0.15074310532719348,0.1946167712500976,0.24678101559815013,0.2886958713875184,0.35818874783481003,0.43793230527791427
medium-extension,M,1980.0,0.08157031942060206,0.14435939772024806,0.20946372094663734,0.2557594893513998,0.2983742379614234,0.36387647946206286,0.46851076278602444
medium-extension,M,1981.0,0.09079308263014109,0.164507702349704,0.21458920215758098,0.26480765043296783,0.3084210831746977,0.37576851416753443,0.4631442522157587
medium-extension,M,1982.0,0.09455506074922926,0.17075720101421446,0.2275892164542884,0.2779818242630322,0.324859794118101,0.3833735658276338,0.4623689770941903
medium-extension,M,1983.0,0.10851209277749896,0.1837079670694299,0.23307211313231485,0.2873547349049456,0.3280271864928827,0.39169699021729565,0.47784337691027995
medium-extension,M,1984.0,0.11261121436380095,0.19120111442333673,0.24762213406894024,0.292787278446865,0.3436369562116677,0.4071053478517892,0.5087335818614087
medium-extension,M,1985.0,0.1149894621977072,0.18951463960186224,0.2547784844059781,0.29781325973056666,0.3457596397966984,0.40482249524672825,0.5042290275606787
medium-extension,M,1986.0,0.11517895396118534,0.2060852950605094,0.2549759841124159,0.30091765872141324,0.35754280959356394,0.4171131336938196,0.5031893752379671
medium-extension,M,1987.0,0.13441582966068683,0.20536937984381898,0.2645601112514407,0.3123146282168054,0.360831206540275,0.4264153324389353,0.5132977231085025
medium-extension,M,1988.0,0.13973882827275938,0.21527343050878647,0.27128854319478796,0.3223133330191811,0.36776911598864503,0.44264119643075206,0.5316310904455648
medium-extension,M,1989.0,0.15319252072974293,0.22848288850908394,0.28680621583055116,0.34048893858109863,0.38492214620490856,0.43914959312293467,0.5416198712785263
medium-extension,M,1990.0,0.15089630734720905,0.23012103647524604,0.2911994792744832,0.3440590883363488,0.3872970014067533,0.44725344158763497,0.5377401216132991
medium-extension,M,1991.0,0.1660730738142842,0.2498212126251839,0.29883998851533206,0.35217051378880243,0.404359488730868,0.46600953683231006,0.572113324529874
medium-extension,M,1992.0,0.18071939633743592,0.25524006699887053,0.3176565768885947,0.36285693555824416,0.41258172042984737,0.48984755923669654,0.5715910722050086
medium-extension,M,1993.0,0.20018120978299916,0.26184129221430685,0.31988849483635823,0.3677516907786433,0.4217540441179271,0.5026054883968397,0.5994091230240044
medium-extension,M,1994.0,0.20188887373039813,0.27217365856383935,0.3275492535309126,0.37976395716452516,0.42962777275745273,0.5007425479799587,0.5973207248165063
medium-extension,M,1995.0,0.19412895334906516,0.2859121210716898,0.3410327833222737,0.3921664528768078,0.4406369416589003,0.5145556097843461,0.603810233855144
medium-extension,M,1996.0,0.1972547535096097,0.2855421138457196,0.34993515784961793,0.40374019733420874,0.44794772666565214,0.519059246316261,0.6224134976554644
medium-extension,M,1997.0,0.21949450309767,0.2930345991695923,0.3567003094050627,0.4137089850984541,0.46058776040810967,0.5352593617924916,0.6292947799224476
medium-extension,M,1998.0,0.22911984132116356,0.30229727196498946,0.3634608189722237,0.4145520929181364,0.47076568971976124,0.5504481675973474,0.6536870829561237
medium-extension,M,1999.0,0.23822327871052038,0.31677227457247126,0.3710298801334268,0.42693196655789617,0.48444799603044403,0.556002590357603,0.6539660670720894
medium-extension,M,2000.0,0.23886519091618652,0.3234043055608012,0.38385951598353385,0.4341788519631908,0.4883628422545156,0.5729001013907513,0.6607108512089775
medium-extension,M,2001.0,0.2547136461108045,0.3380963535051324,0.4039390958014093,0.4499470363553884,0.5029408570759033,0.5769522487619604,0.6673525567373678
medium-extension,M,2002.0,0.2714675510197036,0.36299699959246823,0.41770167537547975,0.47218020370605346,0.5178906783629161,0.5857434423803765,0.6892572548115864
medium-extension,M,2003.0,0.2646963149095942,0.3575201397502732,0.41438344424111057,0.4772683717884988,0.5269880376267406,0.5949149259844565,0.6944168365046479
medium-extension,M,2004.0,0.2807144456624311,0.36111606993277967,0.4285994935867956,0.4805548770289663,0.5299926850202878,0.6084067418525348,0.7080423094786938
medium-extension,M,2005.0,0.29728311278943576,0.37085445603850486,0.4333810860469137,0.4915786676758456,0.5512767733122031,0.6168876660587211,0.7333111751539882
medium-extension,M,2006.0,0.3005918451879394,0.3893166550643474,0.45158712399096496,0.5069327963157783,0.5552907061546415,0.6258208538724368,0.7377284321080194
medium-extension,M,2007.0,0.3273973735287152,0.40458224407800975,0.467053640377965,0.5201785816670204,0.5777234152297723,0.6461777221757178,0.7483014785041213
medium-extension,M,2008.0,0.32951775853830717,0.4107785601203477,0.4733985086353475,0.5328690825356573,0.5895365388487076,0.6664577874609182,0.778411963173734
medium-extension,M,2009.0,0.34128102490443835,0.4263825088848199,0.4867681814246896,0.543968899048753,0.5991385118307587,0.6777155363566112,0.7845284820171904
medium-extension,M,2010.0,0.34534009165235374,0.42705319274541026,0.49947594018329705,0.5655482297042449,0.6178277097512238,0.7127965394428852,0.7887327967273838
medium-extension,M,2011.0,0.3546481162149737,0.4405095350995065,0.512796988673263,0.5685606873392943,0.632911247985623,0.7075553586198162,0.8241787008966719
medium-extension,M,2012.0,0.3742562407757136,0.46318063599706544,0.5227653085417292,0.5863856391421386,0.6436985916882639,0.7215891914297015,0.8229090777674698
medium-extension,M,2013.0,0.3865839628386595,0.47217063628142336,0.5316745117924018,0.5904327499027333,0.6492459782569616,0.7304008213599117,0.841454650340942
medium-extension,M,2014.0,0.38903902798294093,0.47450733807638856,0.5480089875382351,0.6160792681396978,0.6788330955234514,0.7603817266068437,0.8494972835833121
medium-extension,M,2015.0,0.4006610064178942,0.4899631764377554,0.5633640292180592,0.6232025588269915,0.6938933084300458,0.7750695643757536,0.8856064198497344
medium-extension,M,2016.0,0.43250670258813306,0.5084167556223138,0.5798664790546245,0.6386776263269431,0.7116862175520222,0.7966141579601826,0.9246879104613298
medium-extension,M,2017.0,0.43204773643328015,0.5147578635283999,0.5937120220274541,0.6595105791587196,0.7192994965409991,0.803107491409352,0.9430038731113702
medium-extension,M,2018.0,0.4461284355132049,0.5322350412654445,0.6080182880676842,0.6702367206022138,0.7342853496667461,0.8208872935906679,0.9478739177746344
medium-extension,M,2019.0,0.4523575851374781,0.5441910537416436,0.6173939325056468,0.6827465782626522,0.7583384195324465,0.8384345023398172,0.9491363180941742
medium-extension,M,2020.0,0.4738136803849574,0.5627852660460868,0.6323968611733116,0.6960351010881058,0.7526025742347257,0.8573617380635375,0.9799403172826101
medium-extension,M,2021.0,0.47504676942615415,0.5684935026927472,0.6478550948179037,0.7214514682275301,0.7867601275551912,0.8655466187421345,0.9960590374153907
medium-extension,M,2022.0,0.48635754191816444,0.5884385643723892,0.6622284318768582,0.7312269281853266,0.7938406494111978,0.8864770089819112,1.012498275837461
medium-extension,M,2023.0,0.5038175173061898,0.5932268416893773,0.6763578935308432,0.745018306813365,0.8075186951598519,0.8996868344755894,1.022374388555252
medium-extension,M,2024.0,0.5012694868547269,0.5998355331436463,0.6821974807744026,0.7581985580200937,0.8234866854471727,0.9286280600911485,1.0503522243254049
medium-extension,M,2025.0,0.521746149343238,0.6209167629892796,0.6985510364745288,0.7656501672880234,0.840518778883113,0.9266437045084454,1.0687890595289782
medium-extension,M,2026.0,0.5155278077744891,0.6349064582665831,0.7059085557350954,0.7890342829183581,0.8624176625573613,0.9547994857029515,1.083056043952381
medium-extension,M,2027.0,0.5364760763524787,0.6400412809834106,0.7178987595132693,0.7866962096348482,0.8674867283552908,0.9737285564176397,1.115138962113852
medium-extension,M,2028.0,0.5604129904594515,0.6516829495960806,0.7361501377291645,0.813904521477677,0.8820484901736273,0.993700204271354,1.1464178488401264
medium-extension,M,2029.0,0.5667411908104326,0.6594227323535204,0.7491054793184387,0.8355947762664511,0.9116930758524233,1.0121383730447149,1.1711293930883073
medium-extension,M,2030.0,0.5697202614184487,0.684151806618783,0.7616547129395126,0.8439955046719673,0.9229063322896427,1.0306013350518926,1.1680083582567073
medium-extension,M,2031.0,0.5709337891989056,0.6871495805134004,0.7737549595932794,0.8588946457130694,0.9399054109191703,1.0498630968348852,1.1901786070815494
medium-extension,M,2032.0,0.5985320519941953,0.6952458674959431,0.7890032706447903,0.8694339568143932,0.9552367356319852,1.0649585096451346,1.2018587288152223
medium-extension,M,2033.0,0.5980054081893955,0.6974048189543243,0.786725869272484,0.8778602470858932,0.9702737893523066,1.0815931805639911,1.230026026453265
medium-extension,M,2034.0,0.623482073764257,0.7210101919437583,0.8153532663897408,0.8982189139305765,0.9866292913191693,1.0951885583626912,1.245118573418223
medium-extension,M,2035.0,0.6119958334900143,0.727446666395809,0.8307390873902275,0.9155244912076144,0.9979931475236743,1.1240928171031133,1.2574004829733147
medium-extension,M,2036.0,0.6412642088844964,0.7371723108972112,0.8410487530572249,0.929885977941625,1.0138981565668863,1.1185731157526213,1.2845021868074138
medium-extension,M,2037.0,0.6495166148738253,0.7529945185429009,0.8527342158024528,0.9435913545509796,1.0361216473586563,1.146752001271583,1.2942682258218208
medium-extension,M,2038.0,0.6540504227407706,0.769397798682376,0.8653194119889336,0.9560498454523252,1.0576235141150265,1.1636927222995046,1.3158975366754362
medium-extension,M,2039.0,0.6744439251244513,0.7875330949545857,0.889353697745845,0.9809292848653186,1.066674251941227,1.1815287916914554,1.353627212538345
medium-extension,M,2040.0,0.6933792735163052,0.792208625057412,0.8985188837751764,0.9903988499412285,1.081252150298952,1.2067536671793369,1.3487027537880485
medium-extension,M,2041.0,0.6916217461726253,0.8099857710627918,0.9090945073305994,0.9955838757908707,1.0910444428609964,1.2203772276159404,1.3537868429978777
medium-extension,M,2042.0,0.7173385372303365,0.8212644432866886,0.9132881731903665,1.0162737642830193,1.1127708034505934,1.230386456075132,1.388214418036934
medium-extension,M,2043.0,0.7129094328131371,0.8256994349180804,0.9293469192286962,1.0203182703299571,1.129776526568225,1.2423697309029587,1.3981764714380673
medium-extension,M,2044.0,0.7275271335803233,0.8398585513759393,0.9538545298290884,1.039979770873657,1.1406605759009187,1.2573835162070865,1.4108053112173626
medium-extension,M,2045.0,0.7406026900701387,0.8492746036946305,0.9577884690719607,1.0523311530321455,1.1596172252769354,1.2904461922960224,1.4464796035662386
medium-extension,M,2046.0,0.746112166080287,0.8691479517373298,0.9693867479603497,1.0780941565109066,1.170850353263412,1.295840934980185,1.442344370053091
medium-extension,M,2047.0,0.7522947813845058,0.8815586908606984,0.9925920314987245,1.0868922403159298,1.177041215300286,1.3083421929470216,1.4933042239146437
medium-extension,M,2048.0,0.7831325654114677,0.9010281933792907,1.0088836709991125,1.0935598484600746,1.203845772491007,1.3349713479380703,1.5098945218657585
medium-extension,M,2049.0,0.7957064533396103,0.9096413445035427,1.0226205110937248,1.1205442051438463,1.221971207694386,1.354336242209867,1.529822161159518
medium-extension,M,2050.0,0.8122437809548673,0.9190648308414431,1.021122388651325,1.1321547387097053,1.2326614231084596,1.3663229054839043,1.562458985663511
medium-extension,M,2051.0,0.8096033950320942,0.9193225119171663,1.0430506257788625,1.1473128105178483,1.249678656252588,1.411319644340065,1.5632731849215276
medium-extension,M,2052.0,0.8309720701009975,0.9458091746463689,1.0543818594225034,1.172496107094777,1.2645135764062378,1.4041462270258713,1.6073985361586887
medium-extension,M,2053.0,0.8511894928929189,0.9600720234645619,1.0760558135784493,1.1764693596345424,1.2817143316758615,1.4241536214678707,1.6074741401863357
medium-extension,M,2054.0,0.8455556920157128,0.9674388740616661,1.0775056403535785,1.1945934564664502,1.2991843482304615,1.4313662441604205,1.6137209624594508
medium-extension,M,2055.0,0.8486644990898159,0.9726496699069466,1.0903418952284476,1.200794449023524,1.3223178414994654,1.4606112658189145,1.6406478862226082
medium-extension,M,2056.0,0.8654652703175202,0.9917420893043443,1.1097669663806753,1.2212767322047688,1.3367841368995126,1.4659019303275111,1.6523159538585805
medium-extension,M,2057.0,0.8820381773652154,1.006217065131385,1.1188208948085172,1.2443847113098534,1.358300956808854,1.506280011744724,1.689488981348873
medium-extension,M,2058.0,0.8756005689168975,1.0197316212037002,1.1386956441967317,1.2595339192472121,1.3668281199894894,1.5212479022780065,1.7192980235180686
medium-extension,M,2059.0,0.9034724286904844,1.0367104687594944,1.1494016912463103,1.2552361876239615,1.3729124353783497,1.5323003717168735,1.7332291334903926
medium-extension,M,2060.0,0.9154128244246561,1.0533720379852343,1.166650964867582,1.2719513836908123,1.3876240986505934,1.5448878433698436,1.753990138809709
medium-extension,M,2061.0,0.9224468643001434,1.0580747627634914,1.1856813944843059,1.2877845033074662,1.3956592551276716,1.553116119862036,1.7520253433812853
medium-extension,M,2062.0,0.9312405676991965,1.0741148572968489,1.2072152781069252,1.3140707222947197,1.4221224841641154,1.5720107946535344,1.7588193453559606
medium-extension,M,2063.0,0.9457966774451637,1.0862454328696118,1.2113748508634794,1.3292405059086656,1.43842710263521,1.6040361638534812,1.7899651346282033
medium-extension,M,2064.0,0.9695107191269834,1.1011573996116346,1.2168506689161005,1.344017802458107,1.4571814180094926,1.6081669927641797,1.8368252485790946
medium-extension,M,2065.0,0.9655958956058555,1.0993393065287296,1.23333753401992,1.3603786110246092,1.4824469317477709,1.6280725691419384,1.8621234963215105
medium-extension,M,2066.0,0.9740064427315237,1.109702350495466,1.245730076391863,1.3674908590576678,1.484765913500312,1.6493576487224877,1.8649803363102941
medium-extension,M,2067.0,0.9887100643070311,1.1396633103388096,1.2665594149343558,1.3790343832281318,1.5064451672110357,1.676303826356028,1.8893640580273607
medium-extension,M,2068.0,1.021411187304086,1.1393062947656167,1.2745793673418266,1.3894363026781094,1.525244138663436,1.694116552175547,1.9001617164476359
medium-extension,M,2069.0,1.0212208745579068,1.157778268954046,1.281101992811616,1.4105565154615465,1.5447407016686203,1.7076582284303143,1.926983797041953
medium-extension,M,2070.0,1.017014201714874,1.1562170501770923,1.2992596996107788,1.4297786550121154,1.559552867301593,1.7259377136558398,1.9430231688492756
medium-extension,M,2071.0,1.0118184614511874,1.1609186676123802,1.309855202464942,1.4494762766668126,1.5760940681950115,1.7505363923324233,1.9797484395834866
medium-extension,M,2072.0,1.0489937431132725,1.1776201919269589,1.3266399774722326,1.4629485057624125,1.5916765815273493,1.7767677932946506,1.9969568150350254
medium-extension,M,2073.0,1.0339010761237653,1.1917891004341825,1.3377106945827049,1.4787663552198933,1.6045751340817616,1.783564067245515,2.0069831650379073
medium-extension,M,2074.0,1.0557975589196513,1.212710596515428,1.3525642599111327,1.4803485137098935,1.6220359703787932,1.824221517184198,2.0423542927376714
medium-extension,M,2075.0,1.0668168714010782,1.2140177510445826,1.3688659106152752,1.5117748825743225,1.6577697785056378,1.837868524002578,2.073363845864411
medium-extension,M,2076.0,1.0679418850752793,1.237116987051657,1.3737941426557843,1.5290221597976843,1.668315498276509,1.8530873788194064,2.086889493750978
medium-extension,M,2077.0,1.1042587519934468,1.2469638938347685,1.3996731863903173,1.535226309051725,1.6768370615764416,1.8566497896239045,2.0915765586092423
medium-extension,M,2078.0,1.1316873180221014,1.2707676799171899,1.4108274414069228,1.5497966439491622,1.682155233856443,1.8771268278199862,2.1296315230878426
medium-extension,M,2079.0,1.1154314891641657,1.2855709517169516,1.4212280540025546,1.5662782568064841,1.7129720943412485,1.8920809746527851,2.153036190198983
medium-extension,M,2080.0,1.1269800164676087,1.2943621412399182,1.4320448681379727,1.5884969996346487,1.7306405657849744,1.901876285410246,2.174690295015245
medium-extension,M,2081.0,1.1410972674213886,1.30509700909244,1.4517136696685824,1.5913559831578674,1.754012357691803,1.9110645427982274,2.1832532550133257
medium-extension,M,2082.0,1.1538843907529346,1.3163709463833513,1.459771439816796,1.6161652844597105,1.757978599003615,1.9543002597617685,2.22047565263569
medium-extension,M,2083.0,1.1409396205781683,1.3276891649019773,1.4770259133517865,1.624582667482523,1.7743897207598658,1.969550981691467,2.2279933320237975
medium-extension,M,2084.0,1.1588232703247758,1.3406307106174742,1.4977871225731552,1.6418140731684605,1.8012314560435438,1.986308397947098,2.2540699108665865
medium-extension,M,2085.0,1.1879062430472311,1.3551899709713398,1.4961092923517276,1.6519022436092297,1.8203727192659267,2.006320195466125,2.278770711101804
medium-extension,M,2086.0,1.204386871248829,1.368429513632487,1.5038626172550955,1.6616280818589093,1.8158886674143302,2.0132677085316204,2.315820338090445
medium-extension,M,2087.0,1.2256880596490989,1.3728206054908885,1.5274931871242363,1.6937020318422724,1.833882189095091,2.0300344880934156,2.3402194641228586
medium-extension,M,2088.0,1.242299922549626,1.3782186914074954,1.5427551204491419,1.7061248024923086,1.8695486740680876,2.0665135717820884,2.3380066758961155
medium-extension,M,2089.0,1.2434448595782905,1.3910792463722743,1.5677015034239448,1.7190987448555972,1.8860283867571734,2.0854763957264395,2.3868337575182217
medium-extension,M,2090.0,1.2495929157746093,1.4198049350872604,1.570421390095208,1.7430454345511657,1.906688255075818,2.1010978076219677,2.3994836753666458
medium-extension,M,2091.0,1.251940333565819,1.4264757212953598,1.5884173728031967,1.7485081281244628,1.9130452082593816,2.1319457189204116,2.444249785534638
medium-extension,M,2092.0,1.2771816889370224,1.4496081850977536,1.6126731300244928,1.7621418159068432,1.9193522958032887,2.1328531186378004,2.4198172199216472
medium-extension,M,2093.0,1.2820440697220672,1.4590140416162634,1.6166714642974713,1.7810867917598299,1.9395646046225485,2.175805617895443,2.4603642204072993
medium-extension,M,2094.0,1.2728533487311897,1.4653134616280759,1.6194460317540282,1.7961000837582648,1.9547462737118517,2.194373251640555,2.4555724223847037
medium-extension,M,2095.0,1.3046009238426886,1.4822882158333905,1.6346143511548066,1.8130671891971415,1.989711520998051,2.199673979876185,2.4955661340743407
medium-extension,M,2096.0,1.314746275128273,1.5071172245489324,1.6611048238875716,1.835292849160517,2.010570199021428,2.240614099699185,2.5035086535936606
medium-extension,M,2097.0,1.3178899403814661,1.5111589770684546,1.6852606649477937,1.8567809641478772,2.0224145248559435,2.2544684876952688,2.5508645115403414
medium-extension,M,2098.0,1.345214885101993,1.5293568028317217,1.6845104638198953,1.8643011742795585,2.024830652833782,2.2805840352247246,2.5705991625186884
medium-extension,M,2099.0,1.3502416181971673,1.5509963981898698,1.6992499012882165,1.8854087323598852,2.0588767963269756,2.2914862706396213,2.5633691012534308
medium-extension,M,2100.0,1.3718918532107118,1.5410493423151617,1.7094907102060095,1.8886823085803386,2.0631113987990455,2.315842947963789,2.611813564393192
medium-extension,M,2101.0,1.3632446810297452,1.5564434208179592,1.7297691887341011,1.9036479102962542,2.0935710835968524,2.317706104325625,2.6336283747185627
medium-extension,M,2102.0,1.3853860225085166,1.5660676316679716,1.7431323171865878,1.92127473171793,2.1039635352831763,2.3316007478459824,2.671043959210531
medium-extension,M,2103.0,1.39659131771079,1.5851655252295507,1.7657050580566738,1.9411257027529554,2.109965093863248,2.352628371056058,2.710990070796684
medium-extension,M,2104.0,1.4044036354117866,1.5775751783638792,1.7771230758595873,1.953726461661405,2.129403657721904,2.3855445287940062,2.6906379764330293
medium-extension,M,2105.0,1.4208953146392138,1.5993804064322115,1.7891830415767418,1.9765841156128319,2.144502508037529,2.4066569807956295,2.7041049567298527
medium-extension,M,2106.0,1.4270662608684754,1.6038013779565155,1.7965857680637758,1.9863044922162971,2.168526999444532,2.405871965405894,2.7449203560533397
medium-extension,M,2107.0,1.4282350445605498,1.6343747783383509,1.822784911954053,2.0075670603779763,2.180660300340112,2.435217848909084,2.7384625124800954
medium-extension,M,2108.0,1.4259583087761383,1.6197147486046222,1.8232470587653917,2.0176765752559023,2.1981707657079195,2.4496838682350663,2.792541152335405
medium-extension,M,2109.0,1.4382331112923246,1.639811656386336,1.8308213814642866,2.0346111761239962,2.209343961803998,2.4315298844107973,2.7982195632392575
medium-extension,M,2110.0,1.4471554151311044,1.644674548425903,1.8467635259645891,2.033121472538307,2.2182843321330767,2.466611139376956,2.809100846125403
medium-extension,M,2111.0,1.4423914149266766,1.6547322373528626,1.8596322873129019,2.0571926271210517,2.2342701188542042,2.492281286399222,2.793611725452341
medium-extension,M,2112.0,1.451943975685964,1.6837885828205443,1.8769143632843857,2.0664437229175845,2.2438367371943704,2.526799905555153,2.858709949722276
medium-extension,M,2113.0,1.4594432278907434,1.689189981038347,1.8868374703473474,2.074219758404512,2.2616783960911677,2.5357022992277707,2.8913781545929447
medium-extension,M,2114.0,1.4885231568019428,1.6922129151231444,1.8939692582729506,2.104307552297167,2.2610251922610085,2.565733775367907,2.908180800549356
medium-extension,M,2115.0,1.493036910296446,1.7031484169411033,1.9246875414719182,2.1085396482517154,2.2948967877220627,2.5617288292257707,2.9504276889470837
medium-extension,M,2116.0,1.5103264233519993,1.7104597204957648,1.9235617844455337,2.1182260435686184,2.3104685550688115,2.5838043798649184,2.9743384753636284
medium-extension,M,2117.0,1.5101548722526694,1.72027864647882,1.9244332286952277,2.1295218038672794,2.315774879907145,2.587821634290155,2.977663005965936
medium-extension,M,2118.0,1.5226487166133578,1.7233786339264887,1.9304136555862177,2.1483688881851584,2.3376168394116092,2.6340549981793075,2.9697755682580325
medium-extension,M,2119.0,1.5142519232685994,1.7310786234575777,1.9368173962428066,2.158643942901394,2.3456911186524554,2.614815592757401,2.9975770505698036
medium-extension,M,2120.0,1.5197342981889252,1.7537828093576038,1.9588635079077192,2.1649831501010475,2.363480459317043,2.6386987618854207,3.0186243999611766
medium-extension,M,2121.0,1.5566611068082996,1.7662313744918603,1.9709273430762888,2.1959341506904244,2.3925319166448475,2.6689602223649547,3.0508322407497066
medium-extension,M,2122.0,1.5636100521198812,1.7582847004441255,1.981085730193904,2.1844715336909464,2.4059466373293743,2.677087695651737,3.079885451498687
medium-extension,M,2123.0,1.5847909448749382,1.756687650737382,1.9712295846437762,2.2052888624049154,2.409884610507547,2.7004494356201554,3.079300117733638
medium-extension,M,2124.0,1.580895020487015,1.7792804620090323,1.9965204899601223,2.2121658887814273,2.4153257602285776,2.725182237494147,3.080673891579357
medium-extension,M,2125.0,1.5896272215290288,1.786078085070695,2.020507843059824,2.2280324169334995,2.4229618422345465,2.7483730355452156,3.106111393468382
medium-extension,M,2126.0,1.5786403740380959,1.7976298525862933,2.0123990839721193,2.2303921190364067,2.435190131819298,2.7537635437961474,3.1121958125578866
medium-extension,M,2127.0,1.5821475737656492,1.7933952934401236,2.029312673293711,2.2301152809248834,2.4575817340284143,2.7718902890674766,3.1067156013395825
medium-extension,M,2128.0,1.5766568589164496,1.7975271606943946,2.0238109602561853,2.267951016661968,2.4820158618282315,2.7936818745517358,3.1322204873048514
medium-extension,M,2129.0,1.619162911595848,1.8266224654154115,2.0312398709689923,2.2589370271087077,2.489156420349498,2.782222741370915,3.175441474550613
medium-extension,M,2130.0,1.5895267866862586,1.8409515317373195,2.057002012230352,2.3001081723863726,2.4844667045397917,2.8195071925136626,3.1920245285392914
medium-extension,M,2131.0,1.6092151619643051,1.850919028202617,2.070362099484794,2.283688161248772,2.4839330579741636,2.828061886706438,3.2384349317261885
medium-extension,M,2132.0,1.6212907680260726,1.844873999948952,2.0668414467608986,2.298189186592229,2.5088091295698702,2.8506126970999275,3.2692323344029828
medium-extension,M,2133.0,1.6306758565589603,1.842833077251744,2.080138445252378,2.3205005693808394,2.5152280011673556,2.8417042809846973,3.244224720360518
medium-extension,M,2134.0,1.615071091139279,1.8597785300862646,2.0908155799626247,2.3129397383700514,2.5336095340532268,2.856826454846325,3.277361253469218
medium-extension,M,2135.0,1.6262225142088371,1.8452460604969074,2.0966666541886183,2.316293494557479,2.5494817354575376,2.8770224741797468,3.2917902093686737
medium-extension,M,2136.0,1.6384443382331404,1.8597511254780024,2.110602112815749,2.3268447322651604,2.5571366288965307,2.888461574042103,3.2912585069658618
medium-extension,M,2137.0,1.6432067407392124,1.8788076317197935,2.1087956176023672,2.353379574247758,2.572615422224624,2.905921761278602,3.3154143866621286
medium-extension,M,2138.0,1.663356465482629,1.8818952337725712,2.1089666643052087,2.362393064355725,2.579075106968311,2.9010284830563906,3.3286577894072247
medium-extension,M,2139.0,1.6560135958166182,1.9004136038437882,2.132748505065145,2.37706524234978,2.590466828969013,2.9407644379606417,3.3365330082201026
medium-extension,M,2140.0,1.6786039211943977,1.9099706452913527,2.1375746492133127,2.38270627124516,2.5869850140851054,2.9324010972173626,3.344527651312987
medium-extension,M,2141.0,1.6617873750900825,1.9240986206814976,2.157735161795083,2.3743936417162494,2.600923214401136,2.945034782828891,3.3450658386803998
medium-extension,M,2142.0,1.6647338770593239,1.909222912621538,2.1562012345418404,2.392460155764281,2.6167570779825065,2.9484014065615365,3.4241476929177876
medium-extension,M,2143.0,1.6855761778536325,1.9270597218977963,2.1568959868277684,2.3960699062481114,2.622799996181976,2.9483854001538594,3.398578368713967
medium-extension,M,2144.0,1.691465458161561,1.922529463663048,2.1571504169104148,2.4138417912841064,2.626496852151893,2.9799817878578425,3.419586954149609
medium-extension,M,2145.0,1.7099595315093432,1.9471546593273306,2.173075968389172,2.4144794985530966,2.6435675286007414,2.9763634846807188,3.442740166197099
medium-extension,M,2146.0,1.7020037665181693,1.9347243600120918,2.172609028319892,2.429126484510328,2.6528552750771954,2.9978303062131513,3.503605034759217
medium-extension,M,2147.0,1.6930477292394381,1.9482344937306224,2.1758446198495314,2.418932404096832,2.652813306118976,3.0136185199284244,3.476590971968932
medium-extension,M,2148.0,1.7106693389376428,1.9410294709882994,2.1868399622160934,2.4454949836355273,2.6526709134266175,3.0245488426538163,3.5082308118793972
medium-extension,M,2149.0,1.6919565477427971,1.941115923524084,2.1845229703486355,2.446140870172468,2.6878423402862084,3.0430117503384135,3.489657444990468
medium-extension,M,2150.0,1.7189650964734293,1.9496486222869531,2.199481199242745,2.4401630949407433,2.6743029619884715,3.0212530596563347,3.498966033863323
medium-extension,M,2151.0,1.7179489053293997,1.9529795252374988,2.2070572679369302,2.4364853966734366,2.6746739578632774,3.0387008677589638,3.5079180729468917
medium-extension,M,2152.0,1.6868565576119745,1.96045253187978,2.2067519022810984,2.4553260950254754,2.710061869324113,3.053987480833003,3.535050987905093
medium-extension,M,2153.0,1.711628972750346,1.9555593705078627,2.193973777139866,2.4853705579455423,2.7040283862793433,3.06148968774709,3.5806710027136024
medium-extension,M,2154.0,1.6944517539951356,1.962751901756132,2.2019627657749092,2.4774745327702212,2.7248330944538646,3.080552958273096,3.5547401373840897
medium-extension,M,2155.0,1.732769285238134,1.986675309758261,2.227077854532829,2.490847440634608,2.736886577339233,3.0973873612691816,3.6036174205659752
medium-extension,M,2156.0,1.7428127042931725,1.9630771085279775,2.225150864840394,2.4894168280163247,2.7288301486810274,3.0955555264046484,3.5732359831461915
medium-extension,M,2157.0,1.7350337630617279,1.9495312074821143,2.2436157377792125,2.4929883990224626,2.743980665254033,3.0960287754320532,3.5529863979505674
medium-extension,M,2158.0,1.727269583253123,1.9764656116246302,2.2541148234785915,2.505478636549999,2.7193111710985844,3.1001476220751325,3.598559921322056
medium-extension,M,2159.0,1.7174259906088885,1.9932526186229202,2.244180978094074,2.5044322842723554,2.7392514026885917,3.1156456381592843,3.6034201655154634
medium-extension,M,2160.0,1.7223800349604517,1.9951190018317502,2.240506087797488,2.5102013077093246,2.7517843969270626,3.154782311114913,3.6211553954394695
medium-extension,M,2161.0,1.730307224763636,1.9896977622109673,2.247691580029644,2.5002795853126765,2.7656039987031202,3.1488759967708777,3.639863025117574
medium-extension,M,2162.0,1.7219163032698441,1.9865876682348793,2.2465061232440604,2.4901713029117425,2.7660242893295797,3.147434476324793,3.634246574506841
medium-extension,M,2163.0,1.7489576362733925,1.9834137995905006,2.2554131832565187,2.5111217382105204,2.7653962570187307,3.1533429894430602,3.6656898929125026
medium-extension,M,2164.0,1.7332406008320065,1.9995517493344526,2.2308756700495396,2.5376751308966536,2.7755180273389706,3.1645372888682495,3.651211017550324
medium-extension,M,2165.0,1.7275474541979663,1.990367155841557,2.248866487039994,2.5106876263584725,2.7770702921283625,3.1662874668924377,3.69960085351246
medium-extension,M,2166.0,1.6993518507537315,2.0102539380920326,2.2605297227165,2.5225532175866006,2.8003432840943194,3.1713306879663614,3.6494734101101387
medium-extension,M,2167.0,1.7203197685994867,2.0143695045400456,2.2591982673887814,2.5359288515336242,2.8127844175527343,3.1775666183004074,3.641424707732138
medium-extension,M,2168.0,1.7420199203338147,2.0056192232102656,2.2631576424011826,2.5424507280211315,2.8076877612732503,3.205612445567214,3.6724610123473402
medium-extension,M,2169.0,1.7306761595451547,2.0230375943695216,2.263224614601934,2.546612700744757,2.810887749316244,3.2071658522786857,3.729246272269946
medium-extension,M,2170.0,1.7490953484502192,2.0309678207655124,2.2876715442761815,2.5606778488795494,2.8130581771916887,3.2071135069466505,3.7089490260693587
medium-extension,M,2171.0,1.7557043130769814,2.0250093567598917,2.2885581752047006,2.5396697328275395,2.8115536621523924,3.2000478488929667,3.7883286683716473
medium-extension,M,2172.0,1.755416035926762,2.027573977661975,2.29438956094164,2.5545434220559886,2.8244692037229227,3.218168091711,3.708125050956336
medium-extension,M,2173.0,1.7599723519490502,2.0321955142264256,2.2855337476113906,2.556559082408392,2.83656373982731,3.197608365837852,3.769248731550341
medium-extension,M,2174.0,1.7535064421272084,2.028666772785189,2.2860301759962445,2.5530310510756666,2.814586077728814,3.214721426528814,3.7379232249229846
medium-extension,M,2175.0,1.7519360051386141,2.037056713903566,2.2990544387478202,2.564820819412764,2.824417972517523,3.2246835457831553,3.7560181489080455
medium-extension,M,2176.0,1.7397471002288663,2.0284916472798296,2.296700330799347,2.570577846040034,2.8530489104997874,3.2472517849419376,3.767738283033019
medium-extension,M,2177.0,1.7424508992735468,2.0219525387067465,2.2907660084147174,2.57061413530392,2.843370336354187,3.259606083213139,3.7933883444480174
medium-extension,M,2178.0,1.7537074802195047,2.0399457095190754,2.2987702190208745,2.5793724004575673,2.8373911002864243,3.2439198552804718,3.8507784170443764
medium-extension,M,2179.0,1.7615745615050202,2.0168792858071725,2.2805072356274367,2.5665969558731963,2.858915842845046,3.255593766171368,3.8451687964883647
medium-extension,M,2180.0,1.7498829495642545,2.0418881873139685,2.2847765779832288,2.571806443694767,2.851236995466419,3.2533395779612495,3.8512847501083294
medium-extension,M,2181.0,1.7692677015182678,2.038178902816966,2.2804713544249497,2.580726092897859,2.860333803346483,3.2599133217897625,3.8465838982307665
medium-extension,M,2182.0,1.7606578337064578,2.0162203261900893,2.2835097819323096,2.6073385220579666,2.850193668278538,3.2572077911002344,3.855565004532191
medium-extension,M,2183.0,1.756571682679034,2.0168832400042604,2.294567161768707,2.569957285981771,2.8618642349725505,3.246326407938174,3.8469711715441277
medium-extension,M,2184.0,1.7492269559089801,2.038594452872503,2.2979467536607348,2.5828436446394893,2.8577314518194252,3.2911975001578755,3.860802922355921
medium-extension,M,2185.0,1.7414017728479902,2.039605935964021,2.317525740474887,2.5809194263828266,2.869155164258396,3.275051498215405,3.867962934856584
medium-extension,M,2186.0,1.7462770864366017,2.045895826362594,2.3019399909986027,2.5989780686665687,2.862326028860875,3.263429089602171,3.849041840666254
medium-extension,M,2187.0,1.7321956026448453,2.029268878214448,2.3031718084996022,2.5844127979340157,2.867530067306219,3.2685615936074983,3.9039647075580537
medium-extension,M,2188.0,1.7174380169578565,2.0430511055142087,2.30978088182798,2.5719674719222234,2.8935358429543574,3.2637270365597595,3.913295742576137
medium-extension,M,2189.0,1.7323672900019975,2.0529447234390075,2.2929318033038033,2.601051683925768,2.8726491346953593,3.263837332191611,3.890366364673579
medium-extension,M,2190.0,1.7632857083821512,2.068460938056888,2.2977585580976645,2.588765428253984,2.8705438122738745,3.3033151621235604,3.910819284304671
medium-extension,M,2191.0,1.767387953864917,2.048295869003968,2.313314195292911,2.6119060209603147,2.8886522541670465,3.3001392300941603,3.877331199205444
medium-extension,M,2192.0,1.7834164953867793,2.0237750560752583,2.288903436210143,2.6084413884422464,2.8817041294117667,3.299947595413967,3.8900016215905198
medium-extension,M,2193.0,1.7428859770949625,2.0340515223273377,2.3106733758021947,2.5901244723409564,2.879296454363553,3.329666090929724,3.831949432386843
medium-extension,M,2194.0,1.740946616701926,2.0344904208808594,2.310611412184047,2.59940507257929,2.9044080825497938,3.3160083055001017,3.9139037860389494
medium-extension,M,2195.0,1.7365292396871157,2.037628038206781,2.3174869925101156,2.61563392448744,2.881772382966682,3.306613794236354,3.9022122607105265
medium-extension,M,2196.0,1.758835235499973,2.030889686144666,2.325238672102901,2.59816503594278,2.8757307493079045,3.3258693665945005,3.9145974551681646
medium-extension,M,2197.0,1.748357718008673,2.039571331011042,2.296273852970812,2.604163512353804,2.888828838141198,3.3200478463728973,3.9183189159523932
medium-extension,M,2198.0,1.7390520518277643,2.035256609372687,2.3134979503799524,2.612159675049251,2.890295195644542,3.2931410303084623,3.912672143364785
medium-extension,M,2199.0,1.7506367755777992,2.039916746011651,2.3232510833628126,2.6034741898528564,2.8968904335147907,3.3202918583169687,3.976377119445426
medium-extension,M,2200.0,1.7383507450634157,2.0278138121440454,2.302860942726772,2.6066887505499716,2.879257342505777,3.3311440588112875,4.006078282062791
medium-extension,M,2201.0,1.731441623401621,2.0328039383968415,2.309223243081561,2.6170653136211426,2.892969856354355,3.321653338952559,3.9694730844369492
medium-extension,M,2202.0,1.74244271251211,2.03735658363895,2.311010795243313,2.624495868623725,2.9115971113328136,3.2958070184172827,3.994861997619249
medium-extension,M,2203.0,1.7265764752751096,2.030151855351247,2.3033306999634586,2.6071775633688414,2.885436314816182,3.2912829382091253,4.017574975520364
medium-extension,M,2204.0,1.717994119221086,2.0285176798100375,2.319500821054713,2.608466302921481,2.9047408044843634,3.309270690590029,4.002033328239545
medium-extension,M,2205.0,1.7270103494065154,2.0203340072989264,2.3157471069791797,2.599052530328654,2.9047390744518347,3.3098000252275797,3.939606401372757
medium-extension,M,2206.0,1.7385808766185895,2.03020814530859,2.305254292211169,2.595468844674903,2.899477461748779,3.309431827364938,4.006476182101768
medium-extension,M,2207.0,1.748265520927378,2.0361098884620135,2.3042038393136015,2.6146994914580164,2.8787280286451247,3.311729022474479,4.024452768316637
medium-extension,M,2208.0,1.7208420560934676,2.011894510736968,2.303819575938215,2.61112932924276,2.8782313131299206,3.331103046884865,4.008856274741211
medium-extension,M,2209.0,1.7324345746728815,2.027797270460395,2.297913363880742,2.5945630992028788,2.897979115460277,3.3522791743472533,4.016288684797346
medium-extension,M,2210.0,1.69678670147703,2.0360458333854576,2.2828726312426992,2.595371772586422,2.887307659363903,3.3470725360474756,4.014825968889846
medium-extension,M,2211.0,1.7060278336136756,2.0319207985631733,2.2921149036552038,2.5786974448674824,2.8895841626178047,3.3237071706526975,3.9559952789052675
medium-extension,M,2212.0,1.7218920146380614,2.0217506444682622,2.2884404810580894,2.60430941768781,2.888754069816673,3.3379734170546427,3.9867322885608893
medium-extension,M,2213.0,1.7239051651824586,2.0358701285932788,2.296853619431194,2.6051471573749403,2.9025462552390824,3.3053022025751204,3.9951638998948686
medium-extension,M,2214.0,1.718895800412255,2.023571359015849,2.2682458341770264,2.6051809295572217,2.9166988190564056,3.3186970101308977,3.9898954365335135
medium-extension,M,2215.0,1.722974859435757,2.0247391898627556,2.2946845602793173,2.5957086051748433,2.9111453833936127,3.33067874033476,4.04082713541929
medium-extension,M,2216.0,1.7190331402647447,2.0211132233851963,2.281916278760153,2.5931903194567014,2.914708652972222,3.3462381183395418,3.9893701416204537
medium-extension,M,2217.0,1.7541176328363735,2.0244769466877406,2.28716661268223,2.6113664983247498,2.915004504600723,3.3343809635643784,4.037685111112462
medium-extension,M,2218.0,1.684053809497932,2.0177438921083533,2.293950722000761,2.599578062837675,2.9241162427863463,3.3271564107777882,4.034425792930361
medium-extension,M,2219.0,1.7033594391874824,2.0159175295181306,2.279861521764094,2.6115308309414464,2.921078217558701,3.349575930282693,4.0259012249506325
medium-extension,M,2220.0,1.6772135929525953,2.020301349299535,2.3003042649521173,2.600067766696043,2.9214413988511225,3.3557483074457446,4.046854127613161
medium-extension,M,2221.0,1.7019501285992347,2.012361445845721,2.290708188845447,2.5944724682609377,2.923864566099195,3.3055551551276006,4.072466399369308
medium-extension,M,2222.0,1.718955738154845,1.9984667614068323,2.296142770916357,2.5868595833664902,2.9213239604618386,3.3407827722681196,4.037431965756714
medium-extension,M,2223.0,1.729668311689527,2.024632324290429,2.300625997138151,2.5997152907498586,2.8888796482120327,3.343804403140963,3.983380800287494
medium-extension,M,2224.0,1.7405821648027908,2.014559803750815,2.29807433766324,2.6098370349985744,2.9143112776811355,3.338846594629694,3.9934375060060083
medium-extension,M,2225.0,1.7084126577344463,2.005723343958334,2.2951226801871485,2.607264444166014,2.9198332851382722,3.3389419366782778,4.046218954371706
medium-extension,M,2226.0,1.6782600539877033,2.0171449622614555,2.2762942546992266,2.617374703693043,2.920797244498189,3.3264066186656747,4.063148257343626
medium-extension,M,2227.0,1.6557630346115098,2.0173477288020476,2.274451184046096,2.597335808563794,2.914515635136228,3.309836393614654,4.075223191933571
medium-extension,M,2228.0,1.6860168196852454,2.0022036052834067,2.283433840539654,2.5993945593103556,2.9402076444023733,3.337123191928025,4.0492345909328975
medium-extension,M,2229.0,1.678628068719362,2.000364488772339,2.2746517842504423,2.5971836545789864,2.9269512651626743,3.3591015408802978,4.037613195571794
medium-extension,M,2230.0,1.6859394815202142,1.987861866179666,2.2781380498726977,2.57961112247055,2.9119426227812877,3.366085224881525,4.02754730656025
medium-extension,M,2231.0,1.7141107111386973,1.9938055101899634,2.270810376898266,2.5877346129647125,2.914760014705493,3.3498158434647634,4.080644326905212
medium-extension,M,2232.0,1.6640758853284088,2.0130379877422278,2.2848713954727633,2.5882449037261135,2.920166325537461,3.3903298621556743,4.07208251582755
medium-extension,M,2233.0,1.6862443397216418,2.0063710671434407,2.2954759899596207,2.599401829826211,2.914958022150707,3.3903422637722485,4.05125525564847
medium-extension,M,2234.0,1.6971145775608256,2.0181154079327377,2.2895770417163193,2.609867769467796,2.927355337933234,3.3737953410298487,4.040919985867959
medium-extension,M,2235.0,1.6751177449503585,2.0180117977138763,2.2809813171443976,2.58048885183734,2.9174894419651327,3.3749947047163076,4.080367009688093
medium-extension,M,2236.0,1.6927848976294608,2.0194058941424777,2.307680648604584,2.61475215803892,2.9308319984074735,3.38851025084236,4.063620673345677
medium-extension,M,2237.0,1.6899049464467786,2.0060824475756065,2.2910860435790297,2.601224566220873,2.907167490300167,3.354247948438841,4.037678973712185
medium-extension,M,2238.0,1.6576427824599556,2.0101841277444508,2.2704359767485918,2.609402267732204,2.9204818095899348,3.37201715501057,4.078660050725332
medium-extension,M,2239.0,1.706577716610032,1.999530948463516,2.2949749282094802,2.60860392678548,2.907101526918725,3.367256946270643,4.06980111309212
medium-extension,M,2240.0,1.7125157556976436,2.0095730057582677,2.286863322332752,2.6050058418832265,2.9273199872421047,3.3633765888340985,4.0446019098024655
medium-extension,M,2241.0,1.6917012940090985,1.9994954799562288,2.286678327057152,2.5867908705438962,2.9237541688119832,3.364248796614332,4.055021825218746
medium-extension,M,2242.0,1.7043701467696395,2.0145263311754777,2.2887029523568194,2.5787544485278615,2.9127296539105227,3.3864513370958025,4.127276339325285
medium-extension,M,2243.0,1.6737933703748222,2.009523148485103,2.2995621701233304,2.581096755105494,2.924110647051116,3.3618727660775307,4.126845714360383
medium-extension,M,2244.0,1.6659378722073834,2.0148099627172043,2.2902077786943944,2.588784132881358,2.902341533528442,3.3455771407242683,4.07411608952443
medium-extension,M,2245.0,1.6687990883884576,1.9972765537052373,2.2806420307541226,2.586186632852194,2.941239315827417,3.3637222614998588,4.0429397250228645
medium-extension,M,2246.0,1.6765817506316216,2.0050539728878043,2.285138375332837,2.589234862224706,2.948242283125564,3.3680911025806957,4.048187210441887
medium-extension,M,2247.0,1.6849180816347713,2.003521722668856,2.2588293447190986,2.5827627209248316,2.9407660645011062,3.379949001230737,4.050492619240318
medium-extension,M,2248.0,1.666604047081721,2.016235518978935,2.2796444773741102,2.5933434617710587,2.924282329012656,3.353539641170122,4.14944995624546
medium-extension,M,2249.0,1.6643880036959224,2.0133049961625376,2.275118645279103,2.591014669870918,2.9357655999512993,3.376951456645822,4.088444836797636
medium-extension,M,2250.0,1.6541846616307558,2.0198852622841033,2.2693930674066176,2.576529728243142,2.924075460899682,3.381625177221117,4.094583051810903
medium-extension,M,2251.0,1.698228730378953,2.0053459738648045,2.2562247814550873,2.588638349352505,2.9281042178168835,3.3534625444012383,4.125522601745511
medium-extension,M,2252.0,1.6622407447001881,1.9938507296092085,2.2784119142361043,2.596816926434311,2.9234136109108086,3.3693917946286827,4.070002574471051
medium-extension,M,2253.0,1.673899039393299,2.0008579145215957,2.2740655869309947,2.614215129666457,2.935570731417618,3.377098527182572,4.115315042047771
medium-extension,M,2254.0,1.6752083370098396,1.9955109592231333,2.2767710052032624,2.6070731900018616,2.934270483182602,3.3430136948656677,4.1393728337435345
medium-extension,M,2255.0,1.7115239883521616,1.9938474918808426,2.274981333790772,2.593285943253738,2.9343934372147245,3.351181546527123,4.124393905601347
medium-extension,M,2256.0,1.7015274241491762,2.0139912071806467,2.266821055284613,2.577013350666859,2.9429729451177757,3.366925263437241,4.079954471135624
medium-extension,M,2257.0,1.688871275829172,2.0131522414750043,2.285802735376568,2.5763885241742397,2.9453629196453877,3.374158367604584,4.135348817523913
medium-extension,M,2258.0,1.7040520315013845,2.009325059504951,2.2933059308516546,2.594260998716045,2.9324269572142136,3.388448546490732,4.12182201589155
medium-extension,M,2259.0,1.6792769805724852,1.9953818794898472,2.292006756810871,2.584447339727511,2.9363395768563847,3.3905584905017516,4.143395335183352
medium-extension,M,2260.0,1.6574148463900866,1.9738075290095265,2.2655706416053882,2.5722723764748885,2.929463706967567,3.354901535029304,4.090640823226475
medium-extension,M,2261.0,1.6797175098923054,1.9923605471477115,2.2706487576839676,2.5909480779736738,2.944879973831835,3.361725236675995,4.142669610952257
medium-extension,M,2262.0,1.6764990751374287,1.9747988114711672,2.27701618923592,2.587465505291791,2.967017736759519,3.3553241899545987,4.133665943225654
medium-extension,M,2263.0,1.6980999373423646,2.003827605358416,2.282429732035704,2.6084022925355166,2.924725226372177,3.364191169601022,4.1781361348826636
medium-extension,M,2264.0,1.7054918159453465,2.0018735029979497,2.2776829438600474,2.594645535458416,2.935367158809049,3.3843648483114963,4.175794302763181
medium-extension,M,2265.0,1.679376389373957,1.981740829696366,2.28684689103236,2.6085616525304016,2.9110008714297675,3.384536615501021,4.146405909675026
medium-extension,M,2266.0,1.6765144499247517,1.9928860449234664,2.2835164002079416,2.576582171222395,2.9206844547934723,3.3661312259091907,4.190962133307068
medium-extension,M,2267.0,1.6686827251473135,1.9916751639837624,2.2785913498329973,2.5856816596783974,2.93130713169919,3.387765669790046,4.151741171618802
medium-extension,M,2268.0,1.6810967256859028,1.9776749599021572,2.2827426016551158,2.612335441961813,2.936084731000627,3.37317487138913,4.1560340753178675
medium-extension,M,2269.0,1.6804897629397721,1.9773908134502602,2.2951110338063554,2.586132315068225,2.9488530196726312,3.3788460970298946,4.1761766285434065
medium-extension,M,2270.0,1.6751730136035583,1.9753373245098083,2.2807344043497313,2.5888584886135475,2.9301029219445014,3.3929623802414555,4.16584850583017
medium-extension,M,2271.0,1.673850436561587,2.004232820412157,2.2647417527503233,2.594097120263504,2.9206940191878052,3.362187610548352,4.1594580745361185
medium-extension,M,2272.0,1.66307257851189,2.0041143454692407,2.2817215909894277,2.5994090966567294,2.9276050786765464,3.3811953533799306,4.117600271835686
medium-extension,M,2273.0,1.6813297412143597,1.9980284682373919,2.288024077036116,2.588369552140435,2.932787201490502,3.407571486384968,4.135188608698879
medium-extension,M,2274.0,1.6801511044751822,1.987002968650165,2.2922358834606116,2.5842980907307482,2.9260776015656025,3.3814291328690476,4.186346217397911
medium-extension,M,2275.0,1.6712539304395333,1.9892348892364833,2.269950965294524,2.5798937960241073,2.951729775334169,3.383387526738074,4.186376186694866
medium-extension,M,2276.0,1.6523312202682723,1.9855381601411213,2.2799251591885166,2.602178186291785,2.952292637753201,3.3642039187945234,4.18683478268299
medium-extension,M,2277.0,1.6611888449599237,1.9984760443926706,2.2911076864773023,2.5705493410411284,2.941546507329615,3.367961925384373,4.142978240151782
medium-extension,M,2278.0,1.665091264269141,1.9988221142407148,2.2867146534120355,2.5847700742693696,2.927671731128732,3.3689276349309543,4.150530913868904
medium-extension,M,2279.0,1.6529082030477888,1.9852118609922331,2.280478786394574,2.5980641623536953,2.9432027892376604,3.3853312012830057,4.152814918507562
medium-extension,M,2280.0,1.6707476332380382,1.9927147421325868,2.26642476109649,2.572002198292639,2.9173196478584,3.4178446637126023,4.2300203766437905
medium-extension,M,2281.0,1.6562009333329135,1.997574929835752,2.2612496747335737,2.583293670776694,2.925665642799044,3.3985389745964305,4.219514359161989
medium-extension,M,2282.0,1.6624190072906395,1.9957237481648764,2.262035014644261,2.579216891612428,2.934702696592676,3.408430714213497,4.1725332620038476
medium-extension,M,2283.0,1.7039583686927193,2.0086070065784027,2.269653486859107,2.5726987596840507,2.9214204026977675,3.4095893927347274,4.194477166227589
medium-extension,M,2284.0,1.6735927243817916,1.9964722815180833,2.275378802911388,2.604218655821975,2.9231473625855044,3.3922248146409153,4.285448769011448
medium-extension,M,2285.0,1.6636750116325503,2.0058292507379294,2.2792207383403196,2.5921354010674382,2.9154020600563753,3.375670984142071,4.189326408985613
medium-extension,M,2286.0,1.6681900527248616,1.9930501561539136,2.274962508837447,2.589559860206981,2.9234488920669617,3.404472844645563,4.233791247160312
medium-extension,M,2287.0,1.6392739555068163,1.9913884528518453,2.266339714455285,2.5971187831462865,2.926534292280198,3.4171416012524376,4.231421033731794
medium-extension,M,2288.0,1.6533827484844261,1.9897600986127497,2.256052461892302,2.5878042708107434,2.92013514478394,3.3942461579722347,4.257274780436728
medium-extension,M,2289.0,1.6724228033208226,1.9866549753236513,2.254302329543735,2.563138584047223,2.9231847621677285,3.4137025954718996,4.2190956150769665
medium-extension,M,2290.0,1.6657786137348387,1.9949602715758594,2.2484648048975298,2.563879735429655,2.9360252443878676,3.407667945002019,4.2981876240508425
medium-extension,M,2291.0,1.7055258618343676,1.984790950023807,2.2574508237402116,2.583675808471597,2.9250449799722427,3.419654113024211,4.251787129509521
medium-extension,M,2292.0,1.6756146945911117,1.9781270948913559,2.2576350345789833,2.5786597827847584,2.9280626094840874,3.4069623628369277,4.242459329472131
medium-extension,M,2293.0,1.666047941948224,1.9874503006768882,2.2668921809557347,2.598639605235891,2.9109305952931104,3.4130193537851974,4.227375190150033
medium-extension,M,2294.0,1.653254641437332,1.9718184453438947,2.253585251414739,2.593408658281171,2.9466099266355457,3.4150237501961396,4.237758384718095
medium-extension,M,2295.0,1.675019764166509,1.9711721991066247,2.2564957541252624,2.5936191504707518,2.9336660659367966,3.409546108059892,4.224145170941874
medium-extension,M,2296.0,1.6486180058866888,1.9794038580077273,2.2574807936385692,2.589695232176727,2.944918243798975,3.400703129744819,4.184619516759001
medium-extension,M,2297.0,1.660632290280692,1.9797790959126407,2.259399539197394,2.5863321798236365,2.9559496908646397,3.3805146992839386,4.251748718685017
medium-extension,M,2298.0,1.6738049188958923,1.9639144389149596,2.240280385497598,2.59250482559054,2.9573921806102668,3.3748659679691495,4.260094358555424
medium-extension,M,2299.0,1.6641188541404328,1.9851554738145554,2.265844222859164,2.5753821634089595,2.941719100610636,3.3832470112728745,4.206852487141423
medium-extension,M,2300.0,1.68612697698726,1.9830971624332112,2.273634703494148,2.5891638651147604,2.934463187271347,3.3971491260689817,4.322244907647584
medium-extension,M,2301.0,1.6687618734183378,1.9715729666547137,2.2752877976876498,2.5797091755418013,2.9485030604460403,3.409286642934013,4.248876151146005
medium-extension,M,2302.0,1.6603146861006084,1.971132047696626,2.266619404813434,2.5818134452332733,2.945751767998995,3.4125265071033923,4.1977837029602645
medium-extension,M,2303.0,1.656395907198036,1.9916608802859996,2.2524204305323017,2.563213702957584,2.9656835384207114,3.411697574783863,4.171322553965203
medium-extension,M,2304.0,1.6463088609536867,1.9685765825664865,2.278736371518878,2.5650004608112025,2.9456579904563234,3.3693039754886156,4.243138432087875
medium-extension,M,2305.0,1.6548088006948631,1.9606087933074101,2.2661716057325623,2.576942806893667,2.948301193633192,3.39757037144758,4.226575714735885
medium-extension,M,2306.0,1.6367225363581503,1.9944806080659672,2.253688790823137,2.5716762346209556,2.9466087472310343,3.366540716547808,4.243393822707494
medium-extension,M,2307.0,1.6364429017191302,1.9733257444279828,2.25271100955944,2.5719993331385704,2.9239535008880115,3.3851970144887344,4.239143860016584
medium-extension,M,2308.0,1.6440198681450435,1.9813519929391874,2.259827475251841,2.5668548414788224,2.9322771413935245,3.3894455847776928,4.235816660166472
medium-extension,M,2309.0,1.628299155812043,1.9950349216541083,2.2558704639288134,2.5931295786008945,2.9436806708515646,3.3856047412343293,4.240902776570979
medium-extension,M,2310.0,1.6301625250518428,1.9884818756390492,2.2424095194651805,2.535237098193459,2.938917944555665,3.3789083745067523,4.2434808977369185
medium-extension,M,2311.0,1.6546480583175651,1.9784359011711035,2.250378190836046,2.5754887361211396,2.938293452556758,3.369971556294384,4.235501593138193
medium-extension,M,2312.0,1.6466596487007528,1.978994310666167,2.24774838280146,2.5705532756616543,2.9434691521542984,3.3745647909287686,4.237063389920704
medium-extension,M,2313.0,1.6460240131083528,2.0131342761425994,2.2504053363273653,2.5685191655911885,2.926422436280727,3.3928557134468256,4.14898017129559
medium-extension,M,2314.0,1.6590115170419755,1.9816238931273578,2.2602248667245406,2.5644979059631368,2.9194960392597173,3.357556179746674,4.244832252542177
medium-extension,M,2315.0,1.6377706699660055,2.0016082089159712,2.241384964945672,2.580570198248887,2.9455135139899586,3.3871169438736355,4.191454190979943
medium-extension,M,2316.0,1.663680089450929,1.9960142030921675,2.2645600486763144,2.5889190442843066,2.9343835271974594,3.4249158385156995,4.173509567982193
medium-extension,M,2317.0,1.6778569825556968,1.9793513570784491,2.2720667953889104,2.5628287663739604,2.9384233728280114,3.423744817377107,4.250618581087095
medium-extension,M,2318.0,1.6566970564941064,1.9813171154724132,2.251758070349789,2.58733657508792,2.9546062906206005,3.421598329963637,4.223949716491472
medium-extension,M,2319.0,1.647202814781665,1.968106972687512,2.252320686165983,2.579020343180401,2.943207324585524,3.4101290203744883,4.182250795911203
medium-extension,M,2320.0,1.6288647497064053,1.9790241232425565,2.2590074706353693,2.5668784687044166,2.9353377053574143,3.396659974839024,4.2197961752355395
medium-extension,M,2321.0,1.639183145451964,1.9692011627720147,2.265889889787968,2.5687281628314267,2.9232120727005286,3.3988675208558616,4.2260983697873655
medium-extension,M,2322.0,1.644114295714817,1.9872090375512297,2.2601858560771078,2.5552152864917232,2.9340126031767593,3.393283538812223,4.317158295347066
medium-extension,M,2323.0,1.630607500969596,1.981237242779092,2.248797794164649,2.5593815569829412,2.925851968220448,3.4249938925971266,4.345939926723322
medium-extension,M,2324.0,1.6532862049526837,1.9650213942099073,2.259085178393497,2.56853229255594,2.938971568987403,3.4352625292377326,4.30816312408481
medium-extension,M,2325.0,1.6652074928815601,1.957677230331047,2.2564730782180025,2.5655346964608086,2.9219698421271434,3.427513550478752,4.30851884296688
medium-extension,M,2326.0,1.6574546886096406,1.9683989770698855,2.2531162558718028,2.575767993479352,2.9202474445339446,3.404300046434877,4.266895113014169
medium-extension,M,2327.0,1.6483194275532074,1.9633562758031486,2.259691101447651,2.5588241945537384,2.9300556715711243,3.4207912680846184,4.299755233183066
medium-extension,M,2328.0,1.629218627024349,1.9801852053258395,2.250279777703661,2.5652066111301166,2.9267999120365156,3.4055150464823414,4.3236302839370655
medium-extension,M,2329.0,1.6451878034685987,1.9978083032181966,2.2529467738884668,2.5626207853509837,2.941092861999561,3.427772084244073,4.264468715682459
medium-extension,M,2330.0,1.6313830413749206,1.967880522231882,2.2587480416807466,2.564732964918248,2.9389312184286247,3.4192431053075913,4.2906887502369555
medium-extension,M,2331.0,1.6253624264002255,1.973985742792049,2.2628841085086737,2.5846675867403546,2.939041208884734,3.408737061675639,4.256139332604082
medium-extension,M,2332.0,1.6537299446794014,1.9731899213852486,2.2551115764784795,2.5799492902893495,2.92711753391159,3.411805018595843,4.311945754484294
medium-extension,M,2333.0,1.6672078206402645,1.9655140443621049,2.259288313315811,2.5521804258470264,2.93216901367135,3.4040270269025874,4.3058445554815306
medium-extension,M,2334.0,1.6408824792318584,1.976164228907904,2.2649969040634157,2.5785301996983914,2.9165980244152094,3.3868640711735245,4.303748412625603
medium-extension,M,2335.0,1.6487900200863352,1.9947923296758825,2.2514531010613412,2.573055514228361,2.9328524751917207,3.3730602835868493,4.319303719434057
medium-extension,M,2336.0,1.6472765871271473,1.9723540318873276,2.272489695015088,2.565073608038422,2.9335940223507593,3.4070591666591623,4.349870928656491
medium-extension,M,2337.0,1.6513373217634295,1.9626124878152675,2.241193604101705,2.5741674274661235,2.915889334203669,3.4179396300050318,4.2909947766791845
medium-extension,M,2338.0,1.6398536701070774,1.9844147666447278,2.244987405473272,2.5433636908408697,2.914808223735371,3.435201046789864,4.245680478802828
medium-extension,M,2339.0,1.6237153899021848,1.9668943297115,2.248393589198519,2.575164992877098,2.9216309503056364,3.421912761553841,4.286963929646035
medium-extension,M,2340.0,1.6461820976462846,1.9754239697050118,2.2298507455705154,2.570790425704169,2.930268912122337,3.41380748072661,4.266276775609133
medium-extension,M,2341.0,1.6502847575569062,1.9707244470991065,2.249393286872532,2.5800123407460593,2.9273397476878396,3.4221726471597536,4.302915191316363
medium-extension,M,2342.0,1.617055544301095,1.975502118433122,2.2363695719778844,2.582192268462264,2.944133538822838,3.4172174676332037,4.285572336707512
medium-extension,M,2343.0,1.6733162783117919,1.9892864442094456,2.2577251744215867,2.5659584510659204,2.969459058650673,3.406436903425954,4.334580512039577
medium-extension,M,2344.0,1.678571840140646,1.9753380949543886,2.2633116197634244,2.5770664227180347,2.9452425233716353,3.4056951325401283,4.292764882734202
medium-extension,M,2345.0,1.6199628095076042,1.9819702822340226,2.259790725166696,2.588141113292468,2.954478357640524,3.4231595604638434,4.323124628364082
medium-extension,M,2346.0,1.6430556984924278,1.972030812228599,2.2564194526979784,2.563860732680645,2.9411535183456947,3.410117605377606,4.289482838000497
medium-extension,M,2347.0,1.6488643962843452,1.9659834210757092,2.2345650039021767,2.579297642903621,2.9545875253710223,3.3963506935103047,4.267648276272975
medium-extension,M,2348.0,1.6424226525373533,1.9815271176185318,2.255843586309747,2.5899605273489965,2.9501963121580763,3.410993733358874,4.33349141290818
medium-extension,M,2349.0,1.6484091958893707,1.9817985199491843,2.241444837679747,2.5809556569229386,2.9288582720079743,3.422481135587795,4.396103772017548
medium-extension,M,2350.0,1.6470255389077721,1.9760017773965544,2.2469969896761923,2.563828951208808,2.9354684936532314,3.404951295783703,4.356893843951638
medium-extension,M,2351.0,1.6520799474291081,1.968659391867368,2.250306093197402,2.543187948573609,2.9242028607879225,3.398124280661589,4.313236549491081
medium-extension,M,2352.0,1.6631615223898892,1.963637016783496,2.2477313628002027,2.568841716736716,2.9578153534945426,3.4180612294064394,4.3343228280766075
medium-extension,M,2353.0,1.6320870687180091,1.9644450903057116,2.2586241989342186,2.582746553784092,2.92200447930252,3.4062440339574156,4.35330970286159
medium-extension,M,2354.0,1.6208765243693397,1.969489782771323,2.2757290742811223,2.595994323660778,2.9241421164481327,3.4218932762852656,4.374568667038228
medium-extension,M,2355.0,1.618421600605222,1.97874793423036,2.2569672018899545,2.5659138591637753,2.93927321869022,3.432095378513223,4.303873375144585
medium-extension,M,2356.0,1.6341882116848867,1.9689940401541424,2.2378166851785233,2.5601157736409466,2.9391176700907833,3.4661524364748093,4.3251662642794955
medium-extension,M,2357.0,1.631127968127724,1.9732034812020929,2.2516302430786537,2.575909872733799,2.94295770748949,3.43222829207093,4.325186548319013
medium-extension,M,2358.0,1.6552297127587836,1.9770036439444427,2.2490351924659544,2.5504237952673146,2.9516974423091176,3.4442310138636683,4.292747696369675
medium-extension,M,2359.0,1.6442830590331037,1.9601978780771898,2.253125723922976,2.576079513329322,2.954837477727834,3.4326196481769204,4.310424116420779
medium-extension,M,2360.0,1.6428479502663302,1.967499335818252,2.256716865277454,2.59277501326678,2.9640444598613582,3.4266797505606865,4.3473973336807665
medium-extension,M,2361.0,1.650774941892694,1.9777567089938972,2.2543178239846187,2.572922927843743,2.9502960437769152,3.407101181162385,4.3585786172374865
medium-extension,M,2362.0,1.6275941969173748,1.951243241068426,2.2535180366401852,2.5961364772049746,2.938831266100223,3.4298369539899127,4.345762452966423
medium-extension,M,2363.0,1.6126153671515049,1.9671210881469776,2.249663931576513,2.5790497434860136,2.9318679140009385,3.4436619675301845,4.420062818269805
medium-extension,M,2364.0,1.6483974999302595,1.9496859535876576,2.2427869977436634,2.5672216600027467,2.947300633327017,3.4219878846739533,4.299755692362949
medium-extension,M,2365.0,1.6438597310677727,1.9746795903425436,2.258293000266288,2.588989983392583,2.9649161782704923,3.4394572897706346,4.3743099198274695
medium-extension,M,2366.0,1.627278203845717,1.973339377001651,2.264414823795046,2.5821179413945803,2.9599457657799615,3.445365793106262,4.384903549538213
medium-extension,M,2367.0,1.6591702230292125,1.9603852857146837,2.2364324102675335,2.5653900813733665,2.9420954534438564,3.44961588007599,4.374188240329055
medium-extension,M,2368.0,1.6185712568184654,1.9734295065856144,2.242024562126263,2.570875361353687,2.950772741780592,3.4353406261257033,4.288271959471642
medium-extension,M,2369.0,1.629969645599518,1.9532564365000917,2.23543333518852,2.5643960378001243,2.9333027622455123,3.4255520513145568,4.278114293289009
medium-extension,M,2370.0,1.6137200225117683,1.953347551364762,2.2490238718857682,2.574781438986837,2.950393584318024,3.4274322503008583,4.289342490648625
medium-extension,M,2371.0,1.6181641164433682,1.9601837908165378,2.243842622484599,2.5750336373014484,2.9499851219620203,3.4054175803158158,4.261423250122907
medium-extension,M,2372.0,1.6367272405803002,1.959263026883742,2.2367954753801973,2.570601895702295,2.94021738910166,3.4430099792496467,4.267233746719327
medium-extension,M,2373.0,1.610328646256126,1.9586783651918425,2.2410642562743837,2.581473177955913,2.9550704069286455,3.4192656359037765,4.339236697451142
medium-extension,M,2374.0,1.6307077529777074,1.9534009830802304,2.233006194723008,2.5682996293245424,2.9536929322103855,3.4539702485615744,4.2963359843274675
medium-extension,M,2375.0,1.6193974133587792,1.9659431770815388,2.2289586606858034,2.554308021115461,2.9409426543949446,3.4405733830923815,4.311826640881413
medium-extension,M,2376.0,1.6367148304969255,1.9485379023637648,2.245447561520873,2.5883083807083356,2.9471388817888444,3.4232680605849604,4.2977872513551105
medium-extension,M,2377.0,1.6655843448313654,1.9475384003448613,2.2516511714059337,2.5738899991996793,2.9349741871040296,3.448204264167046,4.346491037021782
medium-extension,M,2378.0,1.6611417790765584,1.9331909424008267,2.2421188639357976,2.561324891399156,2.937368021985458,3.4540252651654177,4.281903871439273
medium-extension,M,2379.0,1.645307136050278,1.9593536274744674,2.2258225068030413,2.550923802312739,2.9229077638286296,3.4319093191295,4.321063319386397
medium-extension,M,2380.0,1.6187912006271181,1.955204067110625,2.241488837463319,2.576602213611623,2.9322792263942006,3.4126440127696998,4.343559057463119
medium-extension,M,2381.0,1.620867173298547,1.9530636112810869,2.241649675258981,2.564664300702127,2.9421677337026373,3.430185617768695,4.275184776387244
medium-extension,M,2382.0,1.6266357327705263,1.9584187115149663,2.2435342788483,2.5756316344189005,2.9343151838228256,3.4221845332211336,4.280133625910752
medium-extension,M,2383.0,1.6424527350957676,1.9580238571222193,2.229769930229414,2.5642789638868444,2.9553738301299433,3.4231527573635123,4.313997791036039
medium-extension,M,2384.0,1.6443246365396114,1.9641717257879292,2.264699832599698,2.5684401396257432,2.941709783536799,3.4120992245380775,4.3527050891838375
medium-extension,M,2385.0,1.654043319426141,1.9694529550937243,2.2650214122373096,2.571011533045078,2.9503800746424647,3.4238987553135343,4.331118223235688
medium-extension,M,2386.0,1.6447911656052225,1.9401667992486433,2.2628130761342358,2.571496621552932,2.9379987992492733,3.411876002958906,4.2828760052377
medium-extension,M,2387.0,1.660768576192285,1.978545883521051,2.251896788547976,2.564836264789551,2.942800413591875,3.390906492729269,4.282621296896242
medium-extension,M,2388.0,1.648535246894738,1.9452971141618465,2.2410310543900795,2.5841493618354483,2.9544174584870007,3.4187084054231764,4.299908405097988
medium-extension,M,2389.0,1.6354423648000236,1.962229434240074,2.2466788068164236,2.5891511623847694,2.9658109176023473,3.4305282524347156,4.308315341112504
medium-extension,M,2390.0,1.6545587865713993,1.9756092904015896,2.245692312769252,2.590882419176278,2.957792704115055,3.424624402318122,4.335721258000032
medium-extension,M,2391.0,1.6248534686899754,1.9604133343646513,2.2768338673157826,2.5795715570849556,2.9176279858261247,3.4584897703789017,4.3437142788717615
medium-extension,M,2392.0,1.6398596368777711,1.9661730534710486,2.2613118480583942,2.576274186427691,2.9365559450414627,3.4304782248983003,4.364786220138711
medium-extension,M,2393.0,1.6800197678263902,1.9600456427640716,2.252248849279636,2.571918855362605,2.931325769996276,3.4438532378241273,4.351763878738421
medium-extension,M,2394.0,1.6360690269758476,1.9559311954695693,2.2650502286242107,2.5579454213026493,2.9280099594557667,3.4223278830693187,4.36404696357275
medium-extension,M,2395.0,1.629322459585159,1.9680945079457672,2.2382346591159945,2.580033926756632,2.954590931727918,3.445208041317872,4.357693657627477
medium-extension,M,2396.0,1.6276704955340546,1.9631803678369677,2.241010319151639,2.5866334688470802,2.963924555998837,3.4236517603297556,4.325870972730493
medium-extension,M,2397.0,1.6265337793051147,1.9588910458951851,2.23671679093208,2.568870288125472,2.949423625431589,3.4578247952144916,4.307315218021318
medium-extension,M,2398.0,1.648627135840431,1.9483957340734255,2.222209467458333,2.569364016099025,2.9569347162538873,3.4354348449607524,4.279921201901118
medium-extension,M,2399.0,1.6324665242659795,1.9525869097525557,2.240841265378784,2.5621407136165164,2.937343210038486,3.432674460076688,4.336590156589631
medium-extension,M,2400.0,1.647387212599785,1.95729887920374,2.250882143546981,2.5522612010674806,2.938671122964352,3.4264770502278785,4.30820818372373
medium-extension,M,2401.0,1.6545693070364345,1.9496205674912417,2.2377736544322073,2.5881550919891243,2.9264921572308005,3.423121519165594,4.331727745837798
medium-extension,M,2402.0,1.6405566778441785,1.969241885240837,2.2340440931534458,2.545686515908029,2.9262404934134536,3.4154909544858736,4.293391679158968
medium-extension,M,2403.0,1.652784105000317,1.9388603643726352,2.245391082135267,2.568114481978751,2.9232940021434812,3.4270906776613326,4.316048385053625
medium-extension,M,2404.0,1.6400434273530853,1.9510903777498414,2.222529911871814,2.5870244749844136,2.924744470400148,3.4194403957436807,4.279832164329415
medium-extension,M,2405.0,1.628665152873468,1.94944772358329,2.2410042943205593,2.5663442118795277,2.9358158875590923,3.4441676465572617,4.3186669740849375
medium-extension,M,2406.0,1.6043368171834813,1.9613757007320418,2.2416250978620855,2.5931099383804592,2.935218096867241,3.4391442356234636,4.321450518688988
medium-extension,M,2407.0,1.6382992539465158,1.9677584676744677,2.2332276767172545,2.5847550311809893,2.9473887470989193,3.457175613843261,4.30897563878344
medium-extension,M,2408.0,1.6342166746515345,1.9474357702606264,2.2253392322978636,2.5674707148040485,2.9424573367213367,3.4271384171950725,4.363006072794228
medium-extension,M,2409.0,1.6412081719243594,1.9539819711591666,2.2531884965420463,2.570537819550292,2.944676284997663,3.418114626268497,4.360922379337514
medium-extension,M,2410.0,1.6631054624160888,1.946447886557905,2.2317913380670484,2.5577173951270153,2.9704818513243,3.4160696248334217,4.3456106841498885
medium-extension,M,2411.0,1.6090711676612963,1.9502287742077182,2.2260892674600745,2.561872568836673,2.9375015571888703,3.414815824698559,4.3613296586713055
medium-extension,M,2412.0,1.6213326772887349,1.950805420015037,2.2347571233596857,2.572318013105875,2.9299651980694237,3.4523963231275236,4.371190609227975
medium-extension,M,2413.0,1.6111715729237075,1.9675227405748623,2.231651804068566,2.556587999178551,2.947062447539639,3.4064583164684716,4.362657161325089
medium-extension,M,2414.0,1.634621034869901,1.9426946644908756,2.2350103011388964,2.562448570859193,2.9595005940092043,3.4111021481555133,4.359859969081008
medium-extension,M,2415.0,1.6272661507475812,1.9445304043919878,2.2429940239516193,2.5645404717737326,2.947554324187541,3.406621677815767,4.336738120546917
medium-extension,M,2416.0,1.6405861038647185,1.9625921256934413,2.217415921924287,2.587065150777761,2.929133949266239,3.4209581753881033,4.2819940966512835
medium-extension,M,2417.0,1.6530782283645362,1.9568911430079579,2.217859804470414,2.5324992660768864,2.9330771350570237,3.430163809608194,4.354623033924736
medium-extension,M,2418.0,1.6553565200912537,1.951075029225032,2.2407783256967244,2.540849245910274,2.9418729494063642,3.473833181971838,4.333486786221723
medium-extension,M,2419.0,1.6298901383499396,1.957265767468088,2.2267352600588666,2.5271901900182927,2.936494092987475,3.4463967898985017,4.315292767340972
medium-extension,M,2420.0,1.626982750989902,1.9540196766017017,2.2086945475615463,2.5541654995003946,2.9533119295688044,3.4546068972830946,4.317977773237275
medium-extension,M,2421.0,1.6138113584715421,1.9534178962793076,2.220017019181348,2.5659352699400086,2.9441679440640547,3.426619901198532,4.345790948624556
medium-extension,M,2422.0,1.6170105992257888,1.9445817394615856,2.2280519843970272,2.547910460181308,2.945597794449349,3.425374310393734,4.36782474362252
medium-extension,M,2423.0,1.6350293772199371,1.940378666633763,2.247841134849282,2.5600823609724657,2.9177084832905185,3.4420710684412956,4.34358404573909
medium-extension,M,2424.0,1.6387703215833784,1.955503935697225,2.2143842171279005,2.5596498776474546,2.9113872623874464,3.4174548315195636,4.349338217005466
medium-extension,M,2425.0,1.642902073037617,1.9556739681801216,2.2303270217307283,2.5536112047045822,2.9391660887240003,3.4415702939370103,4.360675957373686
medium-extension,M,2426.0,1.6235262201441214,1.9343557785971743,2.219484739133622,2.5547243224924254,2.9484743016330572,3.446411551637065,4.273190862585045
medium-extension,M,2427.0,1.6034492793728192,1.9327134629863378,2.2324029795629228,2.553435704763702,2.945122618850718,3.4439055224536523,4.326825333076631
medium-extension,M,2428.0,1.6144010386773453,1.929391873223899,2.232497377454785,2.5521795409200476,2.958071057127789,3.44393992123292,4.290700083301871
medium-extension,M,2429.0,1.6492347923808945,1.9492585602864776,2.244001766508679,2.562587021800639,2.939034997301792,3.4352867972396406,4.298426537292171
medium-extension,M,2430.0,1.6309127710813234,1.932740609925841,2.2413200773830004,2.5678282551565745,2.950814163938148,3.442706895155167,4.304608457685285
medium-extension,M,2431.0,1.615787118138843,1.9178026737509044,2.248826284442948,2.561401573910905,2.9409605144033,3.4171653122589953,4.3279022618864955
medium-extension,M,2432.0,1.6158531204563387,1.935951260580622,2.2271945891640716,2.5455314590112454,2.947582523568642,3.4527390808334375,4.333894862862608
medium-extension,M,2433.0,1.6051744514785067,1.943224913149408,2.219794737776111,2.5357284793847548,2.9337418268049316,3.4519025790676823,4.353446948081726
medium-extension,M,2434.0,1.6347889278323453,1.938244923380508,2.2241077729406413,2.560947665049081,2.930344585103975,3.422946623847962,4.325797999241549
medium-extension,M,2435.0,1.623312911906172,1.9616244928308175,2.2029545582033494,2.5553439952128225,2.9444443133453033,3.4558674854934814,4.31294283590943
medium-extension,M,2436.0,1.6415338385435219,1.9293769950962278,2.2190430408707176,2.5478277206300133,2.952407104852875,3.443888115680915,4.264929545320593
medium-extension,M,2437.0,1.6116220945170538,1.9309575635575986,2.22280885812764,2.563561939308145,2.9376960616499708,3.433101489292332,4.357263591128998
medium-extension,M,2438.0,1.6202858526680324,1.9188536622017736,2.208511691901582,2.546825569935319,2.9311740752076547,3.445009128542227,4.358508304352292
medium-extension,M,2439.0,1.6051039397972924,1.9405220933533187,2.2328791384171423,2.5377722104062346,2.926249908143435,3.4513268893122193,4.309260859705347
medium-extension,M,2440.0,1.603044569255242,1.9349223075112634,2.214159838872016,2.5226858758413284,2.9387175379219053,3.41599945021029,4.363100195755813
medium-extension,M,2441.0,1.6132729337495164,1.9387994772800121,2.226284996188517,2.552809115394922,2.903368484718181,3.399166011967374,4.41122588947155
medium-extension,M,2442.0,1.640367919970631,1.9439214093819388,2.214466995162836,2.577349877141265,2.9168115730110475,3.4256040950704953,4.341026078662903
medium-extension,M,2443.0,1.620263960818718,1.9230595756381763,2.2321015167517313,2.5688559577323815,2.909471667779757,3.4288638246004908,4.324338890432236
medium-extension,M,2444.0,1.6319232142608449,1.9401854779627357,2.2271455719331694,2.559494760751268,2.9158117846878806,3.4341758811895495,4.33523521225197
medium-extension,M,2445.0,1.631174932419014,1.9438460465661715,2.2308168296352817,2.5397981803475105,2.9333724429179786,3.428990937513414,4.330511158611834
medium-extension,M,2446.0,1.6275057377825455,1.9408413666083657,2.2293825152914772,2.547172478780464,2.949174054733909,3.4254473570751243,4.354301762558525
medium-extension,M,2447.0,1.599494012810537,1.9428407555419034,2.2313982378227424,2.561261153073892,2.935253879120374,3.4423288461059056,4.352944174280454
medium-extension,M,2448.0,1.6424328348893242,1.9321879322491913,2.2328539119370276,2.5717692211620906,2.9485521609863046,3.461219016161633,4.361176514384986
medium-extension,M,2449.0,1.611566206344976,1.9317623757227607,2.2293385292532637,2.5492737660653098,2.9450369157590326,3.426575564521134,4.363443812574417
medium-extension,M,2450.0,1.63485801364843,1.9575372780857994,2.2482384038648617,2.5452370270344624,2.927512221812016,3.430363019721677,4.275782292508712
medium-extension,M,2451.0,1.6304373675830488,1.9341928381140057,2.2454525748225214,2.53018610686632,2.955879231434492,3.413137351155455,4.356468386862943
medium-extension,M,2452.0,1.6301963697803956,1.9322664534455256,2.22108915571484,2.5233069989015897,2.926815604066346,3.4247260204144014,4.320652800532252
medium-extension,M,2453.0,1.632850669626855,1.921850599259366,2.223294534061505,2.557686696878369,2.9419669727827213,3.4327114562423904,4.341141290339821
medium-extension,M,2454.0,1.6354150196866362,1.9464383150081603,2.2277458858624137,2.522048707447356,2.9252455484054476,3.4409609861187316,4.37407536488299
medium-extension,M,2455.0,1.620162613610082,1.9404863265647776,2.2268471400725853,2.5301415967013003,2.9404098600191344,3.44209347975751,4.37738408990305
medium-extension,M,2456.0,1.5942516960446351,1.9371215999148346,2.21456648469343,2.5541315364645243,2.950787041707394,3.4282479570214752,4.369320230954184
medium-extension,M,2457.0,1.6103223786683083,1.9378084908317885,2.2311068255270916,2.5426456595521447,2.9385876873804078,3.432875159098837,4.3930587802566885
medium-extension,M,2458.0,1.6104322995149616,1.9250741533494868,2.2102581292017494,2.543722454124704,2.921988044092088,3.4244308236875645,4.371602549262527
medium-extension,M,2459.0,1.5978249044735793,1.9450473587641122,2.231096006053742,2.546930830370737,2.9186894634491867,3.4528608996502768,4.334123863039297
medium-extension,M,2460.0,1.6251475589265731,1.9250080728323233,2.2264774370671327,2.5458068130543583,2.9066689304055635,3.4466186419957197,4.323513254242074
medium-extension,M,2461.0,1.6267584027509918,1.9417327964216209,2.222361699677362,2.534356750325802,2.8991490406713973,3.4341433633466196,4.347526267313702
medium-extension,M,2462.0,1.6515533554772692,1.9423424409340444,2.2248400402740756,2.5273972621157164,2.918353037457133,3.435858429505998,4.317484166029925
medium-extension,M,2463.0,1.6195172508996698,1.9539659142108774,2.225486632271053,2.5632996951845755,2.9220578273499913,3.4462663814953567,4.384648733952089
medium-extension,M,2464.0,1.6253534571285253,1.9392541730888857,2.2318398208490176,2.5614008882820793,2.9045644613938464,3.439058740059327,4.3829643788914865
medium-extension,M,2465.0,1.6222435571545417,1.9525740979992758,2.2271454635259618,2.5422876397859206,2.9234843616103627,3.4486956107139095,4.38113472225904
medium-extension,M,2466.0,1.6037547691716076,1.9483948688553585,2.2361417488567614,2.531065759589767,2.9182659063358476,3.434609343367341,4.36463394136786
medium-extension,M,2467.0,1.6369453733708612,1.9422566708698579,2.222793615626451,2.5610968606823046,2.8954847073963124,3.43650543730824,4.33944208626789
medium-extension,M,2468.0,1.6108687291189276,1.953765122347436,2.2248204549524675,2.5568259259684796,2.9153886679612437,3.4462682180188327,4.377305046806885
medium-extension,M,2469.0,1.622554107072486,1.9589906279576548,2.2259039258977005,2.5416073530664787,2.926244387035506,3.4421468329748643,4.367495108690769
medium-extension,M,2470.0,1.5966271255452982,1.9421252978575856,2.232446403808141,2.5539660254650887,2.926128188073938,3.449165181356024,4.368478005707557
medium-extension,M,2471.0,1.6112467590905462,1.9064520623671188,2.234327537056183,2.547596553805609,2.9102661737490885,3.4534933800499688,4.353336670793103
medium-extension,M,2472.0,1.602928627692054,1.9043370407540658,2.2263850611127864,2.5233107583194583,2.920032309338634,3.4555706815479517,4.361840188295689
medium-extension,M,2473.0,1.599484570333411,1.94041867361787,2.2295718200147645,2.528045348593926,2.898408822848359,3.4534821581214277,4.356388226279244
medium-extension,M,2474.0,1.5981018636874476,1.9285035279923344,2.215113955143613,2.5220733486581413,2.910593999980611,3.4317832481832844,4.393244111560357
medium-extension,M,2475.0,1.6050342364091488,1.9059999005469095,2.2362105428510946,2.5460704921615367,2.920911334591573,3.435402693631352,4.388153864406168
medium-extension,M,2476.0,1.6380977123653155,1.9136599866267399,2.2149114426268177,2.5457090111192917,2.909943247292128,3.4410056967552967,4.368756004280202
medium-extension,M,2477.0,1.6066659578678153,1.93749147241692,2.2272868416969005,2.550660264852407,2.9263305402642388,3.43556431889792,4.341385506221455
medium-extension,M,2478.0,1.624810923206006,1.9163980723705338,2.227844374061267,2.538448851598782,2.9138805546276147,3.4207117245301704,4.33613271908384
medium-extension,M,2479.0,1.6107414606859738,1.929948356876994,2.224925268156929,2.553845430125572,2.926349351526964,3.431577930533118,4.361571874534235
medium-extension,M,2480.0,1.6410631398256266,1.9388491373243626,2.2401339380755214,2.5594997612526753,2.9099625482889024,3.4337997385019774,4.3228201907020924
medium-extension,M,2481.0,1.6329645331949825,1.9347568411366138,2.214479814387218,2.556520677708502,2.9287717648729945,3.4444299009566697,4.349641918124725
medium-extension,M,2482.0,1.6070835853575445,1.9333473205414713,2.2173677805472396,2.54649551349558,2.9324256367082104,3.4464858743153766,4.37810452417529
medium-extension,M,2483.0,1.6139046019416086,1.9213007853707063,2.2353817835341356,2.570932198431826,2.929941991133355,3.4219459642017402,4.318391167657973
medium-extension,M,2484.0,1.6301280143584007,1.9229063623609146,2.231513797541464,2.5676198691623493,2.927380487823225,3.437621733794509,4.367430139252307
medium-extension,M,2485.0,1.6136450745535966,1.9477964598886712,2.235959873457621,2.5637700576824067,2.9216594553411355,3.4004882026208247,4.423720367625057
medium-extension,M,2486.0,1.603901434749838,1.9334411061094223,2.2286941602843537,2.560175878963709,2.9425080441863036,3.426087071111012,4.364430139280544
medium-extension,M,2487.0,1.6403483554656584,1.9279489980049234,2.2241226348061467,2.551205025171193,2.9199661985224408,3.4337713304920663,4.344087604616352
medium-extension,M,2488.0,1.6479958160832078,1.9224270458685724,2.2294044429920037,2.5489240244100446,2.909598606463187,3.4528607627640553,4.362369664188346
medium-extension,M,2489.0,1.6097400914304463,1.903716602188384,2.216443068230131,2.56480132667185,2.8916032045443454,3.4262678022373163,4.354986667574524
medium-extension,M,2490.0,1.6129035546363175,1.9265953982129804,2.217647461862234,2.5544082534500037,2.906178483706678,3.4405302897319596,4.410877882582397
medium-extension,M,2491.0,1.6383434773466816,1.9113395438711547,2.2282529050970656,2.538813371872098,2.9051108337765608,3.4622610600912056,4.4248639302012585
medium-extension,M,2492.0,1.6368209009612034,1.938103444762097,2.212090323144323,2.5563603252549836,2.9119230775381504,3.419702624573744,4.399304828320232
medium-extension,M,2493.0,1.5947645050951447,1.9400726833785087,2.221332785067096,2.551631233192165,2.9199944342451682,3.4384612149340876,4.42568002196781
medium-extension,M,2494.0,1.5975785025907239,1.9215385958970115,2.21259939977829,2.5602324848587323,2.930730947926081,3.4436242330076716,4.417277338141018
medium-extension,M,2495.0,1.6137469381767156,1.9112144434557006,2.2116619879931294,2.559056669229259,2.920300534671426,3.3913990898612516,4.389549850397268
medium-extension,M,2496.0,1.6199190220018138,1.944220056800223,2.2269781019710657,2.542336189741957,2.9125395040500375,3.4321370980197345,4.416515712080956
medium-extension,M,2497.0,1.5963059383447455,1.9330636064421145,2.227581238028652,2.5248250646170307,2.9164433571039736,3.414748579064816,4.446196820676515
medium-extension,M,2498.0,1.5975974394235974,1.9213621194084491,2.2116038255827637,2.531857193888487,2.907444879264071,3.4248044456097797,4.393569487488088
medium-extension,M,2499.0,1.6364543654391948,1.9330814743640972,2.205093880829921,2.5291336692200566,2.9156193342517,3.4158590056114155,4.400036641132554
medium-extension,M,2500.0,1.5805473895045838,1.9345325830715423,2.2107098109244734,2.527062596553783,2.945486058017711,3.4269196715824015,4.398831906861746
medium-extension,M,2501.0,1.6124289140898638,1.9254247830008775,2.2141224985270407,2.534181242687998,2.914652727331435,3.4195266407906795,4.354380061767872
medium-overshoot,ML,1750.0,-0.06145554960093431,-0.034896936429715926,-0.018295214815376288,-0.004735450602732081,0.008157523048063121,0.024785230425128757,0.05045641587145824
medium-overshoot,ML,1751.0,-0.15904593886645593,-0.08638050104720064,-0.03792366162985971,-0.0027074510361946766,0.0316489797751062,0.08142343031519357,0.13970833444537217
medium-overshoot,ML,1752.0,-0.1533898106141891,-0.09045333607540806,-0.041061890985091186,-0.0009228712446998771,0.034759051500551204,0.08100468613305602,0.1514587535390954
medium-overshoot,ML,1753.0,-0.16835356392889628,-0.09670172115908685,-0.044498700446575355,-0.0040056357320740685,0.033848677960243004,0.08860005916645886,0.18613710176771456
medium-overshoot,ML,1754.0,-0.18001564670242545,-0.09575429513257218,-0.038896384817036056,0.0033262003761826836,0.04078257495811429,0.09466535798177106,0.1725134370609597
medium-overshoot,ML,1755.0,-0.16364956013535253,-0.09867734072900976,-0.04179829264502712,0.0011996850504047097,0.040269694075443105,0.090899763013993,0.16836830473213993
medium-overshoot,ML,1756.0,-0.1798300764109753,-0.101721653974393,-0.051609266285972774,-0.005695314432520873,0.03460735335734901,0.0915324384426881,0.16671978546470356
medium-overshoot,ML,1757.0,-0.15912826416225867,-0.09637184485699515,-0.04538899523805821,0.001752553550912573,0.04104506795034364,0.0876625105340148,0.1597841510094535
medium-overshoot,ML,1758.0,-0.17011631888677625,-0.09248601470311703,-0.041856099040776806,0.002149150412867812,0.0404270284392947,0.09497744914681597,0.1841938083774722
medium-overshoot,ML,1759.0,-0.1659565880418652,-0.0897365441720844,-0.044798814653763175,-0.004375310319709199,0.038580803487971715,0.09436902425637243,0.16229025395931038
medium-overshoot,ML,1760.0,-0.17712075954100562,-0.09479387760452886,-0.042589008903893104,0.0007556718918060347,0.03736697854847021,0.09132940273818344,0.1638187113428119
medium-overshoot,ML,1761.0,-0.1690423866951435,-0.09135249307807809,-0.042162855371239885,-0.004991990673789252,0.030463852937201354,0.08511191142355248,0.16148380668877835
medium-overshoot,ML,1762.0,-0.18582663676078265,-0.10964968350587236,-0.0521636871696915,-0.009570963130130585,0.03694544129006859,0.09075940213748404,0.15126730423966406
medium-overshoot,ML,1763.0,-0.17815967973899896,-0.09710714058201259,-0.04900012018218945,-0.0019063999422822032,0.03922906995805869,0.09393812520454196,0.1863803134317173
medium-overshoot,ML,1764.0,-0.17414958964150842,-0.09154655660136048,-0.03795049078163298,0.0029275577205000597,0.034853609952490414,0.08719027910570572,0.18206571278915082
medium-overshoot,ML,1765.0,-0.17492790123999472,-0.10062197440230733,-0.04092070716924046,-0.001830520920383355,0.03162856452684089,0.09001062780502637,0.1623686953750424
medium-overshoot,ML,1766.0,-0.1921122562520786,-0.10962218161102198,-0.05241029210380821,-0.011584922124776374,0.026706993956415705,0.08922558136144268,0.16357451265433606
medium-overshoot,ML,1767.0,-0.16748155972294435,-0.09915360847661797,-0.049434991060672784,-0.0071101101078690915,0.02736543289647952,0.09091395963419631,0.17052183893078676
medium-overshoot,ML,1768.0,-0.1836421917455269,-0.10286057883944671,-0.052684201393541574,-0.010209359212417161,0.035904762100147446,0.09671755873145882,0.16617218411805357
medium-overshoot,ML,1769.0,-0.18622480942423317,-0.11003800161240855,-0.05661117313655334,-0.008357672572085854,0.03601753262841657,0.09061008444473975,0.17020376603422174
medium-overshoot,ML,1770.0,-0.1727725909662366,-0.09706292315745534,-0.04904214133297597,-0.008544388663803915,0.03366648927705902,0.08500546998015766,0.1779163518710351
medium-overshoot,ML,1771.0,-0.18500680679680054,-0.10345697033871198,-0.04971437039618109,-0.0059623797146969235,0.03609509533527642,0.09420216729079148,0.17284904149143504
medium-overshoot,ML,1772.0,-0.17051911980637874,-0.09274906927603242,-0.04411409129878027,-0.0017928873619980912,0.03390214558673654,0.08219882440158728,0.1610346942745144
medium-overshoot,ML,1773.0,-0.17138343812208998,-0.0966347179118048,-0.05096264959627484,-0.0019098118170953228,0.0369459442206579,0.08327256211584767,0.1631639832477675
medium-overshoot,ML,1774.0,-0.1746694682501072,-0.09898086835154635,-0.04165519478063434,-0.003947267333629684,0.034835074488816016,0.09269897533119231,0.17273199110125242
medium-overshoot,ML,1775.0,-0.1591887545423818,-0.09227236427890377,-0.040943413292597895,-0.002185533750674675,0.03225658985342669,0.08528411700369085,0.15206024285158823
medium-overshoot,ML,1776.0,-0.17630643114283065,-0.0967159875945331,-0.03918044728532275,-0.006033489125290184,0.03230230808174343,0.08630913961860588,0.16644644794859487
medium-overshoot,ML,1777.0,-0.1879755497216688,-0.10135684792359456,-0.051550402360303185,-0.004608895541525762,0.03707089236979677,0.09922068235274671,0.17199334416256593
medium-overshoot,ML,1778.0,-0.17506032158557513,-0.0942408215398326,-0.039654672487342224,0.0013372271518951612,0.037284610515788255,0.09782319104623022,0.17883022829255152
medium-overshoot,ML,1779.0,-0.17756079557561485,-0.08997389669760855,-0.04328108494815326,-0.0022696273286931887,0.03917595913962473,0.09245870257649776,0.1858643004544078
medium-overshoot,ML,1780.0,-0.1707929823919732,-0.10121668033636476,-0.051984587332261536,-0.00983666065063039,0.02937820108141564,0.09123627962525466,0.175376101443317
medium-overshoot,ML,1781.0,-0.17116459871222175,-0.10111291332018378,-0.0490562143913531,-0.007812086391673037,0.03144016437903358,0.09339345534612148,0.16620761791512356
medium-overshoot,ML,1782.0,-0.19018325769611188,-0.10467993440602348,-0.05085621172231331,-0.00835707782731938,0.03296842469908506,0.08857778504902493,0.16902684492477796
medium-overshoot,ML,1783.0,-0.18898873423406576,-0.1010141933412717,-0.05055547890060949,-0.006898221392434513,0.030469894816871037,0.09393882000074359,0.16444588218105294
medium-overshoot,ML,1784.0,-0.18556505628806966,-0.10305165963905966,-0.048783847153628365,-0.0014011722632486668,0.03555537501608855,0.09634887895682989,0.17086774685129902
medium-overshoot,ML,1785.0,-0.18539444921453888,-0.10007133329827123,-0.04950816129901076,-0.00794310884072574,0.033687044615184854,0.0848932937209838,0.15626626880969563
medium-overshoot,ML,1786.0,-0.18870374355187575,-0.10041102065888162,-0.045092433330084315,-0.001805799216165492,0.03734833188584647,0.09108049846045327,0.15427248124859194
medium-overshoot,ML,1787.0,-0.17743767112560252,-0.10093610179211734,-0.04820611430301491,-0.002172325694041142,0.03708668830785437,0.09767112579154243,0.16603343019807376
medium-overshoot,ML,1788.0,-0.17326266007240718,-0.10541460881809725,-0.047486728507695045,-0.0030725899742274215,0.038995028115224456,0.09396147573283663,0.1725863845960185
medium-overshoot,ML,1789.0,-0.17505786768587703,-0.10147178513347162,-0.04756307024405574,-0.005007423132968737,0.03774110858418707,0.10307113757902417,0.1717994877004123
medium-overshoot,ML,1790.0,-0.18205417946211858,-0.09588649004955138,-0.04717915619005838,-0.003823139285487477,0.03659769016577614,0.09930587612122693,0.16901403506058077
medium-overshoot,ML,1791.0,-0.16726105630448898,-0.09834173270268613,-0.040579322687883466,0.0028132147174144695,0.03907703959109807,0.09872984446394477,0.17041680273565363
medium-overshoot,ML,1792.0,-0.18801259862390635,-0.10987727993367179,-0.04804277127172875,-0.00069523039291201,0.0351198046943395,0.09589516154176247,0.16481537805684793
medium-overshoot,ML,1793.0,-0.17597591553667552,-0.10306960005119088,-0.05231295552000664,-0.0015462483971152036,0.03984839708753508,0.0865652805746166,0.1809185462594256
medium-overshoot,ML,1794.0,-0.18895227549719187,-0.10274869937247129,-0.04480402097620828,-0.0022791013246950716,0.04136999307530658,0.08840290761177198,0.17136053102403753
medium-overshoot,ML,1795.0,-0.1676688057653089,-0.09945187812480397,-0.04793259533861565,-0.00578563890832447,0.03069019035025244,0.09228875330214628,0.16409009661940271
medium-overshoot,ML,1796.0,-0.17554970115902374,-0.10167753718616161,-0.04890822640517283,-0.012221120815217857,0.027527334068186984,0.0850213121576721,0.15963407751439115
medium-overshoot,ML,1797.0,-0.18754277065300332,-0.10406271592432252,-0.050597245600674065,-0.004473266511946671,0.03660535786582024,0.09079160347568008,0.16917754755492964
medium-overshoot,ML,1798.0,-0.18398977992283116,-0.11138078460615009,-0.05746258681675716,-0.013304304402619163,0.027180848626440126,0.09235226654857444,0.1650119178750898
medium-overshoot,ML,1799.0,-0.18256403958133388,-0.10477091192769218,-0.04682038571021653,-0.005254664117745465,0.03451946561612318,0.09417658706955528,0.16718839228577778
medium-overshoot,ML,1800.0,-0.19236890745929774,-0.10824489947565286,-0.051855468198293266,-0.006910964463480662,0.03283629142189165,0.09320553294928108,0.1606730632987478
medium-overshoot,ML,1801.0,-0.1782738589148815,-0.09983547590418576,-0.04880691307114514,-0.012076145789072254,0.02794049837127459,0.08619631930936632,0.16552548246754847
medium-overshoot,ML,1802.0,-0.17938200969203288,-0.10386585404063811,-0.05153246021658885,-0.010238057152402988,0.03317517074331546,0.08195297711627456,0.16464643766343193
medium-overshoot,ML,1803.0,-0.17348686489494133,-0.10402884839237127,-0.05292806225718959,-0.011296343201118017,0.027278612692008784,0.08371702488573705,0.16357496983122657
medium-overshoot,ML,1804.0,-0.16501828643689226,-0.0994867540862563,-0.05195281733658444,-0.009938380377253073,0.029548920794908895,0.08532383580900327,0.15360515568215863
medium-overshoot,ML,1805.0,-0.18179922900241932,-0.1096285756638855,-0.06093488788414246,-0.015272285718724878,0.023111390325862836,0.07910151299574757,0.14635333784107007
medium-overshoot,ML,1806.0,-0.1825616129817357,-0.11457021147250704,-0.06137420861270719,-0.02280404217995688,0.018036322399893417,0.08189755423422294,0.15372747700839412
medium-overshoot,ML,1807.0,-0.18972749501554767,-0.10883529486216852,-0.05703408724871849,-0.012364109805733672,0.02608213431169915,0.0765343147411658,0.15537645597489813
medium-overshoot,ML,1808.0,-0.20518788803178617,-0.11336731808320046,-0.061071651751500686,-0.01568218302994699,0.030162178356785467,0.08761617623365697,0.16388064625252682
medium-overshoot,ML,1809.0,-0.18663841095208786,-0.10649155365679243,-0.057398246337671766,-0.012757704925856022,0.027432061964027678,0.08066314690399838,0.14982099896517354
medium-overshoot,ML,1810.0,-0.18256855712925807,-0.10451420263087335,-0.047691843732299004,-0.005998291852700272,0.03175770194034276,0.08148260694057988,0.16955833099831402
medium-overshoot,ML,1811.0,-0.18180352165421765,-0.09885286860036754,-0.04573054282802689,-0.008184688885854684,0.03478171379822446,0.08803990587783982,0.1734156218183199
medium-overshoot,ML,1812.0,-0.17041135900435322,-0.09438606559958863,-0.04293003284191147,-0.003475693377571698,0.034680733818720264,0.08963259896162473,0.17390629338585048
medium-overshoot,ML,1813.0,-0.18824675155925485,-0.09547871195402886,-0.0474350890117851,-0.006979972044935986,0.029981933367565092,0.08389426781763462,0.1786783384812837
medium-overshoot,ML,1814.0,-0.17761017030108203,-0.09918821948407433,-0.05038814185080718,-0.015182832777937465,0.030556263515202613,0.08140161931848414,0.1676862768453814
medium-overshoot,ML,1815.0,-0.1926462479321678,-0.104154979689133,-0.05276220514334616,-0.008544719503102795,0.032316947381414315,0.08823456622411581,0.1537355392798416
medium-overshoot,ML,1816.0,-0.18157324771178396,-0.10118604164427761,-0.0483667364659069,-0.007224857306164987,0.03243816808113706,0.0909656567277852,0.1750936618001972
medium-overshoot,ML,1817.0,-0.18857657655915125,-0.09979049855443721,-0.052600950082639035,-0.004985935645681457,0.03225189367968243,0.09133885728206212,0.1771641330513788
medium-overshoot,ML,1818.0,-0.17416731030034321,-0.09609659578949795,-0.04338848847514725,-0.0018558916267631398,0.03600470858791295,0.08448829151480279,0.17416118737080383
medium-overshoot,ML,1819.0,-0.17706316965446106,-0.1037922591085562,-0.04721427202036451,-0.005909680846921506,0.029266984409369364,0.09150066947390384,0.16875746832361593
medium-overshoot,ML,1820.0,-0.1856252946137864,-0.10125532278448701,-0.04697778029190775,-0.0038730640215298923,0.03638418070032241,0.0918211102928717,0.16367572444156248
medium-overshoot,ML,1821.0,-0.18634239693892163,-0.10336249632863478,-0.0482585528992715,-0.003203294305470612,0.03000512240569466,0.07864774835036645,0.1642077464986179
medium-overshoot,ML,1822.0,-0.1721257224133121,-0.09376269405703976,-0.04694730750582196,-0.004939034894314593,0.03182652587587327,0.08746421892498014,0.1643248550104856
medium-overshoot,ML,1823.0,-0.177333861854776,-0.09442824093344018,-0.04401921827690889,-0.0029655654730105924,0.03642242355811681,0.09488514669994444,0.1603507846786285
medium-overshoot,ML,1824.0,-0.1801086930020913,-0.0970580044266635,-0.04795748932127107,-0.001442464775743192,0.04215113375025851,0.10041481641675158,0.17523588106108448
medium-overshoot,ML,1825.0,-0.17721723513432366,-0.10038440001778363,-0.05195157675146759,-0.005429485717183387,0.031799315047514334,0.0949581385244759,0.18587144721042698
medium-overshoot,ML,1826.0,-0.18108634037165214,-0.09383655676181886,-0.04386410041103912,0.0028992566424025958,0.04088865595810628,0.09087643217139432,0.18046401634196188
medium-overshoot,ML,1827.0,-0.1836446170759231,-0.10093185222343275,-0.044861029292862314,-0.004038707967759889,0.03267804356081182,0.08249663861256061,0.15549884372945627
medium-overshoot,ML,1828.0,-0.18842986640678672,-0.10213397602893927,-0.0463776351841716,-0.0010825774841291477,0.03361006355158009,0.08897236564256247,0.16221288152588825
medium-overshoot,ML,1829.0,-0.1799297043346422,-0.10297776142269897,-0.04727106329594327,-0.00604909809666083,0.03131321145737648,0.08185627630542955,0.16366192638285404
medium-overshoot,ML,1830.0,-0.17164540588468463,-0.09997273021534386,-0.047885399948136585,-0.007634264471435899,0.033564966365358787,0.0920162132514968,0.1652593576461115
medium-overshoot,ML,1831.0,-0.16998354504503022,-0.0982115325363514,-0.04447225376080349,-0.008138216823638364,0.030393008281404465,0.08581311345601164,0.15663026484685283
medium-overshoot,ML,1832.0,-0.18645721279297955,-0.0958882471668895,-0.04858508105998523,-0.0013809583189055702,0.033485048009177586,0.08605837065040438,0.17967322804067287
medium-overshoot,ML,1833.0,-0.16819498450852882,-0.10276275127483951,-0.047566258139166255,-0.004266946318802272,0.03847748027522519,0.0930220437422563,0.18606487437286354
medium-overshoot,ML,1834.0,-0.16880041644037486,-0.0967752129908196,-0.04057290169379547,0.00043750257302033885,0.03594147458386958,0.08993067130058206,0.16445611013844985
medium-overshoot,ML,1835.0,-0.1855418941631273,-0.0951828778591188,-0.04681036655367851,-0.003314522128362342,0.03340785810742502,0.08632771212521048,0.16062229740501338
medium-overshoot,ML,1836.0,-0.17618470169968653,-0.09042858535981253,-0.04027602223406121,-0.0036877649678812296,0.03954761097636803,0.09182451632646703,0.16478585873330628
medium-overshoot,ML,1837.0,-0.17518728830446725,-0.10305468647985883,-0.0459972383374351,0.004888636611023137,0.04149737757866948,0.08742277743654395,0.15503420741787988
medium-overshoot,ML,1838.0,-0.1777652924699046,-0.09046718670533119,-0.03864920714753637,0.00047966663902301865,0.043796737089309715,0.09537005602213677,0.16079593018189
medium-overshoot,ML,1839.0,-0.17594975535125798,-0.09938970046944604,-0.042724056014023945,0.0027543287910691897,0.041248534198676634,0.09890174227603271,0.18231859387151242
medium-overshoot,ML,1840.0,-0.17385937189976725,-0.10090205218620657,-0.042522852451938715,-0.0027834829033084874,0.03528775318785257,0.09687637029215432,0.17949733826376618
medium-overshoot,ML,1841.0,-0.16438325608158927,-0.09854924337315042,-0.052124812289076616,-0.010798412941499257,0.029272445419313002,0.08622522607874383,0.17349833439641527
medium-overshoot,ML,1842.0,-0.17208998499512754,-0.10383354349331422,-0.04496173183648374,-0.0053046682513881865,0.03540835902643852,0.09517043039073704,0.17065509967206863
medium-overshoot,ML,1843.0,-0.17854039006705025,-0.09372384423234502,-0.045388988683290166,-0.0038541779481997968,0.033150378905342795,0.08479604591863188,0.15470552487216782
medium-overshoot,ML,1844.0,-0.1699012081993518,-0.09796908551662961,-0.03977408200465144,-0.0011901871489030207,0.035336142749371864,0.08702538828276457,0.16860331128104333
medium-overshoot,ML,1845.0,-0.16749375792713803,-0.09205410270090818,-0.04388716124285652,-0.006785884687487734,0.03941040933091251,0.09418677411546177,0.1701151078215032
medium-overshoot,ML,1846.0,-0.17015182481908828,-0.09826159219310522,-0.04694071310435805,-0.00752831220001186,0.03194819992883072,0.09497276978889635,0.17410928258300584
medium-overshoot,ML,1847.0,-0.17520518316805694,-0.09713326462471758,-0.038661467810478224,-0.0035329930727051387,0.035931709313924434,0.08608192510853296,0.17330501178636704
medium-overshoot,ML,1848.0,-0.17212099140661113,-0.09051732132811367,-0.0451328583605077,-0.0047077503342249655,0.03303292170054787,0.09131585316123472,0.16162056087072918
medium-overshoot,ML,1849.0,-0.17607254356542484,-0.09197539686547195,-0.04323404866049882,-0.005231410984703186,0.03487642045939107,0.08689663976729868,0.14654878879971278
medium-overshoot,ML,1850.0,-0.1563425885930259,-0.09816374902691967,-0.04491809808610856,0.0003670215249079664,0.03667439172707265,0.08572207859239665,0.1654401205024972
medium-overshoot,ML,1851.0,-0.16850600737292695,-0.09061631588251252,-0.037516889032719436,-0.0004406009210319098,0.03520541654543242,0.08990178830805146,0.15570416512074645
medium-overshoot,ML,1852.0,-0.16008038253570978,-0.08499220920218689,-0.0410585390504006,-0.004604796397331955,0.034259575824298005,0.08455740694860302,0.14802997095725867
medium-overshoot,ML,1853.0,-0.15488520367718756,-0.0880479870518304,-0.047319567957488345,-0.00774837728685247,0.028691399128413734,0.08378326564939427,0.1655810463470745
medium-overshoot,ML,1854.0,-0.16304825830397243,-0.09600344755972894,-0.05219257001326623,-0.007971375083552182,0.03121070944955517,0.07973379258713002,0.15417264360642924
medium-overshoot,ML,1855.0,-0.16497747533612,-0.08937203845106162,-0.04605828236093457,-0.011090867450443541,0.024958720505581507,0.07264651151345945,0.15617374838847192
medium-overshoot,ML,1856.0,-0.17365078538880208,-0.09510126882155298,-0.04699092463819763,-0.005950754811043395,0.030215653163959157,0.07663664752229538,0.16039763667779092
medium-overshoot,ML,1857.0,-0.17233855436359685,-0.09052293269220868,-0.04253811265476326,-0.0036288343788527027,0.02781152844196173,0.08349772077454994,0.1597737121074728
medium-overshoot,ML,1858.0,-0.1704393776080266,-0.09956758729776415,-0.047876965604942805,-0.002788166733082965,0.032657973745075584,0.08641700344979458,0.15517237569923115
medium-overshoot,ML,1859.0,-0.16205855728699847,-0.08727197216606823,-0.039656693571141245,-0.004673140273968764,0.03155692961964367,0.08868527521326133,0.1431868456781761
medium-overshoot,ML,1860.0,-0.15250430656742245,-0.0892919523210545,-0.0430038483907071,-0.007081878894321863,0.026726695313138184,0.07387953392784201,0.13181750301030126
medium-overshoot,ML,1861.0,-0.15752066763820477,-0.08650255049756815,-0.04154863865171544,-0.004320033499526633,0.030229057941102335,0.0847780250514146,0.1556210543964136
medium-overshoot,ML,1862.0,-0.15895552140474067,-0.09375759847312157,-0.03940499109451427,-0.004309487419414754,0.02945233418603456,0.08599899442415193,0.1633473277445696
medium-overshoot,ML,1863.0,-0.15345680191602876,-0.08604109103384625,-0.03768467363371807,-0.0009268354955688854,0.030752566610817388,0.07728137832427229,0.15141995459990054
medium-overshoot,ML,1864.0,-0.15570479624310482,-0.08980811740013284,-0.04338933338447052,-0.007433310468755535,0.02765323580071055,0.07802618683352301,0.14719332927080353
medium-overshoot,ML,1865.0,-0.15530821363727088,-0.0864164479528142,-0.03887072599499829,-0.002311632212354763,0.027329429369418543,0.08020396319793499,0.14727179901122928
medium-overshoot,ML,1866.0,-0.14411767076009654,-0.0794754257084553,-0.03503246737006753,0.003382929473662466,0.03770488678291112,0.09210921758530452,0.1522497048360481
medium-overshoot,ML,1867.0,-0.15467790031546252,-0.09130255481292292,-0.035043171256214964,0.0019003304224221168,0.04162452580886774,0.0875420367956108,0.16571184597632516
medium-overshoot,ML,1868.0,-0.15503162315247246,-0.08404030964965117,-0.04025229071070981,-0.0033004931258559748,0.030655002486610204,0.08355527580596667,0.15189685696155755
medium-overshoot,ML,1869.0,-0.1576527679781612,-0.08686798196353654,-0.041076936022951566,-0.001994096210320262,0.029928418036480834,0.0811203446032646,0.15494025874300027
medium-overshoot,ML,1870.0,-0.16113357419520244,-0.09121602621130001,-0.04625774674302553,-0.005212373578054066,0.030441740869487928,0.07890163788375444,0.14615853433335785
medium-overshoot,ML,1871.0,-0.17090132277868997,-0.0954391307259203,-0.04556183391429541,-0.009451576519692154,0.030086537476050026,0.07727049554386381,0.1398648227130082
medium-overshoot,ML,1872.0,-0.1503160696440305,-0.09543462841735266,-0.04440954112603731,-0.005255875512174768,0.03291469736829856,0.08325226496981711,0.14238300058076603
medium-overshoot,ML,1873.0,-0.14699149165558514,-0.08892724991279762,-0.04219864838162072,-0.006125724586484707,0.026683840978332655,0.07818971233822407,0.145116321097147
medium-overshoot,ML,1874.0,-0.1471393725890461,-0.09027571688380377,-0.03921568470582369,-0.002626189652764531,0.03562420497770594,0.08247900525386113,0.15173369875044304
medium-overshoot,ML,1875.0,-0.16225067718653577,-0.09055209956079477,-0.04500390570374373,-0.0002274262607593648,0.03809599626993686,0.08760965566771033,0.15448530618802223
medium-overshoot,ML,1876.0,-0.15036352626023472,-0.08485633007533203,-0.03416817068386534,-0.00017002154593818292,0.03820046917422324,0.08276095078485676,0.1427401808450655
medium-overshoot,ML,1877.0,-0.1596816889971977,-0.08579375356238585,-0.032712787050607435,0.00416902269528941,0.03826910778384393,0.08333048639329063,0.14530285771892631
medium-overshoot,ML,1878.0,-0.1586026723909687,-0.08546452077489583,-0.03798298069513359,0.0060544847130797885,0.04571828593886768,0.09134243795195197,0.16655673449364106
medium-overshoot,ML,1879.0,-0.14949575324212372,-0.08671228250905784,-0.039830355460574875,0.003972147617434377,0.034490798137300945,0.09078062623260046,0.15827546381589738
medium-overshoot,ML,1880.0,-0.14099064848204687,-0.07646309979513845,-0.03356126999686339,0.0008355125913976809,0.036552521769978134,0.08889379645784136,0.15834156584093748
medium-overshoot,ML,1881.0,-0.142305975104909,-0.08393818165679263,-0.036009471654226015,0.003264876455103106,0.035986726952999544,0.08186228984900441,0.1468331129193597
medium-overshoot,ML,1882.0,-0.1485874663134698,-0.0839742769314712,-0.03867901788080884,-0.0006400445070576244,0.03417645255789248,0.08172346949362815,0.15520618898813368
medium-overshoot,ML,1883.0,-0.1672713904550211,-0.0860536150644129,-0.039952803909414226,4.972586215280968e-05,0.03474709427068762,0.08513859670286852,0.14831259655989976
medium-overshoot,ML,1884.0,-0.16271075255683495,-0.09099139806174454,-0.03704641916443683,0.0008497001925239465,0.03911331960115142,0.08830540282720883,0.15309470606391748
medium-overshoot,ML,1885.0,-0.1673884227507082,-0.09528414783370981,-0.04035374332936459,0.0004712240367411927,0.03721619002197655,0.08384023799020596,0.16717422620462474
medium-overshoot,ML,1886.0,-0.141932157362045,-0.07719942689302554,-0.02842245040989981,0.008536436412165579,0.03823019669968735,0.08718285302093015,0.1669893033770182
medium-overshoot,ML,1887.0,-0.14814801208931214,-0.08294786346949377,-0.03303915161051794,0.007035845729290644,0.03916750003346251,0.08915027300230424,0.15684435296868485
medium-overshoot,ML,1888.0,-0.152593434208923,-0.0865870845842896,-0.03764925006545266,0.004588112272776394,0.04012684685471343,0.08829676948793139,0.1717694660869787
medium-overshoot,ML,1889.0,-0.13999837519681663,-0.07875383448773672,-0.030009670575586105,0.005246376220962898,0.03962831629034832,0.08559629699040877,0.14390203183663597
medium-overshoot,ML,1890.0,-0.1441962583555549,-0.08132942068102518,-0.032710963574848824,0.004886726530772068,0.03856609018876962,0.08656622167688494,0.1652296081784784
medium-overshoot,ML,1891.0,-0.14292679658537905,-0.07916856507304224,-0.03407726875252953,0.006277555870756442,0.044448056008898645,0.09091082851820775,0.1591050616144265
medium-overshoot,ML,1892.0,-0.142981959172639,-0.08296527551232753,-0.03567876657790172,0.0024555401497701537,0.036004704172957175,0.08807937455563451,0.15561429248731307
medium-overshoot,ML,1893.0,-0.15673044581559947,-0.08245071860885979,-0.03903247750997176,0.002364317899179739,0.04299049955819697,0.09018276857308831,0.16437425394211108
medium-overshoot,ML,1894.0,-0.1632418222985466,-0.08755773436403981,-0.03593068685373024,0.007116673269977003,0.044296687092789694,0.09384171461724865,0.15884374149423358
medium-overshoot,ML,1895.0,-0.15560239033612994,-0.08047337377796489,-0.030677973333080942,0.007831254714706422,0.04212124091204068,0.0892790081369512,0.15341465652298114
medium-overshoot,ML,1896.0,-0.14480901864358378,-0.07614486860703405,-0.03207692811868508,0.006862202798444579,0.04325115651127981,0.09702460287535246,0.16488827233064024
medium-overshoot,ML,1897.0,-0.15536341713261764,-0.08888735100108242,-0.033808085437537605,0.005773912708570035,0.0397301210018901,0.09439288848521667,0.163914669889429
medium-overshoot,ML,1898.0,-0.1501831157813878,-0.08048224210078929,-0.02598922467146943,0.014386585693324606,0.0492450994944508,0.09860268767081436,0.16978469846933175
medium-overshoot,ML,1899.0,-0.15002668106341072,-0.07590768717187678,-0.02905370752050773,0.012015640222712329,0.05093421523762714,0.10260998705192727,0.16754453530199148
medium-overshoot,ML,1900.0,-0.15482086529831537,-0.08251500950798692,-0.03350515022752008,0.00556411391726605,0.04468603330925367,0.09239898480540738,0.17724553447611358
medium-overshoot,ML,1901.0,-0.14674129910794792,-0.08364939230150809,-0.0344537058654014,0.007054493882765175,0.044730420660119834,0.08857691373172713,0.15732740620820684
medium-overshoot,ML,1902.0,-0.1533785235022767,-0.08309130801815683,-0.03394659131101208,0.006320212442373883,0.046015898738865926,0.10050250481716928,0.17278770081212913
medium-overshoot,ML,1903.0,-0.1604147850926473,-0.08252405990130357,-0.037276262396722534,0.010259768522798885,0.05230537333312079,0.09599119663749077,0.18267940532780985
medium-overshoot,ML,1904.0,-0.14969818222848827,-0.07658600306499681,-0.0267810713137702,0.014184180795222604,0.05498002084649799,0.10057091108632606,0.16656714357527458
medium-overshoot,ML,1905.0,-0.15516522833155602,-0.07320956255675326,-0.025932878445286783,0.014137057189154412,0.05430780569326943,0.1038942912705892,0.1733324651485796
medium-overshoot,ML,1906.0,-0.15400603428806492,-0.0750475446140454,-0.02042612638019957,0.016607045806288988,0.05534591843698816,0.09753175543133556,0.16867657126386135
medium-overshoot,ML,1907.0,-0.14246983712064173,-0.0667096957163263,-0.017843353644223483,0.021734767738969395,0.058542714847106936,0.11034653938349116,0.17516191951700485
medium-overshoot,ML,1908.0,-0.13967050165252806,-0.07023311798782772,-0.02270224978774532,0.016977675784727482,0.055089985211300235,0.10918739197676297,0.18569173468332426
medium-overshoot,ML,1909.0,-0.14900141988020105,-0.0718213219713075,-0.01736233678862539,0.023484006969839294,0.06310471423340978,0.11669312733018916,0.18085033684987042
medium-overshoot,ML,1910.0,-0.14446764597358341,-0.07450676547992956,-0.020134930892506373,0.023616623363013192,0.05923913625503107,0.10611033224438245,0.1772046672659295
medium-overshoot,ML,1911.0,-0.1485162007498147,-0.06942852306021101,-0.024023312679571793,0.015879371709899094,0.049365411968593245,0.10138814108690802,0.1842856293199976
medium-overshoot,ML,1912.0,-0.15079923418031974,-0.07400234989146465,-0.02179559313419617,0.02066225921832541,0.05997129024648796,0.11889672484285864,0.18268834917472918
medium-overshoot,ML,1913.0,-0.13651881707787233,-0.07114511649503667,-0.012007460222719736,0.028128002837367314,0.06337040457016302,0.11112734010084793,0.18221090909818247
medium-overshoot,ML,1914.0,-0.14497175009374377,-0.06382374522685846,-0.016825745785133746,0.01788603163920023,0.05619921371373122,0.11509240948919983,0.19955496364062345
medium-overshoot,ML,1915.0,-0.13502247803746537,-0.06271376432305618,-0.01027000981890896,0.028418143393790538,0.06470889197439102,0.11841797358619417,0.20038391880724765
medium-overshoot,ML,1916.0,-0.12975408078234987,-0.061408578854559054,-0.013906389934354554,0.029487683484327967,0.0645990821457367,0.11910313442044354,0.19912255780934426
medium-overshoot,ML,1917.0,-0.13215064084146216,-0.05829981843949521,-0.014018209341610239,0.0220293367958962,0.06158144903484221,0.1141365686917911,0.19305581155260512
medium-overshoot,ML,1918.0,-0.13061492621819526,-0.0580607985358008,-0.012688493379258089,0.0236230017412915,0.06651895133532669,0.12289979671651813,0.19383030239381566
medium-overshoot,ML,1919.0,-0.12904282600097283,-0.06427766618209307,-0.006134991762753878,0.03271696468847548,0.07343049198202212,0.12264896970392158,0.18890084336426582
medium-overshoot,ML,1920.0,-0.14074349278040096,-0.06750721604323491,-0.006326358405589491,0.03703535308637262,0.07008638558016957,0.12017900179377639,0.1967566452241123
medium-overshoot,ML,1921.0,-0.13571025097671252,-0.05835955173797557,-0.006183037933783427,0.03173294901083344,0.06850714222575502,0.12233138551970946,0.2064241393595157
medium-overshoot,ML,1922.0,-0.14040330874488158,-0.05692828468923583,-0.006551537283560709,0.03273507863123891,0.07556751275580523,0.1297523134558561,0.2100436932423243
medium-overshoot,ML,1923.0,-0.12247984530950759,-0.04651628395913602,0.000691596654095103,0.04196830076770906,0.08114260946984336,0.13283840595665736,0.21092679817136076
medium-overshoot,ML,1924.0,-0.13144140520395206,-0.053895271930124035,-0.004760957803712648,0.03715405025254086,0.08503244310381576,0.14578796954804868,0.22062243714679405
medium-overshoot,ML,1925.0,-0.12450899290499513,-0.04317488039390063,0.008775917388060304,0.04583792345864755,0.08520256463709493,0.13374016921821077,0.20830503393482172
medium-overshoot,ML,1926.0,-0.11223726606295927,-0.04113555027178217,0.00450994232754701,0.046551390751256055,0.08709640268638574,0.14406259702973864,0.2237745322767664
medium-overshoot,ML,1927.0,-0.10816659056622227,-0.03703471217505634,0.010853108406209984,0.05026982744262359,0.09017062156124289,0.14221872923482493,0.2132238379555741
medium-overshoot,ML,1928.0,-0.1267025746718787,-0.04432272189874481,0.008751601493958873,0.05279329329402519,0.0902560668159655,0.1515690690030919,0.23480807702828851
medium-overshoot,ML,1929.0,-0.10776128523856156,-0.035796476022508836,0.021662255749545833,0.05660780243768454,0.09391477210142428,0.15444628636658567,0.22469859385799523
medium-overshoot,ML,1930.0,-0.11246734813652201,-0.04012118148798541,0.01147918141794863,0.050529904644773194,0.09293364262057247,0.14518319887321945,0.22189726308216892
medium-overshoot,ML,1931.0,-0.09534436438850695,-0.04169156760229327,0.009418503677288508,0.06264118180394136,0.10282106510896569,0.15394547655458962,0.22536767785841014
medium-overshoot,ML,1932.0,-0.10950510413346659,-0.02670749825689532,0.015922339746597184,0.05802117414110049,0.10014210336656237,0.1545685567697718,0.23076176376287555
medium-overshoot,ML,1933.0,-0.10312343981111567,-0.03632775062308949,0.01784191079468189,0.057446273229457945,0.10178178192383248,0.1628184444392788,0.23105263935869488
medium-overshoot,ML,1934.0,-0.09790076656068118,-0.032332331607223846,0.02201101421928255,0.05882637451213389,0.09937106781962318,0.14954818719268206,0.22992511283391767
medium-overshoot,ML,1935.0,-0.09515723560003225,-0.02417557139425782,0.022261145883431997,0.06206214013291294,0.10406393358752766,0.1670672347347633,0.2394784383678134
medium-overshoot,ML,1936.0,-0.09780830711601478,-0.01707335471997538,0.023189323620375926,0.06399552153518981,0.1018685788416573,0.15544579736709024,0.23298815137008552
medium-overshoot,ML,1937.0,-0.09104141032738416,-0.017888849209913692,0.026019412137489404,0.06749687406850609,0.10399221150674194,0.1668583763136887,0.2425894501649686
medium-overshoot,ML,1938.0,-0.09244077529755136,-0.024941712429255452,0.030522474503343125,0.07799538511399921,0.11311218516526801,0.17628771713348196,0.24709597139020079
medium-overshoot,ML,1939.0,-0.09337921359105138,-0.01970314133738229,0.0328117327672653,0.07074124655952327,0.11187668610360027,0.17224913807056808,0.24896421948426084
medium-overshoot,ML,1940.0,-0.09559114963011539,-0.024023811847442327,0.03572905650849874,0.0793206956918898,0.1162124364912238,0.16712320151698767,0.2642836177537938
medium-overshoot,ML,1941.0,-0.07886132580256942,-0.00977155270327586,0.040932349216569734,0.08168633963219572,0.12224077886123338,0.17230503165739863,0.2544899278319052
medium-overshoot,ML,1942.0,-0.06710717849523325,-0.006012187322955845,0.04164752302534266,0.08176402429781876,0.1279805542948926,0.17948914261030247,0.25964445959844384
medium-overshoot,ML,1943.0,-0.07466109423549551,-0.008158189111436964,0.04758280542380819,0.09102326181392967,0.13371074696884075,0.19566098547781666,0.2778763428409632
medium-overshoot,ML,1944.0,-0.07366476010227778,-0.0013700792366340058,0.0436975133857613,0.08752869223134178,0.13048237265685556,0.1860482006537872,0.2766289370377197
medium-overshoot,ML,1945.0,-0.06956513443363421,0.00019481007953738296,0.05517555318111139,0.09102509691396989,0.13291216747632098,0.1875626545521744,0.2780525351367903
medium-overshoot,ML,1946.0,-0.07857004128262028,0.0005480740803947874,0.05123846461988989,0.09482644607356111,0.13376260997431139,0.18868983053343008,0.2703930872109659
medium-overshoot,ML,1947.0,-0.08727557602222746,0.0005586377847172769,0.05497568360136958,0.09810191301652385,0.13690600597850794,0.19358446099440038,0.28488726741995823
medium-overshoot,ML,1948.0,-0.06930285737962968,-0.00203890002489397,0.05669441020488004,0.09737072363255098,0.13520421131596444,0.19238071325133496,0.2711028328856093
medium-overshoot,ML,1949.0,-0.06501311197274347,0.00036271282088033816,0.04856848262799423,0.09373623247021018,0.13986718892840838,0.19964748552751815,0.2732082138330453
medium-overshoot,ML,1950.0,-0.07983419790708814,0.003075540526650324,0.05099414010292966,0.10141011328261244,0.14313282731577218,0.1955383588022392,0.2830454818724846
medium-overshoot,ML,1951.0,-0.07106576608995012,0.013780506888796827,0.06199721739975274,0.10075873303813113,0.1431593340671365,0.20516723099930148,0.2737342180973573
medium-overshoot,ML,1952.0,-0.06831515881268853,0.006054827469178605,0.06255718011730875,0.10827597094607405,0.1477025838664334,0.20264858973161154,0.27804236889904005
medium-overshoot,ML,1953.0,-0.08379248473488371,0.006609133242768062,0.06814874011174714,0.10935399464757377,0.1460086576655598,0.19760854491103674,0.2704823478396772
medium-overshoot,ML,1954.0,-0.07056862269214553,0.01841198799884891,0.07102562544764712,0.11050443582795563,0.1509352202141651,0.2023014515769616,0.2891743066159104
medium-overshoot,ML,1955.0,-0.07387090441018945,0.00438907298447595,0.06567459006033141,0.10822303470481658,0.14474735768734556,0.20355349283059232,0.2871060805879072
medium-overshoot,ML,1956.0,-0.0576395510045879,0.012611789828276859,0.06782150713045297,0.10547432607405019,0.14424084486578423,0.20160904107714311,0.27910437553427053
medium-overshoot,ML,1957.0,-0.0580932601162,0.02443221081307103,0.07546451320317467,0.11468939042327414,0.15472223730887386,0.20822010382056347,0.29127038038558845
medium-overshoot,ML,1958.0,-0.036328385741400626,0.03082173718853229,0.0807863507950651,0.12636961704490968,0.16058449467579064,0.2198915530546061,0.2894027657617051
medium-overshoot,ML,1959.0,-0.040738849275725145,0.03554272701921037,0.08164138561987336,0.12622576751858927,0.16605549563335245,0.2218593403008818,0.2969193575636067
medium-overshoot,ML,1960.0,-0.026942293256969504,0.04292884413489757,0.08968473554813859,0.12963709939644585,0.16955015092998435,0.22451832782015083,0.30171324714269054
medium-overshoot,ML,1961.0,-0.03671181910576292,0.040128126746962194,0.09565959033435859,0.13382999774433627,0.17827882636672823,0.2393776630752083,0.30669117638398147
medium-overshoot,ML,1962.0,-0.042972851556621505,0.0408104118992146,0.09214828301841581,0.14218292732294663,0.18248195095063355,0.24178474016733278,0.3356077812009141
medium-overshoot,ML,1963.0,-0.023513395588857164,0.04592682132989153,0.10072709435930914,0.1421187525995801,0.17643850577337136,0.2344004051245418,0.3283572172323573
medium-overshoot,ML,1964.0,-0.02170642997811035,0.05075516052281474,0.1009703529793021,0.14753060206726726,0.19194662242710597,0.24328874231644534,0.3229362206059011
medium-overshoot,ML,1965.0,-0.019696649408146055,0.05017013256071076,0.10533662305444992,0.15205234109599033,0.19320917688990355,0.2486206386360077,0.3327631512525068
medium-overshoot,ML,1966.0,-0.01880164223880597,0.058611111134952834,0.11388230299580118,0.15691182260241185,0.1958721573088069,0.26113149218160425,0.34930226662118447
medium-overshoot,ML,1967.0,-0.0275670254881231,0.06005405949198833,0.11637654496784285,0.16250624788872006,0.20123429407337395,0.26417489892200485,0.33943108055890714
medium-overshoot,ML,1968.0,-0.011008436065701142,0.07278986907944236,0.12409431005463291,0.16741613089607546,0.2054605236245647,0.26933770122964423,0.3488021071802897
medium-overshoot,ML,1969.0,0.005280135257253717,0.07944691599798429,0.12650896100815093,0.17231240517561244,0.21161498142748308,0.2613019157158557,0.35340377506440046
medium-overshoot,ML,1970.0,0.016350516500333503,0.08184331300229244,0.13400190137727633,0.17641989238976263,0.21866855945971017,0.28121718764226145,0.35310426480386453
medium-overshoot,ML,1971.0,0.020827318649843163,0.08715535632884049,0.13838091286918813,0.17942815576242077,0.22351784149924372,0.286796942086194,0.3618268810156213
medium-overshoot,ML,1972.0,0.029194772160964215,0.10401018649033389,0.15453464150495436,0.1930277825865589,0.23560148458604258,0.29531046840587555,0.38099876144896333
medium-overshoot,ML,1973.0,0.0250816233129353,0.09978310967215558,0.15895106778711737,0.2047626057848894,0.24357416193181755,0.30542596339153455,0.39462477729550305
medium-overshoot,ML,1974.0,0.04372580450184371,0.11654004165852347,0.16592909660868724,0.20675997698427728,0.24544788687937907,0.3099159906025976,0.397287321105798
medium-overshoot,ML,1975.0,0.05325299225377876,0.1183582449471883,0.16995722699272853,0.21264237487868437,0.2569453916445836,0.32128505986239386,0.4101993399762886
medium-overshoot,ML,1976.0,0.04560091168694359,0.12087901880925173,0.1782280153751674,0.22221371475771393,0.2688940043386449,0.3338390354441514,0.4348580122600089
medium-overshoot,ML,1977.0,0.05471648410654835,0.13194271613267194,0.18342057993167388,0.23293796096448777,0.2796512894123283,0.3376721711219042,0.4433630458707967
medium-overshoot,ML,1978.0,0.06183946808371789,0.13793306543339773,0.18830665646351116,0.23409513761299333,0.2825365380754099,0.3457894682297377,0.4377762295692759
medium-overshoot,ML,1979.0,0.08150439793375601,0.15074310532719348,0.1946167712500976,0.24678101559815013,0.2886958713875184,0.35818874783481003,0.43793230527791427
medium-overshoot,ML,1980.0,0.08157031942060206,0.14435939772024806,0.20946372094663734,0.2557594893513998,0.2983742379614234,0.36387647946206286,0.46851076278602444
medium-overshoot,ML,1981.0,0.09079308263014109,0.164507702349704,0.21458920215758098,0.26480765043296783,0.3084210831746977,0.37576851416753443,0.4631442522157587
medium-overshoot,ML,1982.0,0.09455506074922926,0.17075720101421446,0.2275892164542884,0.2779818242630322,0.324859794118101,0.3833735658276338,0.4623689770941903
medium-overshoot,ML,1983.0,0.10851209277749896,0.1837079670694299,0.23307211313231485,0.2873547349049456,0.3280271864928827,0.39169699021729565,0.47784337691027995
medium-overshoot,ML,1984.0,0.11261121436380095,0.19120111442333673,0.24762213406894024,0.292787278446865,0.3436369562116677,0.4071053478517892,0.5087335818614087
medium-overshoot,ML,1985.0,0.1149894621977072,0.18951463960186224,0.2547784844059781,0.29781325973056666,0.3457596397966984,0.40482249524672825,0.5042290275606787
medium-overshoot,ML,1986.0,0.11517895396118534,0.2060852950605094,0.2549759841124159,0.30091765872141324,0.35754280959356394,0.4171131336938196,0.5031893752379671
medium-overshoot,ML,1987.0,0.13441582966068683,0.20536937984381898,0.2645601112514407,0.3123146282168054,0.360831206540275,0.4264153324389353,0.5132977231085025
medium-overshoot,ML,1988.0,0.13973882827275938,0.21527343050878647,0.27128854319478796,0.3223133330191811,0.36776911598864503,0.44264119643075206,0.5316310904455648
medium-overshoot,ML,1989.0,0.15319252072974293,0.22848288850908394,0.28680621583055116,0.34048893858109863,0.38492214620490856,0.43914959312293467,0.5416198712785263
medium-overshoot,ML,1990.0,0.15089630734720905,0.23012103647524604,0.2911994792744832,0.3440590883363488,0.3872970014067533,0.44725344158763497,0.5377401216132991
medium-overshoot,ML,1991.0,0.1660730738142842,0.2498212126251839,0.29883998851533206,0.35217051378880243,0.404359488730868,0.46600953683231006,0.572113324529874
medium-overshoot,ML,1992.0,0.18071939633743592,0.25524006699887053,0.3176565768885947,0.36285693555824416,0.41258172042984737,0.48984755923669654,0.5715910722050086
medium-overshoot,ML,1993.0,0.20018120978299916,0.26184129221430685,0.31988849483635823,0.3677516907786433,0.4217540441179271,0.5026054883968397,0.5994091230240044
medium-overshoot,ML,1994.0,0.20188887373039813,0.27217365856383935,0.3275492535309126,0.37976395716452516,0.42962777275745273,0.5007425479799587,0.5973207248165063
medium-overshoot,ML,1995.0,0.19412895334906516,0.2859121210716898,0.3410327833222737,0.3921664528768078,0.4406369416589003,0.5145556097843461,0.603810233855144
medium-overshoot,ML,1996.0,0.1972547535096097,0.2855421138457196,0.34993515784961793,0.40374019733420874,0.44794772666565214,0.519059246316261,0.6224134976554644
medium-overshoot,ML,1997.0,0.21949450309767,0.2930345991695923,0.3567003094050627,0.4137089850984541,0.46058776040810967,0.5352593617924916,0.6292947799224476
medium-overshoot,ML,1998.0,0.22911984132116356,0.30229727196498946,0.3634608189722237,0.4145520929181364,0.47076568971976124,0.5504481675973474,0.6536870829561237
medium-overshoot,ML,1999.0,0.23822327871052038,0.31677227457247126,0.3710298801334268,0.42693196655789617,0.48444799603044403,0.556002590357603,0.6539660670720894
medium-overshoot,ML,2000.0,0.23886519091618652,0.3234043055608012,0.38385951598353385,0.4341788519631908,0.4883628422545156,0.5729001013907513,0.6607108512089775
medium-overshoot,ML,2001.0,0.2547136461108045,0.3380963535051324,0.4039390958014093,0.4499470363553884,0.5029408570759033,0.5769522487619604,0.6673525567373678
medium-overshoot,ML,2002.0,0.2714675510197036,0.36299699959246823,0.41770167537547975,0.47218020370605346,0.5178906783629161,0.5857434423803765,0.6892572548115864
medium-overshoot,ML,2003.0,0.2646963149095942,0.3575201397502732,0.41438344424111057,0.4772683717884988,0.5269880376267406,0.5949149259844565,0.6944168365046479
medium-overshoot,ML,2004.0,0.2807144456624311,0.36111606993277967,0.4285994935867956,0.4805548770289663,0.5299926850202878,0.6084067418525348,0.7080423094786938
medium-overshoot,ML,2005.0,0.29728311278943576,0.37085445603850486,0.4333810860469137,0.4915786676758456,0.5512767733122031,0.6168876660587211,0.7333111751539882
medium-overshoot,ML,2006.0,0.3005918451879394,0.3893166550643474,0.45158712399096496,0.5069327963157783,0.5552907061546415,0.6258208538724368,0.7377284321080194
medium-overshoot,ML,2007.0,0.3273973735287152,0.40458224407800975,0.467053640377965,0.5201785816670204,0.5777234152297723,0.6461777221757178,0.7483014785041213
medium-overshoot,ML,2008.0,0.32951775853830717,0.4107785601203477,0.4733985086353475,0.5328690825356573,0.5895365388487076,0.6664577874609182,0.778411963173734
medium-overshoot,ML,2009.0,0.34128102490443835,0.4263825088848199,0.4867681814246896,0.543968899048753,0.5991385118307587,0.6777155363566112,0.7845284820171904
medium-overshoot,ML,2010.0,0.34534009165235374,0.42705319274541026,0.49947594018329705,0.5655482297042449,0.6178277097512238,0.7127965394428852,0.7887327967273838
medium-overshoot,ML,2011.0,0.3546481162149737,0.4405095350995065,0.512796988673263,0.5685606873392943,0.632911247985623,0.7075553586198162,0.8241787008966719
medium-overshoot,ML,2012.0,0.3742562407757136,0.46318063599706544,0.5227653085417292,0.5863856391421386,0.6436985916882639,0.7215891914297015,0.8229090777674698
medium-overshoot,ML,2013.0,0.3865839628386595,0.47217063628142336,0.5316745117924018,0.5904327499027333,0.6492459782569616,0.7304008213599117,0.841454650340942
medium-overshoot,ML,2014.0,0.38903902798294093,0.47450733807638856,0.5480089875382351,0.6160792681396978,0.6788330955234514,0.7603817266068437,0.8494972835833121
medium-overshoot,ML,2015.0,0.4006610064178942,0.4899631764377554,0.5633640292180592,0.6232025588269915,0.6938933084300458,0.7750695643757536,0.8856064198497344
medium-overshoot,ML,2016.0,0.43250670258813306,0.5084167556223138,0.5798664790546245,0.6386776263269431,0.7116862175520222,0.7966141579601826,0.9246879104613298
medium-overshoot,ML,2017.0,0.43204773643328015,0.5147578635283999,0.5937120220274541,0.6595105791587196,0.7192994965409991,0.803107491409352,0.9430038731113702
medium-overshoot,ML,2018.0,0.4461284355132049,0.5322350412654445,0.6080182880676842,0.6702367206022138,0.7342853496667461,0.8208872935906679,0.9478739177746344
medium-overshoot,ML,2019.0,0.4523575851374781,0.5441910537416436,0.6173939325056468,0.6827465782626522,0.7583384195324465,0.8384345023398172,0.9491363180941742
medium-overshoot,ML,2020.0,0.4738136803849574,0.5627852660460868,0.6323968611733116,0.6960351010881058,0.7526025742347257,0.8573617380635375,0.9799403172826101
medium-overshoot,ML,2021.0,0.47504676942615415,0.5684935026927472,0.6478550948179037,0.7214514682275301,0.7867601275551912,0.8655466187421345,0.9960590374153907
medium-overshoot,ML,2022.0,0.48635754191816444,0.5884385643723892,0.6622284318768582,0.7312269281853266,0.7938406494111978,0.8864770089819112,1.012498275837461
medium-overshoot,ML,2023.0,0.5038175173061898,0.5932268416893773,0.6763578935308432,0.745018306813365,0.8075186951598519,0.8996868344755894,1.022374388555252
medium-overshoot,ML,2024.0,0.5012694868547269,0.5998355331436463,0.6821974807744026,0.7581985580200937,0.8234866854471727,0.9286280600911485,1.0503522243254049
medium-overshoot,ML,2025.0,0.521746149343238,0.6209167629892796,0.6985510364745288,0.7656501672880234,0.840518778883113,0.9266437045084454,1.0687890595289782
medium-overshoot,ML,2026.0,0.5155278077744891,0.6349064582665831,0.7059085557350954,0.7890342829183581,0.8624176625573613,0.9547994857029515,1.083056043952381
medium-overshoot,ML,2027.0,0.5364760763524787,0.6400412809834106,0.7178987595132693,0.7866962096348482,0.8674867283552908,0.9737285564176397,1.115138962113852
medium-overshoot,ML,2028.0,0.5604129904594515,0.6516829495960806,0.7361501377291645,0.813904521477677,0.8820484901736273,0.993700204271354,1.1464178488401264
medium-overshoot,ML,2029.0,0.5667411908104326,0.6594227323535204,0.7491054793184387,0.8355947762664511,0.9116930758524233,1.0121383730447149,1.1711293930883073
medium-overshoot,ML,2030.0,0.5697202614184487,0.684151806618783,0.7616547129395126,0.8439955046719673,0.9229063322896427,1.0306013350518926,1.1680083582567073
medium-overshoot,ML,2031.0,0.5709337891989056,0.6871495805134004,0.7737549595932794,0.8588946457130694,0.9399054109191703,1.0498630968348852,1.1901786070815494
medium-overshoot,ML,2032.0,0.5985320519941953,0.6952458674959431,0.7890032706447903,0.8694339568143932,0.9552367356319852,1.0649585096451346,1.2018587288152223
medium-overshoot,ML,2033.0,0.5980054081893955,0.6974048189543243,0.786725869272484,0.8778602470858932,0.9702737893523066,1.0815931805639911,1.230026026453265
medium-overshoot,ML,2034.0,0.623482073764257,0.7210101919437583,0.8153532663897408,0.8982189139305765,0.9866292913191693,1.0951885583626912,1.245118573418223
medium-overshoot,ML,2035.0,0.6119958334900143,0.727446666395809,0.8307390873902275,0.9155244912076144,0.9979931475236743,1.1240928171031133,1.2574004829733147
medium-overshoot,ML,2036.0,0.6412642088844964,0.7371723108972112,0.8410487530572249,0.929885977941625,1.0138981565668863,1.1185731157526213,1.2845021868074138
medium-overshoot,ML,2037.0,0.6495166148738253,0.7529945185429009,0.8527342158024528,0.9435913545509796,1.0361216473586563,1.146752001271583,1.2942682258218208
medium-overshoot,ML,2038.0,0.6540504227407706,0.769397798682376,0.8653194119889336,0.9560498454523252,1.0576235141150265,1.1636927222995046,1.3158975366754362
medium-overshoot,ML,2039.0,0.6744439251244513,0.7875330949545857,0.889353697745845,0.9809292848653186,1.066674251941227,1.1815287916914554,1.353627212538345
medium-overshoot,ML,2040.0,0.6933792735163052,0.792208625057412,0.8985188837751764,0.9903988499412285,1.081252150298952,1.2067536671793369,1.3487027537880485
medium-overshoot,ML,2041.0,0.6915884688416754,0.8099615520970523,0.9090689691270945,0.9955695114940215,1.0910091225501009,1.2203619196516509,1.3537533153946475
medium-overshoot,ML,2042.0,0.7172363241763136,0.8211303778543227,0.9131332977230104,1.016120630358001,1.1126518646117332,1.230269301277641,1.3880696979748397
medium-overshoot,ML,2043.0,0.7126382645352491,0.8253890236922519,0.9289744872665127,1.0199969578980348,1.1294400747706845,1.2420204168139315,1.3978040838261288
medium-overshoot,ML,2044.0,0.7269605283150308,0.8391455063740059,0.9531773470505298,1.0393173655317165,1.1399877815148451,1.2567291053498935,1.4101056606215483
medium-overshoot,ML,2045.0,0.7397198233568322,0.8483584674078716,0.9567061473745059,1.0515343756755005,1.1585336794650076,1.2896953235613204,1.4453814381198944
medium-overshoot,ML,2046.0,0.7445445474353327,0.8676002348208391,0.9679572560740279,1.0766926522903715,1.169275672952658,1.294083399951658,1.44023176789398
medium-overshoot,ML,2047.0,0.7502808987511062,0.8796964182707513,0.9904365611229052,1.0848124503941756,1.174863461115785,1.3062145328869625,1.4909234847863655
medium-overshoot,ML,2048.0,0.7805052826895348,0.8981720214091816,1.006275836053003,1.090085429581542,1.1998189591798734,1.331690387774833,1.506256594569882
medium-overshoot,ML,2049.0,0.791668278980779,0.9058241586069127,1.0191198608913183,1.1172039018602857,1.2182638206016714,1.3499504465712395,1.5243024722524385
medium-overshoot,ML,2050.0,0.8080264354084157,0.914395664763454,1.0166875827451212,1.1270483280334318,1.2272921854640582,1.3621989174097777,1.556220532530185
medium-overshoot,ML,2051.0,0.8042188181745332,0.9143449893099578,1.0361156027705225,1.1418307840872313,1.243886345619648,1.4053873329125182,1.556617725864559
medium-overshoot,ML,2052.0,0.8254264209028712,0.9383152758502828,1.0474735140737992,1.1633717591148258,1.2565603685724922,1.3960475846622167,1.5987065759457657
medium-overshoot,ML,2053.0,0.8434512070666244,0.9507318887368756,1.067369358832199,1.1669810195305894,1.2724621074237787,1.4138135260974516,1.59786597781879
medium-overshoot,ML,2054.0,0.8361772430915128,0.9570588456905141,1.0667859297269457,1.184219899949945,1.2869956773405764,1.419670222719277,1.6012105686263753
medium-overshoot,ML,2055.0,0.83807555596641,0.9614303963352744,1.0776419894956601,1.1882355525735104,1.3089069214810918,1.4469774657485022,1.6233930109140058
medium-overshoot,ML,2056.0,0.8509347591802975,0.9772625820694717,1.0949508390364464,1.2062970845915457,1.3193952540272877,1.4498100351684984,1.6321819547350978
medium-overshoot,ML,2057.0,0.8694682617345589,0.9908813625296977,1.1007326172268515,1.2261547224951426,1.3410324788851942,1.4857171173913455,1.666471100741855
medium-overshoot,ML,2058.0,0.857884910507156,1.0014291525357446,1.1184442568012938,1.2412453923016198,1.3460782847261874,1.4988071407908083,1.6978387730821918
medium-overshoot,ML,2059.0,0.8821019577304926,1.0132129003183663,1.127669290951049,1.230315379066311,1.3498469003797318,1.5061307630035976,1.7066235196723682
medium-overshoot,ML,2060.0,0.8924395214939936,1.0298059160575301,1.1411127636895162,1.246882751637961,1.3628586925979507,1.5182973877284862,1.724199747520855
medium-overshoot,ML,2061.0,0.8983473511735106,1.0322409163943158,1.156226202684378,1.2574509808667715,1.3652458635155373,1.5226957894921003,1.7196416140255153
medium-overshoot,ML,2062.0,0.904019344885505,1.0439307092948438,1.1719463426415182,1.2807671178547404,1.3883306744708923,1.535569737235236,1.7269581204841287
medium-overshoot,ML,2063.0,0.9165111807202714,1.0502829673411762,1.1779713241604959,1.2915700432976016,1.4027060558679976,1.563448768066545,1.747143367657697
medium-overshoot,ML,2064.0,0.9370809918524581,1.06254812257053,1.1760080032985734,1.3025856240995521,1.4118690344569953,1.5642270560398566,1.7843694587146892
medium-overshoot,ML,2065.0,0.9198321753974786,1.0593807897803251,1.1914451882721542,1.31640753565789,1.435295744349984,1.5750245054038392,1.8067822660266364
medium-overshoot,ML,2066.0,0.9320649960430962,1.0622990906457215,1.1950966817715372,1.319132291625249,1.4323460923917597,1.5960023444352582,1.807284334489097
medium-overshoot,ML,2067.0,0.9462439607123221,1.0884223178047003,1.2152771737946695,1.325468085211903,1.446950463605107,1.6130347424627258,1.827767244146667
medium-overshoot,ML,2068.0,0.9719276758048475,1.0838509737856008,1.2135105618063395,1.330361289042766,1.4640008312074562,1.6287358036435489,1.824686455027698
medium-overshoot,ML,2069.0,0.9699764796741962,1.0947310830315184,1.2186167056487707,1.3423301986967724,1.4755201484933838,1.6358292136165304,1.8455501077548153
medium-overshoot,ML,2070.0,0.9535187218444771,1.090547510750561,1.2331841047240903,1.3585820399061161,1.4860279073068399,1.6406175240983198,1.8622325757541858
medium-overshoot,ML,2071.0,0.9398689018414761,1.093679563918989,1.234259129177969,1.3728213009482555,1.4931832498931548,1.6664539834355863,1.880044778896573
medium-overshoot,ML,2072.0,0.9763984810507795,1.1019795431737973,1.2492488038762763,1.3740393897468834,1.50471225236508,1.6857661547713922,1.8969256142029016
medium-overshoot,ML,2073.0,0.959475017303039,1.1114255115304197,1.2461388577592676,1.385707604225775,1.5119902227095845,1.680173033800525,1.9054988847602448
medium-overshoot,ML,2074.0,0.975934463373597,1.1206569910295947,1.259243439783717,1.3826537863621358,1.5200955252277186,1.7100039290510423,1.9253224054013534
medium-overshoot,ML,2075.0,0.9878392654591306,1.122671107639397,1.2698535357458502,1.4012308378360916,1.546714229574455,1.7158812965695092,1.9545869393528872
medium-overshoot,ML,2076.0,0.9727185848814427,1.1401492761749639,1.2672489589235503,1.4192107878734597,1.5474058855428732,1.7248676459120231,1.952637421432858
medium-overshoot,ML,2077.0,1.0053754523262735,1.1446203334035245,1.2832700439908837,1.4122692431164199,1.5485361247623997,1.724262678023005,1.9481681681477516
medium-overshoot,ML,2078.0,1.0236422018289535,1.1555120013315898,1.2860339326212786,1.4214995057596422,1.5418421097199548,1.736295628118909,1.9756362468573683
medium-overshoot,ML,2079.0,1.0063594928939776,1.1649493574717718,1.2824365454660804,1.4238387243433164,1.568319934764276,1.7377674724080001,2.0040670110253216
medium-overshoot,ML,2080.0,1.010959382100973,1.1616908142863325,1.2965716340867302,1.4358517676834193,1.5719764207644198,1.7392719877259073,1.994682956498566
medium-overshoot,ML,2081.0,1.0151951942673165,1.1704901537053651,1.3006534572016104,1.4370280097878738,1.5856182327206199,1.7431050503367342,2.0079052667473185
medium-overshoot,ML,2082.0,1.0154618980234218,1.1705346326622883,1.3039338429945229,1.4442140830197971,1.5931603249671549,1.7689145691262889,2.021641793111375
medium-overshoot,ML,2083.0,1.0013608001345617,1.1733242955062257,1.309417335301981,1.448025432471026,1.590352035606789,1.772950427846878,2.016892685787937
medium-overshoot,ML,2084.0,1.0249095655864209,1.173028161485938,1.3244082913275665,1.458211670344457,1.60078213732851,1.7727597872716345,2.0327938117640985
medium-overshoot,ML,2085.0,1.0291267174182888,1.181298187362026,1.3175677745140295,1.456678894858627,1.6090121604806664,1.785931442029658,2.0222699392116676
medium-overshoot,ML,2086.0,1.0439445204342406,1.1843206378854125,1.3144728640105392,1.4588014860143723,1.5935653229350368,1.7818647108466974,2.0493477375125995
medium-overshoot,ML,2087.0,1.0455812563708096,1.1910604433722682,1.3246600170424727,1.4689154679749619,1.604211425193336,1.7881699393058965,2.0730240683400347
medium-overshoot,ML,2088.0,1.0459375504107433,1.1874041915946478,1.3228184331361723,1.4807188475577648,1.6233036354494055,1.8140907716108974,2.0724487650182555
medium-overshoot,ML,2089.0,1.058405177720959,1.1819267746010569,1.34587269129106,1.4819868344061269,1.629390308810962,1.8070361207372723,2.0987385641391936
medium-overshoot,ML,2090.0,1.0503862370956443,1.201938107246346,1.3387931520039416,1.4881224928246117,1.6359889373929741,1.8223400229385198,2.0827871982644566
medium-overshoot,ML,2091.0,1.0536879202686371,1.201104710648762,1.3372741565256927,1.4858435563239776,1.6313939046355448,1.8374786052781809,2.113166216266737
medium-overshoot,ML,2092.0,1.0711308037586436,1.2149250687365272,1.348394082706367,1.4920171504594086,1.6250547050698292,1.8231536709103693,2.0858187230421557
medium-overshoot,ML,2093.0,1.048060184570018,1.2031143277765748,1.3480491291912629,1.4983840303719,1.6385354918202268,1.842816296968051,2.115732221824354
medium-overshoot,ML,2094.0,1.0345892798915195,1.2024953108242038,1.3474486821335725,1.4922905667840967,1.6475432748814904,1.843056326715595,2.0905319576750414
medium-overshoot,ML,2095.0,1.0605759462196502,1.209570648626228,1.347625528884355,1.5092082710668018,1.663384800569619,1.8499188541827951,2.1235827116708235
medium-overshoot,ML,2096.0,1.0561003091685646,1.217457717104595,1.362462216259004,1.5063708095219714,1.6597925084524547,1.8579617233395165,2.1226657595422362
medium-overshoot,ML,2097.0,1.055329891016744,1.2181148359915377,1.376407982512967,1.5202917843492856,1.6589505739369583,1.868458094457438,2.137432708521954
medium-overshoot,ML,2098.0,1.0697847115498316,1.2216056945094769,1.364239199218327,1.5148567160711515,1.6523005922650127,1.8685879697857655,2.1225627934022246
medium-overshoot,ML,2099.0,1.0630835146281858,1.2253115240945878,1.3532503720234337,1.5089127995340998,1.6607723836074035,1.8654945832801617,2.1239963666948527
medium-overshoot,ML,2100.0,1.0583917233354356,1.2149945433220501,1.3570314049672312,1.5088223754279289,1.6652073742621707,1.8643978157118535,2.1338229620081757
medium-overshoot,ML,2101.0,1.0613315427974341,1.2163785589206477,1.3536362772936892,1.510091260795795,1.6722214044315047,1.8681301111754107,2.1387210654274824
medium-overshoot,ML,2102.0,1.068970916472982,1.2165750745294939,1.3598954434840316,1.5042372790556644,1.6646932660232623,1.86207981049285,2.1656027057107936
medium-overshoot,ML,2103.0,1.0546122185682565,1.2160186966556796,1.3684961209333644,1.5136893299551852,1.6708848143440178,1.8685226459990145,2.1743925234123562
medium-overshoot,ML,2104.0,1.0683079766282342,1.2026013145695194,1.3657619628625017,1.520058822627009,1.67583064866456,1.8592708019068027,2.133473874349187
medium-overshoot,ML,2105.0,1.0604317036127415,1.2098628309587363,1.3685481216840658,1.523710698882769,1.6612652923355147,1.8738183249554505,2.1452275877620095
medium-overshoot,ML,2106.0,1.0539157181157628,1.2071547722235165,1.3635199649909413,1.516128924891543,1.6664766093765144,1.8533865633363298,2.1640790591565877
medium-overshoot,ML,2107.0,1.0567389794836994,1.212060722045258,1.3640403773875334,1.520283727090408,1.6695967187245808,1.872266226780011,2.1615541567565546
medium-overshoot,ML,2108.0,1.0393628932566574,1.1937128644523876,1.3578839088336145,1.5149675602479,1.672492094605572,1.8774263907982371,2.169676924092351
medium-overshoot,ML,2109.0,1.03494738709542,1.1933266071465733,1.3470183074076032,1.5149070554625848,1.6547588366487131,1.8600749223728246,2.1486253010887286
medium-overshoot,ML,2110.0,1.0492712646721523,1.1903699819888829,1.3594934965453702,1.5143326462804114,1.6597014728502377,1.858312609146021,2.164026198079325
medium-overshoot,ML,2111.0,1.0361848325950673,1.1948311808125618,1.3528390736284095,1.524416113103841,1.6630673936109812,1.8565303823916748,2.1546309038511793
medium-overshoot,ML,2112.0,1.0297272602869536,1.209186038608242,1.3551278936364701,1.5105323872577339,1.6464294493354532,1.8746062155125958,2.185892906982958
medium-overshoot,ML,2113.0,1.0291996570936337,1.195383628467175,1.3473319081231723,1.499361598593911,1.6583416942652796,1.8708249830266988,2.1697658501398633
medium-overshoot,ML,2114.0,1.0469114499781373,1.1857591154560931,1.343622990673746,1.4979978203328033,1.6513129026995188,1.8740423060881057,2.1606976771908037
medium-overshoot,ML,2115.0,1.0380636875307399,1.1888651773484378,1.3511518123624242,1.511799014346896,1.6499989674079865,1.8651987677075967,2.188543259358112
medium-overshoot,ML,2116.0,1.031249770519116,1.1879746003731255,1.3367828461381235,1.4887468712266354,1.6422211928367783,1.8692438492239307,2.180755011244932
medium-overshoot,ML,2117.0,1.0275415064399165,1.177678436689919,1.333437800735648,1.4990480941677649,1.6409589799938964,1.8593148968954645,2.1611525783561074
medium-overshoot,ML,2118.0,1.0251015477214627,1.1721042886342428,1.331070687184728,1.4819391341734773,1.665310257063921,1.8678295396845772,2.1752331497908677
medium-overshoot,ML,2119.0,1.0051841307097964,1.1711889917586131,1.3249298734757518,1.4762533667875457,1.6482149630506882,1.8353864767883632,2.159256565610973
medium-overshoot,ML,2120.0,1.0196459237572366,1.1711075150141814,1.3266829929225359,1.4738981297111702,1.6430256809817692,1.8515360226441213,2.1453580440345306
medium-overshoot,ML,2121.0,1.037596497229239,1.1705987906201387,1.3363742722138972,1.487819322974347,1.6478737419256158,1.8626762768972012,2.1465345568002
medium-overshoot,ML,2122.0,1.0235919087950118,1.167067275714383,1.3251952959610631,1.480281428008964,1.6456339643002595,1.8387943238927784,2.164520309335921
medium-overshoot,ML,2123.0,1.0205308918779445,1.1595975269707741,1.3089617810367953,1.4761327903261068,1.6390807426201432,1.8379838029320466,2.1571525690076614
medium-overshoot,ML,2124.0,1.0226219908160394,1.1509549359058586,1.3129144700228923,1.4703859389703895,1.629154968762527,1.8492643071618244,2.135144269231245
medium-overshoot,ML,2125.0,0.9863367752440354,1.1469007705165994,1.3109906204835415,1.4774133218746222,1.610267543871013,1.8521719676292578,2.1512863760496868
medium-overshoot,ML,2126.0,1.0010592755258516,1.1449334275587706,1.3084545354511343,1.4507562276397306,1.6146660915221458,1.8388007430119941,2.106680854505256
medium-overshoot,ML,2127.0,0.9957791185611969,1.1331245054885186,1.296668778781665,1.451517560961484,1.610478788808522,1.842771390004081,2.102109988228421
medium-overshoot,ML,2128.0,0.978224557545019,1.1213032412522221,1.2851064512719128,1.448792715081974,1.6209143362583402,1.8385895513665422,2.0843155956201778
medium-overshoot,ML,2129.0,0.9945833872539579,1.1395820361478914,1.2855116326947018,1.4441897340240641,1.6055737395161953,1.8177770827463038,2.1345536011005506
medium-overshoot,ML,2130.0,0.9811855459066783,1.1309885956869414,1.2913886132038825,1.4385732242145033,1.5963196281601426,1.8175533472745187,2.1267165789021254
medium-overshoot,ML,2131.0,0.9761913830363745,1.1201418294264975,1.2874915338856439,1.4324351248912914,1.5871840839728237,1.8062332156672578,2.1221625536267426
medium-overshoot,ML,2132.0,0.9629096743066825,1.115210029101908,1.2670610302702938,1.4194235950350462,1.5823684247277463,1.804575512147541,2.1365631299554164
medium-overshoot,ML,2133.0,0.9485853131152902,1.1104366616841919,1.260877300583962,1.4284934307990187,1.5838610391584886,1.7971230222976184,2.1098884499358044
medium-overshoot,ML,2134.0,0.9488770486818602,1.1150669316901298,1.2674055563646827,1.4151272816594607,1.5893735653861603,1.7889806487618392,2.1383062830705373
medium-overshoot,ML,2135.0,0.9469564586082778,1.1074402962751722,1.2558624260095308,1.4190343083420829,1.5721684193296717,1.7897624499121254,2.1216740247600474
medium-overshoot,ML,2136.0,0.9460085954843447,1.1020387599880215,1.253307170973927,1.4116035887946172,1.5675628880167793,1.7822782071412704,2.126599304309016
medium-overshoot,ML,2137.0,0.9302457509473236,1.0910003542433055,1.247620624210014,1.421745991204083,1.5647301100359392,1.7856942887047451,2.1147857770076213
medium-overshoot,ML,2138.0,0.9310443276752571,1.0972137418362988,1.2475627433619811,1.4006331958233627,1.5629592579444322,1.7677890293938239,2.082261072832811
medium-overshoot,ML,2139.0,0.9450755159487583,1.0937627828601468,1.2567338453969659,1.4140500425635378,1.5583285222159924,1.7884872472262725,2.0988716086336576
medium-overshoot,ML,2140.0,0.9466761274770827,1.090402036312592,1.2471546083583835,1.3992077625629336,1.535393694754422,1.7643943874580454,2.077228314534584
medium-overshoot,ML,2141.0,0.9379902695842075,1.0937203642989415,1.2309214848253087,1.3871875781993062,1.534351860947151,1.7520365434001333,2.076643067323015
medium-overshoot,ML,2142.0,0.9246327304523518,1.069043799172875,1.2187140691992666,1.3847922124675187,1.5309185506775067,1.7291239489871544,2.10755712287213
medium-overshoot,ML,2143.0,0.9356871277798398,1.0790621293182419,1.2221175808151223,1.3658390796671098,1.5285039182321964,1.7350639700525647,2.0635523316543303
medium-overshoot,ML,2144.0,0.9286822455814072,1.0655439763183028,1.2091166222694574,1.3620852151020897,1.524933029383338,1.7400269299415272,2.070873176127523
medium-overshoot,ML,2145.0,0.9296479036484796,1.0696449376965158,1.22466889998722,1.3640983344439626,1.5148234553315483,1.7326942933479288,2.034965238112626
medium-overshoot,ML,2146.0,0.8945743489591462,1.057164692792207,1.2123147566612869,1.362474147175838,1.5028862066879263,1.7409907709530363,2.0868095048988846
medium-overshoot,ML,2147.0,0.9184177500934445,1.060214909413576,1.1964406493910773,1.3520984106170757,1.4976140366265787,1.7404709825282851,2.0780450841528797
medium-overshoot,ML,2148.0,0.906545222873977,1.057225041245114,1.194904479052191,1.335127476169091,1.5035472791021702,1.7286768228928262,2.049751434045532
medium-overshoot,ML,2149.0,0.8776598781452206,1.0468941635432467,1.187404559764073,1.3457600482095324,1.5087419241783093,1.7243735801586126,2.0679811379196855
medium-overshoot,ML,2150.0,0.9123181692222424,1.044372474378461,1.1751144566243388,1.3351504180744398,1.4846343975229062,1.709657556541297,2.0425348438365916
medium-overshoot,ML,2151.0,0.886985929901782,1.0339104248426532,1.160178388925184,1.3197856235609593,1.4805993040049827,1.6986547786171797,2.010905637195322
medium-overshoot,ML,2152.0,0.8853125582834519,1.03093573900525,1.177627229306987,1.3156979751764093,1.4788441944090267,1.7043018066756774,2.029437820684031
medium-overshoot,ML,2153.0,0.8736079745294011,1.0099828259699628,1.16077863994869,1.3240588050571707,1.4873529305458142,1.6893562406821843,1.9883601163036406
medium-overshoot,ML,2154.0,0.8648918651578656,1.0065549335749104,1.1605802356762316,1.3081656760684381,1.47377726106514,1.6925776419611775,2.0054578068633098
medium-overshoot,ML,2155.0,0.895342595045469,1.015783803404677,1.152167775955394,1.3150775418986358,1.4805730609202155,1.675896178658261,2.018326278019742
medium-overshoot,ML,2156.0,0.8805128808088368,1.004526961161631,1.152124121241315,1.3119889331469416,1.4658635401257807,1.6616419224865764,2.0347014261788194
medium-overshoot,ML,2157.0,0.8564851444308121,0.9928704456053534,1.1378102272651682,1.3111561566610124,1.4713145403621921,1.6773496540525465,1.9927518609222241
medium-overshoot,ML,2158.0,0.8757876952258624,0.995836783014632,1.1393448908159487,1.3048180034220132,1.4378182455817157,1.6702719023609118,2.0101663852632496
medium-overshoot,ML,2159.0,0.8447507593779084,0.994792590340966,1.1390449696762752,1.2879411038602584,1.4375084594134142,1.6602104497990804,2.0012947125113207
medium-overshoot,ML,2160.0,0.8354731208625039,0.9789865500420274,1.1283416470794463,1.2802681566160903,1.4421709420601196,1.6667115825105883,2.0011922575475847
medium-overshoot,ML,2161.0,0.834816881519834,0.9680111754403968,1.1139950232042894,1.2845028962419756,1.430881575552366,1.6673403070854331,1.9958027837620749
medium-overshoot,ML,2162.0,0.8229183993370338,0.957310142078159,1.1103064466438792,1.2590051270523068,1.4219947877846142,1.6429499540500605,2.0087011425504837
medium-overshoot,ML,2163.0,0.8194020277152276,0.9481353107854634,1.1064884944653774,1.2590883390659635,1.4094455098044978,1.6449934297664957,1.9714419913092407
medium-overshoot,ML,2164.0,0.8142288082561606,0.9567076988270365,1.1066519732598927,1.262518513999486,1.4142562196119852,1.6393925542143617,1.9941199947334074
medium-overshoot,ML,2165.0,0.8108435329265528,0.9492653362745683,1.092249956945497,1.2406497191651775,1.4092696380254155,1.6133791445970525,1.969637262388179
medium-overshoot,ML,2166.0,0.8159725109155113,0.9512021634144024,1.0897942215373146,1.2400517426258775,1.3916351673815321,1.6290579111963017,1.953786273530986
medium-overshoot,ML,2167.0,0.8212665063572621,0.9435213030140902,1.0788625488535335,1.2437706850763928,1.4107195660888112,1.607800265126324,1.9471631161775704
medium-overshoot,ML,2168.0,0.799956015004563,0.9448322183711246,1.0730370510146274,1.2440961796067556,1.3994613134250127,1.622441680531158,1.9276179861333262
medium-overshoot,ML,2169.0,0.7868447000309473,0.9448244043675565,1.0783034209452023,1.2405114585539772,1.3865724930608139,1.6054137306367915,1.944844836377638
medium-overshoot,ML,2170.0,0.7914808118505677,0.928475861535455,1.0758924526672407,1.231331742885643,1.3857703894574267,1.6093089083358338,1.9705768916192306
medium-overshoot,ML,2171.0,0.7843251387731393,0.9281547634409066,1.074442496292234,1.1990627875584017,1.3768464989472813,1.5982345049488647,1.9484423885004967
medium-overshoot,ML,2172.0,0.7771295189376245,0.928748350134272,1.0718753289968719,1.2095658466036567,1.3650667258026672,1.5932196480913625,1.9078337302943487
medium-overshoot,ML,2173.0,0.7949485921514977,0.9351986128300266,1.0554275124169652,1.2211851542332792,1.379000805520442,1.5671994876045723,1.9096442992043607
medium-overshoot,ML,2174.0,0.7868774423839977,0.9221372902626245,1.051700310575518,1.2013518440348716,1.3510406206588663,1.568630319147166,1.8813588979617992
medium-overshoot,ML,2175.0,0.7837810366603675,0.9035089683430472,1.0443239300616203,1.1974284097742525,1.35243773197659,1.5646665510080722,1.9005508179829758
medium-overshoot,ML,2176.0,0.7738273960638915,0.9118448545910272,1.0436592937501494,1.1907624386594324,1.33830832819566,1.5820125764060922,1.9433280252927463
medium-overshoot,ML,2177.0,0.7611193566468535,0.8947747509976185,1.038156891423936,1.1667695050376385,1.3445800996512132,1.5501272664180372,1.9256203206827103
medium-overshoot,ML,2178.0,0.7713131494730524,0.8965376644848514,1.0314229257372922,1.1766707504145273,1.317525064134246,1.5552638091163216,1.9304041821995954
medium-overshoot,ML,2179.0,0.7428799154534387,0.8815796662536409,1.0074875245617325,1.1706821479307234,1.3381819369799217,1.546885360765308,1.9401976510111585
medium-overshoot,ML,2180.0,0.7446114779744102,0.8889881216775045,1.0250032753170377,1.1751397123006004,1.320401292343799,1.5456312775931833,1.9187005986324728
medium-overshoot,ML,2181.0,0.7503536369834036,0.893022774163126,1.0073554210258548,1.159925696531712,1.3217028332816378,1.5222123420471965,1.8917286194953196
medium-overshoot,ML,2182.0,0.7522977868097754,0.8613709179465788,1.0021854869459532,1.1547467737352448,1.3077509313616509,1.5085211221349297,1.8837711578410383
medium-overshoot,ML,2183.0,0.7358992414245314,0.8642213967913739,0.9937716699070449,1.143781748319066,1.3016773410988711,1.5202640323124759,1.8858842253425323
medium-overshoot,ML,2184.0,0.7296787961154932,0.8569023091680358,0.9959568467852769,1.153636405812889,1.306846462688586,1.5197887689884557,1.8722560474392824
medium-overshoot,ML,2185.0,0.7244613544699853,0.8575147375888496,0.9933366221994513,1.1523996175951057,1.3080017501749532,1.5148861551850519,1.8996537566993943
medium-overshoot,ML,2186.0,0.7124491602157405,0.8527522956139691,0.9979341870231535,1.1379940249987763,1.292770308867267,1.4997876204769949,1.85655433904443
medium-overshoot,ML,2187.0,0.7049403270092689,0.8501120329442197,0.9805629402484812,1.1204294221794446,1.2760949265587345,1.4868741343946326,1.8682911533372324
medium-overshoot,ML,2188.0,0.7011889555445328,0.8524821039912435,0.9763920458527339,1.122852076622465,1.2754050902371468,1.502643448669516,1.8942604626277966
medium-overshoot,ML,2189.0,0.7003274145349927,0.8431154968248016,0.9691193707827815,1.120478996816452,1.2653075362103245,1.4840560657412352,1.8215353800398573
medium-overshoot,ML,2190.0,0.7101945289113031,0.8436150121527838,0.9680636129437699,1.1151317961167964,1.2653733381498042,1.5024435718723785,1.8225096200934208
medium-overshoot,ML,2191.0,0.7106976873181439,0.8253959212046319,0.9663914122760381,1.1083591728671538,1.2545941234366953,1.4970300056864945,1.8083318663128787
medium-overshoot,ML,2192.0,0.697902471451419,0.8258313786146757,0.9418827518883086,1.1131807644143465,1.256557598905849,1.475841286296646,1.7757908003503582
medium-overshoot,ML,2193.0,0.6957185563303976,0.82823710377996,0.9478037778032956,1.1003396636310614,1.2494776365756837,1.4472975836374105,1.774014520044676
medium-overshoot,ML,2194.0,0.6828536471452722,0.8255078306176862,0.9483833803610457,1.0946465095773874,1.2547557194024153,1.4645902440194123,1.8156534262931963
medium-overshoot,ML,2195.0,0.6871118662051633,0.830111335301574,0.9391975895400742,1.0881888761432201,1.245348892597695,1.4561735758667118,1.8085893047719461
medium-overshoot,ML,2196.0,0.6715096180294232,0.8123905536577871,0.9424701784492755,1.0806017211893701,1.2336824137482971,1.4469293325401666,1.7767207949185237
medium-overshoot,ML,2197.0,0.686772417349952,0.8091257346269293,0.932798917406114,1.0818102784770236,1.2261569873171263,1.4385923011203579,1.7863616805585307
medium-overshoot,ML,2198.0,0.6662650071570453,0.8061621089113754,0.9220932425278247,1.073392788646785,1.2300034040372252,1.4281458001581262,1.78976269921378
medium-overshoot,ML,2199.0,0.6705464750023068,0.8092984313904626,0.9205069171678136,1.066233215361679,1.220390574428933,1.4177194200749774,1.7886396362206216
medium-overshoot,ML,2200.0,0.6624056907986164,0.790322039338836,0.9256282607190534,1.0660564138076263,1.2120519534658014,1.4174551717557926,1.8274085638444764
medium-overshoot,ML,2201.0,0.673068718049691,0.7874973726346068,0.9103912737450788,1.0715448661715603,1.2023870743076484,1.4270318370028485,1.7416085457040813
medium-overshoot,ML,2202.0,0.6508550384400832,0.787420749441015,0.9145520849340708,1.0721465384131843,1.2090349153873072,1.4108840885280858,1.779322811271613
medium-overshoot,ML,2203.0,0.6514587580813911,0.7785874871574979,0.9155380095020411,1.0581524034136742,1.1793232666337774,1.400686505199711,1.7707667321154332
medium-overshoot,ML,2204.0,0.6478511682515521,0.7616087559330853,0.9050708129492623,1.046837822523896,1.176352838257315,1.3931205834870906,1.7801859069515877
medium-overshoot,ML,2205.0,0.6472683920737008,0.776743499749035,0.8908269119047773,1.0314964434128697,1.1806614440369585,1.3950752110990297,1.7514086524632573
medium-overshoot,ML,2206.0,0.6412506302660751,0.7687868389102741,0.8949916204932079,1.039377119388499,1.1687693887251045,1.3869846822907719,1.7547923712639288
medium-overshoot,ML,2207.0,0.6217018835429355,0.7635404396878276,0.88343876886654,1.030125265567099,1.156649674176451,1.3931410510790203,1.7395846184443007
medium-overshoot,ML,2208.0,0.6054724476482186,0.7525232030664668,0.8900967457249842,1.0158612103602234,1.1553113212283772,1.3567719008935801,1.732686301575668
medium-overshoot,ML,2209.0,0.6044508919486401,0.7443006914527334,0.8729125197141971,1.0280922779153352,1.1482558944795154,1.3786584961993653,1.6804413842674915
medium-overshoot,ML,2210.0,0.6117406807699699,0.7396695139082511,0.8567360754050427,1.0033738496794145,1.1683524252588715,1.3759862212625447,1.6896315677768352
medium-overshoot,ML,2211.0,0.6207192203404225,0.7460037408528948,0.8584698575719037,0.9933674217973316,1.1455213342221036,1.3571912830126793,1.6726762036168792
medium-overshoot,ML,2212.0,0.6078409297701972,0.7358918318647117,0.8514044544280307,0.9929259083219713,1.1464887704056528,1.3593659604025485,1.6930218137969903
medium-overshoot,ML,2213.0,0.5927548719506167,0.7290334700953441,0.843813527988228,0.9836135202317441,1.1283021768807804,1.352323586860978,1.6868435377447302
medium-overshoot,ML,2214.0,0.581610939325906,0.7192926868626517,0.8264503952252795,0.9797880120262212,1.1504285091566775,1.346223711871927,1.6858570449082282
medium-overshoot,ML,2215.0,0.5963185148141378,0.7240065218632447,0.8395141689390985,0.9760118226727983,1.1303930754250429,1.3319355539755935,1.6696796618183827
medium-overshoot,ML,2216.0,0.5877147532548668,0.7194538364442786,0.8390076772238056,0.9679661154794678,1.1181306285692476,1.3159799505383292,1.705160356440819
medium-overshoot,ML,2217.0,0.5990095806656698,0.7214723464979774,0.8331703534348069,0.9673447011265132,1.118543933171757,1.3138150257919592,1.6766781008611913
medium-overshoot,ML,2218.0,0.5649505944367819,0.6996085301168419,0.8207130808241319,0.9654385672652133,1.1068053861979483,1.3247141924768442,1.6542344628787384
medium-overshoot,ML,2219.0,0.5805335907953606,0.6931079632036916,0.8170100643826688,0.9653431611326033,1.103126585167791,1.3174965309689515,1.6923918702896203
medium-overshoot,ML,2220.0,0.5587216048190136,0.6904636353689838,0.8227111092308161,0.9484344416013171,1.1111569008844457,1.2916431318306525,1.6788801505260955
medium-overshoot,ML,2221.0,0.5720243932542535,0.6852317994060997,0.8056342679229878,0.9411710620209061,1.0970449347896745,1.2863852395961979,1.6775262321485493
medium-overshoot,ML,2222.0,0.5632315662517888,0.6830077825591929,0.8099771415212947,0.9388546704378262,1.0768081705346884,1.2826797575670474,1.6605191928262901
medium-overshoot,ML,2223.0,0.5500610207759903,0.6779606372011212,0.8002263145545894,0.941012845688332,1.0685349384632117,1.2759976786473277,1.655769329198467
medium-overshoot,ML,2224.0,0.5513202327506393,0.683104792450293,0.7976723743861699,0.9380471321249002,1.0662748309223855,1.2774803970944697,1.6482155819779714
medium-overshoot,ML,2225.0,0.5195478106752901,0.6785618011991745,0.8008715901889338,0.9289254161459568,1.064075947668096,1.2743077572536032,1.6790524517959176
medium-overshoot,ML,2226.0,0.5204948796014913,0.6654884526095304,0.7874981018651517,0.9299064463271514,1.0591650912992743,1.2500873372923726,1.6095130003573779
medium-overshoot,ML,2227.0,0.5115606711085078,0.6671795678560808,0.7838557026287141,0.9127478298234128,1.0557612241175158,1.2723156474697244,1.6338779093284739
medium-overshoot,ML,2228.0,0.4836343551634056,0.6476709473106878,0.7686952725714187,0.9176022496640618,1.056880642225632,1.2634593733158332,1.6310079271824185
medium-overshoot,ML,2229.0,0.5054237502176685,0.6540216710992927,0.7513355715112245,0.8975794158866729,1.0516208070969244,1.2508260728090126,1.6057968952741417
medium-overshoot,ML,2230.0,0.4994497988343519,0.6375436288620888,0.7577756735559401,0.8906616599489628,1.048691899964324,1.2420255083816236,1.5854890803322705
medium-overshoot,ML,2231.0,0.5119876481312116,0.6307646785419304,0.7555352902950356,0.8897873210768523,1.0289636029291298,1.2415148914179688,1.5877778531252051
medium-overshoot,ML,2232.0,0.5000802933913262,0.6209733595828495,0.7631388522128429,0.9078146608771354,1.035272503080331,1.2560648465601922,1.5915624012390548
medium-overshoot,ML,2233.0,0.5080402433241523,0.629112534025449,0.761450223717731,0.8825717128461272,1.0221492593008472,1.226981672266262,1.5609250223433888
medium-overshoot,ML,2234.0,0.5258852729303,0.6372052830257524,0.7559139166505754,0.8787212297679227,1.0226584199012962,1.2318388798900612,1.5578011711562048
medium-overshoot,ML,2235.0,0.5084456601355254,0.6231093736963509,0.7522814750872793,0.8703585689158093,1.0187708380177827,1.196664322501547,1.5485525150250614
medium-overshoot,ML,2236.0,0.4952014853934551,0.6222158921112335,0.7477770468822607,0.8724740825983665,1.021247758653851,1.2042777447314663,1.5382089104991812
medium-overshoot,ML,2237.0,0.48296288013025196,0.6160969311673158,0.7442783216622751,0.8610080032455875,1.0064349973887976,1.2017185003282458,1.5513935749531236
medium-overshoot,ML,2238.0,0.484259606823611,0.6094444099550722,0.7260250483631316,0.8567791979887819,0.9938987406399764,1.2166965505429195,1.5115764355588208
medium-overshoot,ML,2239.0,0.47373364996852174,0.5992804818871144,0.7269600380578065,0.8535735629211205,0.9827965064173957,1.1847345436925334,1.521877527010772
medium-overshoot,ML,2240.0,0.4868289696606025,0.6071027129730834,0.7276697225049753,0.8416197876051634,0.9823407702988017,1.2054027095105246,1.5100791027316143
medium-overshoot,ML,2241.0,0.48235101571525957,0.5937693300436216,0.7133015831308558,0.8357500140278353,0.9679913292901233,1.18847194022462,1.5335924541876715
medium-overshoot,ML,2242.0,0.4728868698436072,0.5945179019530531,0.7075725484871079,0.8277476252185568,0.9651123476173497,1.1811009027178103,1.5137126096307223
medium-overshoot,ML,2243.0,0.4805439017067316,0.5904949563047485,0.7063264523547577,0.8318112955826097,0.9650621087133716,1.14830398694431,1.5058853140228117
medium-overshoot,ML,2244.0,0.4698221120892855,0.591451599274671,0.6933626962700337,0.8194744885819234,0.9479444666574021,1.155304393813396,1.4637422733567897
medium-overshoot,ML,2245.0,0.45105213444511943,0.5884251641131114,0.6955711886990338,0.8206345928696714,0.9527718746299156,1.1477600650533508,1.4953928700239767
medium-overshoot,ML,2246.0,0.45958800925628646,0.5766167881116837,0.6896341638926397,0.8220386196375875,0.9530138066395505,1.1423767762233545,1.4469325930999424
medium-overshoot,ML,2247.0,0.435395567524566,0.5660140504299519,0.674835739979845,0.8135083324472839,0.932992796914142,1.1453313585229823,1.4523126854142365
medium-overshoot,ML,2248.0,0.41759997370007124,0.5733794000211245,0.6820146290228346,0.8042169595253903,0.9447119967964888,1.125849615821768,1.4797034088978578
medium-overshoot,ML,2249.0,0.43207121924122655,0.5697288578736343,0.6735210185876875,0.7953789988302654,0.936499663294072,1.1198666554638452,1.4184130972297944
medium-overshoot,ML,2250.0,0.4292902233987223,0.5653403549563778,0.6563208712122099,0.7853268666264657,0.9274900824782777,1.132209091623398,1.4314620966658747
medium-overshoot,ML,2251.0,0.42912749333371447,0.5488550650779145,0.6607198381690418,0.7908713100337188,0.9145693237849492,1.1201499703736575,1.419471956219382
medium-overshoot,ML,2252.0,0.414017949987417,0.5488132292632345,0.6553867542809545,0.7795615658175581,0.9111445719605786,1.1140780701813509,1.4089635159550142
medium-overshoot,ML,2253.0,0.4233960703977644,0.549659749427502,0.6508002728526311,0.7836983867560771,0.9260663056872056,1.1057193566819095,1.4020523896361037
medium-overshoot,ML,2254.0,0.4159651152100041,0.5450982692444807,0.645553003941562,0.7708342700553629,0.8969724715118782,1.0855275598044793,1.3694849858992841
medium-overshoot,ML,2255.0,0.4115277102703598,0.5398977776572057,0.636961328243437,0.7588108240586611,0.8984844784325627,1.0860211894227587,1.3877574816952838
medium-overshoot,ML,2256.0,0.42647206740172405,0.5481234530484282,0.6390660759170571,0.7652338897563515,0.8802930799870624,1.0891643604595453,1.37936597147529
medium-overshoot,ML,2257.0,0.417709181634636,0.5369633313028908,0.6389841865083355,0.7531149222529704,0.8768412447754242,1.092153411052521,1.4060570137918487
medium-overshoot,ML,2258.0,0.42167219445830195,0.5282994606358584,0.6454477394816653,0.7534557565713078,0.8765040353228517,1.084261450856691,1.3646517791394062
medium-overshoot,ML,2259.0,0.3987801049535848,0.5228344276233058,0.6196878562590176,0.7394317269041147,0.8551022686872857,1.0745257472801462,1.368235971885858
medium-overshoot,ML,2260.0,0.38466403649327513,0.5128782827934215,0.6084067864311555,0.7254063473085612,0.8434647314099047,1.0574330558469185,1.4061802708719207
medium-overshoot,ML,2261.0,0.37847254464781294,0.49981960514532453,0.607189016007495,0.7229915170242439,0.85470749116612,1.0305049037020455,1.3854295527504414
medium-overshoot,ML,2262.0,0.3961370033704953,0.5070869129373647,0.6023937162763022,0.7304839617352277,0.8549975269230005,1.060784737763295,1.3296152937302983
medium-overshoot,ML,2263.0,0.3935692138744248,0.4970594145742579,0.5979457501057581,0.7273046935035413,0.8348693955118465,1.0319573806522426,1.358088240428602
medium-overshoot,ML,2264.0,0.38806898921257843,0.5089417007879219,0.5927987409563447,0.7157365121918011,0.8307162102568487,1.022738493775076,1.3284173439733031
medium-overshoot,ML,2265.0,0.3751838409032565,0.5004283572416907,0.6021945132245757,0.7153890177607307,0.8180326696643594,1.0180752502520645,1.3382138220298985
medium-overshoot,ML,2266.0,0.3711408015315372,0.48010561518462835,0.5815230933954366,0.6973285952863044,0.8099554327913989,1.016451518379549,1.3314144488672517
medium-overshoot,ML,2267.0,0.3607405652535841,0.47977835570715044,0.5892145316996926,0.6925530483068116,0.814990480694932,0.9989705253077401,1.3183742602426753
medium-overshoot,ML,2268.0,0.35279752926300406,0.4779402549891286,0.5864470322488601,0.6974070423890308,0.8146783621982145,0.9925909330106413,1.310343378601646
medium-overshoot,ML,2269.0,0.35389592632183675,0.4689941525447456,0.5729875005091717,0.6853077217795538,0.8063468686424144,0.993996658616396,1.289541458891771
medium-overshoot,ML,2270.0,0.3464627889580272,0.4659717033224228,0.5669956037363998,0.6761400346023658,0.7931058190771089,0.9949873892619058,1.2851939159793004
medium-overshoot,ML,2271.0,0.3436097106469605,0.4724026335223425,0.5704829375203713,0.6627576177336233,0.7896147980484972,0.9926378592441779,1.2802310619687707
medium-overshoot,ML,2272.0,0.3367765627816883,0.4718172174887734,0.5651430029055649,0.670175421976165,0.7881504849063407,0.9833634863615414,1.2651607032178258
medium-overshoot,ML,2273.0,0.3411022766755276,0.4612311895025217,0.5523978390210121,0.6630386792772891,0.7937959717688028,0.9653768314010776,1.2732985680873938
medium-overshoot,ML,2274.0,0.3242991264147002,0.4619415427438267,0.5548978353234202,0.6617223118208827,0.7771263686370073,0.9498275360662638,1.261787656456449
medium-overshoot,ML,2275.0,0.3302206245361743,0.4388528178999632,0.5442878068062947,0.655234658313086,0.7740712078283886,0.9523458321164474,1.2653700247201924
medium-overshoot,ML,2276.0,0.33445953560181224,0.44542249161293107,0.5542401930834716,0.6595256757056033,0.7868930088556818,0.9505903159596601,1.2721112620098805
medium-overshoot,ML,2277.0,0.3315175793813162,0.4380213756859998,0.5342881910851018,0.6532034035070949,0.7683973797584467,0.9462891208923706,1.2465415653039564
medium-overshoot,ML,2278.0,0.31338357317519844,0.43457879697736534,0.5438439468783148,0.6504337939455858,0.7675086566768526,0.9326091633759308,1.219166882133622
medium-overshoot,ML,2279.0,0.30545441751433017,0.4295258489744455,0.5264113464292486,0.636087155259182,0.7635903306189857,0.9431594609895823,1.2326638626153323
medium-overshoot,ML,2280.0,0.30755113579368554,0.43066486427079986,0.5163441236267821,0.6246489690509387,0.7428669877488961,0.9347788873099604,1.2264998416497077
medium-overshoot,ML,2281.0,0.3053178057734154,0.4123428557261559,0.5118225677982805,0.6172455617539199,0.7474559764061682,0.9458044348140804,1.2262108241942788
medium-overshoot,ML,2282.0,0.30092217326206416,0.4284411597075875,0.515936623875569,0.6290777135108971,0.7479863369263157,0.9145276372996534,1.2314676047848871
medium-overshoot,ML,2283.0,0.3207024155757662,0.4242550531667691,0.51384227445909,0.6149452934657984,0.7462087323567513,0.9021241619433417,1.2114334915148817
medium-overshoot,ML,2284.0,0.3069703268103405,0.4257623017256838,0.5181976327736643,0.6189727679771785,0.7408114020228191,0.9016282353855487,1.2127246551971458
medium-overshoot,ML,2285.0,0.28202984680847804,0.4201549085639802,0.511931610046713,0.6200202332773704,0.7281329445835064,0.90325014141752,1.1955864667828644
medium-overshoot,ML,2286.0,0.28772345855105597,0.41208137264528955,0.5088882056499539,0.6127114023604723,0.7227794139121317,0.9045963079644208,1.2130077428347812
medium-overshoot,ML,2287.0,0.28976203408739354,0.41368574342833,0.5051439832221593,0.614259342832646,0.7246188016795618,0.8842735909691938,1.1980210974184502
medium-overshoot,ML,2288.0,0.25692896830358364,0.4037900993405264,0.4994678150444404,0.5938915744606488,0.7102023460205082,0.8743880996296021,1.1810596835047649
medium-overshoot,ML,2289.0,0.2752896335487533,0.39597328486615635,0.4996820181895418,0.5977173530304639,0.7125859021767702,0.8779075453962638,1.1757747964562766
medium-overshoot,ML,2290.0,0.28724079220520427,0.38693811064346806,0.4968574755198352,0.5884371576273167,0.7140966250333185,0.8918947471043115,1.1753245014309412
medium-overshoot,ML,2291.0,0.3010341505225092,0.40649716121539353,0.49164257702457465,0.5889904662023568,0.7106767801101638,0.8920965951479174,1.159869844398661
medium-overshoot,ML,2292.0,0.2852325751671867,0.3857204135336676,0.49453478988409727,0.6002031904178162,0.7083264545163324,0.8738873886685531,1.163713648272714
medium-overshoot,ML,2293.0,0.26465301473871056,0.39551418124794574,0.49744109578610557,0.593842588562892,0.6919698707129356,0.8780053186621194,1.1802748442613469
medium-overshoot,ML,2294.0,0.27617155510538477,0.3885445404710536,0.48548880276713247,0.5993550581887587,0.7059368464727208,0.8657866678895555,1.159381628013878
medium-overshoot,ML,2295.0,0.2801216599449553,0.3994972109804077,0.4856558543031066,0.5963994189091375,0.7096608499763386,0.8650349270006872,1.162085728044397
medium-overshoot,ML,2296.0,0.278486588368276,0.39244910366891905,0.49031301977104197,0.5988021990033043,0.7078981377143818,0.8692898486137174,1.1405899987078076
medium-overshoot,ML,2297.0,0.26745385043099645,0.38800155956129423,0.4932007761141876,0.6020754866249121,0.7053182682942388,0.8545241202218832,1.1366319172359325
medium-overshoot,ML,2298.0,0.275979708131342,0.391497022888252,0.4894391166107767,0.5995190933976884,0.7018511606802986,0.8635527181219153,1.1324921153885834
medium-overshoot,ML,2299.0,0.274777727507825,0.3995956841824745,0.4934661491883793,0.5979208978656809,0.7089238884502956,0.8857336582235338,1.161115680422173
medium-overshoot,ML,2300.0,0.2853310202015917,0.3994784857767824,0.4971653061445555,0.6006195880012062,0.7126434111179196,0.8818218357460983,1.1375553231260171
medium-overshoot,ML,2301.0,0.28532654584264017,0.3971243219887204,0.4969931739139272,0.6057232480191472,0.7145061369950841,0.8726178888985313,1.1395394763838873
medium-overshoot,ML,2302.0,0.28377492156968903,0.3867453778204063,0.4918117251396166,0.6004973210515131,0.710621597814861,0.880216758417102,1.145794836239049
medium-overshoot,ML,2303.0,0.286175295983473,0.3956845021395758,0.4972609865234134,0.6007517044812257,0.708921036356738,0.8890642877162739,1.1557001044635824
medium-overshoot,ML,2304.0,0.2983320274088068,0.38248360143179105,0.4998008901703346,0.5913732926916783,0.7040759464260623,0.871659727843813,1.1483514195257256
medium-overshoot,ML,2305.0,0.30557925052247814,0.3886675990088786,0.4889031676448479,0.5930869709563188,0.7052769977483195,0.8783475214924032,1.1663466280034864
medium-overshoot,ML,2306.0,0.3018996085515015,0.39666805071252215,0.49128481495252324,0.593577553560505,0.7020972969813564,0.8922980003595294,1.1208196065093992
medium-overshoot,ML,2307.0,0.28558199904120113,0.3947708657392831,0.4844111886782897,0.5906974513411611,0.6982528310212703,0.862857080655403,1.1643046039090044
medium-overshoot,ML,2308.0,0.28707195467665414,0.39866911432365093,0.4950932674158054,0.593964979701078,0.7007008634948593,0.862634114885593,1.1984972042539384
medium-overshoot,ML,2309.0,0.2860693775631991,0.39173153022134394,0.4924938890555389,0.6070836717161587,0.7197863729073687,0.8686238394421187,1.139349405193417
medium-overshoot,ML,2310.0,0.2851171482121158,0.401645638790653,0.4953598413942368,0.5872078684529066,0.7008780550393567,0.8698445415513657,1.122182790038946
medium-overshoot,ML,2311.0,0.28400641356941303,0.4106341841617473,0.49430920814788615,0.5950507350406826,0.6998663004223081,0.8693055577708904,1.1196267901616819
medium-overshoot,ML,2312.0,0.2875236076905193,0.413988741891261,0.4994051032293208,0.6016452599379112,0.7007513168686356,0.8539549668478342,1.1436603376592869
medium-overshoot,ML,2313.0,0.30568061844471556,0.41839677960001376,0.5088738127850836,0.601768459908741,0.70421346827241,0.866276125804477,1.1011271684116841
medium-overshoot,ML,2314.0,0.30553004281112445,0.4210519052813043,0.5018298577763458,0.5904915906397593,0.7029373223381756,0.8645867901631243,1.1370365769252035
medium-overshoot,ML,2315.0,0.30220646810264773,0.40818611253849796,0.5002317042676784,0.6175548720964245,0.7134843141273728,0.8781404272568987,1.1558103166787723
medium-overshoot,ML,2316.0,0.3101888588439158,0.4142893181505089,0.49566259738533275,0.6076767149466591,0.7183871319586527,0.8783183995298668,1.1289517456849452
medium-overshoot,ML,2317.0,0.3034501978930783,0.4076601849006742,0.4975262990410771,0.6051519159370395,0.719078974429357,0.8817905237009681,1.120158661873599
medium-overshoot,ML,2318.0,0.3036965787793657,0.4162107019792045,0.5082535710581357,0.6065899956225069,0.7105139363720331,0.8695659736431652,1.1259620648848416
medium-overshoot,ML,2319.0,0.2994943899434357,0.4181443665663327,0.5027427366925284,0.6045562099915313,0.7169703322408669,0.8746092593249634,1.1284170791655252
medium-overshoot,ML,2320.0,0.30278270488955605,0.4109206649969614,0.5098940630129563,0.6104404742210993,0.7040007354686102,0.8670598899729227,1.1269099701809722
medium-overshoot,ML,2321.0,0.3085708246459599,0.4115281469901815,0.5134807754986084,0.6092429421241459,0.6974730417095832,0.8678395884280272,1.115049996958839
medium-overshoot,ML,2322.0,0.32223836556768315,0.4184599219044733,0.5108747308306993,0.6055353940385536,0.7071859756189205,0.8807862821904748,1.1419125884798655
medium-overshoot,ML,2323.0,0.3028837156718819,0.42362475570278163,0.5025494428981728,0.6032074008112633,0.7011271369411555,0.867010210333385,1.1459899007667869
medium-overshoot,ML,2324.0,0.31391619627000317,0.41542964391038134,0.5039554941716249,0.6065174081915586,0.7097557688736058,0.8697160316792136,1.1889859375571143
medium-overshoot,ML,2325.0,0.2998435394521405,0.41859930360942427,0.5033616975532647,0.6049520942338427,0.7022510745912317,0.8867199737406245,1.1325013850888117
medium-overshoot,ML,2326.0,0.32273532714959324,0.4156334716275315,0.4946580196320088,0.6015140741943805,0.7079046753108801,0.8756048213052738,1.104329622698413
medium-overshoot,ML,2327.0,0.3165582934607962,0.41935070820310655,0.49958354413325745,0.598491427758236,0.703830925058852,0.879186031488538,1.1429533696139484
medium-overshoot,ML,2328.0,0.3194434513924656,0.40529595355552445,0.51731693949762,0.607828947439981,0.705200392885349,0.8825538011104461,1.1314433864822584
medium-overshoot,ML,2329.0,0.31393903278352336,0.41927939876464465,0.5095939058035613,0.609146210467847,0.7199714901716602,0.886645640574709,1.12840896022939
medium-overshoot,ML,2330.0,0.3174866936509014,0.41978164075080315,0.515688610698272,0.598702779904572,0.7029210068557111,0.8800091702126128,1.1241946987154816
medium-overshoot,ML,2331.0,0.30830482650197144,0.42086910313032605,0.5158351638761651,0.5990510831846421,0.7146474777222591,0.8731887249140129,1.1329367289187822
medium-overshoot,ML,2332.0,0.2965563631805722,0.423386936839076,0.5171072973037795,0.6030314085129955,0.7042883920524621,0.8782304628717076,1.148283512383661
medium-overshoot,ML,2333.0,0.3250483636825399,0.43154335724696685,0.5113729858480014,0.601912050483096,0.7179997677030626,0.8757764548293409,1.1063032884768416
medium-overshoot,ML,2334.0,0.32276792381016,0.4221781991377496,0.5128448372546587,0.6049675743588289,0.7107728498848234,0.8711378672800634,1.1304646643870049
medium-overshoot,ML,2335.0,0.3361517710915309,0.4327682510579664,0.5175986143865531,0.6090009988034043,0.7050611735563667,0.8794181801748926,1.110257046925187
medium-overshoot,ML,2336.0,0.3419783817032973,0.4289102461449816,0.5156254621083116,0.6126245339889252,0.7089593916486476,0.8835889238136418,1.1370098437846354
medium-overshoot,ML,2337.0,0.3307815651854547,0.420245758774224,0.5169536297331988,0.6163584153641236,0.7204758672946421,0.8800874514024611,1.1334549551981237
medium-overshoot,ML,2338.0,0.33197113139760326,0.4298384037847752,0.5105949909003504,0.5961466617119455,0.7058649799446958,0.8708678436037739,1.0904431004891846
medium-overshoot,ML,2339.0,0.3209916448203224,0.41648935464340175,0.5051755440189664,0.6118841101884768,0.7122757416775525,0.8761409336885527,1.118103921636237
medium-overshoot,ML,2340.0,0.3098866405671375,0.42263972451484183,0.49858324126654335,0.6118543712395561,0.7117988546395086,0.8855325433380461,1.1184850569234337
medium-overshoot,ML,2341.0,0.3045548462739828,0.4246265692679437,0.5168280777522647,0.6124227229710224,0.7209568284075747,0.8851721756460678,1.1062760124063724
medium-overshoot,ML,2342.0,0.3201595097207734,0.4316333140989775,0.5195974009006169,0.6130530095257992,0.7245302270838466,0.8880589327451699,1.1185193661015764
medium-overshoot,ML,2343.0,0.33413574845781785,0.42921972062230085,0.5328204917668902,0.6311704452376856,0.7291542711756758,0.878777502043911,1.1170272288346972
medium-overshoot,ML,2344.0,0.33545810118640784,0.4346176974164726,0.5202221437711028,0.6199928370347614,0.7143498065146735,0.8916967181786376,1.1183692538583136
medium-overshoot,ML,2345.0,0.3339624219806835,0.43589247848632034,0.5243523630758475,0.6219134541243033,0.72592464445077,0.8871112490240045,1.1552122809259326
medium-overshoot,ML,2346.0,0.3286493675695093,0.4397630207428664,0.5193363044497713,0.6242497992803389,0.7162886871653231,0.8861852649529147,1.1190189494680483
medium-overshoot,ML,2347.0,0.33139838888409834,0.43937819046148896,0.5197379665766784,0.6150186915291,0.7210029412748845,0.8759607941674393,1.1114684064934934
medium-overshoot,ML,2348.0,0.3291188865700486,0.44013551342049373,0.5297949990393488,0.6266612478341772,0.7122467602908733,0.8841305357088417,1.1065346373212668
medium-overshoot,ML,2349.0,0.3432167547657958,0.43879970970828136,0.5252342646590734,0.62437118424398,0.7122242154579138,0.8775895534116382,1.1185571649240453
medium-overshoot,ML,2350.0,0.31392637183034156,0.42872234831319295,0.525770452523953,0.6232365507716667,0.723089606763607,0.8684298973771336,1.134226791848575
medium-overshoot,ML,2351.0,0.3376553681384568,0.427215224864355,0.5264191672724577,0.6081590337038421,0.7033771086396556,0.8569489319809002,1.1353526120141424
medium-overshoot,ML,2352.0,0.33815048479172505,0.43049492340959084,0.5152088423563533,0.6247890108154412,0.7129144009249735,0.876219963378646,1.1173949699190135
medium-overshoot,ML,2353.0,0.3342884830282618,0.4293057555959823,0.5175267541505127,0.6214694811007042,0.7206417549623737,0.8836637939866272,1.1310775425969266
medium-overshoot,ML,2354.0,0.3299087719483123,0.4362594622353668,0.5246667222317161,0.6202109808377867,0.7313892696211607,0.8684478770972928,1.152345460012995
medium-overshoot,ML,2355.0,0.3309442491890949,0.44227770609469175,0.5323021699236483,0.6203205844745971,0.7273193010830118,0.8723546736256301,1.1091338787627527
medium-overshoot,ML,2356.0,0.3113032489392938,0.435372145466318,0.5238698809958253,0.6196270132141348,0.7120428961208017,0.8851421824370022,1.1196100426872286
medium-overshoot,ML,2357.0,0.3400317092059192,0.4360426016135359,0.5284745593698299,0.6220955559599645,0.7277235209220416,0.8721770369987069,1.1255516744124336
medium-overshoot,ML,2358.0,0.3261837313056888,0.4365703914852926,0.5325109447732554,0.619792674214878,0.7161315885491925,0.8951316942773028,1.1211645598568223
medium-overshoot,ML,2359.0,0.3261280829436224,0.43592284065903447,0.5263201623013857,0.6104967748662748,0.7216525313739367,0.8958700235257188,1.1313048823379785
medium-overshoot,ML,2360.0,0.34321502808835336,0.4407217632679954,0.531959499831593,0.6187113785386484,0.7206244768334843,0.879065063950301,1.155266139646084
medium-overshoot,ML,2361.0,0.3388632772046769,0.439707434714536,0.5276176337317857,0.6268120127892804,0.7208101613073963,0.87663896430786,1.132191554795734
medium-overshoot,ML,2362.0,0.32423225172972575,0.43986431938625004,0.5367343630629078,0.6214440459664219,0.7203856064824011,0.881956562979242,1.1307240572542803
medium-overshoot,ML,2363.0,0.3397082859343007,0.43950924124098584,0.5239519846787962,0.6207153265578091,0.7165765816740842,0.8993997011152624,1.1406001348548844
medium-overshoot,ML,2364.0,0.3364096538552177,0.4343904535825074,0.5279174801843043,0.6195591606193782,0.717321399057813,0.8864276393835208,1.1229142667973924
medium-overshoot,ML,2365.0,0.350083241961275,0.449600354545439,0.5326429508932057,0.6298961511070731,0.7298312614931269,0.883788264096107,1.1514185011355198
medium-overshoot,ML,2366.0,0.3322017827815959,0.4456141655894954,0.535912184188584,0.625873537607811,0.7410312687594309,0.8915799843493126,1.1154393714849864
medium-overshoot,ML,2367.0,0.33389600196709374,0.43863204992681604,0.5247329231272939,0.617881035636568,0.7259188791160223,0.877865842684931,1.1191576966912247
medium-overshoot,ML,2368.0,0.32996183273684004,0.43329099643028435,0.518164199021945,0.6191162883864849,0.72183911062748,0.8785090063482276,1.109452189379261
medium-overshoot,ML,2369.0,0.3382985134258405,0.4330510908451633,0.5190150873613328,0.6105667287733896,0.7077224984109785,0.8784147977412132,1.118580410930511
medium-overshoot,ML,2370.0,0.3232264234471306,0.4360784747413201,0.5209551024887877,0.6162841259072532,0.7130438093322765,0.8644295034089113,1.106838995127735
medium-overshoot,ML,2371.0,0.33283718318188205,0.43543931501989197,0.5262020644371148,0.6134321134900657,0.7040650046378398,0.8704941198797674,1.0993355882512368
medium-overshoot,ML,2372.0,0.32750782319500943,0.4362395228948734,0.5299520152980814,0.6170199636588509,0.7274286410590974,0.8721536971551019,1.110908798125745
medium-overshoot,ML,2373.0,0.32959843274670747,0.43330722294586393,0.51871934249634,0.6143870661757656,0.7207053864531456,0.8874432865825641,1.1180157009694616
medium-overshoot,ML,2374.0,0.32876969277071727,0.43263085281603514,0.5221862130669922,0.6203748439735237,0.7224007479567489,0.8914337547857805,1.0998078961830942
medium-overshoot,ML,2375.0,0.3340484290899696,0.4240877555875559,0.520284694082326,0.6082699445446014,0.7269460375788016,0.8916499878368102,1.1249666298263399
medium-overshoot,ML,2376.0,0.3241898777081819,0.4398152118873369,0.5225417674995978,0.6252078148635122,0.7186149425709893,0.9006236269551245,1.1312896099484342
medium-overshoot,ML,2377.0,0.3282780933681927,0.44676459097579174,0.534059140019388,0.6217819185770231,0.7210371993166428,0.8834252653137407,1.1173246254620868
medium-overshoot,ML,2378.0,0.32951811598277775,0.4382195512777108,0.5308211981883478,0.615893888444858,0.7176411182565103,0.8861474137090319,1.0924553892296325
medium-overshoot,ML,2379.0,0.348331358746615,0.43643895999217236,0.5294600942381515,0.6183651230244485,0.7223637179908021,0.8862996397143461,1.0999774576100372
medium-overshoot,ML,2380.0,0.3343726597307664,0.44489212344303025,0.5323595680493368,0.6264820907438153,0.7226547775366142,0.8678931001945036,1.086802432485817
medium-overshoot,ML,2381.0,0.3371925653842335,0.4342411122675406,0.5376087670007232,0.6224429013762032,0.7268583941954846,0.8853725612385127,1.0971096488265784
medium-overshoot,ML,2382.0,0.3351144857235994,0.443370568710045,0.5344407664718521,0.6286178987189562,0.7285748413043628,0.880465290558459,1.1054715656130023
medium-overshoot,ML,2383.0,0.33031881428395665,0.44086186142918427,0.5351761589498235,0.6260634706457204,0.7138561686392606,0.8783742105750605,1.1080938456271814
medium-overshoot,ML,2384.0,0.35353022913245485,0.44617982057311395,0.5351621239979805,0.6299906991950559,0.7152773932393552,0.876389317041252,1.1098650513426491
medium-overshoot,ML,2385.0,0.34584865551396937,0.4502798429399648,0.5452040960169589,0.6309879038149889,0.7251537071699615,0.8803519343230518,1.0789545926222899
medium-overshoot,ML,2386.0,0.3398663666515027,0.4510956573392866,0.5353891350715674,0.6190549383378818,0.7276494052717052,0.8785086125937955,1.1279317536704698
medium-overshoot,ML,2387.0,0.35302261976791477,0.4529625223369575,0.5401201256650114,0.6322924691195191,0.722693480362438,0.8783994388141851,1.1061773220921833
medium-overshoot,ML,2388.0,0.3454494525668106,0.450011631543824,0.5392474808298923,0.631631809010939,0.7206809422608949,0.8876662400526066,1.0848237450143707
medium-overshoot,ML,2389.0,0.34790862506303744,0.4481961523802,0.5322713661618247,0.6244080791283629,0.7267627535421192,0.8871671535925096,1.1100721792869397
medium-overshoot,ML,2390.0,0.34686087977759117,0.45891799893535445,0.5444231756720386,0.6364513758001654,0.7254072436907388,0.8857231428155121,1.10884413633014
medium-overshoot,ML,2391.0,0.35468471307313143,0.4578463345027371,0.5416679487202254,0.619933608779365,0.7202824797794876,0.8772945976313091,1.1125115145549376
medium-overshoot,ML,2392.0,0.34304789796916935,0.45259224079103305,0.5368825175253905,0.6346627019358921,0.7248275139613487,0.886155578633176,1.1161817180357405
medium-overshoot,ML,2393.0,0.33113624362802335,0.4540761647932614,0.5504164479635575,0.6344399479790206,0.7192086418742074,0.8796792649431773,1.1189976177876044
medium-overshoot,ML,2394.0,0.3286704709314816,0.45121311207055576,0.5336133565736286,0.6256635895572705,0.7304201581781945,0.8812203250716429,1.1176994000138203
medium-overshoot,ML,2395.0,0.34740535382116494,0.4508985374614184,0.5378843009919946,0.633202511675218,0.7245509994188951,0.8822775569087021,1.1011950331317828
medium-overshoot,ML,2396.0,0.3462255422734669,0.4409925013879406,0.5434134380656576,0.6380029352728663,0.7363648182488067,0.8792763551924678,1.1343583902932455
medium-overshoot,ML,2397.0,0.3421313826999115,0.44647481512139875,0.5358673564795748,0.6160940244891182,0.7245001798691263,0.8895406647280213,1.1106689415817332
medium-overshoot,ML,2398.0,0.345461983760535,0.44730537190857667,0.5287821693125992,0.6273327967410561,0.7353103436679057,0.8743456680499383,1.1045622069434222
medium-overshoot,ML,2399.0,0.34505264961731263,0.44316455550130274,0.5287682101610025,0.6188568658842116,0.7219371290073503,0.8769513097139318,1.1242557969739473
medium-overshoot,ML,2400.0,0.3449587369533835,0.45019799889940393,0.5308943331482705,0.6229698296441607,0.7169901644302552,0.8811058964348556,1.1240953990385139
medium-overshoot,ML,2401.0,0.35095382396407304,0.45224190995661934,0.5384690982619408,0.6211385152938868,0.7164790208665541,0.875193277664249,1.1271222863642576
medium-overshoot,ML,2402.0,0.358691586901082,0.44607160241004734,0.5286297100696565,0.6197537660740264,0.7253754676982481,0.8730145185721917,1.0960920430019565
medium-overshoot,ML,2403.0,0.34720303134989794,0.45092447633683286,0.5425890381838612,0.625132899226018,0.7209504175213624,0.8886471633037527,1.1092059670931202
medium-overshoot,ML,2404.0,0.356518612349415,0.45129545690641526,0.5268335502386622,0.6237955449507745,0.7219379721140349,0.8698732494130649,1.0922871787400572
medium-overshoot,ML,2405.0,0.3388727316830361,0.45541745180635895,0.5358642651242435,0.6347373954490627,0.7292351194289344,0.8772357516262189,1.0949701311160875
medium-overshoot,ML,2406.0,0.3405988126544851,0.44778236055640824,0.544671212741973,0.6300083434092799,0.7333506107231959,0.8893930706777152,1.119533755763846
medium-overshoot,ML,2407.0,0.34886880535428033,0.45836728181855474,0.543339946465294,0.6327723982003222,0.722558495385671,0.8787800034204151,1.1304527861803124
medium-overshoot,ML,2408.0,0.3580548123954829,0.4543639001113307,0.5355170318429332,0.6300862495222387,0.7184648708776261,0.8574947223574931,1.1196548055487094
medium-overshoot,ML,2409.0,0.36403230285872906,0.4621514525121893,0.5475877092208125,0.6275467326339021,0.7170585635878511,0.8682759545456169,1.1136614443713126
medium-overshoot,ML,2410.0,0.36146096147333034,0.45467160808361995,0.5406000545131171,0.632650544578441,0.7281179028647901,0.8782276186964223,1.0948473667171772
medium-overshoot,ML,2411.0,0.34845957425967555,0.4452542304437811,0.5395468683125536,0.6344029883662942,0.7218934766446218,0.8987702582022816,1.0899730009334199
medium-overshoot,ML,2412.0,0.3529080042801002,0.4555955890578838,0.5400842562602117,0.6329237379609159,0.734640818749873,0.8834133815238018,1.111164672518779
medium-overshoot,ML,2413.0,0.3620845694958741,0.4531000961076428,0.5347191939908256,0.6146791485793249,0.7163917864782521,0.8733222390337032,1.1063644844519467
medium-overshoot,ML,2414.0,0.359208461218798,0.45031719475342036,0.5347317720277757,0.6315309025095345,0.731748904787035,0.8687374438067853,1.1123568431547128
medium-overshoot,ML,2415.0,0.35226910324205,0.45569307865005865,0.5338415170270993,0.6282088386474015,0.7308096416541154,0.8729638959366517,1.0909752612674795
medium-overshoot,ML,2416.0,0.37435188439912304,0.4515684781588395,0.5401030877553297,0.6395235547500993,0.7287406827859327,0.8692829092034426,1.0911499867318992
medium-overshoot,ML,2417.0,0.3597161451741218,0.455782071997865,0.5338112253714856,0.6256312461072284,0.7317380581244333,0.8802664801568513,1.0772651684697876
medium-overshoot,ML,2418.0,0.35827534669521766,0.45513853233830576,0.5473123547421088,0.6269999926652949,0.7315205294453362,0.8717527100357535,1.1045554923894363
medium-overshoot,ML,2419.0,0.3692497270439823,0.44608672263995014,0.5321231203271404,0.6308641365020013,0.7343159228195173,0.8752656876306734,1.0813594805891602
medium-overshoot,ML,2420.0,0.3527650263453629,0.43189277959583294,0.5246029955527743,0.617399909719156,0.725114767037152,0.8860743057214784,1.0900347993475636
medium-overshoot,ML,2421.0,0.35416318776465444,0.45255319386651516,0.5373785780314374,0.6209658470767164,0.735189354551671,0.8957015635662782,1.0824823524797098
medium-overshoot,ML,2422.0,0.3432487439187498,0.44301522136173827,0.533861313813727,0.628046956810073,0.7316873471469402,0.8921825474645022,1.0916499497362036
medium-overshoot,ML,2423.0,0.3554583762664454,0.45621862813775804,0.5399969183904679,0.6297877657814853,0.7367191755503952,0.8941581469897854,1.1165889255806474
medium-overshoot,ML,2424.0,0.36603102703736207,0.45598520627885125,0.5278201365355711,0.6263387651788707,0.7265897386567889,0.8869758601553254,1.0833524040219984
medium-overshoot,ML,2425.0,0.3565113830217575,0.4491177211930823,0.5364895620769665,0.6205811140398411,0.7237791183156068,0.887339581476513,1.0949792011092643
medium-overshoot,ML,2426.0,0.3434035307867242,0.44072506152877794,0.5341276489369308,0.6173602905088126,0.730956440743808,0.8885919208072217,1.0959519523986252
medium-overshoot,ML,2427.0,0.3381921467761547,0.4446619948845871,0.5303386399809726,0.6268723228947771,0.7320022058281433,0.8912066267802338,1.0994062177269086
medium-overshoot,ML,2428.0,0.34934491346751906,0.44670965967172127,0.535658609003759,0.631726310246348,0.7353279748762915,0.8868355930098865,1.0836017452280962
medium-overshoot,ML,2429.0,0.36051315320580923,0.4637066621714329,0.5498762480475154,0.6395086065205167,0.7344308317010895,0.8645823744343364,1.075712317799555
medium-overshoot,ML,2430.0,0.35370078887899226,0.4522384499798941,0.5391129089980828,0.6345861191855551,0.7335926738464204,0.8904888316656328,1.1076322010451658
medium-overshoot,ML,2431.0,0.33948847524706244,0.44468260500595036,0.5361959033365118,0.627663370227775,0.7241475164196715,0.8750893895415721,1.0740638290287028
medium-overshoot,ML,2432.0,0.3296355705083248,0.4441875747018737,0.5343799409331151,0.62149064255158,0.7255034352060488,0.8741792644558705,1.1225278742767053
medium-overshoot,ML,2433.0,0.34632107237165644,0.44868593926262124,0.532742960194655,0.6187884708940166,0.7255042955390594,0.8809822625713447,1.114560993611087
medium-overshoot,ML,2434.0,0.35526880212640244,0.4500192517126213,0.5416376667541681,0.6276535242615322,0.7466715916783654,0.8783104850511996,1.0930886421382713
medium-overshoot,ML,2435.0,0.3350890341164626,0.4430205844002565,0.5385104114878917,0.6302030669846465,0.7371883354151604,0.8881712461070923,1.1119042582783212
medium-overshoot,ML,2436.0,0.34619689418886007,0.4492159364535054,0.5299673946290536,0.6164070907540095,0.7298021580648346,0.8884253254001739,1.090705781194457
medium-overshoot,ML,2437.0,0.357686935579687,0.452997440396439,0.5415202750866048,0.6306928901459922,0.7334866037587394,0.8794058604416194,1.1293375712667504
medium-overshoot,ML,2438.0,0.3513933742571515,0.44014014906462545,0.5353719923437886,0.6244500029483642,0.7129300282430239,0.8813078638803227,1.0778167079256682
medium-overshoot,ML,2439.0,0.3613078906810864,0.4441937736506716,0.526451561151907,0.6208985739567328,0.720143153502342,0.8892443512444923,1.1005141088424517
medium-overshoot,ML,2440.0,0.3358581807155181,0.43983994013748634,0.5372601659107911,0.6218670925186875,0.7270787345269168,0.8800858551314278,1.1118244662893715
medium-overshoot,ML,2441.0,0.33586438450610423,0.452269223815847,0.534988644805333,0.6271327046203133,0.7194445871822204,0.8750427389142919,1.097495445890999
medium-overshoot,ML,2442.0,0.35117808947992096,0.44723871591417613,0.5436919945306741,0.6273933876124432,0.7216972455203893,0.8764374477875795,1.0792057495760954
medium-overshoot,ML,2443.0,0.3285668202020093,0.44512806343835826,0.5420171458834645,0.63826553761013,0.7249918641121925,0.8854627449299494,1.0719622272626486
medium-overshoot,ML,2444.0,0.3477595376893228,0.45302136337983034,0.5286244924995884,0.6219708250204868,0.72845026062489,0.8953102984730433,1.1021643862353616
medium-overshoot,ML,2445.0,0.3596687625434393,0.44686302613321616,0.5344610690654537,0.6251625894382407,0.7334280209747743,0.8939985707420403,1.0965837449730105
medium-overshoot,ML,2446.0,0.36345682252132494,0.46120392433059515,0.5431215760157978,0.6260605808102698,0.7271911666486061,0.8709022089085191,1.1011659573913377
medium-overshoot,ML,2447.0,0.3384601317153273,0.4524641479246436,0.5430832819273625,0.6370418198070562,0.7320709512535123,0.8797695602717482,1.1253011959045622
medium-overshoot,ML,2448.0,0.36791805484059575,0.45970152775178025,0.5457601666806896,0.6308752435351587,0.7332427437401667,0.889919459661702,1.1201122323868427
medium-overshoot,ML,2449.0,0.36426521434436177,0.4568455121192609,0.5441967603038385,0.6289224470885227,0.7316884251393067,0.8800938456839789,1.1164671046691172
medium-overshoot,ML,2450.0,0.35031564946737964,0.4595258319022763,0.5451008434237322,0.6316157687630158,0.7325856678604575,0.8859903973082204,1.101793481558921
medium-overshoot,ML,2451.0,0.3440990946395875,0.45852949343333277,0.542308565047526,0.6282003736503076,0.7252328285386579,0.8765926073938552,1.0919389592927162
medium-overshoot,ML,2452.0,0.35565253883059855,0.46259496302144826,0.5477485679630235,0.6221038963909814,0.7191443302179744,0.8693508728084168,1.0959402150594089
medium-overshoot,ML,2453.0,0.3574641133417879,0.45031563755288945,0.5390674220075016,0.6313513304020766,0.739622312076023,0.8820143913373577,1.1007667868288729
medium-overshoot,ML,2454.0,0.35711991922657355,0.45488005995821623,0.5427325341338197,0.6317370274835818,0.7254663322465879,0.8856373074819363,1.1317233663003643
medium-overshoot,ML,2455.0,0.33766868330966787,0.45944567400210223,0.5425564481591598,0.6322888550264318,0.737082005664749,0.8801895388388331,1.106390859886375
medium-overshoot,ML,2456.0,0.3304217409830386,0.45675983207632864,0.5474415564965359,0.6414968367104243,0.7375396979420732,0.872632999848502,1.111160835050195
medium-overshoot,ML,2457.0,0.3365559412814614,0.45524598699543056,0.5489686835018905,0.6315524143869423,0.7327599452245058,0.8737969401500222,1.1197067294374856
medium-overshoot,ML,2458.0,0.3568955110436223,0.4534460909576661,0.5285427980260562,0.616725269650981,0.7182578677773037,0.8724357584631691,1.0981804576570915
medium-overshoot,ML,2459.0,0.36488275170443135,0.44887526889557194,0.5381720123731712,0.6268471822994538,0.72369200229481,0.8665233845859242,1.1198630817937345
medium-overshoot,ML,2460.0,0.350988947694303,0.45313230215122274,0.5399900089547591,0.6316382258604674,0.7264151686435117,0.8778405198899635,1.1060082015580646
medium-overshoot,ML,2461.0,0.35580511969162804,0.4534540686708957,0.5391826861869988,0.6335009093764257,0.7293599196339577,0.8782517954473854,1.0848114066795578
medium-overshoot,ML,2462.0,0.3691690260667844,0.46686722884431797,0.5506563445636867,0.6236865196361285,0.7215155564873736,0.8696474647450644,1.0845010354156293
medium-overshoot,ML,2463.0,0.36274785215303945,0.46672587929101067,0.5546545983747279,0.6393890466109549,0.7415225063337992,0.8786127405432164,1.1126817387518992
medium-overshoot,ML,2464.0,0.3586377687346689,0.4640636383991128,0.5460732228040958,0.6352491469338543,0.7285766789071513,0.8651307422425187,1.0883972770480184
medium-overshoot,ML,2465.0,0.35440922280032733,0.4597400651731165,0.5499994677039177,0.6319892800546117,0.7328790833827039,0.8732633848469554,1.0968687415971614
medium-overshoot,ML,2466.0,0.35715389893708127,0.46905799050639224,0.5451416617208935,0.6314137883048452,0.7302198476997593,0.8739763533960855,1.0927261073430274
medium-overshoot,ML,2467.0,0.3599363463153814,0.4644733517677965,0.5491214858038699,0.6309623083949477,0.715737626859037,0.87319292383354,1.0801741999807815
medium-overshoot,ML,2468.0,0.3632816913323974,0.4603579179595105,0.5486940483604851,0.6275269362350387,0.7239802787231532,0.8688467460575539,1.080745401485192
medium-overshoot,ML,2469.0,0.36058029368959416,0.4634985798041365,0.550528722312102,0.6297341551193453,0.7258576217155132,0.8692876562727547,1.0871585006722375
medium-overshoot,ML,2470.0,0.35690337098074476,0.46334222565003025,0.5558294672683671,0.6386399802295075,0.7330792846414644,0.8814974957144148,1.0828781765118218
medium-overshoot,ML,2471.0,0.35171915190806224,0.45728828327761983,0.5503981440079785,0.6296594171304382,0.728754975447679,0.8721944752548817,1.1024517155116913
medium-overshoot,ML,2472.0,0.3697589131614045,0.4611274906056159,0.5368636551045454,0.6290793274169528,0.7181385078971106,0.8617380466272702,1.0941742247332356
medium-overshoot,ML,2473.0,0.3454774044126588,0.4529451714570583,0.5478160111840865,0.642448698881239,0.7249947842861664,0.8530281573385916,1.0992097715554972
medium-overshoot,ML,2474.0,0.359351948676622,0.4487453553077552,0.5370883719380425,0.6321949001761151,0.7234679065723866,0.8792727386167036,1.0986019386516355
medium-overshoot,ML,2475.0,0.3373342612649052,0.4584051922264379,0.5383759628136048,0.6309131643205662,0.7270262777637603,0.8595378170356016,1.0989682714017872
medium-overshoot,ML,2476.0,0.35352256172963403,0.4494409339304664,0.5424539170422229,0.6294454325047047,0.7360075416421764,0.8793151873572727,1.0864570839664733
medium-overshoot,ML,2477.0,0.3697032362773319,0.46183418723962527,0.5485126909183039,0.6269799000178415,0.7329192401033342,0.8655871845315775,1.113273752914725
medium-overshoot,ML,2478.0,0.36337512515170967,0.45250458858103454,0.5378365249115225,0.6255515182827316,0.7155119069238274,0.8544232117022184,1.105254092535642
medium-overshoot,ML,2479.0,0.36500555559006137,0.4687233106343184,0.5506305198406792,0.6338777353357715,0.7355263426383409,0.8773534347646817,1.0884748470436112
medium-overshoot,ML,2480.0,0.36738319072323256,0.4606802219696541,0.5514556715439777,0.6381462989749053,0.7182518858309943,0.8745030565472055,1.0866698424983467
medium-overshoot,ML,2481.0,0.3642264293741587,0.4637980735401191,0.5519498820584124,0.6405399372445991,0.7296446147492929,0.86872861605629,1.0982559023364848
medium-overshoot,ML,2482.0,0.35247165754625753,0.4613202191434612,0.5499657365275625,0.6373997420723111,0.7286045617874023,0.8685693698194739,1.074827373122029
medium-overshoot,ML,2483.0,0.36005653271888227,0.4588915050960879,0.5475869789668799,0.6415779116467825,0.7329396197371864,0.8562360505653375,1.0827627870207717
medium-overshoot,ML,2484.0,0.37060203856674157,0.4623024539213335,0.5526068365892997,0.6425408749530426,0.7441722394021508,0.8758953314991428,1.0714930637170825
medium-overshoot,ML,2485.0,0.358446367335777,0.46289882611543326,0.5603459381296247,0.6408080538819578,0.7219043776989883,0.8631158803972488,1.0704668624137001
medium-overshoot,ML,2486.0,0.3290720502032907,0.4541938247101302,0.5534962020143798,0.6415286719574317,0.7316961721985894,0.8740326341712102,1.0840762479155737
medium-overshoot,ML,2487.0,0.3708536658563274,0.46535337270521937,0.5571401381606379,0.6472887605367555,0.7432383965467627,0.8800740980278967,1.0756555328665651
medium-overshoot,ML,2488.0,0.3587938487978458,0.46385108950153536,0.5589351670415827,0.6286948545219337,0.733316366041904,0.8827959328390033,1.0890316440082104
medium-overshoot,ML,2489.0,0.3612031968248728,0.4569245950828057,0.5444781350965453,0.632828637015419,0.7315160867282605,0.8807329670689077,1.0618525426009753
medium-overshoot,ML,2490.0,0.3701590833347362,0.4665085599467487,0.5536003307685018,0.6343996117788683,0.7264382315020085,0.8768961534130769,1.073192016649047
medium-overshoot,ML,2491.0,0.3585839878942612,0.4683866926940585,0.5468968811038537,0.630153652445697,0.7207790861867452,0.8667239930620472,1.087597619139433
medium-overshoot,ML,2492.0,0.3559662607083842,0.465911757215635,0.547029078843873,0.6333650915966865,0.7220282779658199,0.8496678718259266,1.0810875582587052
medium-overshoot,ML,2493.0,0.35906386194171136,0.4618436582680942,0.5479154421695819,0.6352452507177941,0.7325153283026389,0.8698570902147157,1.0937984057496313
medium-overshoot,ML,2494.0,0.35757365698420646,0.4715270465575389,0.5475056020384036,0.6345809815296944,0.7326174126569787,0.8638737613231808,1.0836530955793007
medium-overshoot,ML,2495.0,0.36305193328881047,0.45905829297440626,0.5448422597694917,0.6420564803018454,0.727684277850485,0.8739618649185266,1.0868533604129076
medium-overshoot,ML,2496.0,0.3559656452219785,0.4576935790990275,0.5406120142048778,0.6374543136078098,0.7352155519307987,0.8747613031171985,1.1042656250004288
medium-overshoot,ML,2497.0,0.35942832873802955,0.4583546132388878,0.5382256894473814,0.6340109502392283,0.7281439720430616,0.8885214236121489,1.0832474449355227
medium-overshoot,ML,2498.0,0.3546937255217833,0.45856824381109074,0.5396934982811602,0.628714025194128,0.7309991807133246,0.8750353106042724,1.0927702008570719
medium-overshoot,ML,2499.0,0.34448071377220946,0.46154986617383054,0.5478270458919863,0.6248402550723827,0.7305619923728804,0.864154609630545,1.0493218098033625
medium-overshoot,ML,2500.0,0.34678832972707035,0.4570718035716995,0.5495072188115041,0.6360031677357953,0.7307870082062796,0.8864455084442551,1.08711482451162
medium-overshoot,ML,2501.0,0.35852220316515865,0.459984715074213,0.5483183956693594,0.621904380840839,0.7129387533044945,0.880674907861465,1.0810220748624253
low,L,1750.0,-0.06145554960093431,-0.034896936429715926,-0.018295214815376288,-0.004735450602732081,0.008157523048063121,0.024785230425128757,0.05045641587145824
low,L,1751.0,-0.15904593886645593,-0.08638050104720064,-0.03792366162985971,-0.0027074510361946766,0.0316489797751062,0.08142343031519357,0.13970833444537217
low,L,1752.0,-0.1533898106141891,-0.09045333607540806,-0.041061890985091186,-0.0009228712446998771,0.034759051500551204,0.08100468613305602,0.1514587535390954
low,L,1753.0,-0.16835356392889628,-0.09670172115908685,-0.044498700446575355,-0.0040056357320740685,0.033848677960243004,0.08860005916645886,0.18613710176771456
low,L,1754.0,-0.18001564670242545,-0.09575429513257218,-0.038896384817036056,0.0033262003761826836,0.04078257495811429,0.09466535798177106,0.1725134370609597
low,L,1755.0,-0.16364956013535253,-0.09867734072900976,-0.04179829264502712,0.0011996850504047097,0.040269694075443105,0.090899763013993,0.16836830473213993
low,L,1756.0,-0.1798300764109753,-0.101721653974393,-0.051609266285972774,-0.005695314432520873,0.03460735335734901,0.0915324384426881,0.16671978546470356
low,L,1757.0,-0.15912826416225867,-0.09637184485699515,-0.04538899523805821,0.001752553550912573,0.04104506795034364,0.0876625105340148,0.1597841510094535
low,L,1758.0,-0.17011631888677625,-0.09248601470311703,-0.041856099040776806,0.002149150412867812,0.0404270284392947,0.09497744914681597,0.1841938083774722
low,L,1759.0,-0.1659565880418652,-0.0897365441720844,-0.044798814653763175,-0.004375310319709199,0.038580803487971715,0.09436902425637243,0.16229025395931038
low,L,1760.0,-0.17712075954100562,-0.09479387760452886,-0.042589008903893104,0.0007556718918060347,0.03736697854847021,0.09132940273818344,0.1638187113428119
low,L,1761.0,-0.1690423866951435,-0.09135249307807809,-0.042162855371239885,-0.004991990673789252,0.030463852937201354,0.08511191142355248,0.16148380668877835
low,L,1762.0,-0.18582663676078265,-0.10964968350587236,-0.0521636871696915,-0.009570963130130585,0.03694544129006859,0.09075940213748404,0.15126730423966406
low,L,1763.0,-0.17815967973899896,-0.09710714058201259,-0.04900012018218945,-0.0019063999422822032,0.03922906995805869,0.09393812520454196,0.1863803134317173
low,L,1764.0,-0.17414958964150842,-0.09154655660136048,-0.03795049078163298,0.0029275577205000597,0.034853609952490414,0.08719027910570572,0.18206571278915082
low,L,1765.0,-0.17492790123999472,-0.10062197440230733,-0.04092070716924046,-0.001830520920383355,0.03162856452684089,0.09001062780502637,0.1623686953750424
low,L,1766.0,-0.1921122562520786,-0.10962218161102198,-0.05241029210380821,-0.011584922124776374,0.026706993956415705,0.08922558136144268,0.16357451265433606
low,L,1767.0,-0.16748155972294435,-0.09915360847661797,-0.049434991060672784,-0.0071101101078690915,0.02736543289647952,0.09091395963419631,0.17052183893078676
low,L,1768.0,-0.1836421917455269,-0.10286057883944671,-0.052684201393541574,-0.010209359212417161,0.035904762100147446,0.09671755873145882,0.16617218411805357
low,L,1769.0,-0.18622480942423317,-0.11003800161240855,-0.05661117313655334,-0.008357672572085854,0.03601753262841657,0.09061008444473975,0.17020376603422174
low,L,1770.0,-0.1727725909662366,-0.09706292315745534,-0.04904214133297597,-0.008544388663803915,0.03366648927705902,0.08500546998015766,0.1779163518710351
low,L,1771.0,-0.18500680679680054,-0.10345697033871198,-0.04971437039618109,-0.0059623797146969235,0.03609509533527642,0.09420216729079148,0.17284904149143504
low,L,1772.0,-0.17051911980637874,-0.09274906927603242,-0.04411409129878027,-0.0017928873619980912,0.03390214558673654,0.08219882440158728,0.1610346942745144
low,L,1773.0,-0.17138343812208998,-0.0966347179118048,-0.05096264959627484,-0.0019098118170953228,0.0369459442206579,0.08327256211584767,0.1631639832477675
low,L,1774.0,-0.1746694682501072,-0.09898086835154635,-0.04165519478063434,-0.003947267333629684,0.034835074488816016,0.09269897533119231,0.17273199110125242
low,L,1775.0,-0.1591887545423818,-0.09227236427890377,-0.040943413292597895,-0.002185533750674675,0.03225658985342669,0.08528411700369085,0.15206024285158823
low,L,1776.0,-0.17630643114283065,-0.0967159875945331,-0.03918044728532275,-0.006033489125290184,0.03230230808174343,0.08630913961860588,0.16644644794859487
low,L,1777.0,-0.1879755497216688,-0.10135684792359456,-0.051550402360303185,-0.004608895541525762,0.03707089236979677,0.09922068235274671,0.17199334416256593
low,L,1778.0,-0.17506032158557513,-0.0942408215398326,-0.039654672487342224,0.0013372271518951612,0.037284610515788255,0.09782319104623022,0.17883022829255152
low,L,1779.0,-0.17756079557561485,-0.08997389669760855,-0.04328108494815326,-0.0022696273286931887,0.03917595913962473,0.09245870257649776,0.1858643004544078
low,L,1780.0,-0.1707929823919732,-0.10121668033636476,-0.051984587332261536,-0.00983666065063039,0.02937820108141564,0.09123627962525466,0.175376101443317
low,L,1781.0,-0.17116459871222175,-0.10111291332018378,-0.0490562143913531,-0.007812086391673037,0.03144016437903358,0.09339345534612148,0.16620761791512356
low,L,1782.0,-0.19018325769611188,-0.10467993440602348,-0.05085621172231331,-0.00835707782731938,0.03296842469908506,0.08857778504902493,0.16902684492477796
low,L,1783.0,-0.18898873423406576,-0.1010141933412717,-0.05055547890060949,-0.006898221392434513,0.030469894816871037,0.09393882000074359,0.16444588218105294
low,L,1784.0,-0.18556505628806966,-0.10305165963905966,-0.048783847153628365,-0.0014011722632486668,0.03555537501608855,0.09634887895682989,0.17086774685129902
low,L,1785.0,-0.18539444921453888,-0.10007133329827123,-0.04950816129901076,-0.00794310884072574,0.033687044615184854,0.0848932937209838,0.15626626880969563
low,L,1786.0,-0.18870374355187575,-0.10041102065888162,-0.045092433330084315,-0.001805799216165492,0.03734833188584647,0.09108049846045327,0.15427248124859194
low,L,1787.0,-0.17743767112560252,-0.10093610179211734,-0.04820611430301491,-0.002172325694041142,0.03708668830785437,0.09767112579154243,0.16603343019807376
low,L,1788.0,-0.17326266007240718,-0.10541460881809725,-0.047486728507695045,-0.0030725899742274215,0.038995028115224456,0.09396147573283663,0.1725863845960185
low,L,1789.0,-0.17505786768587703,-0.10147178513347162,-0.04756307024405574,-0.005007423132968737,0.03774110858418707,0.10307113757902417,0.1717994877004123
low,L,1790.0,-0.18205417946211858,-0.09588649004955138,-0.04717915619005838,-0.003823139285487477,0.03659769016577614,0.09930587612122693,0.16901403506058077
low,L,1791.0,-0.16726105630448898,-0.09834173270268613,-0.040579322687883466,0.0028132147174144695,0.03907703959109807,0.09872984446394477,0.17041680273565363
low,L,1792.0,-0.18801259862390635,-0.10987727993367179,-0.04804277127172875,-0.00069523039291201,0.0351198046943395,0.09589516154176247,0.16481537805684793
low,L,1793.0,-0.17597591553667552,-0.10306960005119088,-0.05231295552000664,-0.0015462483971152036,0.03984839708753508,0.0865652805746166,0.1809185462594256
low,L,1794.0,-0.18895227549719187,-0.10274869937247129,-0.04480402097620828,-0.0022791013246950716,0.04136999307530658,0.08840290761177198,0.17136053102403753
low,L,1795.0,-0.1676688057653089,-0.09945187812480397,-0.04793259533861565,-0.00578563890832447,0.03069019035025244,0.09228875330214628,0.16409009661940271
low,L,1796.0,-0.17554970115902374,-0.10167753718616161,-0.04890822640517283,-0.012221120815217857,0.027527334068186984,0.0850213121576721,0.15963407751439115
low,L,1797.0,-0.18754277065300332,-0.10406271592432252,-0.050597245600674065,-0.004473266511946671,0.03660535786582024,0.09079160347568008,0.16917754755492964
low,L,1798.0,-0.18398977992283116,-0.11138078460615009,-0.05746258681675716,-0.013304304402619163,0.027180848626440126,0.09235226654857444,0.1650119178750898
low,L,1799.0,-0.18256403958133388,-0.10477091192769218,-0.04682038571021653,-0.005254664117745465,0.03451946561612318,0.09417658706955528,0.16718839228577778
low,L,1800.0,-0.19236890745929774,-0.10824489947565286,-0.051855468198293266,-0.006910964463480662,0.03283629142189165,0.09320553294928108,0.1606730632987478
low,L,1801.0,-0.1782738589148815,-0.09983547590418576,-0.04880691307114514,-0.012076145789072254,0.02794049837127459,0.08619631930936632,0.16552548246754847
low,L,1802.0,-0.17938200969203288,-0.10386585404063811,-0.05153246021658885,-0.010238057152402988,0.03317517074331546,0.08195297711627456,0.16464643766343193
low,L,1803.0,-0.17348686489494133,-0.10402884839237127,-0.05292806225718959,-0.011296343201118017,0.027278612692008784,0.08371702488573705,0.16357496983122657
low,L,1804.0,-0.16501828643689226,-0.0994867540862563,-0.05195281733658444,-0.009938380377253073,0.029548920794908895,0.08532383580900327,0.15360515568215863
low,L,1805.0,-0.18179922900241932,-0.1096285756638855,-0.06093488788414246,-0.015272285718724878,0.023111390325862836,0.07910151299574757,0.14635333784107007
low,L,1806.0,-0.1825616129817357,-0.11457021147250704,-0.06137420861270719,-0.02280404217995688,0.018036322399893417,0.08189755423422294,0.15372747700839412
low,L,1807.0,-0.18972749501554767,-0.10883529486216852,-0.05703408724871849,-0.012364109805733672,0.02608213431169915,0.0765343147411658,0.15537645597489813
low,L,1808.0,-0.20518788803178617,-0.11336731808320046,-0.061071651751500686,-0.01568218302994699,0.030162178356785467,0.08761617623365697,0.16388064625252682
low,L,1809.0,-0.18663841095208786,-0.10649155365679243,-0.057398246337671766,-0.012757704925856022,0.027432061964027678,0.08066314690399838,0.14982099896517354
low,L,1810.0,-0.18256855712925807,-0.10451420263087335,-0.047691843732299004,-0.005998291852700272,0.03175770194034276,0.08148260694057988,0.16955833099831402
low,L,1811.0,-0.18180352165421765,-0.09885286860036754,-0.04573054282802689,-0.008184688885854684,0.03478171379822446,0.08803990587783982,0.1734156218183199
low,L,1812.0,-0.17041135900435322,-0.09438606559958863,-0.04293003284191147,-0.003475693377571698,0.034680733818720264,0.08963259896162473,0.17390629338585048
low,L,1813.0,-0.18824675155925485,-0.09547871195402886,-0.0474350890117851,-0.006979972044935986,0.029981933367565092,0.08389426781763462,0.1786783384812837
low,L,1814.0,-0.17761017030108203,-0.09918821948407433,-0.05038814185080718,-0.015182832777937465,0.030556263515202613,0.08140161931848414,0.1676862768453814
low,L,1815.0,-0.1926462479321678,-0.104154979689133,-0.05276220514334616,-0.008544719503102795,0.032316947381414315,0.08823456622411581,0.1537355392798416
low,L,1816.0,-0.18157324771178396,-0.10118604164427761,-0.0483667364659069,-0.007224857306164987,0.03243816808113706,0.0909656567277852,0.1750936618001972
low,L,1817.0,-0.18857657655915125,-0.09979049855443721,-0.052600950082639035,-0.004985935645681457,0.03225189367968243,0.09133885728206212,0.1771641330513788
low,L,1818.0,-0.17416731030034321,-0.09609659578949795,-0.04338848847514725,-0.0018558916267631398,0.03600470858791295,0.08448829151480279,0.17416118737080383
low,L,1819.0,-0.17706316965446106,-0.1037922591085562,-0.04721427202036451,-0.005909680846921506,0.029266984409369364,0.09150066947390384,0.16875746832361593
low,L,1820.0,-0.1856252946137864,-0.10125532278448701,-0.04697778029190775,-0.0038730640215298923,0.03638418070032241,0.0918211102928717,0.16367572444156248
low,L,1821.0,-0.18634239693892163,-0.10336249632863478,-0.0482585528992715,-0.003203294305470612,0.03000512240569466,0.07864774835036645,0.1642077464986179
low,L,1822.0,-0.1721257224133121,-0.09376269405703976,-0.04694730750582196,-0.004939034894314593,0.03182652587587327,0.08746421892498014,0.1643248550104856
low,L,1823.0,-0.177333861854776,-0.09442824093344018,-0.04401921827690889,-0.0029655654730105924,0.03642242355811681,0.09488514669994444,0.1603507846786285
low,L,1824.0,-0.1801086930020913,-0.0970580044266635,-0.04795748932127107,-0.001442464775743192,0.04215113375025851,0.10041481641675158,0.17523588106108448
low,L,1825.0,-0.17721723513432366,-0.10038440001778363,-0.05195157675146759,-0.005429485717183387,0.031799315047514334,0.0949581385244759,0.18587144721042698
low,L,1826.0,-0.18108634037165214,-0.09383655676181886,-0.04386410041103912,0.0028992566424025958,0.04088865595810628,0.09087643217139432,0.18046401634196188
low,L,1827.0,-0.1836446170759231,-0.10093185222343275,-0.044861029292862314,-0.004038707967759889,0.03267804356081182,0.08249663861256061,0.15549884372945627
low,L,1828.0,-0.18842986640678672,-0.10213397602893927,-0.0463776351841716,-0.0010825774841291477,0.03361006355158009,0.08897236564256247,0.16221288152588825
low,L,1829.0,-0.1799297043346422,-0.10297776142269897,-0.04727106329594327,-0.00604909809666083,0.03131321145737648,0.08185627630542955,0.16366192638285404
low,L,1830.0,-0.17164540588468463,-0.09997273021534386,-0.047885399948136585,-0.007634264471435899,0.033564966365358787,0.0920162132514968,0.1652593576461115
low,L,1831.0,-0.16998354504503022,-0.0982115325363514,-0.04447225376080349,-0.008138216823638364,0.030393008281404465,0.08581311345601164,0.15663026484685283
low,L,1832.0,-0.18645721279297955,-0.0958882471668895,-0.04858508105998523,-0.0013809583189055702,0.033485048009177586,0.08605837065040438,0.17967322804067287
low,L,1833.0,-0.16819498450852882,-0.10276275127483951,-0.047566258139166255,-0.004266946318802272,0.03847748027522519,0.0930220437422563,0.18606487437286354
low,L,1834.0,-0.16880041644037486,-0.0967752129908196,-0.04057290169379547,0.00043750257302033885,0.03594147458386958,0.08993067130058206,0.16445611013844985
low,L,1835.0,-0.1855418941631273,-0.0951828778591188,-0.04681036655367851,-0.003314522128362342,0.03340785810742502,0.08632771212521048,0.16062229740501338
low,L,1836.0,-0.17618470169968653,-0.09042858535981253,-0.04027602223406121,-0.0036877649678812296,0.03954761097636803,0.09182451632646703,0.16478585873330628
low,L,1837.0,-0.17518728830446725,-0.10305468647985883,-0.0459972383374351,0.004888636611023137,0.04149737757866948,0.08742277743654395,0.15503420741787988
low,L,1838.0,-0.1777652924699046,-0.09046718670533119,-0.03864920714753637,0.00047966663902301865,0.043796737089309715,0.09537005602213677,0.16079593018189
low,L,1839.0,-0.17594975535125798,-0.09938970046944604,-0.042724056014023945,0.0027543287910691897,0.041248534198676634,0.09890174227603271,0.18231859387151242
low,L,1840.0,-0.17385937189976725,-0.10090205218620657,-0.042522852451938715,-0.0027834829033084874,0.03528775318785257,0.09687637029215432,0.17949733826376618
low,L,1841.0,-0.16438325608158927,-0.09854924337315042,-0.052124812289076616,-0.010798412941499257,0.029272445419313002,0.08622522607874383,0.17349833439641527
low,L,1842.0,-0.17208998499512754,-0.10383354349331422,-0.04496173183648374,-0.0053046682513881865,0.03540835902643852,0.09517043039073704,0.17065509967206863
low,L,1843.0,-0.17854039006705025,-0.09372384423234502,-0.045388988683290166,-0.0038541779481997968,0.033150378905342795,0.08479604591863188,0.15470552487216782
low,L,1844.0,-0.1699012081993518,-0.09796908551662961,-0.03977408200465144,-0.0011901871489030207,0.035336142749371864,0.08702538828276457,0.16860331128104333
low,L,1845.0,-0.16749375792713803,-0.09205410270090818,-0.04388716124285652,-0.006785884687487734,0.03941040933091251,0.09418677411546177,0.1701151078215032
low,L,1846.0,-0.17015182481908828,-0.09826159219310522,-0.04694071310435805,-0.00752831220001186,0.03194819992883072,0.09497276978889635,0.17410928258300584
low,L,1847.0,-0.17520518316805694,-0.09713326462471758,-0.038661467810478224,-0.0035329930727051387,0.035931709313924434,0.08608192510853296,0.17330501178636704
low,L,1848.0,-0.17212099140661113,-0.09051732132811367,-0.0451328583605077,-0.0047077503342249655,0.03303292170054787,0.09131585316123472,0.16162056087072918
low,L,1849.0,-0.17607254356542484,-0.09197539686547195,-0.04323404866049882,-0.005231410984703186,0.03487642045939107,0.08689663976729868,0.14654878879971278
low,L,1850.0,-0.1563425885930259,-0.09816374902691967,-0.04491809808610856,0.0003670215249079664,0.03667439172707265,0.08572207859239665,0.1654401205024972
low,L,1851.0,-0.16850600737292695,-0.09061631588251252,-0.037516889032719436,-0.0004406009210319098,0.03520541654543242,0.08990178830805146,0.15570416512074645
low,L,1852.0,-0.16008038253570978,-0.08499220920218689,-0.0410585390504006,-0.004604796397331955,0.034259575824298005,0.08455740694860302,0.14802997095725867
low,L,1853.0,-0.15488520367718756,-0.0880479870518304,-0.047319567957488345,-0.00774837728685247,0.028691399128413734,0.08378326564939427,0.1655810463470745
low,L,1854.0,-0.16304825830397243,-0.09600344755972894,-0.05219257001326623,-0.007971375083552182,0.03121070944955517,0.07973379258713002,0.15417264360642924
low,L,1855.0,-0.16497747533612,-0.08937203845106162,-0.04605828236093457,-0.011090867450443541,0.024958720505581507,0.07264651151345945,0.15617374838847192
low,L,1856.0,-0.17365078538880208,-0.09510126882155298,-0.04699092463819763,-0.005950754811043395,0.030215653163959157,0.07663664752229538,0.16039763667779092
low,L,1857.0,-0.17233855436359685,-0.09052293269220868,-0.04253811265476326,-0.0036288343788527027,0.02781152844196173,0.08349772077454994,0.1597737121074728
low,L,1858.0,-0.1704393776080266,-0.09956758729776415,-0.047876965604942805,-0.002788166733082965,0.032657973745075584,0.08641700344979458,0.15517237569923115
low,L,1859.0,-0.16205855728699847,-0.08727197216606823,-0.039656693571141245,-0.004673140273968764,0.03155692961964367,0.08868527521326133,0.1431868456781761
low,L,1860.0,-0.15250430656742245,-0.0892919523210545,-0.0430038483907071,-0.007081878894321863,0.026726695313138184,0.07387953392784201,0.13181750301030126
low,L,1861.0,-0.15752066763820477,-0.08650255049756815,-0.04154863865171544,-0.004320033499526633,0.030229057941102335,0.0847780250514146,0.1556210543964136
low,L,1862.0,-0.15895552140474067,-0.09375759847312157,-0.03940499109451427,-0.004309487419414754,0.02945233418603456,0.08599899442415193,0.1633473277445696
low,L,1863.0,-0.15345680191602876,-0.08604109103384625,-0.03768467363371807,-0.0009268354955688854,0.030752566610817388,0.07728137832427229,0.15141995459990054
low,L,1864.0,-0.15570479624310482,-0.08980811740013284,-0.04338933338447052,-0.007433310468755535,0.02765323580071055,0.07802618683352301,0.14719332927080353
low,L,1865.0,-0.15530821363727088,-0.0864164479528142,-0.03887072599499829,-0.002311632212354763,0.027329429369418543,0.08020396319793499,0.14727179901122928
low,L,1866.0,-0.14411767076009654,-0.0794754257084553,-0.03503246737006753,0.003382929473662466,0.03770488678291112,0.09210921758530452,0.1522497048360481
low,L,1867.0,-0.15467790031546252,-0.09130255481292292,-0.035043171256214964,0.0019003304224221168,0.04162452580886774,0.0875420367956108,0.16571184597632516
low,L,1868.0,-0.15503162315247246,-0.08404030964965117,-0.04025229071070981,-0.0033004931258559748,0.030655002486610204,0.08355527580596667,0.15189685696155755
low,L,1869.0,-0.1576527679781612,-0.08686798196353654,-0.041076936022951566,-0.001994096210320262,0.029928418036480834,0.0811203446032646,0.15494025874300027
low,L,1870.0,-0.16113357419520244,-0.09121602621130001,-0.04625774674302553,-0.005212373578054066,0.030441740869487928,0.07890163788375444,0.14615853433335785
low,L,1871.0,-0.17090132277868997,-0.0954391307259203,-0.04556183391429541,-0.009451576519692154,0.030086537476050026,0.07727049554386381,0.1398648227130082
low,L,1872.0,-0.1503160696440305,-0.09543462841735266,-0.04440954112603731,-0.005255875512174768,0.03291469736829856,0.08325226496981711,0.14238300058076603
low,L,1873.0,-0.14699149165558514,-0.08892724991279762,-0.04219864838162072,-0.006125724586484707,0.026683840978332655,0.07818971233822407,0.145116321097147
low,L,1874.0,-0.1471393725890461,-0.09027571688380377,-0.03921568470582369,-0.002626189652764531,0.03562420497770594,0.08247900525386113,0.15173369875044304
low,L,1875.0,-0.16225067718653577,-0.09055209956079477,-0.04500390570374373,-0.0002274262607593648,0.03809599626993686,0.08760965566771033,0.15448530618802223
low,L,1876.0,-0.15036352626023472,-0.08485633007533203,-0.03416817068386534,-0.00017002154593818292,0.03820046917422324,0.08276095078485676,0.1427401808450655
low,L,1877.0,-0.1596816889971977,-0.08579375356238585,-0.032712787050607435,0.00416902269528941,0.03826910778384393,0.08333048639329063,0.14530285771892631
low,L,1878.0,-0.1586026723909687,-0.08546452077489583,-0.03798298069513359,0.0060544847130797885,0.04571828593886768,0.09134243795195197,0.16655673449364106
low,L,1879.0,-0.14949575324212372,-0.08671228250905784,-0.039830355460574875,0.003972147617434377,0.034490798137300945,0.09078062623260046,0.15827546381589738
low,L,1880.0,-0.14099064848204687,-0.07646309979513845,-0.03356126999686339,0.0008355125913976809,0.036552521769978134,0.08889379645784136,0.15834156584093748
low,L,1881.0,-0.142305975104909,-0.08393818165679263,-0.036009471654226015,0.003264876455103106,0.035986726952999544,0.08186228984900441,0.1468331129193597
low,L,1882.0,-0.1485874663134698,-0.0839742769314712,-0.03867901788080884,-0.0006400445070576244,0.03417645255789248,0.08172346949362815,0.15520618898813368
low,L,1883.0,-0.1672713904550211,-0.0860536150644129,-0.039952803909414226,4.972586215280968e-05,0.03474709427068762,0.08513859670286852,0.14831259655989976
low,L,1884.0,-0.16271075255683495,-0.09099139806174454,-0.03704641916443683,0.0008497001925239465,0.03911331960115142,0.08830540282720883,0.15309470606391748
low,L,1885.0,-0.1673884227507082,-0.09528414783370981,-0.04035374332936459,0.0004712240367411927,0.03721619002197655,0.08384023799020596,0.16717422620462474
low,L,1886.0,-0.141932157362045,-0.07719942689302554,-0.02842245040989981,0.008536436412165579,0.03823019669968735,0.08718285302093015,0.1669893033770182
low,L,1887.0,-0.14814801208931214,-0.08294786346949377,-0.03303915161051794,0.007035845729290644,0.03916750003346251,0.08915027300230424,0.15684435296868485
low,L,1888.0,-0.152593434208923,-0.0865870845842896,-0.03764925006545266,0.004588112272776394,0.04012684685471343,0.08829676948793139,0.1717694660869787
low,L,1889.0,-0.13999837519681663,-0.07875383448773672,-0.030009670575586105,0.005246376220962898,0.03962831629034832,0.08559629699040877,0.14390203183663597
low,L,1890.0,-0.1441962583555549,-0.08132942068102518,-0.032710963574848824,0.004886726530772068,0.03856609018876962,0.08656622167688494,0.1652296081784784
low,L,1891.0,-0.14292679658537905,-0.07916856507304224,-0.03407726875252953,0.006277555870756442,0.044448056008898645,0.09091082851820775,0.1591050616144265
low,L,1892.0,-0.142981959172639,-0.08296527551232753,-0.03567876657790172,0.0024555401497701537,0.036004704172957175,0.08807937455563451,0.15561429248731307
low,L,1893.0,-0.15673044581559947,-0.08245071860885979,-0.03903247750997176,0.002364317899179739,0.04299049955819697,0.09018276857308831,0.16437425394211108
low,L,1894.0,-0.1632418222985466,-0.08755773436403981,-0.03593068685373024,0.007116673269977003,0.044296687092789694,0.09384171461724865,0.15884374149423358
low,L,1895.0,-0.15560239033612994,-0.08047337377796489,-0.030677973333080942,0.007831254714706422,0.04212124091204068,0.0892790081369512,0.15341465652298114
low,L,1896.0,-0.14480901864358378,-0.07614486860703405,-0.03207692811868508,0.006862202798444579,0.04325115651127981,0.09702460287535246,0.16488827233064024
low,L,1897.0,-0.15536341713261764,-0.08888735100108242,-0.033808085437537605,0.005773912708570035,0.0397301210018901,0.09439288848521667,0.163914669889429
low,L,1898.0,-0.1501831157813878,-0.08048224210078929,-0.02598922467146943,0.014386585693324606,0.0492450994944508,0.09860268767081436,0.16978469846933175
low,L,1899.0,-0.15002668106341072,-0.07590768717187678,-0.02905370752050773,0.012015640222712329,0.05093421523762714,0.10260998705192727,0.16754453530199148
low,L,1900.0,-0.15482086529831537,-0.08251500950798692,-0.03350515022752008,0.00556411391726605,0.04468603330925367,0.09239898480540738,0.17724553447611358
low,L,1901.0,-0.14674129910794792,-0.08364939230150809,-0.0344537058654014,0.007054493882765175,0.044730420660119834,0.08857691373172713,0.15732740620820684
low,L,1902.0,-0.1533785235022767,-0.08309130801815683,-0.03394659131101208,0.006320212442373883,0.046015898738865926,0.10050250481716928,0.17278770081212913
low,L,1903.0,-0.1604147850926473,-0.08252405990130357,-0.037276262396722534,0.010259768522798885,0.05230537333312079,0.09599119663749077,0.18267940532780985
low,L,1904.0,-0.14969818222848827,-0.07658600306499681,-0.0267810713137702,0.014184180795222604,0.05498002084649799,0.10057091108632606,0.16656714357527458
low,L,1905.0,-0.15516522833155602,-0.07320956255675326,-0.025932878445286783,0.014137057189154412,0.05430780569326943,0.1038942912705892,0.1733324651485796
low,L,1906.0,-0.15400603428806492,-0.0750475446140454,-0.02042612638019957,0.016607045806288988,0.05534591843698816,0.09753175543133556,0.16867657126386135
low,L,1907.0,-0.14246983712064173,-0.0667096957163263,-0.017843353644223483,0.021734767738969395,0.058542714847106936,0.11034653938349116,0.17516191951700485
low,L,1908.0,-0.13967050165252806,-0.07023311798782772,-0.02270224978774532,0.016977675784727482,0.055089985211300235,0.10918739197676297,0.18569173468332426
low,L,1909.0,-0.14900141988020105,-0.0718213219713075,-0.01736233678862539,0.023484006969839294,0.06310471423340978,0.11669312733018916,0.18085033684987042
low,L,1910.0,-0.14446764597358341,-0.07450676547992956,-0.020134930892506373,0.023616623363013192,0.05923913625503107,0.10611033224438245,0.1772046672659295
low,L,1911.0,-0.1485162007498147,-0.06942852306021101,-0.024023312679571793,0.015879371709899094,0.049365411968593245,0.10138814108690802,0.1842856293199976
low,L,1912.0,-0.15079923418031974,-0.07400234989146465,-0.02179559313419617,0.02066225921832541,0.05997129024648796,0.11889672484285864,0.18268834917472918
low,L,1913.0,-0.13651881707787233,-0.07114511649503667,-0.012007460222719736,0.028128002837367314,0.06337040457016302,0.11112734010084793,0.18221090909818247
low,L,1914.0,-0.14497175009374377,-0.06382374522685846,-0.016825745785133746,0.01788603163920023,0.05619921371373122,0.11509240948919983,0.19955496364062345
low,L,1915.0,-0.13502247803746537,-0.06271376432305618,-0.01027000981890896,0.028418143393790538,0.06470889197439102,0.11841797358619417,0.20038391880724765
low,L,1916.0,-0.12975408078234987,-0.061408578854559054,-0.013906389934354554,0.029487683484327967,0.0645990821457367,0.11910313442044354,0.19912255780934426
low,L,1917.0,-0.13215064084146216,-0.05829981843949521,-0.014018209341610239,0.0220293367958962,0.06158144903484221,0.1141365686917911,0.19305581155260512
low,L,1918.0,-0.13061492621819526,-0.0580607985358008,-0.012688493379258089,0.0236230017412915,0.06651895133532669,0.12289979671651813,0.19383030239381566
low,L,1919.0,-0.12904282600097283,-0.06427766618209307,-0.006134991762753878,0.03271696468847548,0.07343049198202212,0.12264896970392158,0.18890084336426582
low,L,1920.0,-0.14074349278040096,-0.06750721604323491,-0.006326358405589491,0.03703535308637262,0.07008638558016957,0.12017900179377639,0.1967566452241123
low,L,1921.0,-0.13571025097671252,-0.05835955173797557,-0.006183037933783427,0.03173294901083344,0.06850714222575502,0.12233138551970946,0.2064241393595157
low,L,1922.0,-0.14040330874488158,-0.05692828468923583,-0.006551537283560709,0.03273507863123891,0.07556751275580523,0.1297523134558561,0.2100436932423243
low,L,1923.0,-0.12247984530950759,-0.04651628395913602,0.000691596654095103,0.04196830076770906,0.08114260946984336,0.13283840595665736,0.21092679817136076
low,L,1924.0,-0.13144140520395206,-0.053895271930124035,-0.004760957803712648,0.03715405025254086,0.08503244310381576,0.14578796954804868,0.22062243714679405
low,L,1925.0,-0.12450899290499513,-0.04317488039390063,0.008775917388060304,0.04583792345864755,0.08520256463709493,0.13374016921821077,0.20830503393482172
low,L,1926.0,-0.11223726606295927,-0.04113555027178217,0.00450994232754701,0.046551390751256055,0.08709640268638574,0.14406259702973864,0.2237745322767664
low,L,1927.0,-0.10816659056622227,-0.03703471217505634,0.010853108406209984,0.05026982744262359,0.09017062156124289,0.14221872923482493,0.2132238379555741
low,L,1928.0,-0.1267025746718787,-0.04432272189874481,0.008751601493958873,0.05279329329402519,0.0902560668159655,0.1515690690030919,0.23480807702828851
low,L,1929.0,-0.10776128523856156,-0.035796476022508836,0.021662255749545833,0.05660780243768454,0.09391477210142428,0.15444628636658567,0.22469859385799523
low,L,1930.0,-0.11246734813652201,-0.04012118148798541,0.01147918141794863,0.050529904644773194,0.09293364262057247,0.14518319887321945,0.22189726308216892
low,L,1931.0,-0.09534436438850695,-0.04169156760229327,0.009418503677288508,0.06264118180394136,0.10282106510896569,0.15394547655458962,0.22536767785841014
low,L,1932.0,-0.10950510413346659,-0.02670749825689532,0.015922339746597184,0.05802117414110049,0.10014210336656237,0.1545685567697718,0.23076176376287555
low,L,1933.0,-0.10312343981111567,-0.03632775062308949,0.01784191079468189,0.057446273229457945,0.10178178192383248,0.1628184444392788,0.23105263935869488
low,L,1934.0,-0.09790076656068118,-0.032332331607223846,0.02201101421928255,0.05882637451213389,0.09937106781962318,0.14954818719268206,0.22992511283391767
low,L,1935.0,-0.09515723560003225,-0.02417557139425782,0.022261145883431997,0.06206214013291294,0.10406393358752766,0.1670672347347633,0.2394784383678134
low,L,1936.0,-0.09780830711601478,-0.01707335471997538,0.023189323620375926,0.06399552153518981,0.1018685788416573,0.15544579736709024,0.23298815137008552
low,L,1937.0,-0.09104141032738416,-0.017888849209913692,0.026019412137489404,0.06749687406850609,0.10399221150674194,0.1668583763136887,0.2425894501649686
low,L,1938.0,-0.09244077529755136,-0.024941712429255452,0.030522474503343125,0.07799538511399921,0.11311218516526801,0.17628771713348196,0.24709597139020079
low,L,1939.0,-0.09337921359105138,-0.01970314133738229,0.0328117327672653,0.07074124655952327,0.11187668610360027,0.17224913807056808,0.24896421948426084
low,L,1940.0,-0.09559114963011539,-0.024023811847442327,0.03572905650849874,0.0793206956918898,0.1162124364912238,0.16712320151698767,0.2642836177537938
low,L,1941.0,-0.07886132580256942,-0.00977155270327586,0.040932349216569734,0.08168633963219572,0.12224077886123338,0.17230503165739863,0.2544899278319052
low,L,1942.0,-0.06710717849523325,-0.006012187322955845,0.04164752302534266,0.08176402429781876,0.1279805542948926,0.17948914261030247,0.25964445959844384
low,L,1943.0,-0.07466109423549551,-0.008158189111436964,0.04758280542380819,0.09102326181392967,0.13371074696884075,0.19566098547781666,0.2778763428409632
low,L,1944.0,-0.07366476010227778,-0.0013700792366340058,0.0436975133857613,0.08752869223134178,0.13048237265685556,0.1860482006537872,0.2766289370377197
low,L,1945.0,-0.06956513443363421,0.00019481007953738296,0.05517555318111139,0.09102509691396989,0.13291216747632098,0.1875626545521744,0.2780525351367903
low,L,1946.0,-0.07857004128262028,0.0005480740803947874,0.05123846461988989,0.09482644607356111,0.13376260997431139,0.18868983053343008,0.2703930872109659
low,L,1947.0,-0.08727557602222746,0.0005586377847172769,0.05497568360136958,0.09810191301652385,0.13690600597850794,0.19358446099440038,0.28488726741995823
low,L,1948.0,-0.06930285737962968,-0.00203890002489397,0.05669441020488004,0.09737072363255098,0.13520421131596444,0.19238071325133496,0.2711028328856093
low,L,1949.0,-0.06501311197274347,0.00036271282088033816,0.04856848262799423,0.09373623247021018,0.13986718892840838,0.19964748552751815,0.2732082138330453
low,L,1950.0,-0.07983419790708814,0.003075540526650324,0.05099414010292966,0.10141011328261244,0.14313282731577218,0.1955383588022392,0.2830454818724846
low,L,1951.0,-0.07106576608995012,0.013780506888796827,0.06199721739975274,0.10075873303813113,0.1431593340671365,0.20516723099930148,0.2737342180973573
low,L,1952.0,-0.06831515881268853,0.006054827469178605,0.06255718011730875,0.10827597094607405,0.1477025838664334,0.20264858973161154,0.27804236889904005
low,L,1953.0,-0.08379248473488371,0.006609133242768062,0.06814874011174714,0.10935399464757377,0.1460086576655598,0.19760854491103674,0.2704823478396772
low,L,1954.0,-0.07056862269214553,0.01841198799884891,0.07102562544764712,0.11050443582795563,0.1509352202141651,0.2023014515769616,0.2891743066159104
low,L,1955.0,-0.07387090441018945,0.00438907298447595,0.06567459006033141,0.10822303470481658,0.14474735768734556,0.20355349283059232,0.2871060805879072
low,L,1956.0,-0.0576395510045879,0.012611789828276859,0.06782150713045297,0.10547432607405019,0.14424084486578423,0.20160904107714311,0.27910437553427053
low,L,1957.0,-0.0580932601162,0.02443221081307103,0.07546451320317467,0.11468939042327414,0.15472223730887386,0.20822010382056347,0.29127038038558845
low,L,1958.0,-0.036328385741400626,0.03082173718853229,0.0807863507950651,0.12636961704490968,0.16058449467579064,0.2198915530546061,0.2894027657617051
low,L,1959.0,-0.040738849275725145,0.03554272701921037,0.08164138561987336,0.12622576751858927,0.16605549563335245,0.2218593403008818,0.2969193575636067
low,L,1960.0,-0.026942293256969504,0.04292884413489757,0.08968473554813859,0.12963709939644585,0.16955015092998435,0.22451832782015083,0.30171324714269054
low,L,1961.0,-0.03671181910576292,0.040128126746962194,0.09565959033435859,0.13382999774433627,0.17827882636672823,0.2393776630752083,0.30669117638398147
low,L,1962.0,-0.042972851556621505,0.0408104118992146,0.09214828301841581,0.14218292732294663,0.18248195095063355,0.24178474016733278,0.3356077812009141
low,L,1963.0,-0.023513395588857164,0.04592682132989153,0.10072709435930914,0.1421187525995801,0.17643850577337136,0.2344004051245418,0.3283572172323573
low,L,1964.0,-0.02170642997811035,0.05075516052281474,0.1009703529793021,0.14753060206726726,0.19194662242710597,0.24328874231644534,0.3229362206059011
low,L,1965.0,-0.019696649408146055,0.05017013256071076,0.10533662305444992,0.15205234109599033,0.19320917688990355,0.2486206386360077,0.3327631512525068
low,L,1966.0,-0.01880164223880597,0.058611111134952834,0.11388230299580118,0.15691182260241185,0.1958721573088069,0.26113149218160425,0.34930226662118447
low,L,1967.0,-0.0275670254881231,0.06005405949198833,0.11637654496784285,0.16250624788872006,0.20123429407337395,0.26417489892200485,0.33943108055890714
low,L,1968.0,-0.011008436065701142,0.07278986907944236,0.12409431005463291,0.16741613089607546,0.2054605236245647,0.26933770122964423,0.3488021071802897
low,L,1969.0,0.005280135257253717,0.07944691599798429,0.12650896100815093,0.17231240517561244,0.21161498142748308,0.2613019157158557,0.35340377506440046
low,L,1970.0,0.016350516500333503,0.08184331300229244,0.13400190137727633,0.17641989238976263,0.21866855945971017,0.28121718764226145,0.35310426480386453
low,L,1971.0,0.020827318649843163,0.08715535632884049,0.13838091286918813,0.17942815576242077,0.22351784149924372,0.286796942086194,0.3618268810156213
low,L,1972.0,0.029194772160964215,0.10401018649033389,0.15453464150495436,0.1930277825865589,0.23560148458604258,0.29531046840587555,0.38099876144896333
low,L,1973.0,0.0250816233129353,0.09978310967215558,0.15895106778711737,0.2047626057848894,0.24357416193181755,0.30542596339153455,0.39462477729550305
low,L,1974.0,0.04372580450184371,0.11654004165852347,0.16592909660868724,0.20675997698427728,0.24544788687937907,0.3099159906025976,0.397287321105798
low,L,1975.0,0.05325299225377876,0.1183582449471883,0.16995722699272853,0.21264237487868437,0.2569453916445836,0.32128505986239386,0.4101993399762886
low,L,1976.0,0.04560091168694359,0.12087901880925173,0.1782280153751674,0.22221371475771393,0.2688940043386449,0.3338390354441514,0.4348580122600089
low,L,1977.0,0.05471648410654835,0.13194271613267194,0.18342057993167388,0.23293796096448777,0.2796512894123283,0.3376721711219042,0.4433630458707967
low,L,1978.0,0.06183946808371789,0.13793306543339773,0.18830665646351116,0.23409513761299333,0.2825365380754099,0.3457894682297377,0.4377762295692759
low,L,1979.0,0.08150439793375601,0.15074310532719348,0.1946167712500976,0.24678101559815013,0.2886958713875184,0.35818874783481003,0.43793230527791427
low,L,1980.0,0.08157031942060206,0.14435939772024806,0.20946372094663734,0.2557594893513998,0.2983742379614234,0.36387647946206286,0.46851076278602444
low,L,1981.0,0.09079308263014109,0.164507702349704,0.21458920215758098,0.26480765043296783,0.3084210831746977,0.37576851416753443,0.4631442522157587
low,L,1982.0,0.09455506074922926,0.17075720101421446,0.2275892164542884,0.2779818242630322,0.324859794118101,0.3833735658276338,0.4623689770941903
low,L,1983.0,0.10851209277749896,0.1837079670694299,0.23307211313231485,0.2873547349049456,0.3280271864928827,0.39169699021729565,0.47784337691027995
low,L,1984.0,0.11261121436380095,0.19120111442333673,0.24762213406894024,0.292787278446865,0.3436369562116677,0.4071053478517892,0.5087335818614087
low,L,1985.0,0.1149894621977072,0.18951463960186224,0.2547784844059781,0.29781325973056666,0.3457596397966984,0.40482249524672825,0.5042290275606787
low,L,1986.0,0.11517895396118534,0.2060852950605094,0.2549759841124159,0.30091765872141324,0.35754280959356394,0.4171131336938196,0.5031893752379671
low,L,1987.0,0.13441582966068683,0.20536937984381898,0.2645601112514407,0.3123146282168054,0.360831206540275,0.4264153324389353,0.5132977231085025
low,L,1988.0,0.13973882827275938,0.21527343050878647,0.27128854319478796,0.3223133330191811,0.36776911598864503,0.44264119643075206,0.5316310904455648
low,L,1989.0,0.15319252072974293,0.22848288850908394,0.28680621583055116,0.34048893858109863,0.38492214620490856,0.43914959312293467,0.5416198712785263
low,L,1990.0,0.15089630734720905,0.23012103647524604,0.2911994792744832,0.3440590883363488,0.3872970014067533,0.44725344158763497,0.5377401216132991
low,L,1991.0,0.1660730738142842,0.2498212126251839,0.29883998851533206,0.35217051378880243,0.404359488730868,0.46600953683231006,0.572113324529874
low,L,1992.0,0.18071939633743592,0.25524006699887053,0.3176565768885947,0.36285693555824416,0.41258172042984737,0.48984755923669654,0.5715910722050086
low,L,1993.0,0.20018120978299916,0.26184129221430685,0.31988849483635823,0.3677516907786433,0.4217540441179271,0.5026054883968397,0.5994091230240044
low,L,1994.0,0.20188887373039813,0.27217365856383935,0.3275492535309126,0.37976395716452516,0.42962777275745273,0.5007425479799587,0.5973207248165063
low,L,1995.0,0.19412895334906516,0.2859121210716898,0.3410327833222737,0.3921664528768078,0.4406369416589003,0.5145556097843461,0.603810233855144
low,L,1996.0,0.1972547535096097,0.2855421138457196,0.34993515784961793,0.40374019733420874,0.44794772666565214,0.519059246316261,0.6224134976554644
low,L,1997.0,0.21949450309767,0.2930345991695923,0.3567003094050627,0.4137089850984541,0.46058776040810967,0.5352593617924916,0.6292947799224476
low,L,1998.0,0.22911984132116356,0.30229727196498946,0.3634608189722237,0.4145520929181364,0.47076568971976124,0.5504481675973474,0.6536870829561237
low,L,1999.0,0.23822327871052038,0.31677227457247126,0.3710298801334268,0.42693196655789617,0.48444799603044403,0.556002590357603,0.6539660670720894
low,L,2000.0,0.23886519091618652,0.3234043055608012,0.38385951598353385,0.4341788519631908,0.4883628422545156,0.5729001013907513,0.6607108512089775
low,L,2001.0,0.2547136461108045,0.3380963535051324,0.4039390958014093,0.4499470363553884,0.5029408570759033,0.5769522487619604,0.6673525567373678
low,L,2002.0,0.2714675510197036,0.36299699959246823,0.41770167537547975,0.47218020370605346,0.5178906783629161,0.5857434423803765,0.6892572548115864
low,L,2003.0,0.2646963149095942,0.3575201397502732,0.41438344424111057,0.4772683717884988,0.5269880376267406,0.5949149259844565,0.6944168365046479
low,L,2004.0,0.2807144456624311,0.36111606993277967,0.4285994935867956,0.4805548770289663,0.5299926850202878,0.6084067418525348,0.7080423094786938
low,L,2005.0,0.29728311278943576,0.37085445603850486,0.4333810860469137,0.4915786676758456,0.5512767733122031,0.6168876660587211,0.7333111751539882
low,L,2006.0,0.3005918451879394,0.3893166550643474,0.45158712399096496,0.5069327963157783,0.5552907061546415,0.6258208538724368,0.7377284321080194
low,L,2007.0,0.3273973735287152,0.40458224407800975,0.467053640377965,0.5201785816670204,0.5777234152297723,0.6461777221757178,0.7483014785041213
low,L,2008.0,0.32951775853830717,0.4107785601203477,0.4733985086353475,0.5328690825356573,0.5895365388487076,0.6664577874609182,0.778411963173734
low,L,2009.0,0.34128102490443835,0.4263825088848199,0.4867681814246896,0.543968899048753,0.5991385118307587,0.6777155363566112,0.7845284820171904
low,L,2010.0,0.34534009165235374,0.42705319274541026,0.49947594018329705,0.5655482297042449,0.6178277097512238,0.7127965394428852,0.7887327967273838
low,L,2011.0,0.3546481162149737,0.4405095350995065,0.512796988673263,0.5685606873392943,0.632911247985623,0.7075553586198162,0.8241787008966719
low,L,2012.0,0.3742562407757136,0.46318063599706544,0.5227653085417292,0.5863856391421386,0.6436985916882639,0.7215891914297015,0.8229090777674698
low,L,2013.0,0.3865839628386595,0.47217063628142336,0.5316745117924018,0.5904327499027333,0.6492459782569616,0.7304008213599117,0.841454650340942
low,L,2014.0,0.38903902798294093,0.47450733807638856,0.5480089875382351,0.6160792681396978,0.6788330955234514,0.7603817266068437,0.8494972835833121
low,L,2015.0,0.4006610064178942,0.4899631764377554,0.5633640292180592,0.6232025588269915,0.6938933084300458,0.7750695643757536,0.8856064198497344
low,L,2016.0,0.43250670258813306,0.5084167556223138,0.5798664790546245,0.6386776263269431,0.7116862175520222,0.7966141579601826,0.9246879104613298
low,L,2017.0,0.43204773643328015,0.5147578635283999,0.5937120220274541,0.6595105791587196,0.7192994965409991,0.803107491409352,0.9430038731113702
low,L,2018.0,0.4461284355132049,0.5322350412654445,0.6080182880676842,0.6702367206022138,0.7342853496667461,0.8208872935906679,0.9478739177746344
low,L,2019.0,0.4523575851374781,0.5441910537416436,0.6173939325056468,0.6827465782626522,0.7583384195324465,0.8384345023398172,0.9491363180941742
low,L,2020.0,0.4738136803849574,0.5627852660460868,0.6323968611733116,0.6960351010881058,0.7526025742347257,0.8573617380635375,0.9799403172826101
low,L,2021.0,0.47504676942615415,0.5684935026927472,0.6478550948179037,0.7214514682275301,0.7867601275551912,0.8655466187421345,0.9960590374153907
low,L,2022.0,0.48635754191816444,0.5884385643723892,0.6622284318768582,0.7312269281853266,0.7938406494111978,0.8864770089819112,1.012498275837461
low,L,2023.0,0.5038175173061898,0.5932268416893773,0.6763578935308432,0.745018306813365,0.8075186951598519,0.8996868344755894,1.022374388555252
low,L,2024.0,0.5012694868547269,0.5998355331436463,0.6821974807744026,0.7581985580200937,0.8234866854471727,0.9286280600911485,1.0503522243254049
low,L,2025.0,0.521746149343238,0.6209167629892796,0.6985510364745288,0.7656501672880234,0.840518778883113,0.9266437045084454,1.0687890595289782
low,L,2026.0,0.5155278077744891,0.6349064582665831,0.7059085557350954,0.7890342829183581,0.8624176625573613,0.9547994857029515,1.083056043952381
low,L,2027.0,0.5364669540196922,0.6400284186062569,0.7178843808292228,0.786688093285395,0.867473193214057,0.9737156483854896,1.1151326202362848
low,L,2028.0,0.5604260148294573,0.6516966334128012,0.73616035091055,0.8139113821958028,0.8820548555017231,0.9937186149551894,1.146427298377584
low,L,2029.0,0.5668539654907028,0.6595353701829101,0.749227654847201,0.8357367668098997,0.9118264487583233,1.012269975963456,1.1712148470508106
low,L,2030.0,0.5701160822028224,0.6846233492247523,0.7619462165716628,0.844567597121911,0.9233583151399363,1.0311040564465381,1.168495364357628
low,L,2031.0,0.5719480969040251,0.6880171731652194,0.7746218939379562,0.8598846826304141,0.9408789564472144,1.050843373149524,1.1910046968337478
low,L,2032.0,0.5995656887753801,0.6965414073684161,0.7906490271208355,0.8705738428213168,0.9564647903449021,1.0663490850813326,1.2034339872671895
low,L,2033.0,0.5993616499953709,0.6987106046226453,0.7885743206750502,0.8795553149186287,0.972324289019737,1.0835624124170313,1.2318676762022545
low,L,2034.0,0.625083046063526,0.7230873567247907,0.8170685493479894,0.8999562652790086,0.9884464790249895,1.0971822205477215,1.2480592841385805
low,L,2035.0,0.613653242823799,0.7290944267900755,0.8323924854983359,0.917417633613664,0.9999139223127875,1.1262581688090798,1.2598029199767746
low,L,2036.0,0.6426834059898106,0.7387329935948679,0.8428274106997974,0.9317603600288057,1.0153431399587816,1.1200703568767436,1.286619606388498
low,L,2037.0,0.6505151536863567,0.7541913097604747,0.8543616393903103,0.9449420097255751,1.0375086631616466,1.148334032161569,1.2960295069073955
low,L,2038.0,0.654613421050294,0.7697301393428769,0.8658134235796238,0.956774606167174,1.0587765287095536,1.164505277983761,1.3167665513725917
low,L,2039.0,0.6747639474243231,0.7874620400095548,0.8892729707451845,0.9807642489329043,1.0668257487446238,1.1818378813730857,1.354095610186776
low,L,2040.0,0.6924515569279707,0.7911458307037705,0.8975610169373425,0.9897110541507766,1.0803980893076617,1.2058748271061566,1.3480854953023171
low,L,2041.0,0.6895441118033931,0.8082886678703443,0.907285834948152,0.994449957646717,1.0890091719937551,1.2186036832752476,1.3515791889735782
low,L,2042.0,0.7141320594989866,0.8175456752557066,0.9094733505584929,1.0127378387721984,1.1091066651031705,1.2272730400856742,1.384322212772226
low,L,2043.0,0.7077205984016567,0.8194828429206461,0.9229538221024249,1.0147492902733386,1.1247525016673254,1.2363321930777862,1.3917898736744114
low,L,2044.0,0.7189274740285072,0.8303639403350499,0.9453133175309604,1.030262874051189,1.1323491448294736,1.2496205153004423,1.4016323910129758
low,L,2045.0,0.7298825652461902,0.8388713473321242,0.9454364186051543,1.040693400606076,1.1498677977507097,1.2770434443385383,1.4305418190612231
low,L,2046.0,0.7319513725660902,0.8533565969909582,0.9531730949874624,1.0614839242187815,1.151870197438862,1.278715662671964,1.4229025615639304
low,L,2047.0,0.735041547628828,0.862629545846813,0.9701810333293667,1.064452618760805,1.1576060201588478,1.2849499579568748,1.468938254182847
low,L,2048.0,0.7598292527953215,0.8750253780771369,0.9829382465017253,1.066255989723146,1.1745343770080827,1.3047667328092551,1.477491142136172
low,L,2049.0,0.7649607898720954,0.8785397298642579,0.9925337679771172,1.0889807666112923,1.1889684768242845,1.3193836639597578,1.4914006560739397
low,L,2050.0,0.7768833734010295,0.8800410249564818,0.9805829545708536,1.0910908855015369,1.187795690729544,1.3229096279326287,1.5113493158883813
low,L,2051.0,0.7676596427491547,0.8778060600720461,0.9955208354866525,1.101344168536,1.2011364674916836,1.3546133273835186,1.5109141580247387
low,L,2052.0,0.7851095426742742,0.8939114976312954,1.0007047865614145,1.1175749157601114,1.2053257632588805,1.342648764543493,1.5427104727371792
low,L,2053.0,0.7955889925877764,0.9012088654615541,1.0170008600104996,1.1112391513767657,1.2156346304087573,1.3540053846136348,1.5373971176169046
low,L,2054.0,0.7824000480332611,0.8999006734501686,1.010997487473565,1.124789586679129,1.2203717662055946,1.3472803652458603,1.5314759410774634
low,L,2055.0,0.7836733013500855,0.9042027537876618,1.0110891513249554,1.1200248668232353,1.2383150339697322,1.3713122932379573,1.5382494794534287
low,L,2056.0,0.7876152035056231,0.9100020637059109,1.0241555203327632,1.1277083295571217,1.2444813526810992,1.3640310501834418,1.5430148034745235
low,L,2057.0,0.7985693790748999,0.9129471178133511,1.0212508276559746,1.1421647597344038,1.2546436801895948,1.3902927100365123,1.5657077103550765
low,L,2058.0,0.7907932011482558,0.9246196990015759,1.0313149626561593,1.1497095083254287,1.2497007586773599,1.3986885546150964,1.5944685249486772
low,L,2059.0,0.801746194767529,0.9269799982548863,1.0337867299737664,1.1346832685312291,1.2551757356405482,1.3993624843866228,1.5923447893394194
low,L,2060.0,0.7987131208328742,0.9361478837710463,1.0396837167837933,1.1451715472524013,1.2555552667941374,1.4074672713949308,1.5958871817819844
low,L,2061.0,0.8015883481862441,0.9291711331543218,1.0500480350725994,1.1442918717846906,1.2498530644181867,1.3994269797018828,1.5896359621674654
low,L,2062.0,0.8025809287302802,0.93357441485945,1.0574203406165372,1.1612815714118752,1.2631902344936976,1.4039824089487336,1.589776860515556
low,L,2063.0,0.81358673707194,0.9328021904104152,1.0516641388926344,1.1659192227477142,1.2661195407923869,1.4159223648064807,1.5951587616256206
low,L,2064.0,0.8105703351923836,0.9353200839843265,1.0509823390683428,1.1654167007450906,1.265853498838955,1.4114253284209815,1.6148123037003557
low,L,2065.0,0.8043021317316151,0.9296649090424034,1.0566188713346607,1.1684867471652982,1.285800548378107,1.4120545742264672,1.6448858414774234
low,L,2066.0,0.8112290674559811,0.9293616388300036,1.0484223540011002,1.1636942493979492,1.273517511083145,1.4285845176366359,1.6220841925181835
low,L,2067.0,0.8189025087240422,0.9436011391944836,1.0647999080167878,1.1680996840016942,1.279740955343069,1.4369963219058028,1.6460377090071372
low,L,2068.0,0.8374122167069571,0.9388565073469608,1.0572729274798578,1.165620345840515,1.2866835718042786,1.4365315198853765,1.6330447406490067
low,L,2069.0,0.8276613468903109,0.9399348246916627,1.0467802814383773,1.1657960799419085,1.3000586363822901,1.4369502086069743,1.6339323885644608
low,L,2070.0,0.8078022840144988,0.9323552020272697,1.0633191845921028,1.177642158281585,1.2963367812122686,1.4392603524689425,1.639229389766176
low,L,2071.0,0.7759053818352972,0.9334897960130079,1.0493379908060778,1.1864080387219151,1.2954628195268323,1.453657921348226,1.642685516532873
low,L,2072.0,0.8103322148945382,0.9278043780620546,1.0627621378388303,1.1756137937743585,1.3026785590693013,1.457229960952196,1.6570039154813674
low,L,2073.0,0.7919364539618552,0.9299396457624602,1.0562628732409383,1.1883083539292993,1.2924214672210048,1.4436064158402884,1.6557129606267376
low,L,2074.0,0.8023003622163729,0.9366596252466364,1.058598484943762,1.1742220549502322,1.2890456503692713,1.464552453628979,1.66506249051244
low,L,2075.0,0.8155886511141662,0.9307174141528036,1.058731377244227,1.1809437873298008,1.3162579162200163,1.4691786873629,1.6760923439509297
low,L,2076.0,0.7999090540185944,0.9312963804166842,1.0548424890031314,1.191151711227291,1.3000088915395793,1.466848446589196,1.6847160718878555
low,L,2077.0,0.8088241059496561,0.9395684052629532,1.0585250559275186,1.1711711589310159,1.2959297568785282,1.4613405109012136,1.6680361260965908
low,L,2078.0,0.8313556813749875,0.9480485990871369,1.0587864125652293,1.176375757776868,1.2827678065262842,1.4600606550398885,1.6784896599896926
low,L,2079.0,0.8063311642420693,0.9421217918855647,1.04770452888708,1.1801907290758094,1.306734950157874,1.455331780389572,1.691438531008673
low,L,2080.0,0.8024644342219055,0.9408458652204618,1.0532894877388526,1.1788113692809972,1.2988870959094083,1.456983351393386,1.6806050754524666
low,L,2081.0,0.8044442606275553,0.9470622181009043,1.0529931092694556,1.1734270735371923,1.3014164103065544,1.439865931675927,1.6665645000627547
low,L,2082.0,0.79740733396394,0.9275024684172313,1.054435802685205,1.1718603267991756,1.2993850763109813,1.4544034424819694,1.6776559635750634
low,L,2083.0,0.7816694657956789,0.9319480624564203,1.0498212137209149,1.1716258618556001,1.2952103143119862,1.4515863373190498,1.6712580188131343
low,L,2084.0,0.7913151860815023,0.9270105497223845,1.0503610259450804,1.1670977393271533,1.2948566662526977,1.4469508192654197,1.665553152838551
low,L,2085.0,0.7937026502004431,0.9321864407081498,1.0413077888506301,1.1583638566207441,1.2913459804082301,1.4436223051866672,1.6533438981628577
low,L,2086.0,0.7999672282801585,0.9211447572372131,1.0389248932932282,1.1578601192353213,1.2696477225045282,1.4439681242704105,1.6680337419912867
low,L,2087.0,0.8081981213850726,0.9284154772780842,1.0411595300496326,1.1551417102715376,1.2794204848534316,1.4370546501920958,1.6913109687201262
low,L,2088.0,0.8013355792162349,0.9179855029199135,1.0380863048201128,1.1655820420436216,1.2888855957504848,1.4567381952734386,1.6763436292985563
low,L,2089.0,0.7941509735816473,0.918217359408077,1.0435968763089176,1.1589190077516622,1.2918688999106605,1.436345514409222,1.6943200365649391
low,L,2090.0,0.7927922573027886,0.9168978984574486,1.0279124777501136,1.157352282046458,1.2881392010476003,1.4536146481912584,1.6662298624970482
low,L,2091.0,0.7875989789233381,0.9193008727657692,1.0308552679876144,1.1566601020495124,1.280527546254332,1.454221554292451,1.6871564261224485
low,L,2092.0,0.7962476365888818,0.9234334831310653,1.0355222705893652,1.156830854555951,1.2749074665948774,1.4424409744653082,1.6750466668321426
low,L,2093.0,0.788131909390728,0.9116951807848416,1.0305758461453545,1.1474093023652745,1.282329639879234,1.4458142621925107,1.6781219301724892
low,L,2094.0,0.7746549399555452,0.8999361896905861,1.0363434001800724,1.1450710951378475,1.2774395529691855,1.4283502645711905,1.6739002070459394
low,L,2095.0,0.7754119720067435,0.9053899350688184,1.0180686902083311,1.1482738875142238,1.2776868760375066,1.4265086682756505,1.6750452460263194
low,L,2096.0,0.7853574607969895,0.902150405935213,1.0314106033932646,1.146164377532949,1.2757501543388723,1.4471088624976507,1.6705325000292648
low,L,2097.0,0.7694202007573546,0.9087090416198058,1.0300872987596452,1.1508801944544018,1.2716866686701054,1.4340332891070493,1.6757948668160856
low,L,2098.0,0.785525428948092,0.9006897264257757,1.019192076607061,1.1445731896821074,1.259478239913556,1.444577360245879,1.6558109736885578
low,L,2099.0,0.7756237011936215,0.9027582968153136,1.0112663741275416,1.1344276118360472,1.26278727977016,1.4424237065591392,1.6690107553674836
low,L,2100.0,0.7675585548582404,0.8881395752747036,1.0113265680413066,1.129636024179521,1.257184970560616,1.425226913911631,1.6647424107420359
low,L,2101.0,0.7601498701094153,0.8888393509118956,0.9966370412193538,1.1330292052581263,1.2577068193115004,1.4211589636792559,1.6736175408084606
low,L,2102.0,0.7633281313559803,0.8825398382560244,0.9973510268581147,1.1195458755954977,1.2552553363850971,1.4141868406737352,1.663074197434461
low,L,2103.0,0.737059415640547,0.884076334631829,1.0116195994757817,1.1161297619553492,1.242225737290498,1.426772433024816,1.6507487834074537
low,L,2104.0,0.7535062855602325,0.8785517046164562,1.0045816943539352,1.11763321823974,1.2515058280611286,1.3970479497787942,1.6573330802152466
low,L,2105.0,0.7540988950742569,0.867211961912554,0.9947718840339864,1.1239953455660485,1.2443927792171117,1.4062433036529367,1.6388080895632855
low,L,2106.0,0.7541529003640886,0.8676537215761921,0.9939972175790313,1.1222757683946196,1.231325812178267,1.3905345485695215,1.6296545987113684
low,L,2107.0,0.7346898102576622,0.8710401274220099,0.9941691986037383,1.1153966295877449,1.2354490104846516,1.4011796558851433,1.640018440592611
low,L,2108.0,0.7237838469192623,0.8572555253832118,0.9731936296135,1.0995715592495259,1.2237301136402357,1.393227517097305,1.647875831266145
low,L,2109.0,0.7261500480327526,0.8411447948869468,0.9679712089567103,1.1045319358033998,1.2162787922281597,1.3785799914138623,1.6371317792175748
low,L,2110.0,0.7201593183545348,0.8461581637777676,0.9686428965707528,1.0987464672708946,1.212991029257215,1.3781015074763188,1.6395894922079257
low,L,2111.0,0.7176242502568422,0.8492791000446286,0.9721878834069726,1.1080808070455421,1.2251965857606908,1.3744380220812114,1.6302550521203345
low,L,2112.0,0.7143005712832095,0.8623559708257473,0.974839620495563,1.0904146066758733,1.2133105884777156,1.3974695045534926,1.6304689683408442
low,L,2113.0,0.7026297338629156,0.8487403054334008,0.963674572726619,1.0920725769001745,1.2087552762189,1.3814848692412869,1.616057413582098
low,L,2114.0,0.719586074514286,0.8340476123612628,0.9586688346489382,1.075294737829882,1.2091539364024841,1.3809370564360535,1.632185601511945
low,L,2115.0,0.7174218436065455,0.8458366301186465,0.9652219256278003,1.0897847385395163,1.2015263650883121,1.3624269595761773,1.6336038188285962
low,L,2116.0,0.7062126408683901,0.8376686583290429,0.9475223988739054,1.0769898263911544,1.185394445859239,1.3648299558100065,1.6303593830993461
low,L,2117.0,0.6970753623316986,0.8261587340644423,0.951579716772367,1.0855048709635546,1.1918900068129583,1.3617863358599678,1.603162759689317
low,L,2118.0,0.7057340729661805,0.8222422456194035,0.9449908268321621,1.0571642031776718,1.2081209686055105,1.3845641423836603,1.5945053651560557
low,L,2119.0,0.6946784114987857,0.8214736229788481,0.9391265875040893,1.053864509649031,1.1914000860201184,1.3482993783549444,1.6302200597978913
low,L,2120.0,0.7117711549854795,0.8179454702257618,0.9460549243585976,1.0523800099382237,1.1845831674938865,1.3483923251577663,1.5685697014859605
low,L,2121.0,0.6994436535450038,0.826394720027014,0.9414303514385057,1.0721097494156313,1.2025781700866724,1.3553138215476712,1.5870290882489444
low,L,2122.0,0.6921388849117354,0.8261770972226896,0.9348185240159882,1.0562034413705064,1.1963123475171686,1.3525808218940896,1.6145946654647352
low,L,2123.0,0.7002401537470275,0.8149732170638371,0.9263937106552091,1.0532670208748514,1.1750267223264255,1.3497099080707562,1.5965919755017284
low,L,2124.0,0.7036526901396946,0.8120904096797941,0.9248343613951319,1.048956993542208,1.1803488371086854,1.357008042584517,1.5877710689645177
low,L,2125.0,0.6746094284839468,0.8069832543299021,0.9255149778664575,1.0560331387085564,1.1641689596804725,1.3580979136648381,1.5920505902226678
low,L,2126.0,0.6844289175137842,0.8012035758419229,0.9213350870890079,1.038147753056767,1.1581233350143265,1.3490758144005905,1.555268248635838
low,L,2127.0,0.6844903436683486,0.7993915220449667,0.9138816799525898,1.0344391847961127,1.1627669782108248,1.3337441377138601,1.5802255439762358
low,L,2128.0,0.672136734058852,0.7860027194899202,0.9120630336267807,1.0359640796173952,1.1697558737421025,1.3404137443733242,1.5755716264812827
low,L,2129.0,0.6813454029046276,0.7980256674815364,0.9085835492159913,1.0330642059315238,1.1610984687033834,1.3302386684202996,1.554963007168974
low,L,2130.0,0.6763750317903807,0.7918623550274796,0.9093835013827256,1.0314247564540227,1.1716246758884188,1.3300939592425371,1.552911860014901
low,L,2131.0,0.6706686506639827,0.7899756494384162,0.9163184885262537,1.0309497844229967,1.14839020917023,1.3300534696547506,1.5801072693409552
low,L,2132.0,0.6568716503450727,0.7886186378734837,0.8935252597476383,1.0189015438606124,1.1461056408272474,1.3229437067279282,1.5704387004753764
low,L,2133.0,0.6395406839773012,0.7858549741355406,0.8942426859167409,1.0246822649095835,1.1526662386801456,1.3238498985027247,1.571991660641339
low,L,2134.0,0.65563762666762,0.7835271096272435,0.8959027701945023,1.0247014089683941,1.146203468388107,1.3212479587971977,1.586044774649056
low,L,2135.0,0.6448560858343391,0.7844310355876836,0.8916023692104202,1.0187193991758279,1.1417283001760758,1.30065912846959,1.560382515675732
low,L,2136.0,0.6492921951022332,0.771650757846951,0.8911772420999792,1.0091989952283156,1.1375244892333016,1.3016506957517093,1.5896987290636602
low,L,2137.0,0.623720217956955,0.7716716303566913,0.8913840062348157,1.0138651134242176,1.140018820568256,1.3137127840603728,1.5668992887776259
low,L,2138.0,0.6278407463883117,0.7618712448686437,0.8827103942158943,1.0126779892141744,1.1358681805613526,1.2970567816063534,1.53874976719473
low,L,2139.0,0.6526647705124892,0.7751135295953068,0.897702727453409,1.0225358402415432,1.1412155426722903,1.3014553572897465,1.5423960839856135
low,L,2140.0,0.645410541698024,0.7734781099371273,0.8944449872233862,1.0075906056243866,1.1196724477361457,1.2898858489149985,1.5444678764782394
low,L,2141.0,0.6562694880617937,0.7685338546413983,0.8820215029028138,1.004844577910454,1.1132719542797602,1.27935034113285,1.5431845975283036
low,L,2142.0,0.6396854154740069,0.7619183559800651,0.8759296972281536,0.9983244395664896,1.1055865220800052,1.2788726765200331,1.5600284905237312
low,L,2143.0,0.6418177014235981,0.7629835492899611,0.8816195928093074,0.9833798666639866,1.1021531673984046,1.2732098988064007,1.519361079017323
low,L,2144.0,0.6505115731682384,0.7535862866246842,0.8635355394103381,0.9863987278503598,1.1100923993678649,1.2712267831759583,1.5325313004215926
low,L,2145.0,0.6611086164804163,0.7625062501863764,0.8811906074042783,0.9915783300954807,1.1046741786666323,1.2723534940384185,1.5101631748316973
low,L,2146.0,0.6205633056410553,0.7563509177871705,0.8726977429771441,0.9862726118843415,1.0988188057503667,1.280616197775277,1.5519830373314258
low,L,2147.0,0.6434687159711672,0.7566793554563139,0.8611077363177068,0.9793101820201464,1.0864672184038249,1.2773515300537792,1.5448512544890165
low,L,2148.0,0.6176047442426874,0.7455226715601159,0.8607244015034755,0.9683792047890006,1.1044200413851126,1.2829551737172495,1.5330570091362221
low,L,2149.0,0.6115128287921737,0.7535034962528732,0.8537250389528379,0.9774903750921083,1.1036216696168706,1.2659015607116915,1.5382828506251405
low,L,2150.0,0.6382935450005813,0.7377500471692985,0.8483898486983802,0.9694053437470774,1.0782348722107868,1.2598231476750708,1.513215768393338
low,L,2151.0,0.6204834073349035,0.7411244985582089,0.8307463158309396,0.9495883526437112,1.0759624639354433,1.2578508177614651,1.5106566912767665
low,L,2152.0,0.6188358554673148,0.7412001629991023,0.8410187018347179,0.9543483306941992,1.0814318260691267,1.2587177062646528,1.521705311585581
low,L,2153.0,0.6081124914131034,0.7200151385711349,0.8398352196966204,0.9602639822761044,1.0924116295043462,1.24651075440144,1.4906230005525754
low,L,2154.0,0.6026226257161164,0.720304967796993,0.8366659284451178,0.9545469720460517,1.0797588128749207,1.252815476236877,1.4897771046070216
low,L,2155.0,0.6233527358751467,0.7218748590813557,0.8268858870230222,0.9535345475083294,1.0875440355204464,1.2411873090652823,1.508136514797057
low,L,2156.0,0.6020275596162702,0.7204902112068605,0.8284892790188866,0.9559741425017951,1.081963701281447,1.2348118687108698,1.5211534031781826
low,L,2157.0,0.5819608190449238,0.7093472743969789,0.8240700926457081,0.9539075931445052,1.0752701751142248,1.2371733442400346,1.5112036876943031
low,L,2158.0,0.6050664507797594,0.7147778596479376,0.8267864785413458,0.9507755193317411,1.05481824378468,1.2385780186058768,1.5146378419089006
low,L,2159.0,0.5938468230467195,0.7181363764388843,0.8318727598663408,0.9422060478469222,1.0598505003328955,1.220214862436246,1.4949221279620066
low,L,2160.0,0.5907787246585168,0.711234442139662,0.822512169131557,0.9388325994285265,1.0649469362287045,1.2466454957555586,1.4953303541134662
low,L,2161.0,0.5854774061241699,0.7012805454435226,0.804934075721693,0.9395266940358975,1.0604215489594795,1.2503937138134986,1.5047513096579785
low,L,2162.0,0.5752882889639932,0.689827391572544,0.7986026465898592,0.9178886519478029,1.0538775063808363,1.220829805126699,1.5016862253957244
low,L,2163.0,0.5731867747635604,0.6872830823820337,0.8074933304417314,0.9135909489349081,1.0338759644301412,1.2241183791408117,1.490477866098604
low,L,2164.0,0.5715958679793243,0.6822332606534309,0.8147119690788125,0.9242768896722796,1.0382027823093356,1.2078902059567902,1.503743216165903
low,L,2165.0,0.5664732641063422,0.6824269988033193,0.793446123831636,0.9097525630984192,1.0327144073953811,1.2027623752839305,1.5031743913457831
low,L,2166.0,0.5741848133494054,0.6808015871494432,0.7992017682431447,0.9106629491424354,1.0225764837291351,1.2016021685570666,1.480808426944222
low,L,2167.0,0.5781853507254603,0.6880767707107056,0.7882684121136169,0.916171575861255,1.032921619266331,1.2007290358442249,1.4632648717112617
low,L,2168.0,0.5649175799012819,0.6839872083910525,0.7824694013741117,0.9148460185153705,1.0429644931169544,1.198415124459197,1.463198525363688
low,L,2169.0,0.545118295156868,0.6844062590572845,0.7894421370395879,0.9143320526692357,1.0288959088047474,1.1979914164300323,1.453867075782614
low,L,2170.0,0.5453041009636285,0.6734778620324225,0.788441162368706,0.9086150894301107,1.0362363173923863,1.196931676599029,1.4832927004423293
low,L,2171.0,0.551136927742247,0.6651954068561227,0.7813141688511974,0.8906828816563426,1.027562168037331,1.1921214484419649,1.479333492560874
low,L,2172.0,0.5462942953061247,0.672889445652145,0.7854925955035886,0.894397341663222,1.017958066324463,1.198786581862004,1.4373768144358214
low,L,2173.0,0.5589258054364838,0.6774238273956347,0.7845485608858453,0.8989137627398719,1.027062273460622,1.1721325434517806,1.4236319607859875
low,L,2174.0,0.5500765154976128,0.6793735207176332,0.7661605649846875,0.8814213136631148,1.0092030881491738,1.1749837956367222,1.4360715796372392
low,L,2175.0,0.5519701450851953,0.6561141318464744,0.7703147948655569,0.8887724133142846,1.009368379131931,1.1746384356784176,1.4556091727524085
low,L,2176.0,0.530470642092618,0.6619015493118915,0.7662942297570232,0.8815975378416174,1.0050957628505215,1.1892528663697903,1.4488980271888507
low,L,2177.0,0.5357340885871346,0.6529567002905488,0.764824131207169,0.8697297676569566,1.011380815639501,1.1633180816931545,1.4812772175231068
low,L,2178.0,0.5486788485457267,0.6548310487826919,0.7664483762771818,0.8740583093797185,0.9944746096195737,1.1598774068807087,1.4680766129159846
low,L,2179.0,0.5304803522184582,0.6429880385554267,0.7456939693488489,0.8658577379305059,1.005405592878643,1.154121400749897,1.4556635257235468
low,L,2180.0,0.5239369977655098,0.648170975794318,0.7520561459562535,0.8784038511779866,0.9918408831526032,1.1590228074418352,1.457410284543078
low,L,2181.0,0.5370628547318287,0.6543704109291446,0.7504591585149016,0.8640790644901489,0.9880150505817342,1.1554029917150241,1.4223672199252728
low,L,2182.0,0.5327132626017744,0.6345588244152444,0.745654376481034,0.8626651416169469,0.9811481470657535,1.1438890235304238,1.4485319969828825
low,L,2183.0,0.5195689665799561,0.6332813737835596,0.7320360524331084,0.8533198572826759,0.9813962839355703,1.1557008257702475,1.416628815351812
low,L,2184.0,0.5141121040688006,0.6357080029233114,0.7415583032896395,0.8512136808682279,0.9789410975212298,1.1482389118121217,1.4309600020600957
low,L,2185.0,0.521872666108489,0.6234931869032231,0.7452907212788453,0.8614108419606105,0.9810225514641165,1.1590197595843081,1.436086656291831
low,L,2186.0,0.5055195375450892,0.6206336819659451,0.7452124342709782,0.8550597545772838,0.9711553264135436,1.1373047488628576,1.3988704355059416
low,L,2187.0,0.5072806392523962,0.6273808549627324,0.7280912143049345,0.8374584610155594,0.9657894396025574,1.1200555263231944,1.4069886155075024
low,L,2188.0,0.5040574327294349,0.6246229830616806,0.738373620276971,0.8457107771463445,0.9603946714377001,1.1433058367684943,1.4226629785081226
low,L,2189.0,0.5065648269824025,0.6153884065456977,0.7177002106862015,0.8401739524154722,0.9663815898748966,1.1248939975700287,1.400526369656876
low,L,2190.0,0.4964551780292063,0.629383759761281,0.7221969198566,0.8321045015111105,0.9577566703691388,1.1428144002914213,1.3919026746431888
low,L,2191.0,0.5063307863505958,0.612156867175478,0.7281859170886907,0.8365074014776921,0.9555727205066564,1.1268756207568762,1.381201413144985
low,L,2192.0,0.506230145226608,0.6126343851305663,0.7040047640751065,0.8396598994718328,0.9580520613528636,1.1178555578432035,1.3688568337848914
low,L,2193.0,0.494991411365312,0.6125358799444978,0.7133847351534676,0.8310402652993597,0.9440467457426879,1.0886738841220054,1.3668111460324848
low,L,2194.0,0.4990554771716816,0.6202965479331564,0.7103418331215594,0.8292224430014132,0.9543758324634901,1.1156948568362288,1.3904098533225226
low,L,2195.0,0.5013320854816413,0.6166722878073461,0.7153632508171314,0.8201756757856563,0.9496068507887764,1.1076128358730677,1.3779881152132067
low,L,2196.0,0.48739109967646066,0.6097918720915083,0.7105484380366176,0.8193809652639868,0.941043222277524,1.112503063279439,1.337834648776237
low,L,2197.0,0.49631997192335076,0.602293185965004,0.7045510177895101,0.8163266413561452,0.9336517170785039,1.102523057209997,1.3924295259991597
low,L,2198.0,0.4988936766139596,0.6071036629109231,0.7032477185154855,0.8112970266588895,0.9349744563884869,1.0829217648251963,1.3704147614408513
low,L,2199.0,0.4951853713873738,0.6041094290681481,0.70250536784374,0.8157347610168642,0.9286977138222063,1.0953910514823757,1.3702103004131168
low,L,2200.0,0.4920985522304039,0.5935409769531415,0.7034006279054897,0.8059712465318143,0.9278030860909702,1.099099942511966,1.4124839206122772
low,L,2201.0,0.4948891239546589,0.594967856971589,0.6932798497030012,0.8119848253939118,0.9197570059141043,1.0923411937348328,1.3466297999364474
low,L,2202.0,0.4786679929386378,0.5988645093597695,0.69773451937868,0.8185494780096818,0.9265520199165755,1.0965907279656761,1.358604963782071
low,L,2203.0,0.4787149053948362,0.5884426579839944,0.6964019993155103,0.8089381857017505,0.910636343135473,1.0858306988109736,1.351509660379657
low,L,2204.0,0.46534198685983014,0.579858774122545,0.6903196421382042,0.8020496338423637,0.9034984487425259,1.0692377246717972,1.390183990671874
low,L,2205.0,0.4865671123947923,0.5853342334532868,0.6787845493404447,0.7843208341657205,0.9097485124856517,1.0834718534100845,1.3622009082137705
low,L,2206.0,0.4670640794113067,0.5810625681280661,0.6851704442597968,0.7920336877804404,0.8972429697611354,1.0758662816652047,1.3624079318519555
low,L,2207.0,0.45902790463667226,0.5811382428939984,0.6787049858182616,0.7917168791508168,0.9035925913053036,1.0678809341026085,1.35135337867199
low,L,2208.0,0.45075966538320406,0.5686759942299315,0.6831349651207892,0.7804999528064545,0.888832150163683,1.0668302103330802,1.313425363795529
low,L,2209.0,0.4480558981632168,0.5636386547447612,0.6702217212985728,0.7889989400441897,0.8947056037348752,1.0664608717898627,1.3106725589103416
low,L,2210.0,0.44916198845712463,0.5627346880042973,0.6568493372177192,0.778580545530895,0.9003522506283204,1.069281199041208,1.320316847140344
low,L,2211.0,0.4777996277190715,0.5669561919127767,0.6623206360796223,0.7720003145793498,0.8878364835110063,1.05209040476877,1.2973029007835772
low,L,2212.0,0.4541933403971865,0.5598904520084794,0.6586609239393812,0.7654680153761239,0.8903952806388673,1.0614394334078168,1.3221209139641377
low,L,2213.0,0.44063188694381317,0.5598275140117648,0.6533993038666789,0.7604239388134458,0.8804576034555607,1.0569261818589473,1.3184224422322572
low,L,2214.0,0.4331508988891807,0.5454125992855205,0.6382066500159269,0.7656307969310819,0.8941868802528604,1.0622378734232214,1.3235404761041447
low,L,2215.0,0.4521380527911387,0.5563119507003189,0.6491339151872556,0.7649328199793456,0.875032355380194,1.0394114527019558,1.2890857343403346
low,L,2216.0,0.4398863881045151,0.5536404495056472,0.6511422823789703,0.7635777007575428,0.876905346067226,1.0406821296898046,1.3124065236364406
low,L,2217.0,0.45566686716337934,0.5553399628477651,0.65022851984213,0.7571201015122085,0.872050498459344,1.0329718620280328,1.312222873228642
low,L,2218.0,0.42402224180011605,0.5441204605469029,0.6436200178238894,0.7568514989673887,0.8655048964425027,1.042608154202123,1.3167518899922566
low,L,2219.0,0.4337408409118197,0.5290493953087231,0.6418547247511616,0.7600968758622256,0.8690139265792994,1.0296926073349884,1.3373802581200558
low,L,2220.0,0.4218465791273049,0.5376853444517196,0.6402906524754487,0.7504186773008958,0.8714839818560954,1.0231576696265872,1.3366053445387787
low,L,2221.0,0.430643010302895,0.5339380997559866,0.6346637462643546,0.737488182615728,0.8606346060333836,1.0084615422014778,1.317870499203885
low,L,2222.0,0.42642792717481476,0.5298318661905177,0.6331076523790963,0.7404641365933687,0.8512462122996776,1.0155281043243571,1.3039448100299609
low,L,2223.0,0.4141049721663985,0.5306614135040134,0.6239748328310538,0.7321287759250917,0.8381330086645417,1.0106286202968258,1.2929720307594597
low,L,2224.0,0.4091577716718094,0.5285672241020332,0.6375432625662564,0.7429567049773711,0.8427080101182679,1.0112223848369815,1.2897604256983808
low,L,2225.0,0.3882637779045806,0.5349141099080348,0.6398703506185733,0.7403912969013574,0.8448234375322594,1.0019987646735022,1.3105693058287264
low,L,2226.0,0.397661185683917,0.524067936771667,0.6312981326696208,0.7336475593530953,0.8363509752364249,0.9942253492890412,1.2845030286892813
low,L,2227.0,0.39136243412288,0.5239502226957216,0.6241469231674689,0.7274221011663586,0.8427236665387661,1.0036554613510809,1.2902642085041547
low,L,2228.0,0.3844793835270348,0.5068119616053721,0.6083041392929965,0.7262856934205363,0.8389989284435768,1.0007130924340812,1.2772457837353668
low,L,2229.0,0.3850588830008886,0.5106063639499244,0.6026259490263605,0.7109634073951004,0.8337999354267337,0.9964313468290381,1.2693462771946413
low,L,2230.0,0.38183920860760473,0.494461199141656,0.6052719988804486,0.7082731520458071,0.8304677953369335,0.9850635485247328,1.2595927434882228
low,L,2231.0,0.3854240599864657,0.49721460052922517,0.6111891064422282,0.7106557664081562,0.8236400952044521,0.9860496497141795,1.3010199861682823
low,L,2232.0,0.39740636502746984,0.498664842730907,0.613381221574576,0.7236300644051261,0.8278252827714165,1.0072038994045718,1.2490269024684504
low,L,2233.0,0.38981100602991053,0.5017169959936044,0.6114916427811536,0.7091618672385908,0.8235877830795838,0.979528412336728,1.2355201637846043
low,L,2234.0,0.4072150098965333,0.5141686745393931,0.6086757923558566,0.7093178393144878,0.8227449813261156,0.9870293354844131,1.237412011973125
low,L,2235.0,0.3948625800314282,0.49265890565933357,0.6017560638962104,0.7043929986935392,0.8234405186475702,0.9589195392184166,1.2610038316994463
low,L,2236.0,0.38812176566526974,0.5057119761071358,0.606443863335578,0.7137800575840245,0.8209874149987219,0.9645579426164969,1.252620344546301
low,L,2237.0,0.3828873126110834,0.49691497464695855,0.6030747429656306,0.7008917602122546,0.8131280260369453,0.9716781978380152,1.234749723430963
low,L,2238.0,0.38503405443911276,0.49946179813388164,0.5946625654562364,0.6980647199506937,0.7970368922985839,0.9876945349026452,1.2083478948750819
low,L,2239.0,0.37913566940413296,0.48685591342745216,0.5941056013771309,0.6978039249228455,0.7974936383600001,0.9638412091296381,1.2304413125117946
low,L,2240.0,0.39846545595692645,0.49055222962348555,0.588557302040164,0.6896076878315445,0.7935508404187428,0.9794566262837077,1.2174246821833514
low,L,2241.0,0.39034925446760715,0.4799300041660118,0.5811428010961834,0.6754982534533773,0.7810161490240717,0.9651235678804575,1.2401939662094725
low,L,2242.0,0.3767176942779039,0.48166442471182136,0.5815007484297972,0.6764609905718902,0.7842408674477309,0.9619612529470523,1.2195504579481282
low,L,2243.0,0.3803895067446219,0.4834717718973293,0.5818931405402595,0.6779308336014677,0.7893440396048076,0.9398119593771185,1.2394069227901947
low,L,2244.0,0.38046666642020077,0.4860962048724453,0.5758738495277367,0.6735345137981632,0.7796194394976109,0.9445437466429545,1.1926954110943768
low,L,2245.0,0.3544587502538636,0.4883731615680809,0.5760004071541579,0.6749338808805687,0.7842588958460396,0.9260554194931845,1.2049975677231772
low,L,2246.0,0.37065840647115145,0.4774787560439771,0.5723434818828312,0.6793025791603854,0.7839689001164487,0.9297434444303799,1.1476027833311468
low,L,2247.0,0.349132612618597,0.4637777194992884,0.5653837783172702,0.6718963111754837,0.7708452939772609,0.9423711513142027,1.1770452236426283
low,L,2248.0,0.34466960246206585,0.47187384252062986,0.5692486768288086,0.6689276833592428,0.7787116157413807,0.9304817010614186,1.1687138805362065
low,L,2249.0,0.3602864756997829,0.4691032354564785,0.5631763577614847,0.6628730533406201,0.7697748059841295,0.9285800917183414,1.1602200069805648
low,L,2250.0,0.350815391941796,0.4707677468735599,0.5554940819175668,0.6555915620280574,0.7672912675029839,0.9348690185560626,1.155420948655052
low,L,2251.0,0.35673794842258516,0.46706316090969136,0.5567864254458259,0.6634442657822924,0.7623573507023022,0.9260972589955413,1.1577137170297713
low,L,2252.0,0.33883211777598365,0.46025968515827764,0.5574117156627936,0.6608159425083889,0.7630762166909051,0.9282745489495309,1.1467422820408928
low,L,2253.0,0.3556935583282377,0.46719546655717153,0.5573634483344332,0.6606648373407392,0.7775019229150834,0.9230406002632242,1.14727556569651
low,L,2254.0,0.3473009829115014,0.47289345961755874,0.5525091937207349,0.6555546798909069,0.764426166135462,0.9128981757098731,1.1290384230247226
low,L,2255.0,0.3488257430083279,0.4600322047687687,0.5473907668047862,0.6478044238143656,0.7626632780242034,0.9135789089176682,1.1798740294365968
low,L,2256.0,0.34501716594140674,0.472205557451753,0.5564597286355449,0.6488553451931801,0.751869190316137,0.91081128190814,1.169401057584837
low,L,2257.0,0.35715922146300394,0.4661481190446327,0.5499007647717362,0.6546756015024329,0.7500920619896645,0.9176045463998246,1.1755865707366828
low,L,2258.0,0.3681714340212008,0.4595472396981775,0.5628600545737373,0.6500625711866302,0.755173485850049,0.9217425971417321,1.140954572072525
low,L,2259.0,0.35255235145212854,0.45763560241185564,0.5427088265765719,0.6402752308393312,0.7394482079274997,0.9146595689732123,1.1404840538277867
low,L,2260.0,0.3410984391461109,0.45096118531888774,0.5361042108444195,0.631197147443014,0.7246586942538278,0.8952489769602282,1.174112389905901
low,L,2261.0,0.33257070492679564,0.443401869036595,0.5395077197556466,0.6310884031473007,0.7387666832091437,0.8887390519445783,1.1824790992955172
low,L,2262.0,0.3518279287985173,0.4526574249576874,0.5394484591944466,0.6461695794892988,0.7507816234632684,0.910797563621324,1.140311753796118
low,L,2263.0,0.36073173474309306,0.45119621652927133,0.5391604666948776,0.6382709076453226,0.7268146596912003,0.8912550527460406,1.1447032116330176
low,L,2264.0,0.3538900778287161,0.4537703576272341,0.5391641956954869,0.6368340908995451,0.7305809078461131,0.8891116263890435,1.1430806314404738
low,L,2265.0,0.3416025670255182,0.45135767881463723,0.5398696661003596,0.6391530739006422,0.7324563007478802,0.8802287272847797,1.1308827763213813
low,L,2266.0,0.3359794027825177,0.4401074620180053,0.5313769948543341,0.6246325547754557,0.7224699841312583,0.8811330077227258,1.1353061376292122
low,L,2267.0,0.32947546847987486,0.440921950647621,0.5369654349454364,0.6279537918316146,0.7303965357579942,0.8739221852684754,1.1559734068941934
low,L,2268.0,0.3296269839741783,0.44780429631469837,0.5390541698277216,0.6351253444295882,0.7315204462858883,0.89036415962132,1.1106862416599304
low,L,2269.0,0.3464362876817009,0.44238972665521287,0.5302568818714086,0.6308294482064858,0.728847463339826,0.8814538552944351,1.120766631917725
low,L,2270.0,0.32809356464666983,0.44172424398929816,0.5274165144185872,0.6251158162401795,0.7318688494812676,0.8923053271332577,1.1358054470978247
low,L,2271.0,0.33905171047170624,0.45094039671387726,0.5342457627457965,0.6176873005237721,0.7257545291157046,0.8879932046712516,1.103392816198741
low,L,2272.0,0.33484133558566986,0.45888491865699277,0.5364724665918331,0.6213801106834441,0.7323691218795124,0.8719999785650806,1.1044865554979755
low,L,2273.0,0.3351452037681909,0.44147195273440665,0.5312290880135304,0.6238880583994172,0.7308214058907005,0.878183053077065,1.114603602774232
low,L,2274.0,0.32544102562062516,0.45243446182557195,0.5407775034391571,0.6231523772218378,0.729693981383591,0.8807827445800619,1.1060876983146197
low,L,2275.0,0.34550979151919886,0.43659259912469645,0.5343521854277662,0.6285916573049666,0.7310142101650473,0.8738940789669682,1.1239722233257283
low,L,2276.0,0.34214780248556587,0.43939801796621103,0.5374467500945588,0.6321345348203331,0.7408639311188527,0.8698942118502764,1.1231965454666315
low,L,2277.0,0.3368754480561777,0.4405435745581141,0.5319356168746707,0.6274387569512686,0.7267087010593535,0.8777296211904025,1.108533027599576
low,L,2278.0,0.33206566876105004,0.4438367444117656,0.5367113241286462,0.6383005847304019,0.7321439196112851,0.8725219661751018,1.0950557368600855
low,L,2279.0,0.32633289206225014,0.43965134606286743,0.5276361725438785,0.6230576225758165,0.7269394298611473,0.882218516014242,1.1228356299608533
low,L,2280.0,0.33912223841729755,0.43569511122358084,0.5178677453719859,0.61514516461104,0.718915387339576,0.8770912103404126,1.1183070991449044
low,L,2281.0,0.332330365862154,0.44099143960431497,0.5210280059062803,0.6129700055102241,0.7227939879615087,0.8878402364514959,1.0969919559230275
low,L,2282.0,0.3337636226162169,0.44979259412887995,0.5261232004644226,0.6232020522671343,0.7271408804773918,0.8685902075245133,1.1037821500357796
low,L,2283.0,0.3540928969718949,0.4440387305922998,0.5302341530907146,0.6186754062118672,0.7328404567985005,0.85345373316879,1.1030095721910729
low,L,2284.0,0.3386813573319219,0.4504231616216907,0.5356682224757591,0.6186826307556179,0.7258268143310498,0.8612246514273983,1.1144866259176174
low,L,2285.0,0.31711817326178177,0.44687907934243803,0.5270702838905585,0.6277844902458506,0.720577538158054,0.8722604025148734,1.1008183670715976
low,L,2286.0,0.32960393232409196,0.4463357918850646,0.5286020433166884,0.6221438928255645,0.720580270221556,0.8698579372664537,1.100626842159604
low,L,2287.0,0.33117130139428386,0.43831495137105136,0.5316228582355811,0.6234037050279928,0.7240432574691167,0.8685444870934594,1.1278787026592778
low,L,2288.0,0.30938286585072355,0.43369783193125955,0.5255454826262809,0.6101059349037995,0.71345454831916,0.8562930882512595,1.1318686529078352
low,L,2289.0,0.3227627880726048,0.42502170787577437,0.525588957342192,0.6154313820619736,0.7110452454035199,0.8536894712368633,1.1056146502318223
low,L,2290.0,0.33649656004599765,0.42842362231556996,0.523834041011446,0.6079539003302931,0.7196433480634233,0.8666334406674445,1.1027142371098504
low,L,2291.0,0.34295977273302797,0.4370865736038125,0.5310081899486123,0.6113315759623081,0.7185606276942436,0.8651918271495476,1.1257531119294713
low,L,2292.0,0.32273964750151873,0.43125993363138987,0.5258156500008225,0.6249570792894907,0.7198848842537903,0.85369538367814,1.1108270604881296
low,L,2293.0,0.31704774855423457,0.43936397495562585,0.5276432957116481,0.6199676761200741,0.7066594722379128,0.862695882923398,1.0988994237727547
low,L,2294.0,0.317112911775785,0.4312461408874614,0.5229321922390456,0.619531334689635,0.7170558882994503,0.8557972794840633,1.1097145154311434
low,L,2295.0,0.33002048388135363,0.4405183035517067,0.5291750504822209,0.6201891849954312,0.7266781089466796,0.8550477245439806,1.0859769623738784
low,L,2296.0,0.3252276015100438,0.4362290982696891,0.5267878189817023,0.6299362420947562,0.7269779554594652,0.8590560782313879,1.100125205101125
low,L,2297.0,0.3238988101525573,0.43995788887395193,0.52750597907534,0.6270417710641011,0.7213738990423775,0.8465091416529549,1.092786673175206
low,L,2298.0,0.3220132796135803,0.43320466666432983,0.520277659941096,0.6319799140493078,0.7195530460072795,0.8621043944002398,1.0679177837034914
low,L,2299.0,0.33272357557062054,0.44796642906666206,0.5318751960490644,0.6274972368265794,0.7258634381567074,0.8753515061588355,1.099210147704376
low,L,2300.0,0.3411972303654349,0.4422237465573325,0.5351141127569153,0.6260855034210737,0.7286783124201308,0.8773119999736124,1.1142589267551015
low,L,2301.0,0.3405412365166259,0.44539157461181506,0.5325226133162014,0.6329817100641807,0.7356671748921714,0.8670579476200799,1.0948760822266128
low,L,2302.0,0.3295187542755882,0.4328556730264382,0.5260959524632085,0.6276879321339525,0.7203428436518023,0.8785456096904506,1.106240181282932
low,L,2303.0,0.33663592768585693,0.435575145747504,0.5329665411699076,0.6239421337447018,0.724825374965146,0.8814461369314939,1.1089425005708609
low,L,2304.0,0.34498503011812837,0.4286784004381501,0.5318971289945,0.6182239767156098,0.7218134428216704,0.8683631649260901,1.1047605093396184
low,L,2305.0,0.35125950773835685,0.4345000242219883,0.5179580795093424,0.6158825636020142,0.7218840667868535,0.867614402828253,1.0966965794137615
low,L,2306.0,0.3468995536419913,0.44112955064842785,0.5254488218007508,0.6164233328680593,0.71305689283499,0.8791004772756434,1.088111088209608
low,L,2307.0,0.3250109326582294,0.4364240134824643,0.5184612685972372,0.6094680458524225,0.7142097363908083,0.8557310328843434,1.0988012418739705
low,L,2308.0,0.33011236502208635,0.43896378529450725,0.5209096950633839,0.6174180060074085,0.7108226318489607,0.8603522824704309,1.1375931403278519
low,L,2309.0,0.33643935313646106,0.4334813752584155,0.5311705439848532,0.6276292217856122,0.7285553923599412,0.8612632054670709,1.1030511236722877
low,L,2310.0,0.33118052219824706,0.4394975151652624,0.52612387042948,0.6136005221570044,0.712961812237303,0.862418780201509,1.071147616072571
low,L,2311.0,0.3303554898727251,0.44139984852177405,0.5254468189745042,0.619173204401543,0.7121514144172559,0.864998059457593,1.0860669382888364
low,L,2312.0,0.3337267151725392,0.441416550181423,0.5267979937120573,0.6228498782692634,0.712686586182046,0.845792184970096,1.0891509017268861
low,L,2313.0,0.3491088923025882,0.4501155254760228,0.5377749391923475,0.6216034554374041,0.7150292928643845,0.849042517035523,1.0731063950715318
low,L,2314.0,0.35250511091749903,0.4481135411773222,0.5301612193580204,0.6147767597246764,0.717390994993808,0.8612523925882478,1.0916235111625683
low,L,2315.0,0.3404921183541917,0.44347271108036546,0.5324667506492017,0.6373912013980313,0.7294397874434213,0.8764050708950639,1.10740871102861
low,L,2316.0,0.3518395336091597,0.44284111102466245,0.5306442105032653,0.6268813358083644,0.7286261850253595,0.8778043221418145,1.0770932593889513
low,L,2317.0,0.349356520904651,0.4402702755683439,0.5308668016352487,0.6250798195669268,0.7258159438205554,0.8714027302136584,1.0935623939014008
low,L,2318.0,0.33994806842827824,0.44835381347311565,0.538601496582627,0.622822764038376,0.722442663745668,0.8599856814862237,1.084576583949068
low,L,2319.0,0.3327751422080337,0.4448623288288793,0.5336869786676001,0.6273966987364797,0.7223630611062423,0.8643096459208516,1.1029648368611031
low,L,2320.0,0.335817064197136,0.4408429920488111,0.5363915134669297,0.6217668232332213,0.7162320713388758,0.854210177577268,1.0758427453273873
low,L,2321.0,0.3498329237376347,0.4443537978042204,0.5395904266103062,0.6236105122086364,0.7119988489336416,0.8657077020833952,1.0797602343137087
low,L,2322.0,0.350003996497725,0.44999266244183234,0.5362135499368865,0.6218399562951917,0.7154777668013967,0.867244585695967,1.0955990134984757
low,L,2323.0,0.3368676265282174,0.44974144669367455,0.5342857594031484,0.6224388809722047,0.7111607480080232,0.8666228330919667,1.1024930764325351
low,L,2324.0,0.33817889972501347,0.4404477288173552,0.5301753175748963,0.6226237458573664,0.7203484946094301,0.867813133867964,1.14336874848607
low,L,2325.0,0.33422281855184716,0.44585779747347654,0.5290364443359056,0.6248577654677494,0.7098048082250686,0.8634785176516798,1.0918937731801874
low,L,2326.0,0.3565096259693022,0.44279368470383346,0.5213480234862186,0.6205449540142691,0.7181959393060844,0.866931525574284,1.0731825439174079
low,L,2327.0,0.34088517532247903,0.4444312518831836,0.5238436667121062,0.61440047186692,0.7170148418204141,0.8747900930628917,1.0996836408743822
low,L,2328.0,0.3493269321324516,0.4345890195704124,0.5362078261487847,0.6233546985458125,0.7122648045772025,0.8741118289604904,1.0979825376050294
low,L,2329.0,0.34231783475930444,0.445334359710778,0.5346579083511397,0.6250719147584046,0.7270082936764602,0.8763821338510446,1.0880639942532886
low,L,2330.0,0.34156845019162824,0.44552472310951535,0.5345646051642908,0.6158260909566831,0.7121218006660727,0.8701353940196557,1.0836991414182096
low,L,2331.0,0.3455683753860338,0.44546961220773207,0.5361417478506413,0.6187955531819778,0.7204045854119082,0.8595923198301001,1.0954130605711283
low,L,2332.0,0.33137570067444927,0.4522547662391311,0.537579166810931,0.6180562372975085,0.7082547993028422,0.8661057946223989,1.1002638072074105
low,L,2333.0,0.3527646006072306,0.45626772384582825,0.5358118363922887,0.6182164517771155,0.7219342802210362,0.8645071649759485,1.0732237911815843
low,L,2334.0,0.348355037695225,0.45247667880449577,0.5334611807626561,0.6200824257124994,0.7162911159619009,0.8577280861924043,1.0815361241993402
low,L,2335.0,0.36048591429259297,0.4511895989042774,0.542423393153952,0.6252366054053978,0.7187404273099613,0.868673393986275,1.0917243444843174
low,L,2336.0,0.36334232244722864,0.4512672466515032,0.5387970375364011,0.6236593316342602,0.7190940213226561,0.8728831869134681,1.1139571973579925
low,L,2337.0,0.35054352361430285,0.4462630831598783,0.5385077325004928,0.6362754856881154,0.7227624010923847,0.8651634268322913,1.1004684391636652
low,L,2338.0,0.3576956337839835,0.45344278431658747,0.5299001556620024,0.6138512583154762,0.7172827635524336,0.8600502923074383,1.061245880516007
low,L,2339.0,0.34835664124731736,0.4441190609860819,0.5257741238296264,0.6283538689343136,0.726657908358523,0.8767365252065129,1.0780784528946121
low,L,2340.0,0.33486878717418206,0.447184288557269,0.5231471795914009,0.624290455662416,0.7176242801844194,0.8747648125255311,1.0880998171908496
low,L,2341.0,0.32801166062425696,0.44753221302714363,0.5432933995782692,0.6252366989423218,0.7279092738488828,0.8711618328229398,1.0745538837798372
low,L,2342.0,0.3508003040614194,0.45198906194148686,0.5390395019979775,0.6278256814621652,0.7290826605530599,0.8784628928937309,1.0816077205318826
low,L,2343.0,0.3582589531765115,0.45477742852757247,0.5503081567266165,0.6420755247107518,0.740231661443417,0.8769359322149428,1.0865317235245966
low,L,2344.0,0.3592518593804868,0.46081727857591176,0.5374621535526362,0.6386603472107698,0.7207347481856975,0.8819009822831928,1.079641747217915
low,L,2345.0,0.3590613150734095,0.45569079518982153,0.5473692848311306,0.6308186568752676,0.730675388706556,0.8742981367700389,1.111962803409372
low,L,2346.0,0.34977184214992235,0.4646819255101532,0.5410956740659074,0.6402424874501395,0.7228507802292627,0.8804398437373298,1.0824015043214439
low,L,2347.0,0.35669926181720457,0.4617443386038792,0.5407461163050606,0.6251764909319948,0.7276167478904062,0.8702810480579595,1.0809938712324947
low,L,2348.0,0.35044791835605144,0.46225533400911634,0.5477904663563479,0.6364209089433432,0.724892456221291,0.8777432985285886,1.0749049775393447
low,L,2349.0,0.36606224760797124,0.45460539494048235,0.5416893789236406,0.6366978398202652,0.7175770037926161,0.8747095100914443,1.0898652177834687
low,L,2350.0,0.3363660015441942,0.45313386118701526,0.5450233913317305,0.6337305247633183,0.7263842668488584,0.8626317894180828,1.1086951128769107
low,L,2351.0,0.35509616770849467,0.45093725810076074,0.5454824059548817,0.619316616781577,0.7042642423910145,0.833870858236595,1.1072534867825445
low,L,2352.0,0.3634286836948235,0.4573981265299581,0.5363285944021181,0.6321693770190918,0.7203884636978489,0.8706846648439343,1.0860136225746446
low,L,2353.0,0.35737210293708715,0.44953086942509213,0.534365467350362,0.6319173466415346,0.7254507180586026,0.8715341463233554,1.1002689040817737
low,L,2354.0,0.3499623570901804,0.4588931719105202,0.5436442809778114,0.6332364344004372,0.7333891426380356,0.8567856436429193,1.113379380625972
low,L,2355.0,0.346266851626497,0.45607892167538705,0.5496515351304011,0.6356965371009873,0.729319269521936,0.8664947303656146,1.0697626188220595
low,L,2356.0,0.34145884163629103,0.45425953126771534,0.5420300130714767,0.6325523713134649,0.7207668245832084,0.8729389194690728,1.0876425026092404
low,L,2357.0,0.3546680716296454,0.4549868560241094,0.5472887997337215,0.6333345692451193,0.7291232656353871,0.8652330306605975,1.0978647574813758
low,L,2358.0,0.34804765807913446,0.458762813160662,0.5418280040240259,0.6287447387473464,0.7238934308747077,0.88465815643164,1.098394200048641
low,L,2359.0,0.3532026822599045,0.45135841716673747,0.544780180570221,0.6253746699557131,0.729999070533587,0.8835566645100481,1.095564412865977
low,L,2360.0,0.35748108828088937,0.45810162860734943,0.548140154399283,0.6276734363414939,0.7213732665334059,0.8769701474296103,1.1261779646692907
low,L,2361.0,0.3496878944831123,0.45715301153051213,0.5492935911572653,0.6378941159925811,0.7224926002030171,0.8769708287015815,1.100569667143648
low,L,2362.0,0.33946999427423463,0.4585029761444255,0.552226051291481,0.6291035353656087,0.7227045317041408,0.8768171263411935,1.09333016620236
low,L,2363.0,0.35544210885237215,0.46172269149888656,0.5421716523991993,0.6281791845490022,0.7182042445046275,0.890349102283121,1.101660015253264
low,L,2364.0,0.35921859922485166,0.45056546447484347,0.542138128710636,0.6254706509843305,0.7219789017151622,0.8768380185344761,1.1007474665460675
low,L,2365.0,0.36931212684552306,0.46603151152935773,0.5486519000296987,0.6354807728415156,0.7419827223115726,0.8749620968137488,1.1283176070009875
low,L,2366.0,0.3533647536148955,0.46474895000844674,0.5467082365850126,0.6349827567841749,0.7455420369296809,0.8802710904700131,1.1030067385700695
low,L,2367.0,0.35039814639461725,0.45447527764998363,0.5429268046519589,0.6287037584287257,0.7265286571703129,0.8726933199899171,1.0971390404423877
low,L,2368.0,0.34467661707318703,0.4502314881992798,0.5371033423411578,0.6279278346434363,0.7292175429428602,0.8683615426286242,1.0774648452010274
low,L,2369.0,0.3496215685349521,0.4445299835761813,0.5338966157089897,0.6206823482260131,0.7158487256911359,0.8732224464566991,1.0804455600631357
low,L,2370.0,0.34142722304646383,0.45561629319412056,0.5303858687291076,0.6270038067354341,0.7168982204181495,0.8649091061588462,1.0787537541493541
low,L,2371.0,0.3496723866604394,0.45124030989152647,0.5400898398517966,0.6195988995399017,0.7102332703873461,0.8557573331180051,1.0650213537892494
low,L,2372.0,0.34124451796896554,0.45167329392563293,0.5420611277193919,0.6299384147802877,0.7314601474601368,0.877075063068501,1.0737069030953506
low,L,2373.0,0.34447968111117194,0.44438376279520775,0.5333168512228033,0.6238226466170174,0.7332595196825882,0.8777984535472694,1.0831126938317321
low,L,2374.0,0.3515712280467005,0.4488100394868353,0.5358110264074064,0.6327234581874834,0.7245547602373063,0.8829757848961923,1.084702246712025
low,L,2375.0,0.3504499836348572,0.44258109772317406,0.5326297302170682,0.619388226656013,0.7359170716186451,0.8839767763641718,1.093718576558842
low,L,2376.0,0.35104808176759505,0.4535898314619764,0.5370434445844727,0.6319857484354178,0.7231392178414905,0.8956021750265336,1.0954565789990507
low,L,2377.0,0.3455850272364661,0.46114001936418,0.546988843660868,0.6324021691055336,0.7234796264539514,0.880777672075481,1.0926949096621632
low,L,2378.0,0.3442104352946243,0.4504940349525702,0.5420453247357981,0.6240194302165352,0.724674336849732,0.8783578830910025,1.0609875063492766
low,L,2379.0,0.3595772918011282,0.4521794741709224,0.5432209643319416,0.6263080674461429,0.7287794174728345,0.8797277310724801,1.079794019619057
low,L,2380.0,0.3461938001856206,0.4614447874341732,0.5447270692018044,0.6359748391725217,0.726008198567325,0.8670432593824026,1.0673367879104203
low,L,2381.0,0.3517531732132481,0.4469870807221501,0.5467194576792516,0.6299869406354099,0.728953900011049,0.8755891319470451,1.063520568227516
low,L,2382.0,0.3549645490010449,0.4589444473192338,0.546939599344948,0.6429686981401342,0.7363671800857791,0.8696467933922528,1.0782384369730964
low,L,2383.0,0.35388503542965305,0.44824298795474765,0.5506241398317103,0.6359115716956462,0.7208615145237885,0.8766185077584172,1.0875821341978225
low,L,2384.0,0.37243714144682594,0.4608209353174139,0.5480160625378389,0.6357865972008666,0.7181677088460406,0.8718135845280301,1.08104225926696
low,L,2385.0,0.3597585957904207,0.46147775086580484,0.5556388035773658,0.6375891639753486,0.7267209750994649,0.8726373792084369,1.0744178978668175
low,L,2386.0,0.3592495584512005,0.46494238363486884,0.5461232578416801,0.623652099294733,0.7270021057273625,0.8702948144279908,1.0964357129620645
low,L,2387.0,0.3676629677817429,0.4649458050151141,0.5539606812864661,0.6379344519725985,0.7308042831046918,0.8710893878453687,1.0866750353225572
low,L,2388.0,0.3618862875401963,0.46240461915201936,0.5484730525210634,0.6370167924400975,0.7250138972687509,0.8820246219570576,1.0648341353407875
low,L,2389.0,0.3644470506557454,0.4613940457721405,0.548076079436727,0.6336239423601174,0.7338911095222498,0.8763738656223667,1.089345827837671
low,L,2390.0,0.36368281692313736,0.468381683715465,0.5581322763088478,0.6431593943990752,0.7264105707399522,0.8794671493666947,1.0865748482823605
low,L,2391.0,0.3675214950744894,0.4699528084064244,0.552611597083396,0.6292108115461936,0.727752727857233,0.8702873396644825,1.0833514279016914
low,L,2392.0,0.35497528096200925,0.4677591721159891,0.5508247362387995,0.6409468993565546,0.7280538040973469,0.8785853079651855,1.0880767101564668
low,L,2393.0,0.34216291549120675,0.4685742599424086,0.5591897570649571,0.6448292839663075,0.7244686206039374,0.8721685106917282,1.1023302516988056
low,L,2394.0,0.3340663228811922,0.461914571579894,0.5455425992300043,0.6282065886161021,0.733024329165638,0.8788288582191955,1.093142131807695
low,L,2395.0,0.3531391986182137,0.4624717741672339,0.5502442503352405,0.6426296811364366,0.7256093261794736,0.8790430753578125,1.0826787770261184
low,L,2396.0,0.36515598298565494,0.4525890520827617,0.5554203147071034,0.6422041644160448,0.7379415978518881,0.8804347260813635,1.1214659141180807
low,L,2397.0,0.36086251063848757,0.4586837226291067,0.545950529600092,0.6237359275125369,0.7262139845230831,0.8805992838641162,1.0824154769759622
low,L,2398.0,0.36151698114685765,0.46161987372932445,0.5402736004794128,0.6320229805834154,0.736623067191771,0.8686889927641783,1.09120193946126
low,L,2399.0,0.3584851121565814,0.45818464470868836,0.541206662619518,0.6250237920550539,0.7261388188235253,0.8740302614071565,1.0897588993923957
low,L,2400.0,0.3579968534379854,0.45894943575200464,0.5428102459711245,0.6332992781711942,0.7216851692450397,0.8834126315516319,1.1038519378078528
low,L,2401.0,0.36186373035126435,0.46183039329221093,0.547988417976827,0.6315271103542015,0.7220076455515131,0.8663405665441004,1.0896263980004537
low,L,2402.0,0.37234313814954406,0.45998980252042077,0.5371241239168103,0.62776588638807,0.7297064909580697,0.8688012769438708,1.0718350202527693
low,L,2403.0,0.35970447509547004,0.4609245100093972,0.5455181593958113,0.6300956591639584,0.7257737885970116,0.8791362320582952,1.088565212602522
low,L,2404.0,0.36837530143856834,0.46004324801788066,0.537966290428303,0.6275349532293546,0.7257173189430431,0.8633016892485973,1.0698202557899366
low,L,2405.0,0.3508750541942701,0.46748992012979806,0.5485626500287681,0.6452192822976741,0.7344258435906058,0.8754450999675266,1.0829377435255922
low,L,2406.0,0.3542173502477463,0.4570411151198368,0.5544666460788137,0.6341858387611078,0.737132086345556,0.8729869980994976,1.0885100038880624
low,L,2407.0,0.35781026165739166,0.4679579065689618,0.5500240034149327,0.6340099319873901,0.7325432101953155,0.8774691064334404,1.113694863787936
low,L,2408.0,0.3745955826194664,0.4610341252596464,0.5413258526372542,0.639354516760667,0.7208728979342975,0.8509285265842792,1.092136176334985
low,L,2409.0,0.37513091806016446,0.47343402407515867,0.5557304128138572,0.6305283411979639,0.7238955195701466,0.8630430335910284,1.0771806093329057
low,L,2410.0,0.3656336545119377,0.46254188976025173,0.5513223250765706,0.6405219893806053,0.726688686148633,0.8717472911151041,1.0760501462166592
low,L,2411.0,0.35473059712037497,0.45677290133648113,0.5452000711935993,0.6398724827303348,0.7247457435877276,0.8869916076288125,1.074897355615853
low,L,2412.0,0.3625276384481855,0.4665391446382261,0.55141738391277,0.6386305162296937,0.7352284664842585,0.8865796435789584,1.082797835418277
low,L,2413.0,0.37457593780169296,0.4657863204461264,0.5418747020833035,0.6226029626259048,0.7197910670017411,0.8636012872138847,1.081166880953996
low,L,2414.0,0.36867333317037454,0.4581018476310442,0.5412905803098889,0.6387068412825553,0.7344348006172943,0.8721986558741474,1.0885782606163785
low,L,2415.0,0.3682761972023969,0.4654233142173126,0.543647560754112,0.6354209077593006,0.7353839370054683,0.8647410366062266,1.072467386519575
low,L,2416.0,0.38262065644703486,0.4611344383939279,0.5495958438216115,0.6472821441148638,0.728989111257958,0.8673763598887476,1.067373009354382
low,L,2417.0,0.36811397314025573,0.46232413718438803,0.5378100506029916,0.6302887454961336,0.7355664641413335,0.8713159804672911,1.0600870623476935
low,L,2418.0,0.3619424625457434,0.46047425426849603,0.5485108999545797,0.636212844339176,0.7399324530787905,0.8657088427834742,1.0806819554068718
low,L,2419.0,0.3745920465525713,0.45604126992760885,0.5385764589495148,0.6367570779720408,0.7345033196379648,0.8725996903345543,1.0666878902578154
low,L,2420.0,0.36021107105988687,0.4437464495692082,0.5343327283154994,0.6208221757083349,0.7270161700476475,0.882961273305756,1.0785811443112676
low,L,2421.0,0.3637027290148682,0.4626504905794239,0.5465388853676424,0.6283444786747309,0.7370407639687127,0.8857830415612141,1.0600042088997579
low,L,2422.0,0.3551210505486547,0.45241818295731584,0.5418276256138166,0.6336922084570068,0.7339882126591479,0.8875794074798429,1.065886854487352
low,L,2423.0,0.3641455695298263,0.4662496174621516,0.5512919102476687,0.631908749910011,0.7334101889487876,0.887754985683738,1.0787179617231388
low,L,2424.0,0.3744136115285395,0.4639117289381778,0.5366825693080642,0.6316307948736076,0.7309311760597023,0.8848382934742436,1.0617281297073413
low,L,2425.0,0.3617557900946593,0.4580523286434432,0.5433967401920374,0.62620743099971,0.7247973280964022,0.8810646842136975,1.0882671228509317
low,L,2426.0,0.3567548259879449,0.4489241054928444,0.5415023703467879,0.6223511288248974,0.7344071040200877,0.8847800061708583,1.0843148056030196
low,L,2427.0,0.3495493478751495,0.451273652475297,0.5442446214267876,0.627932031622624,0.735967239713901,0.8825787794009049,1.070495162467099
low,L,2428.0,0.3599863184734483,0.45558957179029297,0.542335952814539,0.6342601357081097,0.7331695396313874,0.881546582858899,1.0777803459143354
low,L,2429.0,0.36831321651043886,0.4733633958706647,0.5552211791520313,0.639938299439306,0.7366665120801555,0.8695746684608378,1.0726877828193917
low,L,2430.0,0.3624151527662988,0.4625270863219259,0.544663140489801,0.6434095870168082,0.7390206513886609,0.882086380153366,1.0891301044199002
low,L,2431.0,0.35400299494507403,0.45201900082593655,0.5417740543188284,0.6357522767205216,0.7262976650082773,0.8713208910260076,1.0759113261218678
low,L,2432.0,0.3377875942657176,0.4513603387705948,0.540753838222794,0.6265417459256791,0.7314426672052957,0.8680926003032687,1.1031609424382087
low,L,2433.0,0.3544107475517986,0.457351366029905,0.5393701268084252,0.6236535245511383,0.728667528180246,0.8705385035767857,1.0890036967122632
low,L,2434.0,0.3616719196377979,0.4590268844235936,0.5504657748901965,0.637270878574701,0.7415942171272548,0.8729165002377889,1.0725728407678015
low,L,2435.0,0.3448670251564087,0.45370187083780283,0.5453444222765151,0.635896804502391,0.735709085705051,0.8793132686842312,1.0867373505206073
low,L,2436.0,0.35190543555516157,0.4532778551611925,0.5396893951589055,0.6194776908923588,0.7313831616386942,0.8809691969517132,1.0799381080846093
low,L,2437.0,0.36666886225965606,0.46114716351879875,0.550209419578396,0.6374983022583325,0.7367764176587016,0.8735117963132218,1.1001703943143704
low,L,2438.0,0.36261410667373684,0.4495945572751212,0.5445039348674272,0.6292138749496616,0.7129283001853108,0.8739033377977975,1.0706289305783994
low,L,2439.0,0.3727560150106371,0.45124236403226925,0.535394806414786,0.6271274763640134,0.7215826624649426,0.8878188800739683,1.0791302724516798
low,L,2440.0,0.34488947203238063,0.4459200241938351,0.5467691852421285,0.6295331608240747,0.7279900710145879,0.8774774087917001,1.0862937490333398
low,L,2441.0,0.344426823755474,0.46354717335536505,0.5419571999085967,0.6331491077569228,0.7215570827315956,0.8684286573857851,1.0865875802368274
low,L,2442.0,0.35593643643574885,0.45572383394487515,0.5464901949920377,0.6317634567293264,0.7259563416521413,0.8705024734905298,1.0562480339196927
low,L,2443.0,0.33500650661942705,0.45010410019884584,0.5472249984470484,0.6379084849141554,0.7289480434557567,0.8823566946900591,1.0508311038407674
low,L,2444.0,0.3497449690405527,0.45722620475323666,0.5356798812844091,0.6296301395686881,0.7342677852404846,0.8847025443596238,1.0846355170507955
low,L,2445.0,0.36789618323814216,0.45640726710129015,0.5397441862124357,0.629955436000919,0.7346967488540807,0.8872741820837347,1.0815894111156532
low,L,2446.0,0.3749217496914789,0.4669629614831106,0.5471732255268866,0.630337853989676,0.7306236216816804,0.8671817942612634,1.0677096153763979
low,L,2447.0,0.34722674994203084,0.45943470968462596,0.5517768606608923,0.6414026435087048,0.7334330607640995,0.8695858299926648,1.096652827451891
low,L,2448.0,0.37871175732024215,0.46907502271323676,0.5498727841037153,0.6341519339149424,0.736282969444846,0.8853102053369712,1.0948309046286036
low,L,2449.0,0.37166243417008976,0.4640076764603099,0.5531788446988846,0.6334152607784241,0.728535650203301,0.8740457142039857,1.1065446445499945
low,L,2450.0,0.3552230309742511,0.46842438623447097,0.5490410897805852,0.6386701000684153,0.7305913074011767,0.8861227933741914,1.0882778241376698
low,L,2451.0,0.35404439722404946,0.4671983653173681,0.5491593216969075,0.6332820263616714,0.7310696824985076,0.8673621005502813,1.0682368486861225
low,L,2452.0,0.3637153531908981,0.4642749694196289,0.5500253695145786,0.622324805303492,0.7212781260077455,0.865428209290579,1.082721948391801
low,L,2453.0,0.36217623872180055,0.45629695951602284,0.5424958514084615,0.637178082209687,0.7416151698290614,0.8802640348727891,1.0789378769991227
low,L,2454.0,0.3628367165365754,0.46254508070676237,0.5426861653444164,0.6364085351791888,0.7296025912999261,0.8732459583004181,1.1100929573825058
low,L,2455.0,0.3507411943565787,0.4630799445268732,0.5483904733370563,0.6367811385866996,0.7349116159023751,0.8700696786898529,1.106670490228935
low,L,2456.0,0.34438388823031224,0.45971476192400057,0.549496279307057,0.6487418308947943,0.7406212168309954,0.874303819948595,1.104782198139628
low,L,2457.0,0.3414357279867629,0.4622286108495036,0.5555665884886614,0.6362468833676245,0.7359975269150171,0.868153138310364,1.1050489041953862
low,L,2458.0,0.36940776737491815,0.4619338590087014,0.5337649266748621,0.6176716717056743,0.7228638560316379,0.8723376098776499,1.0871590939745923
low,L,2459.0,0.37305521596048685,0.45471594478173333,0.5442856547779718,0.6315646578673182,0.7270441549040805,0.8691506205321434,1.0949484253939037
low,L,2460.0,0.3588895019241623,0.4607470840265196,0.5470525407484274,0.6337183033730378,0.7291772545197182,0.8753590835203762,1.097912327732896
low,L,2461.0,0.35764893220783434,0.4586441018382119,0.5445721687275147,0.6343732071698229,0.7302904250616187,0.8749931872594369,1.0791254263960308
low,L,2462.0,0.37418638580831054,0.47189562314893185,0.5533525885911704,0.629381039914792,0.7270050899878817,0.8672043479969076,1.0660505246698337
low,L,2463.0,0.3669046232315595,0.4703049167221685,0.5569332298877427,0.6404738290140766,0.7386391047628351,0.8771958529130351,1.0829987918875876
low,L,2464.0,0.3652284609342123,0.46937899414281,0.5531266211395462,0.635460838953005,0.7314839541424906,0.8599743980732335,1.0762409971265696
low,L,2465.0,0.35930827169803686,0.46943272235006694,0.5553742767778506,0.6363066617552475,0.7308166504252426,0.8674629422413703,1.07815068444852
low,L,2466.0,0.3662035857516463,0.47480803415475226,0.5508679394138492,0.6346646692463096,0.7324888199247133,0.8704380333260587,1.0783746003658605
low,L,2467.0,0.3674396169756789,0.4711376287141179,0.5541302329236755,0.6348478064995071,0.7176275994462712,0.8729081175153787,1.0636626713079262
low,L,2468.0,0.3742973249586531,0.4651042393422885,0.5488680013929229,0.6306722148750068,0.7267945342820661,0.8679658202672895,1.0651991502809386
low,L,2469.0,0.3665599102034594,0.4704531058957236,0.5562868548149595,0.635662391323818,0.7291188800054323,0.8703067322560095,1.0712742152766832
low,L,2470.0,0.3638997445916355,0.46817890377623694,0.5611981691232739,0.6390289843970614,0.7346599792083183,0.8797346973607861,1.0652247343532113
low,L,2471.0,0.3569058301814564,0.4615405694679317,0.5537991614359382,0.6302524749749285,0.7291971527503048,0.8676690353605696,1.0909569097679384
low,L,2472.0,0.3751184362716175,0.4644273027496389,0.5454801948207768,0.6317154370919287,0.7193940993184664,0.8574765795256718,1.0836973772387821
low,L,2473.0,0.35328187562327745,0.4583871248242847,0.5517986397718766,0.6448420112825328,0.7303110164524923,0.8460369541431083,1.0956097350691945
low,L,2474.0,0.3692430093092403,0.453271094957542,0.5386787581057226,0.6327088701609596,0.7283594489473004,0.8723144645806676,1.0907741636542116
low,L,2475.0,0.3447733430639772,0.46539122857076304,0.541721821207938,0.6360751646335174,0.7275795909498283,0.8576102506457355,1.0876289550827496
low,L,2476.0,0.3580913117552079,0.45298776327281703,0.5467553896111707,0.6356853950120471,0.7397202178714953,0.8676881027500513,1.0857367581425084
low,L,2477.0,0.3701076801517104,0.46520170950443523,0.5524055972723678,0.6360637348867445,0.732794806031789,0.8611321815413353,1.0958471615131937
low,L,2478.0,0.36246390294629743,0.4588482254615743,0.5441949325106898,0.6283753277461586,0.7204362668972484,0.8501928022370848,1.0897469105345732
low,L,2479.0,0.37322255296790696,0.4706863177885568,0.5534886192392079,0.6358123880728183,0.7353487795215363,0.876732059761506,1.0751195702486722
low,L,2480.0,0.3750663886228172,0.46853260006209874,0.5589215635180931,0.642881127993069,0.7222198264262008,0.8665579874414848,1.0719616922601607
low,L,2481.0,0.369181850872482,0.4690875166086346,0.5528884006737586,0.6434124363491396,0.729818759355629,0.8638267965270594,1.0835250023178953
low,L,2482.0,0.36151717561628566,0.46158780070229527,0.5570009859107472,0.6390537399020781,0.7271364023260717,0.8629798741659033,1.0719099562979655
low,L,2483.0,0.36353587447378677,0.46516401050795875,0.5535429888126132,0.6457535432058675,0.7390225789700949,0.8570501237088405,1.0740132372565578
low,L,2484.0,0.37577171109610186,0.4726109569213658,0.5558063567932285,0.6412017420718987,0.7457354474140325,0.8704502266182923,1.0712077632465897
low,L,2485.0,0.36135603315811504,0.46882349084419156,0.5663003657203571,0.641322752042307,0.7213776479133442,0.8599662907563808,1.054807790035663
low,L,2486.0,0.3368350381800928,0.4579090865715894,0.5588218096157505,0.6438484826761288,0.7370125284556109,0.8719415778349514,1.0765120301411162
low,L,2487.0,0.3701924917914629,0.47041482381348604,0.561478231375274,0.6521765379846531,0.743101029532195,0.8780593470593324,1.056606515015636
low,L,2488.0,0.3709588356592559,0.46805563840260556,0.5603795184753696,0.6334692646255876,0.7413322878929183,0.875593912538529,1.0798659782888886
low,L,2489.0,0.3632514485811652,0.4639257084281057,0.545897355004387,0.6392220399008771,0.7301721014784822,0.8735362648392093,1.0498589156342604
low,L,2490.0,0.3757389774103333,0.4714242771814837,0.5584059877729438,0.6375259723153851,0.7298450229534448,0.8705922432447298,1.0506005003449495
low,L,2491.0,0.3652198321696881,0.4727907818523034,0.5524621780306127,0.6307611364785316,0.7234473625167984,0.8598315993668173,1.0801603189362459
low,L,2492.0,0.3622058448120631,0.4678280905411396,0.5505070524984088,0.6344748853335629,0.7232214905072493,0.8542636309241953,1.065461042705291
low,L,2493.0,0.3638938414985221,0.4652590445449568,0.552063339245977,0.6374495576877883,0.7386694744155592,0.8725525750463118,1.0768785088413173
low,L,2494.0,0.36347176873396064,0.472371058594681,0.5531591143664599,0.6375927666796701,0.735375391878993,0.8665582878743168,1.0761806915730547
low,L,2495.0,0.36588125622062107,0.4648951386513814,0.5476681005564898,0.640896040085919,0.7317243512184858,0.8675962449296826,1.0805290613359613
low,L,2496.0,0.36353393508116133,0.45973075532214336,0.548052994419757,0.6374736302423042,0.7346400285042736,0.872079124828182,1.0865898644096261
low,L,2497.0,0.3614958621328995,0.4671790200149242,0.5440216658917619,0.6357600304076413,0.7281763132064342,0.8880377830223168,1.0763678797238703
low,L,2498.0,0.3604784151724532,0.460341732632627,0.5428560320060977,0.6329286717764506,0.7324710833449911,0.871052643848384,1.0779660830711006
low,L,2499.0,0.35189905208693334,0.46711430560341116,0.5534831627305631,0.6264870338884982,0.734776715558002,0.8626724240602307,1.0495797697065434
low,L,2500.0,0.3487535051488201,0.4665842359720042,0.5497797836191993,0.6391166175231756,0.7325030622037603,0.8835048811322002,1.0734513664885132
low,L,2501.0,0.36367419968587994,0.4612238272800754,0.5523482369779277,0.6264818139431688,0.718265092645733,0.8725045562412739,1.0742030510590772
verylow,VLLO,1750.0,-0.06145554960093431,-0.034896936429715926,-0.018295214815376288,-0.004735450602732081,0.008157523048063121,0.024785230425128757,0.05045641587145824
verylow,VLLO,1751.0,-0.15904593886645593,-0.08638050104720064,-0.03792366162985971,-0.0027074510361946766,0.0316489797751062,0.08142343031519357,0.13970833444537217
verylow,VLLO,1752.0,-0.1533898106141891,-0.09045333607540806,-0.041061890985091186,-0.0009228712446998771,0.034759051500551204,0.08100468613305602,0.1514587535390954
verylow,VLLO,1753.0,-0.16835356392889628,-0.09670172115908685,-0.044498700446575355,-0.0040056357320740685,0.033848677960243004,0.08860005916645886,0.18613710176771456
verylow,VLLO,1754.0,-0.18001564670242545,-0.09575429513257218,-0.038896384817036056,0.0033262003761826836,0.04078257495811429,0.09466535798177106,0.1725134370609597
verylow,VLLO,1755.0,-0.16364956013535253,-0.09867734072900976,-0.04179829264502712,0.0011996850504047097,0.040269694075443105,0.090899763013993,0.16836830473213993
verylow,VLLO,1756.0,-0.1798300764109753,-0.101721653974393,-0.051609266285972774,-0.005695314432520873,0.03460735335734901,0.0915324384426881,0.16671978546470356
verylow,VLLO,1757.0,-0.15912826416225867,-0.09637184485699515,-0.04538899523805821,0.001752553550912573,0.04104506795034364,0.0876625105340148,0.1597841510094535
verylow,VLLO,1758.0,-0.17011631888677625,-0.09248601470311703,-0.041856099040776806,0.002149150412867812,0.0404270284392947,0.09497744914681597,0.1841938083774722
verylow,VLLO,1759.0,-0.1659565880418652,-0.0897365441720844,-0.044798814653763175,-0.004375310319709199,0.038580803487971715,0.09436902425637243,0.16229025395931038
verylow,VLLO,1760.0,-0.17712075954100562,-0.09479387760452886,-0.042589008903893104,0.0007556718918060347,0.03736697854847021,0.09132940273818344,0.1638187113428119
verylow,VLLO,1761.0,-0.1690423866951435,-0.09135249307807809,-0.042162855371239885,-0.004991990673789252,0.030463852937201354,0.08511191142355248,0.16148380668877835
verylow,VLLO,1762.0,-0.18582663676078265,-0.10964968350587236,-0.0521636871696915,-0.009570963130130585,0.03694544129006859,0.09075940213748404,0.15126730423966406
verylow,VLLO,1763.0,-0.17815967973899896,-0.09710714058201259,-0.04900012018218945,-0.0019063999422822032,0.03922906995805869,0.09393812520454196,0.1863803134317173
verylow,VLLO,1764.0,-0.17414958964150842,-0.09154655660136048,-0.03795049078163298,0.0029275577205000597,0.034853609952490414,0.08719027910570572,0.18206571278915082
verylow,VLLO,1765.0,-0.17492790123999472,-0.10062197440230733,-0.04092070716924046,-0.001830520920383355,0.03162856452684089,0.09001062780502637,0.1623686953750424
verylow,VLLO,1766.0,-0.1921122562520786,-0.10962218161102198,-0.05241029210380821,-0.011584922124776374,0.026706993956415705,0.08922558136144268,0.16357451265433606
verylow,VLLO,1767.0,-0.16748155972294435,-0.09915360847661797,-0.049434991060672784,-0.0071101101078690915,0.02736543289647952,0.09091395963419631,0.17052183893078676
verylow,VLLO,1768.0,-0.1836421917455269,-0.10286057883944671,-0.052684201393541574,-0.010209359212417161,0.035904762100147446,0.09671755873145882,0.16617218411805357
verylow,VLLO,1769.0,-0.18622480942423317,-0.11003800161240855,-0.05661117313655334,-0.008357672572085854,0.03601753262841657,0.09061008444473975,0.17020376603422174
verylow,VLLO,1770.0,-0.1727725909662366,-0.09706292315745534,-0.04904214133297597,-0.008544388663803915,0.03366648927705902,0.08500546998015766,0.1779163518710351
verylow,VLLO,1771.0,-0.18500680679680054,-0.10345697033871198,-0.04971437039618109,-0.0059623797146969235,0.03609509533527642,0.09420216729079148,0.17284904149143504
verylow,VLLO,1772.0,-0.17051911980637874,-0.09274906927603242,-0.04411409129878027,-0.0017928873619980912,0.03390214558673654,0.08219882440158728,0.1610346942745144
verylow,VLLO,1773.0,-0.17138343812208998,-0.0966347179118048,-0.05096264959627484,-0.0019098118170953228,0.0369459442206579,0.08327256211584767,0.1631639832477675
verylow,VLLO,1774.0,-0.1746694682501072,-0.09898086835154635,-0.04165519478063434,-0.003947267333629684,0.034835074488816016,0.09269897533119231,0.17273199110125242
verylow,VLLO,1775.0,-0.1591887545423818,-0.09227236427890377,-0.040943413292597895,-0.002185533750674675,0.03225658985342669,0.08528411700369085,0.15206024285158823
verylow,VLLO,1776.0,-0.17630643114283065,-0.0967159875945331,-0.03918044728532275,-0.006033489125290184,0.03230230808174343,0.08630913961860588,0.16644644794859487
verylow,VLLO,1777.0,-0.1879755497216688,-0.10135684792359456,-0.051550402360303185,-0.004608895541525762,0.03707089236979677,0.09922068235274671,0.17199334416256593
verylow,VLLO,1778.0,-0.17506032158557513,-0.0942408215398326,-0.039654672487342224,0.0013372271518951612,0.037284610515788255,0.09782319104623022,0.17883022829255152
verylow,VLLO,1779.0,-0.17756079557561485,-0.08997389669760855,-0.04328108494815326,-0.0022696273286931887,0.03917595913962473,0.09245870257649776,0.1858643004544078
verylow,VLLO,1780.0,-0.1707929823919732,-0.10121668033636476,-0.051984587332261536,-0.00983666065063039,0.02937820108141564,0.09123627962525466,0.175376101443317
verylow,VLLO,1781.0,-0.17116459871222175,-0.10111291332018378,-0.0490562143913531,-0.007812086391673037,0.03144016437903358,0.09339345534612148,0.16620761791512356
verylow,VLLO,1782.0,-0.19018325769611188,-0.10467993440602348,-0.05085621172231331,-0.00835707782731938,0.03296842469908506,0.08857778504902493,0.16902684492477796
verylow,VLLO,1783.0,-0.18898873423406576,-0.1010141933412717,-0.05055547890060949,-0.006898221392434513,0.030469894816871037,0.09393882000074359,0.16444588218105294
verylow,VLLO,1784.0,-0.18556505628806966,-0.10305165963905966,-0.048783847153628365,-0.0014011722632486668,0.03555537501608855,0.09634887895682989,0.17086774685129902
verylow,VLLO,1785.0,-0.18539444921453888,-0.10007133329827123,-0.04950816129901076,-0.00794310884072574,0.033687044615184854,0.0848932937209838,0.15626626880969563
verylow,VLLO,1786.0,-0.18870374355187575,-0.10041102065888162,-0.045092433330084315,-0.001805799216165492,0.03734833188584647,0.09108049846045327,0.15427248124859194
verylow,VLLO,1787.0,-0.17743767112560252,-0.10093610179211734,-0.04820611430301491,-0.002172325694041142,0.03708668830785437,0.09767112579154243,0.16603343019807376
verylow,VLLO,1788.0,-0.17326266007240718,-0.10541460881809725,-0.047486728507695045,-0.0030725899742274215,0.038995028115224456,0.09396147573283663,0.1725863845960185
verylow,VLLO,1789.0,-0.17505786768587703,-0.10147178513347162,-0.04756307024405574,-0.005007423132968737,0.03774110858418707,0.10307113757902417,0.1717994877004123
verylow,VLLO,1790.0,-0.18205417946211858,-0.09588649004955138,-0.04717915619005838,-0.003823139285487477,0.03659769016577614,0.09930587612122693,0.16901403506058077
verylow,VLLO,1791.0,-0.16726105630448898,-0.09834173270268613,-0.040579322687883466,0.0028132147174144695,0.03907703959109807,0.09872984446394477,0.17041680273565363
verylow,VLLO,1792.0,-0.18801259862390635,-0.10987727993367179,-0.04804277127172875,-0.00069523039291201,0.0351198046943395,0.09589516154176247,0.16481537805684793
verylow,VLLO,1793.0,-0.17597591553667552,-0.10306960005119088,-0.05231295552000664,-0.0015462483971152036,0.03984839708753508,0.0865652805746166,0.1809185462594256
verylow,VLLO,1794.0,-0.18895227549719187,-0.10274869937247129,-0.04480402097620828,-0.0022791013246950716,0.04136999307530658,0.08840290761177198,0.17136053102403753
verylow,VLLO,1795.0,-0.1676688057653089,-0.09945187812480397,-0.04793259533861565,-0.00578563890832447,0.03069019035025244,0.09228875330214628,0.16409009661940271
verylow,VLLO,1796.0,-0.17554970115902374,-0.10167753718616161,-0.04890822640517283,-0.012221120815217857,0.027527334068186984,0.0850213121576721,0.15963407751439115
verylow,VLLO,1797.0,-0.18754277065300332,-0.10406271592432252,-0.050597245600674065,-0.004473266511946671,0.03660535786582024,0.09079160347568008,0.16917754755492964
verylow,VLLO,1798.0,-0.18398977992283116,-0.11138078460615009,-0.05746258681675716,-0.013304304402619163,0.027180848626440126,0.09235226654857444,0.1650119178750898
verylow,VLLO,1799.0,-0.18256403958133388,-0.10477091192769218,-0.04682038571021653,-0.005254664117745465,0.03451946561612318,0.09417658706955528,0.16718839228577778
verylow,VLLO,1800.0,-0.19236890745929774,-0.10824489947565286,-0.051855468198293266,-0.006910964463480662,0.03283629142189165,0.09320553294928108,0.1606730632987478
verylow,VLLO,1801.0,-0.1782738589148815,-0.09983547590418576,-0.04880691307114514,-0.012076145789072254,0.02794049837127459,0.08619631930936632,0.16552548246754847
verylow,VLLO,1802.0,-0.17938200969203288,-0.10386585404063811,-0.05153246021658885,-0.010238057152402988,0.03317517074331546,0.08195297711627456,0.16464643766343193
verylow,VLLO,1803.0,-0.17348686489494133,-0.10402884839237127,-0.05292806225718959,-0.011296343201118017,0.027278612692008784,0.08371702488573705,0.16357496983122657
verylow,VLLO,1804.0,-0.16501828643689226,-0.0994867540862563,-0.05195281733658444,-0.009938380377253073,0.029548920794908895,0.08532383580900327,0.15360515568215863
verylow,VLLO,1805.0,-0.18179922900241932,-0.1096285756638855,-0.06093488788414246,-0.015272285718724878,0.023111390325862836,0.07910151299574757,0.14635333784107007
verylow,VLLO,1806.0,-0.1825616129817357,-0.11457021147250704,-0.06137420861270719,-0.02280404217995688,0.018036322399893417,0.08189755423422294,0.15372747700839412
verylow,VLLO,1807.0,-0.18972749501554767,-0.10883529486216852,-0.05703408724871849,-0.012364109805733672,0.02608213431169915,0.0765343147411658,0.15537645597489813
verylow,VLLO,1808.0,-0.20518788803178617,-0.11336731808320046,-0.061071651751500686,-0.01568218302994699,0.030162178356785467,0.08761617623365697,0.16388064625252682
verylow,VLLO,1809.0,-0.18663841095208786,-0.10649155365679243,-0.057398246337671766,-0.012757704925856022,0.027432061964027678,0.08066314690399838,0.14982099896517354
verylow,VLLO,1810.0,-0.18256855712925807,-0.10451420263087335,-0.047691843732299004,-0.005998291852700272,0.03175770194034276,0.08148260694057988,0.16955833099831402
verylow,VLLO,1811.0,-0.18180352165421765,-0.09885286860036754,-0.04573054282802689,-0.008184688885854684,0.03478171379822446,0.08803990587783982,0.1734156218183199
verylow,VLLO,1812.0,-0.17041135900435322,-0.09438606559958863,-0.04293003284191147,-0.003475693377571698,0.034680733818720264,0.08963259896162473,0.17390629338585048
verylow,VLLO,1813.0,-0.18824675155925485,-0.09547871195402886,-0.0474350890117851,-0.006979972044935986,0.029981933367565092,0.08389426781763462,0.1786783384812837
verylow,VLLO,1814.0,-0.17761017030108203,-0.09918821948407433,-0.05038814185080718,-0.015182832777937465,0.030556263515202613,0.08140161931848414,0.1676862768453814
verylow,VLLO,1815.0,-0.1926462479321678,-0.104154979689133,-0.05276220514334616,-0.008544719503102795,0.032316947381414315,0.08823456622411581,0.1537355392798416
verylow,VLLO,1816.0,-0.18157324771178396,-0.10118604164427761,-0.0483667364659069,-0.007224857306164987,0.03243816808113706,0.0909656567277852,0.1750936618001972
verylow,VLLO,1817.0,-0.18857657655915125,-0.09979049855443721,-0.052600950082639035,-0.004985935645681457,0.03225189367968243,0.09133885728206212,0.1771641330513788
verylow,VLLO,1818.0,-0.17416731030034321,-0.09609659578949795,-0.04338848847514725,-0.0018558916267631398,0.03600470858791295,0.08448829151480279,0.17416118737080383
verylow,VLLO,1819.0,-0.17706316965446106,-0.1037922591085562,-0.04721427202036451,-0.005909680846921506,0.029266984409369364,0.09150066947390384,0.16875746832361593
verylow,VLLO,1820.0,-0.1856252946137864,-0.10125532278448701,-0.04697778029190775,-0.0038730640215298923,0.03638418070032241,0.0918211102928717,0.16367572444156248
verylow,VLLO,1821.0,-0.18634239693892163,-0.10336249632863478,-0.0482585528992715,-0.003203294305470612,0.03000512240569466,0.07864774835036645,0.1642077464986179
verylow,VLLO,1822.0,-0.1721257224133121,-0.09376269405703976,-0.04694730750582196,-0.004939034894314593,0.03182652587587327,0.08746421892498014,0.1643248550104856
verylow,VLLO,1823.0,-0.177333861854776,-0.09442824093344018,-0.04401921827690889,-0.0029655654730105924,0.03642242355811681,0.09488514669994444,0.1603507846786285
verylow,VLLO,1824.0,-0.1801086930020913,-0.0970580044266635,-0.04795748932127107,-0.001442464775743192,0.04215113375025851,0.10041481641675158,0.17523588106108448
verylow,VLLO,1825.0,-0.17721723513432366,-0.10038440001778363,-0.05195157675146759,-0.005429485717183387,0.031799315047514334,0.0949581385244759,0.18587144721042698
verylow,VLLO,1826.0,-0.18108634037165214,-0.09383655676181886,-0.04386410041103912,0.0028992566424025958,0.04088865595810628,0.09087643217139432,0.18046401634196188
verylow,VLLO,1827.0,-0.1836446170759231,-0.10093185222343275,-0.044861029292862314,-0.004038707967759889,0.03267804356081182,0.08249663861256061,0.15549884372945627
verylow,VLLO,1828.0,-0.18842986640678672,-0.10213397602893927,-0.0463776351841716,-0.0010825774841291477,0.03361006355158009,0.08897236564256247,0.16221288152588825
verylow,VLLO,1829.0,-0.1799297043346422,-0.10297776142269897,-0.04727106329594327,-0.00604909809666083,0.03131321145737648,0.08185627630542955,0.16366192638285404
verylow,VLLO,1830.0,-0.17164540588468463,-0.09997273021534386,-0.047885399948136585,-0.007634264471435899,0.033564966365358787,0.0920162132514968,0.1652593576461115
verylow,VLLO,1831.0,-0.16998354504503022,-0.0982115325363514,-0.04447225376080349,-0.008138216823638364,0.030393008281404465,0.08581311345601164,0.15663026484685283
verylow,VLLO,1832.0,-0.18645721279297955,-0.0958882471668895,-0.04858508105998523,-0.0013809583189055702,0.033485048009177586,0.08605837065040438,0.17967322804067287
verylow,VLLO,1833.0,-0.16819498450852882,-0.10276275127483951,-0.047566258139166255,-0.004266946318802272,0.03847748027522519,0.0930220437422563,0.18606487437286354
verylow,VLLO,1834.0,-0.16880041644037486,-0.0967752129908196,-0.04057290169379547,0.00043750257302033885,0.03594147458386958,0.08993067130058206,0.16445611013844985
verylow,VLLO,1835.0,-0.1855418941631273,-0.0951828778591188,-0.04681036655367851,-0.003314522128362342,0.03340785810742502,0.08632771212521048,0.16062229740501338
verylow,VLLO,1836.0,-0.17618470169968653,-0.09042858535981253,-0.04027602223406121,-0.0036877649678812296,0.03954761097636803,0.09182451632646703,0.16478585873330628
verylow,VLLO,1837.0,-0.17518728830446725,-0.10305468647985883,-0.0459972383374351,0.004888636611023137,0.04149737757866948,0.08742277743654395,0.15503420741787988
verylow,VLLO,1838.0,-0.1777652924699046,-0.09046718670533119,-0.03864920714753637,0.00047966663902301865,0.043796737089309715,0.09537005602213677,0.16079593018189
verylow,VLLO,1839.0,-0.17594975535125798,-0.09938970046944604,-0.042724056014023945,0.0027543287910691897,0.041248534198676634,0.09890174227603271,0.18231859387151242
verylow,VLLO,1840.0,-0.17385937189976725,-0.10090205218620657,-0.042522852451938715,-0.0027834829033084874,0.03528775318785257,0.09687637029215432,0.17949733826376618
verylow,VLLO,1841.0,-0.16438325608158927,-0.09854924337315042,-0.052124812289076616,-0.010798412941499257,0.029272445419313002,0.08622522607874383,0.17349833439641527
verylow,VLLO,1842.0,-0.17208998499512754,-0.10383354349331422,-0.04496173183648374,-0.0053046682513881865,0.03540835902643852,0.09517043039073704,0.17065509967206863
verylow,VLLO,1843.0,-0.17854039006705025,-0.09372384423234502,-0.045388988683290166,-0.0038541779481997968,0.033150378905342795,0.08479604591863188,0.15470552487216782
verylow,VLLO,1844.0,-0.1699012081993518,-0.09796908551662961,-0.03977408200465144,-0.0011901871489030207,0.035336142749371864,0.08702538828276457,0.16860331128104333
verylow,VLLO,1845.0,-0.16749375792713803,-0.09205410270090818,-0.04388716124285652,-0.006785884687487734,0.03941040933091251,0.09418677411546177,0.1701151078215032
verylow,VLLO,1846.0,-0.17015182481908828,-0.09826159219310522,-0.04694071310435805,-0.00752831220001186,0.03194819992883072,0.09497276978889635,0.17410928258300584
verylow,VLLO,1847.0,-0.17520518316805694,-0.09713326462471758,-0.038661467810478224,-0.0035329930727051387,0.035931709313924434,0.08608192510853296,0.17330501178636704
verylow,VLLO,1848.0,-0.17212099140661113,-0.09051732132811367,-0.0451328583605077,-0.0047077503342249655,0.03303292170054787,0.09131585316123472,0.16162056087072918
verylow,VLLO,1849.0,-0.17607254356542484,-0.09197539686547195,-0.04323404866049882,-0.005231410984703186,0.03487642045939107,0.08689663976729868,0.14654878879971278
verylow,VLLO,1850.0,-0.1563425885930259,-0.09816374902691967,-0.04491809808610856,0.0003670215249079664,0.03667439172707265,0.08572207859239665,0.1654401205024972
verylow,VLLO,1851.0,-0.16850600737292695,-0.09061631588251252,-0.037516889032719436,-0.0004406009210319098,0.03520541654543242,0.08990178830805146,0.15570416512074645
verylow,VLLO,1852.0,-0.16008038253570978,-0.08499220920218689,-0.0410585390504006,-0.004604796397331955,0.034259575824298005,0.08455740694860302,0.14802997095725867
verylow,VLLO,1853.0,-0.15488520367718756,-0.0880479870518304,-0.047319567957488345,-0.00774837728685247,0.028691399128413734,0.08378326564939427,0.1655810463470745
verylow,VLLO,1854.0,-0.16304825830397243,-0.09600344755972894,-0.05219257001326623,-0.007971375083552182,0.03121070944955517,0.07973379258713002,0.15417264360642924
verylow,VLLO,1855.0,-0.16497747533612,-0.08937203845106162,-0.04605828236093457,-0.011090867450443541,0.024958720505581507,0.07264651151345945,0.15617374838847192
verylow,VLLO,1856.0,-0.17365078538880208,-0.09510126882155298,-0.04699092463819763,-0.005950754811043395,0.030215653163959157,0.07663664752229538,0.16039763667779092
verylow,VLLO,1857.0,-0.17233855436359685,-0.09052293269220868,-0.04253811265476326,-0.0036288343788527027,0.02781152844196173,0.08349772077454994,0.1597737121074728
verylow,VLLO,1858.0,-0.1704393776080266,-0.09956758729776415,-0.047876965604942805,-0.002788166733082965,0.032657973745075584,0.08641700344979458,0.15517237569923115
verylow,VLLO,1859.0,-0.16205855728699847,-0.08727197216606823,-0.039656693571141245,-0.004673140273968764,0.03155692961964367,0.08868527521326133,0.1431868456781761
verylow,VLLO,1860.0,-0.15250430656742245,-0.0892919523210545,-0.0430038483907071,-0.007081878894321863,0.026726695313138184,0.07387953392784201,0.13181750301030126
verylow,VLLO,1861.0,-0.15752066763820477,-0.08650255049756815,-0.04154863865171544,-0.004320033499526633,0.030229057941102335,0.0847780250514146,0.1556210543964136
verylow,VLLO,1862.0,-0.15895552140474067,-0.09375759847312157,-0.03940499109451427,-0.004309487419414754,0.02945233418603456,0.08599899442415193,0.1633473277445696
verylow,VLLO,1863.0,-0.15345680191602876,-0.08604109103384625,-0.03768467363371807,-0.0009268354955688854,0.030752566610817388,0.07728137832427229,0.15141995459990054
verylow,VLLO,1864.0,-0.15570479624310482,-0.08980811740013284,-0.04338933338447052,-0.007433310468755535,0.02765323580071055,0.07802618683352301,0.14719332927080353
verylow,VLLO,1865.0,-0.15530821363727088,-0.0864164479528142,-0.03887072599499829,-0.002311632212354763,0.027329429369418543,0.08020396319793499,0.14727179901122928
verylow,VLLO,1866.0,-0.14411767076009654,-0.0794754257084553,-0.03503246737006753,0.003382929473662466,0.03770488678291112,0.09210921758530452,0.1522497048360481
verylow,VLLO,1867.0,-0.15467790031546252,-0.09130255481292292,-0.035043171256214964,0.0019003304224221168,0.04162452580886774,0.0875420367956108,0.16571184597632516
verylow,VLLO,1868.0,-0.15503162315247246,-0.08404030964965117,-0.04025229071070981,-0.0033004931258559748,0.030655002486610204,0.08355527580596667,0.15189685696155755
verylow,VLLO,1869.0,-0.1576527679781612,-0.08686798196353654,-0.041076936022951566,-0.001994096210320262,0.029928418036480834,0.0811203446032646,0.15494025874300027
verylow,VLLO,1870.0,-0.16113357419520244,-0.09121602621130001,-0.04625774674302553,-0.005212373578054066,0.030441740869487928,0.07890163788375444,0.14615853433335785
verylow,VLLO,1871.0,-0.17090132277868997,-0.0954391307259203,-0.04556183391429541,-0.009451576519692154,0.030086537476050026,0.07727049554386381,0.1398648227130082
verylow,VLLO,1872.0,-0.1503160696440305,-0.09543462841735266,-0.04440954112603731,-0.005255875512174768,0.03291469736829856,0.08325226496981711,0.14238300058076603
verylow,VLLO,1873.0,-0.14699149165558514,-0.08892724991279762,-0.04219864838162072,-0.006125724586484707,0.026683840978332655,0.07818971233822407,0.145116321097147
verylow,VLLO,1874.0,-0.1471393725890461,-0.09027571688380377,-0.03921568470582369,-0.002626189652764531,0.03562420497770594,0.08247900525386113,0.15173369875044304
verylow,VLLO,1875.0,-0.16225067718653577,-0.09055209956079477,-0.04500390570374373,-0.0002274262607593648,0.03809599626993686,0.08760965566771033,0.15448530618802223
verylow,VLLO,1876.0,-0.15036352626023472,-0.08485633007533203,-0.03416817068386534,-0.00017002154593818292,0.03820046917422324,0.08276095078485676,0.1427401808450655
verylow,VLLO,1877.0,-0.1596816889971977,-0.08579375356238585,-0.032712787050607435,0.00416902269528941,0.03826910778384393,0.08333048639329063,0.14530285771892631
verylow,VLLO,1878.0,-0.1586026723909687,-0.08546452077489583,-0.03798298069513359,0.0060544847130797885,0.04571828593886768,0.09134243795195197,0.16655673449364106
verylow,VLLO,1879.0,-0.14949575324212372,-0.08671228250905784,-0.039830355460574875,0.003972147617434377,0.034490798137300945,0.09078062623260046,0.15827546381589738
verylow,VLLO,1880.0,-0.14099064848204687,-0.07646309979513845,-0.03356126999686339,0.0008355125913976809,0.036552521769978134,0.08889379645784136,0.15834156584093748
verylow,VLLO,1881.0,-0.142305975104909,-0.08393818165679263,-0.036009471654226015,0.003264876455103106,0.035986726952999544,0.08186228984900441,0.1468331129193597
verylow,VLLO,1882.0,-0.1485874663134698,-0.0839742769314712,-0.03867901788080884,-0.0006400445070576244,0.03417645255789248,0.08172346949362815,0.15520618898813368
verylow,VLLO,1883.0,-0.1672713904550211,-0.0860536150644129,-0.039952803909414226,4.972586215280968e-05,0.03474709427068762,0.08513859670286852,0.14831259655989976
verylow,VLLO,1884.0,-0.16271075255683495,-0.09099139806174454,-0.03704641916443683,0.0008497001925239465,0.03911331960115142,0.08830540282720883,0.15309470606391748
verylow,VLLO,1885.0,-0.1673884227507082,-0.09528414783370981,-0.04035374332936459,0.0004712240367411927,0.03721619002197655,0.08384023799020596,0.16717422620462474
verylow,VLLO,1886.0,-0.141932157362045,-0.07719942689302554,-0.02842245040989981,0.008536436412165579,0.03823019669968735,0.08718285302093015,0.1669893033770182
verylow,VLLO,1887.0,-0.14814801208931214,-0.08294786346949377,-0.03303915161051794,0.007035845729290644,0.03916750003346251,0.08915027300230424,0.15684435296868485
verylow,VLLO,1888.0,-0.152593434208923,-0.0865870845842896,-0.03764925006545266,0.004588112272776394,0.04012684685471343,0.08829676948793139,0.1717694660869787
verylow,VLLO,1889.0,-0.13999837519681663,-0.07875383448773672,-0.030009670575586105,0.005246376220962898,0.03962831629034832,0.08559629699040877,0.14390203183663597
verylow,VLLO,1890.0,-0.1441962583555549,-0.08132942068102518,-0.032710963574848824,0.004886726530772068,0.03856609018876962,0.08656622167688494,0.1652296081784784
verylow,VLLO,1891.0,-0.14292679658537905,-0.07916856507304224,-0.03407726875252953,0.006277555870756442,0.044448056008898645,0.09091082851820775,0.1591050616144265
verylow,VLLO,1892.0,-0.142981959172639,-0.08296527551232753,-0.03567876657790172,0.0024555401497701537,0.036004704172957175,0.08807937455563451,0.15561429248731307
verylow,VLLO,1893.0,-0.15673044581559947,-0.08245071860885979,-0.03903247750997176,0.002364317899179739,0.04299049955819697,0.09018276857308831,0.16437425394211108
verylow,VLLO,1894.0,-0.1632418222985466,-0.08755773436403981,-0.03593068685373024,0.007116673269977003,0.044296687092789694,0.09384171461724865,0.15884374149423358
verylow,VLLO,1895.0,-0.15560239033612994,-0.08047337377796489,-0.030677973333080942,0.007831254714706422,0.04212124091204068,0.0892790081369512,0.15341465652298114
verylow,VLLO,1896.0,-0.14480901864358378,-0.07614486860703405,-0.03207692811868508,0.006862202798444579,0.04325115651127981,0.09702460287535246,0.16488827233064024
verylow,VLLO,1897.0,-0.15536341713261764,-0.08888735100108242,-0.033808085437537605,0.005773912708570035,0.0397301210018901,0.09439288848521667,0.163914669889429
verylow,VLLO,1898.0,-0.1501831157813878,-0.08048224210078929,-0.02598922467146943,0.014386585693324606,0.0492450994944508,0.09860268767081436,0.16978469846933175
verylow,VLLO,1899.0,-0.15002668106341072,-0.07590768717187678,-0.02905370752050773,0.012015640222712329,0.05093421523762714,0.10260998705192727,0.16754453530199148
verylow,VLLO,1900.0,-0.15482086529831537,-0.08251500950798692,-0.03350515022752008,0.00556411391726605,0.04468603330925367,0.09239898480540738,0.17724553447611358
verylow,VLLO,1901.0,-0.14674129910794792,-0.08364939230150809,-0.0344537058654014,0.007054493882765175,0.044730420660119834,0.08857691373172713,0.15732740620820684
verylow,VLLO,1902.0,-0.1533785235022767,-0.08309130801815683,-0.03394659131101208,0.006320212442373883,0.046015898738865926,0.10050250481716928,0.17278770081212913
verylow,VLLO,1903.0,-0.1604147850926473,-0.08252405990130357,-0.037276262396722534,0.010259768522798885,0.05230537333312079,0.09599119663749077,0.18267940532780985
verylow,VLLO,1904.0,-0.14969818222848827,-0.07658600306499681,-0.0267810713137702,0.014184180795222604,0.05498002084649799,0.10057091108632606,0.16656714357527458
verylow,VLLO,1905.0,-0.15516522833155602,-0.07320956255675326,-0.025932878445286783,0.014137057189154412,0.05430780569326943,0.1038942912705892,0.1733324651485796
verylow,VLLO,1906.0,-0.15400603428806492,-0.0750475446140454,-0.02042612638019957,0.016607045806288988,0.05534591843698816,0.09753175543133556,0.16867657126386135
verylow,VLLO,1907.0,-0.14246983712064173,-0.0667096957163263,-0.017843353644223483,0.021734767738969395,0.058542714847106936,0.11034653938349116,0.17516191951700485
verylow,VLLO,1908.0,-0.13967050165252806,-0.07023311798782772,-0.02270224978774532,0.016977675784727482,0.055089985211300235,0.10918739197676297,0.18569173468332426
verylow,VLLO,1909.0,-0.14900141988020105,-0.0718213219713075,-0.01736233678862539,0.023484006969839294,0.06310471423340978,0.11669312733018916,0.18085033684987042
verylow,VLLO,1910.0,-0.14446764597358341,-0.07450676547992956,-0.020134930892506373,0.023616623363013192,0.05923913625503107,0.10611033224438245,0.1772046672659295
verylow,VLLO,1911.0,-0.1485162007498147,-0.06942852306021101,-0.024023312679571793,0.015879371709899094,0.049365411968593245,0.10138814108690802,0.1842856293199976
verylow,VLLO,1912.0,-0.15079923418031974,-0.07400234989146465,-0.02179559313419617,0.02066225921832541,0.05997129024648796,0.11889672484285864,0.18268834917472918
verylow,VLLO,1913.0,-0.13651881707787233,-0.07114511649503667,-0.012007460222719736,0.028128002837367314,0.06337040457016302,0.11112734010084793,0.18221090909818247
verylow,VLLO,1914.0,-0.14497175009374377,-0.06382374522685846,-0.016825745785133746,0.01788603163920023,0.05619921371373122,0.11509240948919983,0.19955496364062345
verylow,VLLO,1915.0,-0.13502247803746537,-0.06271376432305618,-0.01027000981890896,0.028418143393790538,0.06470889197439102,0.11841797358619417,0.20038391880724765
verylow,VLLO,1916.0,-0.12975408078234987,-0.061408578854559054,-0.013906389934354554,0.029487683484327967,0.0645990821457367,0.11910313442044354,0.19912255780934426
verylow,VLLO,1917.0,-0.13215064084146216,-0.05829981843949521,-0.014018209341610239,0.0220293367958962,0.06158144903484221,0.1141365686917911,0.19305581155260512
verylow,VLLO,1918.0,-0.13061492621819526,-0.0580607985358008,-0.012688493379258089,0.0236230017412915,0.06651895133532669,0.12289979671651813,0.19383030239381566
verylow,VLLO,1919.0,-0.12904282600097283,-0.06427766618209307,-0.006134991762753878,0.03271696468847548,0.07343049198202212,0.12264896970392158,0.18890084336426582
verylow,VLLO,1920.0,-0.14074349278040096,-0.06750721604323491,-0.006326358405589491,0.03703535308637262,0.07008638558016957,0.12017900179377639,0.1967566452241123
verylow,VLLO,1921.0,-0.13571025097671252,-0.05835955173797557,-0.006183037933783427,0.03173294901083344,0.06850714222575502,0.12233138551970946,0.2064241393595157
verylow,VLLO,1922.0,-0.14040330874488158,-0.05692828468923583,-0.006551537283560709,0.03273507863123891,0.07556751275580523,0.1297523134558561,0.2100436932423243
verylow,VLLO,1923.0,-0.12247984530950759,-0.04651628395913602,0.000691596654095103,0.04196830076770906,0.08114260946984336,0.13283840595665736,0.21092679817136076
verylow,VLLO,1924.0,-0.13144140520395206,-0.053895271930124035,-0.004760957803712648,0.03715405025254086,0.08503244310381576,0.14578796954804868,0.22062243714679405
verylow,VLLO,1925.0,-0.12450899290499513,-0.04317488039390063,0.008775917388060304,0.04583792345864755,0.08520256463709493,0.13374016921821077,0.20830503393482172
verylow,VLLO,1926.0,-0.11223726606295927,-0.04113555027178217,0.00450994232754701,0.046551390751256055,0.08709640268638574,0.14406259702973864,0.2237745322767664
verylow,VLLO,1927.0,-0.10816659056622227,-0.03703471217505634,0.010853108406209984,0.05026982744262359,0.09017062156124289,0.14221872923482493,0.2132238379555741
verylow,VLLO,1928.0,-0.1267025746718787,-0.04432272189874481,0.008751601493958873,0.05279329329402519,0.0902560668159655,0.1515690690030919,0.23480807702828851
verylow,VLLO,1929.0,-0.10776128523856156,-0.035796476022508836,0.021662255749545833,0.05660780243768454,0.09391477210142428,0.15444628636658567,0.22469859385799523
verylow,VLLO,1930.0,-0.11246734813652201,-0.04012118148798541,0.01147918141794863,0.050529904644773194,0.09293364262057247,0.14518319887321945,0.22189726308216892
verylow,VLLO,1931.0,-0.09534436438850695,-0.04169156760229327,0.009418503677288508,0.06264118180394136,0.10282106510896569,0.15394547655458962,0.22536767785841014
verylow,VLLO,1932.0,-0.10950510413346659,-0.02670749825689532,0.015922339746597184,0.05802117414110049,0.10014210336656237,0.1545685567697718,0.23076176376287555
verylow,VLLO,1933.0,-0.10312343981111567,-0.03632775062308949,0.01784191079468189,0.057446273229457945,0.10178178192383248,0.1628184444392788,0.23105263935869488
verylow,VLLO,1934.0,-0.09790076656068118,-0.032332331607223846,0.02201101421928255,0.05882637451213389,0.09937106781962318,0.14954818719268206,0.22992511283391767
verylow,VLLO,1935.0,-0.09515723560003225,-0.02417557139425782,0.022261145883431997,0.06206214013291294,0.10406393358752766,0.1670672347347633,0.2394784383678134
verylow,VLLO,1936.0,-0.09780830711601478,-0.01707335471997538,0.023189323620375926,0.06399552153518981,0.1018685788416573,0.15544579736709024,0.23298815137008552
verylow,VLLO,1937.0,-0.09104141032738416,-0.017888849209913692,0.026019412137489404,0.06749687406850609,0.10399221150674194,0.1668583763136887,0.2425894501649686
verylow,VLLO,1938.0,-0.09244077529755136,-0.024941712429255452,0.030522474503343125,0.07799538511399921,0.11311218516526801,0.17628771713348196,0.24709597139020079
verylow,VLLO,1939.0,-0.09337921359105138,-0.01970314133738229,0.0328117327672653,0.07074124655952327,0.11187668610360027,0.17224913807056808,0.24896421948426084
verylow,VLLO,1940.0,-0.09559114963011539,-0.024023811847442327,0.03572905650849874,0.0793206956918898,0.1162124364912238,0.16712320151698767,0.2642836177537938
verylow,VLLO,1941.0,-0.07886132580256942,-0.00977155270327586,0.040932349216569734,0.08168633963219572,0.12224077886123338,0.17230503165739863,0.2544899278319052
verylow,VLLO,1942.0,-0.06710717849523325,-0.006012187322955845,0.04164752302534266,0.08176402429781876,0.1279805542948926,0.17948914261030247,0.25964445959844384
verylow,VLLO,1943.0,-0.07466109423549551,-0.008158189111436964,0.04758280542380819,0.09102326181392967,0.13371074696884075,0.19566098547781666,0.2778763428409632
verylow,VLLO,1944.0,-0.07366476010227778,-0.0013700792366340058,0.0436975133857613,0.08752869223134178,0.13048237265685556,0.1860482006537872,0.2766289370377197
verylow,VLLO,1945.0,-0.06956513443363421,0.00019481007953738296,0.05517555318111139,0.09102509691396989,0.13291216747632098,0.1875626545521744,0.2780525351367903
verylow,VLLO,1946.0,-0.07857004128262028,0.0005480740803947874,0.05123846461988989,0.09482644607356111,0.13376260997431139,0.18868983053343008,0.2703930872109659
verylow,VLLO,1947.0,-0.08727557602222746,0.0005586377847172769,0.05497568360136958,0.09810191301652385,0.13690600597850794,0.19358446099440038,0.28488726741995823
verylow,VLLO,1948.0,-0.06930285737962968,-0.00203890002489397,0.05669441020488004,0.09737072363255098,0.13520421131596444,0.19238071325133496,0.2711028328856093
verylow,VLLO,1949.0,-0.06501311197274347,0.00036271282088033816,0.04856848262799423,0.09373623247021018,0.13986718892840838,0.19964748552751815,0.2732082138330453
verylow,VLLO,1950.0,-0.07983419790708814,0.003075540526650324,0.05099414010292966,0.10141011328261244,0.14313282731577218,0.1955383588022392,0.2830454818724846
verylow,VLLO,1951.0,-0.07106576608995012,0.013780506888796827,0.06199721739975274,0.10075873303813113,0.1431593340671365,0.20516723099930148,0.2737342180973573
verylow,VLLO,1952.0,-0.06831515881268853,0.006054827469178605,0.06255718011730875,0.10827597094607405,0.1477025838664334,0.20264858973161154,0.27804236889904005
verylow,VLLO,1953.0,-0.08379248473488371,0.006609133242768062,0.06814874011174714,0.10935399464757377,0.1460086576655598,0.19760854491103674,0.2704823478396772
verylow,VLLO,1954.0,-0.07056862269214553,0.01841198799884891,0.07102562544764712,0.11050443582795563,0.1509352202141651,0.2023014515769616,0.2891743066159104
verylow,VLLO,1955.0,-0.07387090441018945,0.00438907298447595,0.06567459006033141,0.10822303470481658,0.14474735768734556,0.20355349283059232,0.2871060805879072
verylow,VLLO,1956.0,-0.0576395510045879,0.012611789828276859,0.06782150713045297,0.10547432607405019,0.14424084486578423,0.20160904107714311,0.27910437553427053
verylow,VLLO,1957.0,-0.0580932601162,0.02443221081307103,0.07546451320317467,0.11468939042327414,0.15472223730887386,0.20822010382056347,0.29127038038558845
verylow,VLLO,1958.0,-0.036328385741400626,0.03082173718853229,0.0807863507950651,0.12636961704490968,0.16058449467579064,0.2198915530546061,0.2894027657617051
verylow,VLLO,1959.0,-0.040738849275725145,0.03554272701921037,0.08164138561987336,0.12622576751858927,0.16605549563335245,0.2218593403008818,0.2969193575636067
verylow,VLLO,1960.0,-0.026942293256969504,0.04292884413489757,0.08968473554813859,0.12963709939644585,0.16955015092998435,0.22451832782015083,0.30171324714269054
verylow,VLLO,1961.0,-0.03671181910576292,0.040128126746962194,0.09565959033435859,0.13382999774433627,0.17827882636672823,0.2393776630752083,0.30669117638398147
verylow,VLLO,1962.0,-0.042972851556621505,0.0408104118992146,0.09214828301841581,0.14218292732294663,0.18248195095063355,0.24178474016733278,0.3356077812009141
verylow,VLLO,1963.0,-0.023513395588857164,0.04592682132989153,0.10072709435930914,0.1421187525995801,0.17643850577337136,0.2344004051245418,0.3283572172323573
verylow,VLLO,1964.0,-0.02170642997811035,0.05075516052281474,0.1009703529793021,0.14753060206726726,0.19194662242710597,0.24328874231644534,0.3229362206059011
verylow,VLLO,1965.0,-0.019696649408146055,0.05017013256071076,0.10533662305444992,0.15205234109599033,0.19320917688990355,0.2486206386360077,0.3327631512525068
verylow,VLLO,1966.0,-0.01880164223880597,0.058611111134952834,0.11388230299580118,0.15691182260241185,0.1958721573088069,0.26113149218160425,0.34930226662118447
verylow,VLLO,1967.0,-0.0275670254881231,0.06005405949198833,0.11637654496784285,0.16250624788872006,0.20123429407337395,0.26417489892200485,0.33943108055890714
verylow,VLLO,1968.0,-0.011008436065701142,0.07278986907944236,0.12409431005463291,0.16741613089607546,0.2054605236245647,0.26933770122964423,0.3488021071802897
verylow,VLLO,1969.0,0.005280135257253717,0.07944691599798429,0.12650896100815093,0.17231240517561244,0.21161498142748308,0.2613019157158557,0.35340377506440046
verylow,VLLO,1970.0,0.016350516500333503,0.08184331300229244,0.13400190137727633,0.17641989238976263,0.21866855945971017,0.28121718764226145,0.35310426480386453
verylow,VLLO,1971.0,0.020827318649843163,0.08715535632884049,0.13838091286918813,0.17942815576242077,0.22351784149924372,0.286796942086194,0.3618268810156213
verylow,VLLO,1972.0,0.029194772160964215,0.10401018649033389,0.15453464150495436,0.1930277825865589,0.23560148458604258,0.29531046840587555,0.38099876144896333
verylow,VLLO,1973.0,0.0250816233129353,0.09978310967215558,0.15895106778711737,0.2047626057848894,0.24357416193181755,0.30542596339153455,0.39462477729550305
verylow,VLLO,1974.0,0.04372580450184371,0.11654004165852347,0.16592909660868724,0.20675997698427728,0.24544788687937907,0.3099159906025976,0.397287321105798
verylow,VLLO,1975.0,0.05325299225377876,0.1183582449471883,0.16995722699272853,0.21264237487868437,0.2569453916445836,0.32128505986239386,0.4101993399762886
verylow,VLLO,1976.0,0.04560091168694359,0.12087901880925173,0.1782280153751674,0.22221371475771393,0.2688940043386449,0.3338390354441514,0.4348580122600089
verylow,VLLO,1977.0,0.05471648410654835,0.13194271613267194,0.18342057993167388,0.23293796096448777,0.2796512894123283,0.3376721711219042,0.4433630458707967
verylow,VLLO,1978.0,0.06183946808371789,0.13793306543339773,0.18830665646351116,0.23409513761299333,0.2825365380754099,0.3457894682297377,0.4377762295692759
verylow,VLLO,1979.0,0.08150439793375601,0.15074310532719348,0.1946167712500976,0.24678101559815013,0.2886958713875184,0.35818874783481003,0.43793230527791427
verylow,VLLO,1980.0,0.08157031942060206,0.14435939772024806,0.20946372094663734,0.2557594893513998,0.2983742379614234,0.36387647946206286,0.46851076278602444
verylow,VLLO,1981.0,0.09079308263014109,0.164507702349704,0.21458920215758098,0.26480765043296783,0.3084210831746977,0.37576851416753443,0.4631442522157587
verylow,VLLO,1982.0,0.09455506074922926,0.17075720101421446,0.2275892164542884,0.2779818242630322,0.324859794118101,0.3833735658276338,0.4623689770941903
verylow,VLLO,1983.0,0.10851209277749896,0.1837079670694299,0.23307211313231485,0.2873547349049456,0.3280271864928827,0.39169699021729565,0.47784337691027995
verylow,VLLO,1984.0,0.11261121436380095,0.19120111442333673,0.24762213406894024,0.292787278446865,0.3436369562116677,0.4071053478517892,0.5087335818614087
verylow,VLLO,1985.0,0.1149894621977072,0.18951463960186224,0.2547784844059781,0.29781325973056666,0.3457596397966984,0.40482249524672825,0.5042290275606787
verylow,VLLO,1986.0,0.11517895396118534,0.2060852950605094,0.2549759841124159,0.30091765872141324,0.35754280959356394,0.4171131336938196,0.5031893752379671
verylow,VLLO,1987.0,0.13441582966068683,0.20536937984381898,0.2645601112514407,0.3123146282168054,0.360831206540275,0.4264153324389353,0.5132977231085025
verylow,VLLO,1988.0,0.13973882827275938,0.21527343050878647,0.27128854319478796,0.3223133330191811,0.36776911598864503,0.44264119643075206,0.5316310904455648
verylow,VLLO,1989.0,0.15319252072974293,0.22848288850908394,0.28680621583055116,0.34048893858109863,0.38492214620490856,0.43914959312293467,0.5416198712785263
verylow,VLLO,1990.0,0.15089630734720905,0.23012103647524604,0.2911994792744832,0.3440590883363488,0.3872970014067533,0.44725344158763497,0.5377401216132991
verylow,VLLO,1991.0,0.1660730738142842,0.2498212126251839,0.29883998851533206,0.35217051378880243,0.404359488730868,0.46600953683231006,0.572113324529874
verylow,VLLO,1992.0,0.18071939633743592,0.25524006699887053,0.3176565768885947,0.36285693555824416,0.41258172042984737,0.48984755923669654,0.5715910722050086
verylow,VLLO,1993.0,0.20018120978299916,0.26184129221430685,0.31988849483635823,0.3677516907786433,0.4217540441179271,0.5026054883968397,0.5994091230240044
verylow,VLLO,1994.0,0.20188887373039813,0.27217365856383935,0.3275492535309126,0.37976395716452516,0.42962777275745273,0.5007425479799587,0.5973207248165063
verylow,VLLO,1995.0,0.19412895334906516,0.2859121210716898,0.3410327833222737,0.3921664528768078,0.4406369416589003,0.5145556097843461,0.603810233855144
verylow,VLLO,1996.0,0.1972547535096097,0.2855421138457196,0.34993515784961793,0.40374019733420874,0.44794772666565214,0.519059246316261,0.6224134976554644
verylow,VLLO,1997.0,0.21949450309767,0.2930345991695923,0.3567003094050627,0.4137089850984541,0.46058776040810967,0.5352593617924916,0.6292947799224476
verylow,VLLO,1998.0,0.22911984132116356,0.30229727196498946,0.3634608189722237,0.4145520929181364,0.47076568971976124,0.5504481675973474,0.6536870829561237
verylow,VLLO,1999.0,0.23822327871052038,0.31677227457247126,0.3710298801334268,0.42693196655789617,0.48444799603044403,0.556002590357603,0.6539660670720894
verylow,VLLO,2000.0,0.23886519091618652,0.3234043055608012,0.38385951598353385,0.4341788519631908,0.4883628422545156,0.5729001013907513,0.6607108512089775
verylow,VLLO,2001.0,0.2547136461108045,0.3380963535051324,0.4039390958014093,0.4499470363553884,0.5029408570759033,0.5769522487619604,0.6673525567373678
verylow,VLLO,2002.0,0.2714675510197036,0.36299699959246823,0.41770167537547975,0.47218020370605346,0.5178906783629161,0.5857434423803765,0.6892572548115864
verylow,VLLO,2003.0,0.2646963149095942,0.3575201397502732,0.41438344424111057,0.4772683717884988,0.5269880376267406,0.5949149259844565,0.6944168365046479
verylow,VLLO,2004.0,0.2807144456624311,0.36111606993277967,0.4285994935867956,0.4805548770289663,0.5299926850202878,0.6084067418525348,0.7080423094786938
verylow,VLLO,2005.0,0.29728311278943576,0.37085445603850486,0.4333810860469137,0.4915786676758456,0.5512767733122031,0.6168876660587211,0.7333111751539882
verylow,VLLO,2006.0,0.3005918451879394,0.3893166550643474,0.45158712399096496,0.5069327963157783,0.5552907061546415,0.6258208538724368,0.7377284321080194
verylow,VLLO,2007.0,0.3273973735287152,0.40458224407800975,0.467053640377965,0.5201785816670204,0.5777234152297723,0.6461777221757178,0.7483014785041213
verylow,VLLO,2008.0,0.32951775853830717,0.4107785601203477,0.4733985086353475,0.5328690825356573,0.5895365388487076,0.6664577874609182,0.778411963173734
verylow,VLLO,2009.0,0.34128102490443835,0.4263825088848199,0.4867681814246896,0.543968899048753,0.5991385118307587,0.6777155363566112,0.7845284820171904
verylow,VLLO,2010.0,0.34534009165235374,0.42705319274541026,0.49947594018329705,0.5655482297042449,0.6178277097512238,0.7127965394428852,0.7887327967273838
verylow,VLLO,2011.0,0.3546481162149737,0.4405095350995065,0.512796988673263,0.5685606873392943,0.632911247985623,0.7075553586198162,0.8241787008966719
verylow,VLLO,2012.0,0.3742562407757136,0.46318063599706544,0.5227653085417292,0.5863856391421386,0.6436985916882639,0.7215891914297015,0.8229090777674698
verylow,VLLO,2013.0,0.3865839628386595,0.47217063628142336,0.5316745117924018,0.5904327499027333,0.6492459782569616,0.7304008213599117,0.841454650340942
verylow,VLLO,2014.0,0.38903902798294093,0.47450733807638856,0.5480089875382351,0.6160792681396978,0.6788330955234514,0.7603817266068437,0.8494972835833121
verylow,VLLO,2015.0,0.4006610064178942,0.4899631764377554,0.5633640292180592,0.6232025588269915,0.6938933084300458,0.7750695643757536,0.8856064198497344
verylow,VLLO,2016.0,0.43250670258813306,0.5084167556223138,0.5798664790546245,0.6386776263269431,0.7116862175520222,0.7966141579601826,0.9246879104613298
verylow,VLLO,2017.0,0.43204773643328015,0.5147578635283999,0.5937120220274541,0.6595105791587196,0.7192994965409991,0.803107491409352,0.9430038731113702
verylow,VLLO,2018.0,0.4461284355132049,0.5322350412654445,0.6080182880676842,0.6702367206022138,0.7342853496667461,0.8208872935906679,0.9478739177746344
verylow,VLLO,2019.0,0.4523575851374781,0.5441910537416436,0.6173939325056468,0.6827465782626522,0.7583384195324465,0.8384345023398172,0.9491363180941742
verylow,VLLO,2020.0,0.4738136803849574,0.5627852660460868,0.6323968611733116,0.6960351010881058,0.7526025742347257,0.8573617380635375,0.9799403172826101
verylow,VLLO,2021.0,0.47504676942615415,0.5684935026927472,0.6478550948179037,0.7214514682275301,0.7867601275551912,0.8655466187421345,0.9960590374153907
verylow,VLLO,2022.0,0.48635754191816444,0.5884385643723892,0.6622284318768582,0.7312269281853266,0.7938406494111978,0.8864770089819112,1.012498275837461
verylow,VLLO,2023.0,0.5038175173061898,0.5932268416893773,0.6763578935308432,0.745018306813365,0.8075186951598519,0.8996868344755894,1.022374388555252
verylow,VLLO,2024.0,0.5012694868547269,0.5998355331436463,0.6821974807744026,0.7581985580200937,0.8234866854471727,0.9286280600911485,1.0503522243254049
verylow,VLLO,2025.0,0.521746149343238,0.6209167629892796,0.6985510364745288,0.7656501672880234,0.840518778883113,0.9266437045084454,1.0687890595289782
verylow,VLLO,2026.0,0.5155278077744891,0.6349064582665831,0.7059085557350954,0.7890342829183581,0.8624176625573613,0.9547994857029515,1.083056043952381
verylow,VLLO,2027.0,0.5363632648159857,0.6398822181377785,0.7177209448541212,0.7865958386319076,0.8673193454600996,0.9735689289094484,1.1150605351068907
verylow,VLLO,2028.0,0.5599091220920033,0.651240882821086,0.7357005001971632,0.8135547285878542,0.8816933174954924,0.9930438630398423,1.145973045701756
verylow,VLLO,2029.0,0.5660132959141778,0.6586896505050875,0.7482807756552985,0.8346732593056146,0.9107906627441287,1.0112227514943284,1.1703758562811912
verylow,VLLO,2030.0,0.5684738513137306,0.6827376957240077,0.7605649676168077,0.8421798448910449,0.9214674378770951,1.0290973935697958,1.166255773105458
verylow,VLLO,2031.0,0.5691352608814708,0.6851020049778612,0.7714769211170939,0.856782354240287,0.9375161417084658,1.0480418810095211,1.187987947703481
verylow,VLLO,2032.0,0.5968003042847246,0.6913985430296465,0.7843218615451208,0.8662050510412762,0.9513729848505789,1.0618929915534596,1.1976784928245956
verylow,VLLO,2033.0,0.5918505639141469,0.6928239928931732,0.7797220292705459,0.8719402546039995,0.9633396002241112,1.0752064453737862,1.2237843095445797
verylow,VLLO,2034.0,0.6159217916011951,0.7117965615781934,0.8069186124089831,0.8891734251321647,0.9772479062077756,1.0851452314474388,1.233212478458089
verylow,VLLO,2035.0,0.6011489522863582,0.713539676990057,0.8185603013262506,0.9019409646681191,0.9825902636410739,1.1094670860833673,1.2388824772279767
verylow,VLLO,2036.0,0.6237809919003473,0.7187492611077623,0.82336655639418,0.9097388213300875,0.9951320628729786,1.0973685604146992,1.2615273340560131
verylow,VLLO,2037.0,0.6257848899220834,0.729247981026068,0.8290301407045255,0.9167157070972792,1.0126732194917323,1.1211844894215452,1.2663100682180986
verylow,VLLO,2038.0,0.6239401548174268,0.7391678275400174,0.8347612633561791,0.9231473535586189,1.026060686710034,1.1325417028425364,1.2747113205649332
verylow,VLLO,2039.0,0.6407021728420087,0.7491347781271336,0.8511922038176338,0.940540014390192,1.0286610526358688,1.1415213203111205,1.3114537945642903
verylow,VLLO,2040.0,0.6516495711622818,0.7473368726509638,0.8523839941758502,0.9401545721407192,1.0316455550326795,1.1517083287596168,1.2930277548081215
verylow,VLLO,2041.0,0.6427050494794904,0.7567827113369074,0.8516763353828459,0.9380828219614787,1.0318100346769523,1.1576314956479816,1.2894361149261873
verylow,VLLO,2042.0,0.6557109709442821,0.7572927513741546,0.8461351714422366,0.9462903826084577,1.0417297564014725,1.1602037773720169,1.3140118656714468
verylow,VLLO,2043.0,0.6436370411055855,0.7525802300766221,0.8524590405901519,0.9387413476482321,1.0485401942482364,1.1514328426062792,1.3125445858173406
verylow,VLLO,2044.0,0.6510587696003762,0.7560792603054607,0.8640761329206523,0.9454185964073608,1.0435176925132588,1.166785989943629,1.3080602030170259
verylow,VLLO,2045.0,0.6523019135265321,0.7595758158415968,0.8576203191207629,0.946400089885466,1.0587753859409086,1.1774206448944973,1.3232696536531414
verylow,VLLO,2046.0,0.6502448160843068,0.7643036850335289,0.855954847083966,0.9591807303355372,1.0478988757423977,1.172685346262766,1.3130488605879276
verylow,VLLO,2047.0,0.649110447687793,0.764485183656089,0.8641674981343901,0.955835677210512,1.0484884755831498,1.1660054967590914,1.3369060650606142
verylow,VLLO,2048.0,0.661340452656028,0.7664848614081642,0.8701317567753617,0.9490145812889823,1.0496171551257067,1.1775593385480054,1.3285802460198781
verylow,VLLO,2049.0,0.6596002178856943,0.766390011551577,0.8720549249466627,0.960578672595716,1.0533309872211212,1.1870361167894574,1.3419592273962104
verylow,VLLO,2050.0,0.6565270778161484,0.7603970621687444,0.8579519166612113,0.9608127903109468,1.0502558245332874,1.1784929735455831,1.3505817633414128
verylow,VLLO,2051.0,0.6481539572551893,0.7570455804233214,0.8662483389154235,0.961324249187788,1.0586339391639144,1.194814587903029,1.3504699335163892
verylow,VLLO,2052.0,0.6588090159046103,0.7657592507287722,0.863825632120329,0.964291644093723,1.0521338492007921,1.1787944019324046,1.3638848870300049
verylow,VLLO,2053.0,0.6601780344863694,0.7676835356494168,0.8666008929101191,0.9549793766066521,1.0515205556133231,1.1775944542202053,1.3499830791208853
verylow,VLLO,2054.0,0.6458766106837722,0.7606062932053901,0.8570275324221596,0.9652242412118848,1.0550622357782926,1.1738847038293447,1.3383392117626034
verylow,VLLO,2055.0,0.6397018151711881,0.7558556751636792,0.851451969382495,0.9533894079473815,1.0591814124799808,1.1805044310497868,1.3328220175257675
verylow,VLLO,2056.0,0.6393802123089211,0.7518229702271215,0.8578719791709746,0.9521004729775688,1.0549076232610919,1.1704627138730235,1.3271726692066341
verylow,VLLO,2057.0,0.6493973690327085,0.7479921906009575,0.8486934115536733,0.9583348596453416,1.0706844795475923,1.1847090419456094,1.3574627961865176
verylow,VLLO,2058.0,0.6341523843834226,0.755523477206915,0.8496170411888968,0.9601904550055799,1.0495475348086347,1.1910323542948427,1.3719176109007152
verylow,VLLO,2059.0,0.6447423445974777,0.7539578178133356,0.843806337021604,0.9362204172834987,1.0475810288834917,1.179570715995952,1.3488671413221982
verylow,VLLO,2060.0,0.6271131593562124,0.7590689341624348,0.8490604769882558,0.9393129922497645,1.039069109083703,1.1776054314980275,1.3513682596401586
verylow,VLLO,2061.0,0.63249330815589,0.7520315634029399,0.8486631351336132,0.940680702527375,1.040493524882774,1.1588698281986631,1.332624146334969
verylow,VLLO,2062.0,0.631371413352532,0.7504904696522612,0.8531145616392332,0.9404410659918234,1.0360302372198387,1.1631668598349567,1.328631881336895
verylow,VLLO,2063.0,0.6332705447254087,0.7431290518059671,0.846157530605325,0.9466262770259383,1.0385114979111623,1.1615197450658485,1.3288522868015546
verylow,VLLO,2064.0,0.6240413331753916,0.734468731394058,0.8461577443976044,0.9375675068234667,1.0279891066554399,1.166204662671947,1.35126091595629
verylow,VLLO,2065.0,0.6159613212266575,0.7329139118228616,0.8455694039804247,0.933592599434557,1.0391173663908548,1.1539744819906534,1.3618109845996824
verylow,VLLO,2066.0,0.6271159575042187,0.7232835299543372,0.8243627346558802,0.9275334893738733,1.0277130616295242,1.151876288580787,1.3210551388330802
verylow,VLLO,2067.0,0.6234678959117886,0.7288177516622993,0.8330688024830939,0.930572159250046,1.0298290987810859,1.1573122972405963,1.3510124261689573
verylow,VLLO,2068.0,0.6337344896661725,0.7222138927125261,0.8215746276395873,0.9193115819697161,1.02918982570045,1.1578755734976962,1.3404800933972303
verylow,VLLO,2069.0,0.6187042625566919,0.7251685621177438,0.8162261490583428,0.91454764000369,1.0348186805403168,1.1555761380729086,1.316805719180522
verylow,VLLO,2070.0,0.599170886184154,0.7131343231094684,0.8226581416578973,0.9236281241173897,1.0314345201592103,1.1482700387423401,1.3239270849422484
verylow,VLLO,2071.0,0.5749794801751136,0.7144139163241658,0.8166143671614535,0.9226132232660682,1.02350366243378,1.154893259797348,1.3270784790383756
verylow,VLLO,2072.0,0.6018268861603359,0.7111014849815427,0.8192757141933833,0.9185151733762966,1.0288965871326856,1.1623163955113547,1.3415179923096006
verylow,VLLO,2073.0,0.5746901921011289,0.7043728202463597,0.8107129048913566,0.9189892679275439,1.0099490815715582,1.1520547123169695,1.3346370789071373
verylow,VLLO,2074.0,0.6027364256953606,0.7120103738138238,0.8122697942084001,0.9086231634783619,1.0057607002218085,1.1633791041961468,1.324725298910566
verylow,VLLO,2075.0,0.5993871039816154,0.703369063620474,0.8118147358530711,0.9124937143673284,1.0310521663100007,1.1625394667326143,1.344304092738041
verylow,VLLO,2076.0,0.5781697544153411,0.7029556256795672,0.810798042289095,0.917285727161366,1.011800515194197,1.149969869893435,1.3311024151350999
verylow,VLLO,2077.0,0.5920235486905043,0.7080442346092676,0.8029524550443017,0.9039513789048632,1.0093621338495578,1.1493804826646328,1.3372414421217553
verylow,VLLO,2078.0,0.6120862794001657,0.7146533938632107,0.7977337826083938,0.9022699924160978,0.9890385749208762,1.1408916271654217,1.3364735626010038
verylow,VLLO,2079.0,0.585514099838147,0.7006206163351787,0.7983628264499322,0.9044365721103856,1.0029087349956858,1.1335410130864054,1.3472495106702016
verylow,VLLO,2080.0,0.5848814721241924,0.7042510471699235,0.8008255113251952,0.8995129807434377,1.0058036540596216,1.1350738987786413,1.3250285147422454
verylow,VLLO,2081.0,0.5829606211781825,0.705468604462189,0.7948731917894712,0.8987933467359293,0.990086480105444,1.1312938829415868,1.3009339774187019
verylow,VLLO,2082.0,0.5789806988778995,0.6880051996015757,0.7966708558635902,0.8856998203781811,0.9974172711997946,1.128347597306681,1.3176639820328433
verylow,VLLO,2083.0,0.5584043643598292,0.6905116702369203,0.7863474022156788,0.8852430603496872,0.9899705296791809,1.1261493464989694,1.3233644937782758
verylow,VLLO,2084.0,0.5656277703150729,0.6885968735311249,0.7858190785368213,0.8859904479779389,0.9911399705363941,1.1311451875064118,1.3028203217304144
verylow,VLLO,2085.0,0.5682962192209357,0.7021365170726017,0.7838364566030593,0.881611812069794,0.9917569441622193,1.1312212295618844,1.2988716108855196
verylow,VLLO,2086.0,0.5755573818141226,0.6850019351395048,0.7808034474665458,0.8733673823514778,0.9784236084710518,1.1190276457942319,1.3055786645520735
verylow,VLLO,2087.0,0.5828087742855389,0.6918957276912149,0.7810910985200452,0.8741113267362909,0.9754840784985626,1.113572297483166,1.3235305497993328
verylow,VLLO,2088.0,0.577098270537265,0.6863334115009515,0.7770548124888007,0.8801590623547448,0.9861758462635309,1.1317538522769512,1.3195943732066024
verylow,VLLO,2089.0,0.5697644729147623,0.6884946101037221,0.7820646710025326,0.887719496174267,0.9893382433213954,1.1172179867981753,1.3208487296305327
verylow,VLLO,2090.0,0.5732097694531979,0.6795168051267068,0.7751517221603158,0.8812495833491716,0.9842214137412013,1.1238915257681936,1.3051594453885307
verylow,VLLO,2091.0,0.5598960465940468,0.6784321042221731,0.7701027423381305,0.8739056913945543,0.9852651713591131,1.122896989837644,1.3212675078691578
verylow,VLLO,2092.0,0.5835254222978529,0.6849998512698839,0.7747410642426026,0.8738683796801638,0.9688015232300551,1.1060170869919705,1.3085342899211025
verylow,VLLO,2093.0,0.5705063910599176,0.6779130575703451,0.7750828343325739,0.8705393741942028,0.9752192243249895,1.1191942362245506,1.3203868046433334
verylow,VLLO,2094.0,0.558652557760521,0.6607873136981475,0.7740373395996826,0.8671638161843408,0.9805849263646329,1.0963825156374118,1.3282888360383887
verylow,VLLO,2095.0,0.5536020161485717,0.6647492071420215,0.7717517614681141,0.8694428593713901,0.9731656540285838,1.108680873882199,1.3163677957416466
verylow,VLLO,2096.0,0.5626630337428519,0.6728868969024224,0.7749777639071064,0.8749168619159167,0.9771536595847985,1.1176029809279677,1.3085724917333974
verylow,VLLO,2097.0,0.5581578785342344,0.6764943651644186,0.7824202502726806,0.8767051246100059,0.9705104999351323,1.1126951314489621,1.3163332174482172
verylow,VLLO,2098.0,0.56068562654292,0.6694226146043806,0.7676845383974532,0.8724368658975828,0.9643315479503317,1.1241765077657704,1.296291603022762
verylow,VLLO,2099.0,0.5738159355812282,0.6715748144738409,0.7599965489495691,0.8619555237652606,0.9569056881381754,1.1180682903141606,1.3104970486075425
verylow,VLLO,2100.0,0.5517662517055251,0.6538810936008467,0.7655932375111935,0.8633373554078249,0.9632023689801703,1.1018234581901034,1.3027778456105916
verylow,VLLO,2101.0,0.5572983845321058,0.6600877482693666,0.7575404485520059,0.8657183670984235,0.9690502042649171,1.109781665949309,1.32722042922962
verylow,VLLO,2102.0,0.5639837224973696,0.6699074287975137,0.7536719384245457,0.8491760782191465,0.9580663931770519,1.0928987518775226,1.299255941632281
verylow,VLLO,2103.0,0.5352918306410098,0.6651446409880062,0.7630194326798043,0.8471414560083176,0.9542250309817516,1.113399666323672,1.3052896772356024
verylow,VLLO,2104.0,0.5446204482557326,0.6649589354284373,0.7610200725295048,0.856779285341805,0.9565272517254872,1.087416894068791,1.298424881035163
verylow,VLLO,2105.0,0.5470555931435914,0.6500906548614692,0.7540208047121258,0.8569600499249921,0.9560487407416866,1.0869352878037677,1.3118748175410553
verylow,VLLO,2106.0,0.5437829464787427,0.6476453191563757,0.752229612791442,0.8547377178568839,0.946321648337343,1.0822281119525066,1.2831534427679303
verylow,VLLO,2107.0,0.536099667900301,0.6561743123513815,0.753145817733267,0.8552185691931903,0.9578889965200569,1.0930181728508062,1.2814609025989518
verylow,VLLO,2108.0,0.5311776936452772,0.6457195505604716,0.7395557649620728,0.842688684389035,0.9422815190688867,1.0827982966621956,1.2996130461989983
verylow,VLLO,2109.0,0.5311288671292622,0.6293616286222931,0.739076952400523,0.8485866298631565,0.9409695110250892,1.0701435719460486,1.283601120464689
verylow,VLLO,2110.0,0.52711046338289,0.6406396536497897,0.7410447157680152,0.8369373192119505,0.9454218907756929,1.0696279124727588,1.2735590617100834
verylow,VLLO,2111.0,0.5117300023280157,0.6398662192194521,0.7422634815237582,0.8520528510980774,0.9479982786056802,1.0672229737453496,1.271059773535283
verylow,VLLO,2112.0,0.5234722683887534,0.6506498296781396,0.7430887531222451,0.8392803225066964,0.942455029761659,1.0921290568756663,1.2725942276871718
verylow,VLLO,2113.0,0.5175173054466022,0.642701627558787,0.7318990522082774,0.8392649566138591,0.9383937863851713,1.084741975024653,1.271341705564335
verylow,VLLO,2114.0,0.5223908116295638,0.6287174430056426,0.7328773712675986,0.8280702529217662,0.945340649015311,1.0726245526207345,1.282387338969357
verylow,VLLO,2115.0,0.5259698598476893,0.6391284676206385,0.7389859567028335,0.8337393865332108,0.93645219168556,1.0599143072161359,1.2841767612589272
verylow,VLLO,2116.0,0.5178290958974934,0.634290329038472,0.7242118428851478,0.8229267917936738,0.9262333787634135,1.0718433372856657,1.287122836533269
verylow,VLLO,2117.0,0.5128849395023958,0.6224183981491374,0.7328486757015921,0.8353297440421924,0.9245338119517519,1.067108742245757,1.273028501567211
verylow,VLLO,2118.0,0.5112117693387747,0.6240142851645057,0.7263587234750744,0.8226205037326274,0.9375336893754133,1.0861944496571199,1.2555836225451713
verylow,VLLO,2119.0,0.5066670796861542,0.6188292861651956,0.7130177532519779,0.8142903543845865,0.9310887970363193,1.0628088048586382,1.2904144636451016
verylow,VLLO,2120.0,0.52136144802515,0.6189995508628403,0.724476246233272,0.8108839593510481,0.9183520802255103,1.0617243452106335,1.235385314020587
verylow,VLLO,2121.0,0.5162346327022256,0.6316471250121221,0.7197198175965226,0.8327823364083808,0.9354101856329446,1.067807219624449,1.2526377711038308
verylow,VLLO,2122.0,0.5173412865160006,0.6236383161584828,0.7235194827055429,0.8184807275643735,0.9241853869229472,1.0688061757889713,1.275748719713698
verylow,VLLO,2123.0,0.5150590506722813,0.6172715582292226,0.7109821780018978,0.814083681564184,0.9141315434323326,1.0590505965605665,1.2494669470567688
verylow,VLLO,2124.0,0.5141859453131612,0.6160537126408723,0.7150989144415326,0.8074348618999186,0.9175396864249492,1.072332540382724,1.2528761667691013
verylow,VLLO,2125.0,0.5045338029172858,0.6114225692845267,0.7112990229125996,0.8184537834977992,0.9072043552448984,1.0543238837586328,1.2658336549612812
verylow,VLLO,2126.0,0.5053159639187721,0.6141023747908085,0.7103185407024865,0.8018481677561724,0.9083042469909135,1.0552096342444266,1.2318512623942595
verylow,VLLO,2127.0,0.5051989289156333,0.6113020481395511,0.6985873377799057,0.8044345767477576,0.9072744362033314,1.0494221416594611,1.253941376973443
verylow,VLLO,2128.0,0.5022916742611204,0.5972327594268246,0.700300380238138,0.8079944337099809,0.914878422931917,1.057126368124555,1.246918056259618
verylow,VLLO,2129.0,0.5087679247743268,0.6055383577766911,0.6962663382211504,0.7972654989642587,0.9078334996033004,1.0465711385250345,1.231374850598499
verylow,VLLO,2130.0,0.5095595852586936,0.6064232026351014,0.7011767199223564,0.8067015596699854,0.9157745343109743,1.0491203332059176,1.2231439640706638
verylow,VLLO,2131.0,0.4911669044155109,0.604806493841442,0.711802757565705,0.8043360523732104,0.901965030699227,1.0448079917939412,1.2406301649928204
verylow,VLLO,2132.0,0.49112715830567294,0.6016168658741128,0.6956397517305624,0.7923465109312652,0.8991998363009658,1.0592204069041475,1.2450919949240056
verylow,VLLO,2133.0,0.4646511634972481,0.5974483038238277,0.6914540575123328,0.7988717822877417,0.9089694860786239,1.0489449446181722,1.239357928750145
verylow,VLLO,2134.0,0.4849805569443545,0.5975191029670381,0.6923835246993265,0.7999736344872646,0.8974901713091802,1.0485560124144404,1.2552689455602322
verylow,VLLO,2135.0,0.4784221230771087,0.5996742766030533,0.6884121037961795,0.7913902009090389,0.8965151993281246,1.0292142300557021,1.2327829919860582
verylow,VLLO,2136.0,0.48220807525070775,0.589977120565252,0.6901116911674287,0.7776417607443089,0.89228559451459,1.01851014840843,1.2699321806216113
verylow,VLLO,2137.0,0.46013314608855077,0.5868731040852914,0.6943812858909787,0.791034108491409,0.894416599984746,1.0388403152821482,1.2578115361365367
verylow,VLLO,2138.0,0.4611001644246004,0.5800376803087378,0.6856134401568516,0.7928767097505413,0.8937941253857532,1.0174127777157593,1.2257177013408207
verylow,VLLO,2139.0,0.490069164476552,0.6004811074927436,0.6899996198815775,0.799437351423513,0.8994119197025484,1.0292985628396387,1.222077778764656
verylow,VLLO,2140.0,0.4824705548677232,0.5939390672090499,0.6939462657525987,0.7871613179382316,0.8728228275792611,1.0166944856722455,1.2346798476424725
verylow,VLLO,2141.0,0.48147797397496045,0.591978146402388,0.6861849940705652,0.7865527831592798,0.8747393556222567,1.0113760617088712,1.215146674470375
verylow,VLLO,2142.0,0.4752807714933531,0.5798296635477237,0.6875731440370739,0.7764983296728747,0.8653750719497769,1.00186502550809,1.2312957779510392
verylow,VLLO,2143.0,0.48321896537298215,0.5833573996606468,0.679320813436742,0.7713527609427737,0.8676487422681033,1.0018251128675835,1.2102808176872086
verylow,VLLO,2144.0,0.48276748112877316,0.5796078070630025,0.6757664523354634,0.7689021999310819,0.8670996435075875,0.9990785636943466,1.2256818578235358
verylow,VLLO,2145.0,0.48879361902654234,0.5899719130147125,0.6859160960001096,0.7770776241746068,0.8672301606925805,1.0117198546321067,1.1990434200394327
verylow,VLLO,2146.0,0.4630279634828638,0.5769001755261867,0.6763288301384764,0.771488703308121,0.8627684475073113,1.0153828008864272,1.233044421538946
verylow,VLLO,2147.0,0.47518311389555445,0.5797283383252879,0.6711977332499998,0.7626103097293656,0.8496508366555203,1.0149924628630371,1.2284696038314955
verylow,VLLO,2148.0,0.4587514584007891,0.5724115632637544,0.6732432360532636,0.7574005985766106,0.8697964342199744,1.010861950771391,1.233677618411894
verylow,VLLO,2149.0,0.4576563161942939,0.5780238185580329,0.660217023202697,0.7685068679611505,0.8616928993398598,1.0008254852640959,1.2139403332755805
verylow,VLLO,2150.0,0.4761090991839225,0.5657050390738163,0.656911458242544,0.763931114336031,0.8490900873876592,0.9952906062253493,1.2118712879996054
verylow,VLLO,2151.0,0.46577593944536894,0.5666076481571641,0.6476958110678698,0.73911738882342,0.8452183168967894,0.9960292056149066,1.203054643703905
verylow,VLLO,2152.0,0.4552961484716019,0.5717021726474254,0.6531585270128519,0.7385818406683796,0.8556311981328334,0.9968454823136008,1.1940591744543132
verylow,VLLO,2153.0,0.4517451192601462,0.5557527212201473,0.6516209818359443,0.753669297357648,0.8591362013412671,0.9913815619242544,1.2146090060116372
verylow,VLLO,2154.0,0.443199948187489,0.551969704952953,0.6412729525610498,0.7487649842213826,0.8516027646922769,0.9955499981456473,1.1830753194397505
verylow,VLLO,2155.0,0.4628852594636835,0.5552270541783403,0.648868344074455,0.7498154207891075,0.8490668907349183,0.991143366119422,1.208038129356811
verylow,VLLO,2156.0,0.44402514162560197,0.5517778101464315,0.6464220794187694,0.7489240404097416,0.8458504799447161,0.9822001405196543,1.2178723161747091
verylow,VLLO,2157.0,0.4286001720620239,0.5398911088884499,0.635776128954714,0.7439584326474054,0.8439855690739865,0.9800758875597476,1.2119055446281972
verylow,VLLO,2158.0,0.4432514011598856,0.548246849882308,0.6438282152296739,0.7441995487083134,0.8286281054708694,0.9825597406541547,1.202165209261228
verylow,VLLO,2159.0,0.4465814545710246,0.5596109976460953,0.6473260384539593,0.7366278649990878,0.8334832613944528,0.9643150296751956,1.1926242562372615
verylow,VLLO,2160.0,0.43351149227473157,0.5469569788357119,0.6334537803933603,0.7317458380665456,0.8453161326292635,0.9796529010942793,1.1859217494607355
verylow,VLLO,2161.0,0.43346910926792065,0.5408928823488539,0.6279882571029289,0.7301179116744103,0.8347038770525405,0.9915494169527866,1.1890694183985442
verylow,VLLO,2162.0,0.4198628524474013,0.527742469189487,0.615936697615465,0.7141133297660691,0.8218102954963726,0.9647972807970382,1.1917699566852777
verylow,VLLO,2163.0,0.4247412317270003,0.5233531489571318,0.6218647987640762,0.7088416474691247,0.815945169791172,0.9665228474921933,1.203604942585026
verylow,VLLO,2164.0,0.4196420187918346,0.5265029270060851,0.6326209167836995,0.7202178843410354,0.8199533104427789,0.9626850464940447,1.1905353451907743
verylow,VLLO,2165.0,0.41218761434219053,0.5222881460315693,0.6156833490232316,0.7126611513401387,0.8124637585184205,0.9637126879958315,1.1942531015627513
verylow,VLLO,2166.0,0.41805452728274384,0.5268820890344555,0.6233202386915083,0.7133764158318,0.8074119590781064,0.9470826089379363,1.1780792642090832
verylow,VLLO,2167.0,0.4294609759016663,0.5319381500056064,0.6146733639300505,0.7178150084412,0.8142439728004397,0.9612885264289899,1.16766089967119
verylow,VLLO,2168.0,0.4154909574580646,0.5222313038414792,0.6082013531539568,0.7126391561315669,0.8207598342966008,0.9486727972487352,1.1792486841436947
verylow,VLLO,2169.0,0.39786000483540157,0.5256845357162496,0.6156726144655403,0.7161957224930027,0.8106617137601321,0.9610687607437107,1.165058285265
verylow,VLLO,2170.0,0.3919365608605606,0.5176570772932301,0.6142330054770379,0.7181851618259314,0.8143370583315661,0.9499834951851712,1.1727579799779608
verylow,VLLO,2171.0,0.406292487872377,0.5090951442138055,0.6054176973921953,0.7019763387791995,0.8091808091513824,0.9517756708647059,1.1786068088505566
verylow,VLLO,2172.0,0.4011529874365606,0.5180847163045251,0.6096428273926692,0.6992070895912459,0.8080159905414344,0.9490464566165484,1.1372853973095907
verylow,VLLO,2173.0,0.4110596562335411,0.5198123105198426,0.610573323552576,0.7056836900622324,0.803391659516801,0.940148728592999,1.1302536694984704
verylow,VLLO,2174.0,0.40429907377338237,0.5204614301955811,0.5984689316099531,0.6874134365333538,0.796809160085381,0.9315991880861597,1.148548153149876
verylow,VLLO,2175.0,0.4072198392732579,0.503285619634045,0.6014825942069632,0.6914415749599606,0.7986363731997035,0.9376939756769063,1.1495228108640838
verylow,VLLO,2176.0,0.39835482054485033,0.5035200191395329,0.6011659142006834,0.68756029630975,0.7982075197031793,0.9458722759661666,1.1469395629593984
verylow,VLLO,2177.0,0.4024822132149353,0.49668019607619746,0.5969450566432333,0.6821999714900252,0.8001851778288059,0.9262301225705155,1.1815742706146974
verylow,VLLO,2178.0,0.4016985937876688,0.504234406300244,0.5932761237104539,0.685537293799457,0.7853671927557282,0.9231171380725545,1.1721754441750405
verylow,VLLO,2179.0,0.38922959253830547,0.48853722360491997,0.5818677881472916,0.6788427216401971,0.787703836201863,0.9189629050829482,1.1519504796713609
verylow,VLLO,2180.0,0.3808100666054552,0.49830141302227976,0.5879008120256868,0.6883852953898474,0.784297297342651,0.9209281299792929,1.1628085268811958
verylow,VLLO,2181.0,0.3823319191826953,0.49993091608478113,0.5883701859160878,0.6711305103614522,0.7764632525485636,0.9202558088429816,1.1341731080769628
verylow,VLLO,2182.0,0.3886570038914314,0.4915042933409237,0.5717697290899791,0.676471472726902,0.7732061434806601,0.9157932683062314,1.1494111693652875
verylow,VLLO,2183.0,0.3884315228194562,0.48077914316871606,0.5694722715123318,0.6639289013237389,0.7759961848366856,0.9227143574738695,1.1018854014564479
verylow,VLLO,2184.0,0.3815862459777589,0.486521338916162,0.5790769583512237,0.6627625529711689,0.7742504735775978,0.9192649748245948,1.12831554983894
verylow,VLLO,2185.0,0.38540458604936517,0.47789888769630184,0.5833639436820998,0.6781617429659268,0.7807846894638802,0.9179116936761735,1.139707342214242
verylow,VLLO,2186.0,0.3733587649869282,0.4736770424449524,0.5806559629463299,0.6669122881070509,0.7759131238273195,0.9057146525494041,1.124228163205646
verylow,VLLO,2187.0,0.3711933901442759,0.48364431509844463,0.5679217678500156,0.6584733075916694,0.7558847308369073,0.8921756342536529,1.125307404252993
verylow,VLLO,2188.0,0.3743516807998307,0.4820630860680554,0.5771169404190529,0.6655609838068568,0.7541354347653698,0.903788426471313,1.1134081986186306
verylow,VLLO,2189.0,0.3698487685403121,0.4695874465367945,0.5625402788349816,0.6659299682759615,0.7632181567996457,0.8864905489407574,1.120577769767136
verylow,VLLO,2190.0,0.370599988883101,0.483502573245586,0.5664379112742056,0.6590215470753811,0.7621104876028925,0.9033589759641776,1.1147960964184565
verylow,VLLO,2191.0,0.38105170109700953,0.47303383138793387,0.5656448452680576,0.6587640983828404,0.7590473180009589,0.893273333604114,1.1105054572104374
verylow,VLLO,2192.0,0.37772575666291724,0.47308220534225953,0.547856411220498,0.6641425303267909,0.7587557606882993,0.8878376688031006,1.0759338415953663
verylow,VLLO,2193.0,0.3636688432673566,0.4719161639252681,0.5590094523246705,0.654261565131868,0.7489824413968605,0.8720929339812287,1.104161575386278
verylow,VLLO,2194.0,0.37916932211070176,0.4781255894395414,0.5567866373284273,0.658643286897923,0.75035496180711,0.8995672182451562,1.1334343013192583
verylow,VLLO,2195.0,0.36472273405719297,0.47177816106912296,0.5582778043396827,0.6455414558003758,0.7505289767868427,0.8864739301537506,1.0880287204984438
verylow,VLLO,2196.0,0.3583225759666992,0.46968534972234205,0.553293315500448,0.6489837063976206,0.7506374056989895,0.8885276383146041,1.0730062398410716
verylow,VLLO,2197.0,0.367533743445501,0.4637984382677776,0.5548961160923854,0.6417898440980173,0.7358227918907985,0.887411391407942,1.1110337647144208
verylow,VLLO,2198.0,0.3798914515667708,0.4686963248177579,0.555265484053979,0.6448049764548703,0.7321860430202293,0.8711140632645373,1.094515109201405
verylow,VLLO,2199.0,0.37637952359311383,0.46344608339690413,0.5475609432473468,0.64950231798536,0.7396375589088451,0.8703432219242667,1.0886142945267991
verylow,VLLO,2200.0,0.36818075754599394,0.461523845538205,0.5537207314220055,0.6401014854033872,0.7352887454336459,0.885669840978187,1.1081253508399418
verylow,VLLO,2201.0,0.37203826958116076,0.46018980555726124,0.5459317859943448,0.6407873819685931,0.7315139216110387,0.884235689275375,1.0872702036336985
verylow,VLLO,2202.0,0.34674588105543147,0.4660127085284372,0.5499260320530177,0.6456021671882424,0.7386369308152592,0.8752583601480548,1.0742007178975184
verylow,VLLO,2203.0,0.35917577282552543,0.45074133205294087,0.5435828399687884,0.6337379593035624,0.7170266537194903,0.865256266456645,1.075901877435648
verylow,VLLO,2204.0,0.34570143551525573,0.4497343867234592,0.536342179860952,0.6365380872525603,0.7157549555806464,0.8581638701271531,1.110659640897146
verylow,VLLO,2205.0,0.3645548187031305,0.45378791277193775,0.5354972815828194,0.6284899922852064,0.7152751510805364,0.8639466513740292,1.0867765922103811
verylow,VLLO,2206.0,0.3498430015963521,0.4498891300401519,0.5393392797116063,0.6251771855587956,0.7145951510762918,0.8626352536540488,1.0887535323461055
verylow,VLLO,2207.0,0.34287694409177916,0.4562539829232229,0.5337794924241788,0.625336470858148,0.7183535908325558,0.856287459226734,1.0753746265877975
verylow,VLLO,2208.0,0.3300259511717407,0.43785691430958806,0.5369943434982439,0.6171483011720196,0.7026585826647499,0.8471293721877018,1.065362644738057
verylow,VLLO,2209.0,0.32807749561772725,0.43695312748438203,0.529726660123976,0.6281796209647581,0.712958142694419,0.8544572495651617,1.0514880037254448
verylow,VLLO,2210.0,0.3300345912188394,0.43650655677282474,0.5181320210741366,0.6177891137887741,0.7220912535883588,0.8562366889022662,1.0539516783333422
verylow,VLLO,2211.0,0.35129800375741504,0.4386015578644761,0.5217531240923062,0.6090460916377046,0.7068663119373731,0.8444138850809828,1.0444044409066688
verylow,VLLO,2212.0,0.33171241829102777,0.4369732488778976,0.5145316788105646,0.6119328227410863,0.7142522453944414,0.8526498878272639,1.0632097260327131
verylow,VLLO,2213.0,0.320172366533483,0.4331388173521669,0.513522258442086,0.6082567902060596,0.7042918935317548,0.8464213068845413,1.0636352961526399
verylow,VLLO,2214.0,0.31680373943248535,0.4172464753123811,0.5061174800657641,0.6063941614721202,0.7116019891737537,0.8579850385720765,1.0647384595610752
verylow,VLLO,2215.0,0.3241355518732364,0.4280825695237096,0.5121977763827162,0.6058530064321771,0.6969163713997752,0.8459183087358236,1.0333828939575678
verylow,VLLO,2216.0,0.32103996406347823,0.43087584179340155,0.5171757194695646,0.601124447592029,0.6955412757601821,0.8330749384755116,1.0506421380539717
verylow,VLLO,2217.0,0.3395142796177703,0.4349298003944167,0.5168816839915111,0.6038693975830399,0.6892779742384548,0.8295246316139003,1.0552616663414192
verylow,VLLO,2218.0,0.3128744451208691,0.42377540418069665,0.5044323145730714,0.6032498335876303,0.6882326789555879,0.8312688796647242,1.063111348695562
verylow,VLLO,2219.0,0.322604142436407,0.41676597933518317,0.5118891249956397,0.603896842578601,0.6941866941493042,0.8245530891967618,1.059745659084093
verylow,VLLO,2220.0,0.31355060235382454,0.4143250362154269,0.5075122900857462,0.5980027431025837,0.7015114778356812,0.8203526366067966,1.063295286114786
verylow,VLLO,2221.0,0.3188006899838215,0.41716029754900014,0.5007777701805195,0.5859576016176641,0.6865753848898107,0.818454343840431,1.0550268933698652
verylow,VLLO,2222.0,0.3168171528957209,0.41026780914259386,0.4951090784790338,0.5928182935676622,0.6808456383589223,0.810899212447471,1.0456027520779778
verylow,VLLO,2223.0,0.309328735069403,0.4119694991175768,0.49033214806360065,0.5856115644283694,0.6710405060112178,0.8060766287888462,1.0337700339028275
verylow,VLLO,2224.0,0.2932982811808905,0.4091298843657093,0.5079900564306312,0.5873228009561244,0.682939849145541,0.8125391419683485,1.0385218971543004
verylow,VLLO,2225.0,0.2851312035031697,0.40973801825002004,0.5075942326054235,0.5878686967969737,0.6747310914633717,0.8067041083137064,1.0762237705376758
verylow,VLLO,2226.0,0.2937358055993832,0.410589455446814,0.5008367878410191,0.5858760034299708,0.6730415321998594,0.7965736447537451,1.022658497567798
verylow,VLLO,2227.0,0.2933595030949325,0.4083108958337063,0.4905645932295353,0.5741600148169537,0.6759034389008821,0.8086193287154297,1.0271859160972991
verylow,VLLO,2228.0,0.2818850964787716,0.3907004861648235,0.486131924100603,0.5811568413973212,0.6755350241412611,0.8096986094243239,1.0397674619302764
verylow,VLLO,2229.0,0.2937027652738266,0.3971000684262161,0.4774440171327341,0.5656131409246127,0.6649987521959028,0.8070443908249583,1.0091028927170083
verylow,VLLO,2230.0,0.27940051192421933,0.38594590044392385,0.479306508942833,0.5609348302657096,0.6691392011228224,0.7965159106241778,1.0111625607683932
verylow,VLLO,2231.0,0.28147902609913283,0.38703977115254845,0.4846427666145387,0.5658661443940765,0.6637710251018866,0.7893698357722319,1.049462207985082
verylow,VLLO,2232.0,0.29005928295539013,0.3907128637978304,0.49107531283061856,0.5806727429109435,0.6694551560979316,0.8066898305995841,1.0154395100575135
verylow,VLLO,2233.0,0.28711760227284683,0.3953675484631437,0.48728035283845017,0.5672840683831432,0.6615829303804018,0.7894792476399557,1.01578538194531
verylow,VLLO,2234.0,0.30399902703313253,0.40560401475253666,0.4879339931902861,0.5680653821212731,0.6638332009696047,0.790464179031367,0.9902169594019599
verylow,VLLO,2235.0,0.2996761121218605,0.3876764070031743,0.4782501254276461,0.5639801136301956,0.6543826935151329,0.7805218023826495,0.9992562889564476
verylow,VLLO,2236.0,0.29134782148585925,0.39409374203439473,0.4842158473958037,0.5763639715078042,0.6591356833936759,0.789254252366577,1.0203365418718247
verylow,VLLO,2237.0,0.2856223129526177,0.38273737718805795,0.479817268643526,0.5654056798277681,0.6555388929847721,0.7847790791220793,0.9910428059612969
verylow,VLLO,2238.0,0.2869142312638348,0.3863287752121743,0.4734047466912611,0.5563613606560751,0.6420474696801193,0.7996830701331001,0.9827063155983473
verylow,VLLO,2239.0,0.28614261455242873,0.37900600948707047,0.47507274410418715,0.5635232337222695,0.6453771161961871,0.7784256527889807,0.9967795613030302
verylow,VLLO,2240.0,0.2993940708933016,0.3828703540617321,0.4710139167253821,0.5544738021860813,0.6432176668441446,0.7955502699737615,0.9699328790282903
verylow,VLLO,2241.0,0.2919747524191114,0.3785022355258793,0.4645390846106851,0.5432783280423051,0.6369226158429455,0.7791976287465725,0.9967478524839749
verylow,VLLO,2242.0,0.276459088039077,0.38050953924832814,0.46379259259211575,0.5449693703039578,0.6350331711323322,0.7751096242669376,0.9874232186598466
verylow,VLLO,2243.0,0.28425053358524255,0.38032052460380705,0.46621361119897275,0.5489633626599606,0.6396763270783711,0.7674783585403636,0.9921440296477272
verylow,VLLO,2244.0,0.28686188023067094,0.37853631917683583,0.4606259506156025,0.5398119807447165,0.6294200695883965,0.7739068581722099,0.9684944445060684
verylow,VLLO,2245.0,0.26615947696416803,0.3823098295166703,0.46230106653081515,0.5411464081869483,0.6304640681384448,0.7481728425092281,0.9604079611365821
verylow,VLLO,2246.0,0.2813951312440033,0.38117004741424465,0.45390436572971904,0.5462724448013456,0.6329759820401677,0.7521444085267132,0.929461812764693
verylow,VLLO,2247.0,0.25348841606188394,0.36235327981720883,0.44935771133512,0.538985899956753,0.6237453803209541,0.7674053142933792,0.9558114625292388
verylow,VLLO,2248.0,0.2601362411085141,0.3727554957582935,0.45752958228471163,0.535739801798647,0.6300589798757642,0.7532120332060026,0.9427398398392739
verylow,VLLO,2249.0,0.2687659232231432,0.36642598483836425,0.45031982261669135,0.5336401051324619,0.6243638552565611,0.7617804114003943,0.9375224592418302
verylow,VLLO,2250.0,0.25467057218150857,0.3677857576931021,0.44783362623368034,0.5332597866868508,0.6241050820359763,0.7588462297345949,0.9420947040461092
verylow,VLLO,2251.0,0.2636347015469789,0.36466415135888486,0.44626721025716287,0.5330019379204928,0.6182395375497433,0.7483575715334038,0.9485485654706405
verylow,VLLO,2252.0,0.24601719863604019,0.36253062141598735,0.44661027517169066,0.534548519066169,0.6164066627628259,0.7480012873427646,0.9256312303688292
verylow,VLLO,2253.0,0.26623368012054527,0.3682606779453852,0.44449603760486844,0.5378169242371128,0.6255208610684649,0.752678775502858,0.9390438184913453
verylow,VLLO,2254.0,0.25572629895961513,0.3728479568253948,0.4446152342926844,0.5266094144666675,0.616216998244317,0.7422129058637157,0.9288129032510495
verylow,VLLO,2255.0,0.2527432624202556,0.3531604539715923,0.43587722765917203,0.5214733247564137,0.6120798206741593,0.7476294652183768,0.9544451078900011
verylow,VLLO,2256.0,0.2542350209015526,0.3673523704779899,0.4469278816043678,0.5209443232798294,0.61087167195057,0.7410453188540395,0.9533296284278485
verylow,VLLO,2257.0,0.273502493211968,0.36415944313625775,0.44103987372215825,0.5247746977435106,0.6090288949067195,0.7389867127657324,0.9416499136181292
verylow,VLLO,2258.0,0.2710332760869832,0.3582951025509366,0.44823516150661763,0.5264273281685173,0.6153658965740794,0.7456744918279772,0.9391579822874019
verylow,VLLO,2259.0,0.2537259920986166,0.35189722142745283,0.43303371577005073,0.5114998458781725,0.6038681902013735,0.7295832188567295,0.9361242017206952
verylow,VLLO,2260.0,0.2564412288478487,0.3513856076534059,0.42336943902763735,0.5003791786977523,0.5852062078285748,0.7217016989494751,0.9475523497369802
verylow,VLLO,2261.0,0.24405122184617117,0.3417753817286793,0.42120104239134476,0.4987068159013953,0.5937029235720674,0.716141574541523,0.9392390221780491
verylow,VLLO,2262.0,0.25680384096209025,0.3582941720928036,0.42627017099891223,0.5090972697526945,0.6001379922516338,0.7219079033554772,0.9377197599075497
verylow,VLLO,2263.0,0.26229928371853617,0.3474707951491659,0.4293415983451594,0.5051710955131018,0.5856490941530108,0.7147540222923976,0.9273261084133464
verylow,VLLO,2264.0,0.26599845467905686,0.347921963094237,0.4247507950377084,0.5081259972865659,0.584977283500823,0.7051310481842943,0.9081624643064163
verylow,VLLO,2265.0,0.24922744616349773,0.34771663785291024,0.42080766153351595,0.5038801036644569,0.5855453081217551,0.7016559612832236,0.9028696141294728
verylow,VLLO,2266.0,0.2384690876534212,0.34102473762998936,0.4176150215158156,0.48609664117502327,0.5815812438415993,0.7024451048942193,0.8968711999321454
verylow,VLLO,2267.0,0.2312014364995185,0.33569804631054834,0.41933215058124407,0.49724657142135753,0.5786643616466162,0.7003022815511187,0.9158282000649355
verylow,VLLO,2268.0,0.23477606173106824,0.34267061920200403,0.4201100546117769,0.5007855571622996,0.5829459865066196,0.705143699069248,0.8822781007312172
verylow,VLLO,2269.0,0.24380763014457063,0.33182787180643686,0.41389976530457123,0.49709135831734136,0.5798408480762032,0.7065380491030483,0.8897241148309851
verylow,VLLO,2270.0,0.2250690516913371,0.3307424576814303,0.407955156234156,0.49108255084101526,0.5749793498000025,0.702501740476234,0.9007439917076981
verylow,VLLO,2271.0,0.2331813538072602,0.33842773607400145,0.40918475881381833,0.4826264116401661,0.5717526121918156,0.7092077901768404,0.8972994419650977
verylow,VLLO,2272.0,0.23152619367343139,0.34558083015796626,0.41025676762830793,0.483341246295556,0.5786861514293848,0.6986143917811896,0.883833544959793
verylow,VLLO,2273.0,0.22859240366937228,0.3288629313935142,0.4089112794025199,0.484840573172065,0.577576093205485,0.6977757107282017,0.9048039900944284
verylow,VLLO,2274.0,0.22722359321298397,0.3395120887097083,0.41310234026674336,0.4801312914984563,0.570924064991893,0.6969864537821451,0.8737276850292499
verylow,VLLO,2275.0,0.2414318257859491,0.32174405144828466,0.40813822328891414,0.48620968839778894,0.5688974019500549,0.6868332587434033,0.8807461510336709
verylow,VLLO,2276.0,0.23176524339366333,0.3263492323444483,0.4089952004186786,0.4871633748758312,0.5805123092666298,0.6902362931533984,0.889815659935704
verylow,VLLO,2277.0,0.23348523182459238,0.3186336947678671,0.4020867097675856,0.4842237881822505,0.5637825337605268,0.6887029360026422,0.854525021530244
verylow,VLLO,2278.0,0.2233475774179757,0.3256121156979158,0.4055565926699862,0.4914339782824371,0.566604287675251,0.6835373150627025,0.8682180850958537
verylow,VLLO,2279.0,0.21905827295601077,0.3198567592076404,0.39609697243072434,0.4746626922225732,0.5616644184972764,0.6925722001430547,0.9024524205515797
verylow,VLLO,2280.0,0.21920274823189673,0.3112571066548623,0.38501522878588335,0.4654617795767867,0.5566516413493836,0.677116771409629,0.875262242937111
verylow,VLLO,2281.0,0.21326114429896698,0.3158613412344635,0.3843831710269032,0.46455064403886637,0.5538107808972205,0.6917380976449957,0.8580580568863093
verylow,VLLO,2282.0,0.21784238398903058,0.3220093806161046,0.39805917902640503,0.4698982478100599,0.5638527813449086,0.6710241914505611,0.8796712111186663
verylow,VLLO,2283.0,0.22990210042987363,0.32208040109137803,0.3951602151476304,0.4693243676669897,0.5578686410436674,0.6656093673414959,0.8640856956377401
verylow,VLLO,2284.0,0.2273392469999785,0.3230384301954617,0.3944851267291426,0.46902232883628664,0.5554137308457818,0.6646683928009612,0.8568768760169254
verylow,VLLO,2285.0,0.20241307538029712,0.31505911046412,0.3939327471000173,0.47116740305817795,0.5470107637532426,0.6629164349537141,0.8557635182240356
verylow,VLLO,2286.0,0.21750446164219026,0.3180284246932123,0.3891313438159891,0.4657460610353439,0.5432658786619393,0.6763313341473896,0.8569520303662479
verylow,VLLO,2287.0,0.21110412552139146,0.31589414112269754,0.394934467640758,0.46517592142724545,0.549059949963646,0.6661264100339577,0.8756290904538065
verylow,VLLO,2288.0,0.1898661079546634,0.3063174854331256,0.3874292426299846,0.45779658410973323,0.5352097584918373,0.6593765474986513,0.8681473470014485
verylow,VLLO,2289.0,0.20338582383156534,0.29832351220514547,0.3857964750287,0.4583082393698491,0.5399912127208875,0.6556186293838945,0.8479122291877175
verylow,VLLO,2290.0,0.20578719422610012,0.29773802626099305,0.3815109889354664,0.4503811632452977,0.5388204475735804,0.6619049913162115,0.8599623361461185
verylow,VLLO,2291.0,0.22878706445079633,0.30803950814092457,0.3819194246420148,0.45937403585496767,0.5387506634880727,0.6546607330284842,0.8712814055638297
verylow,VLLO,2292.0,0.20198091265938042,0.29961050450648447,0.3816679048608754,0.46587261043002964,0.541572957308894,0.6459417755012953,0.8778810687600276
verylow,VLLO,2293.0,0.19648146305051756,0.3079663970198233,0.3804598622700407,0.4571335515229059,0.5272192350392675,0.6543099325427706,0.8521866163467509
verylow,VLLO,2294.0,0.20586534449939817,0.2973536357242682,0.3826730492337525,0.4620913830640742,0.5366744763582266,0.6460935287422981,0.8509726150661783
verylow,VLLO,2295.0,0.20632835290299473,0.30748922270492435,0.38581081481391155,0.4599723520690311,0.541113861323726,0.6422076784894765,0.8435908181359427
verylow,VLLO,2296.0,0.2040836583146372,0.3017224725776207,0.3812827130187733,0.46209593423738227,0.5477571876167521,0.6485883552448668,0.8430975779216148
verylow,VLLO,2297.0,0.19847179811962096,0.3071086332855244,0.38655969147652475,0.46047736876950474,0.5440860931120307,0.6425504113993884,0.8382288456134297
verylow,VLLO,2298.0,0.2011918024720779,0.29751193974351825,0.3794857000411289,0.4652587765812528,0.5324913860804916,0.6571310050797099,0.836516004825545
verylow,VLLO,2299.0,0.21052119230280025,0.3098282337806065,0.3913522174696591,0.4634833186650939,0.5443002535378549,0.6588865285972185,0.8585471623424159
verylow,VLLO,2300.0,0.21235633286839561,0.31221019815356954,0.38687649054103246,0.4632485939801913,0.5413096919683074,0.6672912929414485,0.8527541865746132
verylow,VLLO,2301.0,0.2128515816214866,0.31692431379761926,0.3835520335381657,0.47046092297040487,0.5500383488412371,0.6627508382676646,0.8342947008068313
verylow,VLLO,2302.0,0.20392314715173657,0.29240907266191296,0.385339809283144,0.4707787267798201,0.5403233063211178,0.6712392681559382,0.847305262392427
verylow,VLLO,2303.0,0.20747509182695784,0.30606787089603515,0.3888089816329805,0.4628031709496372,0.5409259234870764,0.6701539364600172,0.8643919862039949
verylow,VLLO,2304.0,0.21631939202177064,0.29556010184823495,0.38515343917861766,0.4601000905896009,0.5393310321579711,0.6532426902794078,0.851051192130528
verylow,VLLO,2305.0,0.22714823721519092,0.2979027384670685,0.37862114387921203,0.45534183244190995,0.5361523979960213,0.6582948393184344,0.8508633294033365
verylow,VLLO,2306.0,0.21990241306250344,0.30600191187324083,0.38439291379170837,0.4536965018539053,0.5362121512645516,0.6731252042111897,0.8357148953305211
verylow,VLLO,2307.0,0.20678680260641819,0.30233599488198765,0.37485517614415254,0.45131469728984575,0.53417527475036,0.6583852114590724,0.8180174050982055
verylow,VLLO,2308.0,0.20540638985601187,0.30496559205832113,0.37743346981016557,0.4561814737036727,0.5341395958862696,0.6530626696797989,0.8630957228205826
verylow,VLLO,2309.0,0.20902705967754034,0.30030255387611093,0.3884236450580282,0.46374352866203206,0.5442688080391421,0.6617593063380776,0.8469214755981387
verylow,VLLO,2310.0,0.20821339334042527,0.30566178471421096,0.38072667891862166,0.4563025494806386,0.5346440371707042,0.6604393492020841,0.8285934774192164
verylow,VLLO,2311.0,0.20349986655669394,0.3120277831777047,0.37882374785793416,0.455129480605934,0.5363948548260956,0.6516506256417268,0.8349562560142907
verylow,VLLO,2312.0,0.2104155309447328,0.30886943436829484,0.3844724511200324,0.4630399268208857,0.5379886357390081,0.6459752274633724,0.8371550673115496
verylow,VLLO,2313.0,0.22538754319779253,0.321868496140872,0.38973728998203605,0.463783116487839,0.5434580218626526,0.6446384342952866,0.8215169063770457
verylow,VLLO,2314.0,0.22595371267514366,0.3222997030464447,0.3901000144517725,0.45369679622364484,0.5384352053540695,0.6545635341837746,0.8318333081662728
verylow,VLLO,2315.0,0.21746400626316595,0.31330703728943854,0.3923946024494723,0.4710645252861434,0.5517602204360716,0.6647948098488689,0.8469000692271721
verylow,VLLO,2316.0,0.22376292231953052,0.3125247669985787,0.387603936146208,0.4738516260158474,0.5506335301034959,0.6651254420445879,0.8371839338109609
verylow,VLLO,2317.0,0.22449361994183323,0.3099657394354865,0.3834916047142398,0.4667726619926685,0.5465989714536202,0.6637396526236045,0.8396678567403731
verylow,VLLO,2318.0,0.21969533295513252,0.31656377302978933,0.3967515253949935,0.4674077662563942,0.5487947375414427,0.6607143563249569,0.8360117825260647
verylow,VLLO,2319.0,0.21610137329736392,0.31546405353089807,0.3921122593907277,0.4650017565356021,0.5375263606971786,0.6634183646759093,0.8511789784609893
verylow,VLLO,2320.0,0.21377248357551557,0.3123387582367141,0.3940293132610932,0.4609777436640152,0.5387312756189445,0.6603870243284797,0.8384585727267612
verylow,VLLO,2321.0,0.21088398921758747,0.3185744926739345,0.3974825199659507,0.46499141772552743,0.5383814402828834,0.6587089157066425,0.8235315777188623
verylow,VLLO,2322.0,0.22759810801796387,0.31583804116083986,0.39687890348298493,0.46043171164745256,0.5445988697689294,0.6545455459360012,0.8431649056395601
verylow,VLLO,2323.0,0.22283841721419978,0.31776984882821646,0.3950181545156277,0.46011668219556506,0.5336528799599877,0.6634361446933904,0.8461927732286803
verylow,VLLO,2324.0,0.22660568757168126,0.31189328434089547,0.38813481730836613,0.46452858190810953,0.5429041237201778,0.6582471183028467,0.8763437640975803
verylow,VLLO,2325.0,0.20909034617879843,0.30952425605686695,0.3860189512855829,0.46533570156768667,0.5366804129607634,0.6629475152303848,0.8468207422338394
verylow,VLLO,2326.0,0.23232627013456378,0.31049919811010146,0.3826550028871851,0.4632806709574995,0.5464657711753719,0.6606589687641202,0.8306083129019481
verylow,VLLO,2327.0,0.2223592931842103,0.3139817486389657,0.3834619371175878,0.4563199843422602,0.5402759200355703,0.6622404386318859,0.8505242445390024
verylow,VLLO,2328.0,0.21885876595874093,0.30895627857339925,0.39216242545745766,0.4659042191174197,0.5406223240428472,0.6683001830299486,0.859752557115019
verylow,VLLO,2329.0,0.21802932027235805,0.3164562406891668,0.3958617916150815,0.46839165228820223,0.5543687328021234,0.6651779991187785,0.8417195830828701
verylow,VLLO,2330.0,0.22097404630452921,0.318164780745787,0.3921953033138543,0.45830941312847434,0.535688578261326,0.6657843618592951,0.8425432367494418
verylow,VLLO,2331.0,0.2259038460225291,0.31647086162744803,0.39409727552010393,0.46563593884181,0.540843169891705,0.6589821473241452,0.8274036971602815
verylow,VLLO,2332.0,0.21212992215439364,0.319780340285891,0.3934724062505349,0.46091287978628626,0.533753253357787,0.6614419125677125,0.8474595237236343
verylow,VLLO,2333.0,0.2328961365356176,0.31950651726976786,0.3923547486051735,0.46130473924192417,0.5454004387232654,0.6556268832213079,0.832166164532866
verylow,VLLO,2334.0,0.22670309165025138,0.3151029456226179,0.39285547098157597,0.4605861279414803,0.5435997512990994,0.6586644763486735,0.833175211776926
verylow,VLLO,2335.0,0.2399474356180824,0.326639529300786,0.39614373497350286,0.46670999908958816,0.5434637920549632,0.6577227366771317,0.8403801941798317
verylow,VLLO,2336.0,0.23609757376224333,0.3169660488470975,0.4022808700135814,0.4657866460698929,0.5488487359691149,0.6651194562541032,0.8447857228618941
verylow,VLLO,2337.0,0.23290332192659785,0.32242328286663496,0.3981149742648057,0.4758948677034938,0.550291060211501,0.6559731844747335,0.8539652233702191
verylow,VLLO,2338.0,0.2382285177667347,0.31885882100665697,0.38700114485740666,0.46432840124991936,0.5401436808433854,0.65489783236783,0.8253555954176944
verylow,VLLO,2339.0,0.22533517234972725,0.31160495921852727,0.3847740688482402,0.4677863723153866,0.551113495962636,0.6689253461564142,0.8376250680920131
verylow,VLLO,2340.0,0.22220831029797788,0.3116075816775831,0.38549648251897645,0.4683618377851673,0.5451998036058202,0.6595580669686344,0.8370584727723888
verylow,VLLO,2341.0,0.2124696635530462,0.31957717743281877,0.40023021141102333,0.46909228691794347,0.5558314955845164,0.6695794167721552,0.8290613516916575
verylow,VLLO,2342.0,0.22819423654209894,0.32197661346738926,0.4014446272457141,0.47466752875452567,0.550177859305012,0.6746090033207236,0.8414785288980817
verylow,VLLO,2343.0,0.2375840676388705,0.3282794206290844,0.4100621283586439,0.48471165394692267,0.5685025036627415,0.678435256399352,0.8384915765710419
verylow,VLLO,2344.0,0.2461774087036558,0.32757349421719356,0.39668440083545553,0.4842311335083173,0.5509010573165389,0.678561903082064,0.8409933739173214
verylow,VLLO,2345.0,0.24160213712396178,0.3253237441518235,0.40201975109664617,0.4819452904460917,0.5547087046057878,0.6750135730902147,0.8586860175047782
verylow,VLLO,2346.0,0.22270612758619354,0.3239335634484511,0.4002741791387105,0.4787804546095602,0.5482393654432739,0.679000224708373,0.8423527419822346
verylow,VLLO,2347.0,0.2389921403131719,0.3349003699822325,0.3984117947753274,0.4713751704407157,0.5545943455871782,0.6672476745676915,0.8231549365217162
verylow,VLLO,2348.0,0.22853217832924036,0.3294418864255455,0.4010342130427295,0.4845299105998119,0.5539474063981431,0.6725814862568434,0.8168313728326603
verylow,VLLO,2349.0,0.24433743266733757,0.3269653761401795,0.40058822151670004,0.4759461456136242,0.5505507570014643,0.6661952215888085,0.8452799215824134
verylow,VLLO,2350.0,0.21650247540216971,0.3216732243809208,0.40701303204899686,0.47488693968618384,0.5485393393728155,0.6655554711139446,0.8571335650220693
verylow,VLLO,2351.0,0.23693838799430542,0.32425703023288777,0.4029738340711428,0.4635207960286938,0.5391892077751966,0.6490606420619374,0.8572764081848794
verylow,VLLO,2352.0,0.24164206210440956,0.32476677192169146,0.397558293435984,0.47320956966864597,0.5496947236624655,0.6678229427395734,0.8518034444667525
verylow,VLLO,2353.0,0.2358965813734738,0.319708064296359,0.3960635013985445,0.47529050164933784,0.5507672313198392,0.6692626588599452,0.847305851863392
verylow,VLLO,2354.0,0.229806437064972,0.333634471148905,0.4066870583056901,0.47728281434816217,0.559167094014337,0.6560353836608968,0.8539979346890655
verylow,VLLO,2355.0,0.22831635573895703,0.32759596174703903,0.4070414135680418,0.4804778754961259,0.5569080300284824,0.669583126130039,0.8233807352932645
verylow,VLLO,2356.0,0.21701576345734871,0.32503172701635374,0.4015982806316816,0.4758552332928702,0.5480099967876582,0.6746314138261141,0.8430234861502253
verylow,VLLO,2357.0,0.22792844098545742,0.3283206653303025,0.4076077159991723,0.48490415142779114,0.5566200827863521,0.6667648751311804,0.8509314839467247
verylow,VLLO,2358.0,0.22555772702881574,0.32834217116486136,0.4064391684647608,0.4734089431061075,0.554072573504522,0.6774613939392403,0.8519457429546582
verylow,VLLO,2359.0,0.23077723696302477,0.32654998463471074,0.4023581033283264,0.4748379012016706,0.5612311667872109,0.674730541547292,0.8547877470071371
verylow,VLLO,2360.0,0.24098108620162823,0.33094807104377516,0.4089218979264308,0.47563662600967654,0.549455134144694,0.6753864143046264,0.8644705775087518
verylow,VLLO,2361.0,0.23310624004123098,0.3285955861191805,0.40707954760311565,0.4763345317280195,0.5567579349579527,0.6749712500331012,0.8517033631850748
verylow,VLLO,2362.0,0.22106761968384625,0.3321216820543273,0.41033434771988947,0.47473617582860805,0.5506673646138165,0.6757084763754871,0.8538959555766126
verylow,VLLO,2363.0,0.23516571206899622,0.3295371970598291,0.3972455631848043,0.47161322542819545,0.5520638758020772,0.6862261847412015,0.8385396347783348
verylow,VLLO,2364.0,0.24309591323592958,0.32440944532327104,0.4026838784864332,0.47343062123294266,0.5504971265182182,0.6758604223053021,0.868174069787635
verylow,VLLO,2365.0,0.24695453902315484,0.33735985051921275,0.4065059795412299,0.48258866064305966,0.5608296890684613,0.6697563047299939,0.8672545030806117
verylow,VLLO,2366.0,0.23679211202938583,0.3342198297474105,0.4111141465962967,0.4818246510517599,0.5679217926356475,0.6862309738988573,0.8485746150027852
verylow,VLLO,2367.0,0.23236668211095357,0.3324073721126721,0.4001952720369803,0.4772178075826806,0.5514605194167602,0.660707274991308,0.8456457329393252
verylow,VLLO,2368.0,0.23101347036541253,0.3222168218339575,0.3999762988791,0.4707483488577953,0.5542024740275988,0.6681570020205759,0.8317968057023393
verylow,VLLO,2369.0,0.23109443557142695,0.31815986029283283,0.39323219478203253,0.468174028054937,0.5437399299114963,0.6648826475948095,0.833698796234273
verylow,VLLO,2370.0,0.227748043113492,0.32400963264590493,0.3936516795278856,0.4699257081196771,0.5439484723797875,0.6612430485235494,0.8331774001077273
verylow,VLLO,2371.0,0.23048738296378898,0.3240529306171684,0.4041448985467973,0.46092692099478666,0.5386901971020938,0.6616912842386952,0.8335740850342228
verylow,VLLO,2372.0,0.22092582334293778,0.3248316394389797,0.4033270354953038,0.4766506403913166,0.5587487997490073,0.6794349262457626,0.8268041625013386
verylow,VLLO,2373.0,0.2251002459591258,0.3151600969448119,0.39286540694760125,0.4693272707674652,0.560123664183334,0.6764932203101965,0.8361328900319719
verylow,VLLO,2374.0,0.23206896763497015,0.31973500189270454,0.3957970025529828,0.47226471531978165,0.5616620320475586,0.6767362038838389,0.8490872760754531
verylow,VLLO,2375.0,0.22922671101082598,0.31734882036397755,0.3925671279489005,0.4692857194241409,0.5577979934852821,0.6801268363697787,0.8638107259472001
verylow,VLLO,2376.0,0.22599778003060106,0.3256833954904433,0.399559197852222,0.47632197108893004,0.5554706958983477,0.6824515570498255,0.8539272484066546
verylow,VLLO,2377.0,0.22930580576411008,0.3374519551533657,0.4059284409651837,0.47657930136028365,0.5521940910527173,0.6766627937919021,0.8428898277240202
verylow,VLLO,2378.0,0.2235395577863293,0.3266194052354334,0.40452947709185116,0.47184687241390344,0.5488907556816844,0.6795307284808737,0.8149969767266236
verylow,VLLO,2379.0,0.2469138288536046,0.3250046029128411,0.4039815450259924,0.47070750421714197,0.5528509304553944,0.6773521087496923,0.8453520510561191
verylow,VLLO,2380.0,0.22524388750451801,0.331098739172055,0.4078287086515876,0.48093290610481504,0.5540660979884842,0.6724271772100738,0.8285214681296658
verylow,VLLO,2381.0,0.23151013472988108,0.3221990591805445,0.4046030958176107,0.48095792803198006,0.5562448661523848,0.6794484664418847,0.8298855416875779
verylow,VLLO,2382.0,0.23967909995741216,0.3310863046787035,0.40988427796823734,0.48689033154957323,0.5631855108370608,0.67237777289105,0.8313351293449146
verylow,VLLO,2383.0,0.23124758088210917,0.3237053737706989,0.4092413579368268,0.4818306363351857,0.5511742345857952,0.6757039796261014,0.8384381258400184
verylow,VLLO,2384.0,0.24805264620266443,0.3350914708480963,0.4120616168334565,0.47804018840305235,0.5542566746050261,0.6658912915474352,0.8412243204694579
verylow,VLLO,2385.0,0.2410938395369775,0.3403925995448701,0.4177808573014136,0.4841740222918461,0.5576576988241176,0.674601630544085,0.8233634067355695
verylow,VLLO,2386.0,0.23944382132515757,0.33634486634210414,0.40895021014242705,0.4711245539111184,0.5517627434252393,0.6782248723766231,0.8414610849825767
verylow,VLLO,2387.0,0.24812495261887596,0.3465987447452568,0.41535595780253376,0.48180580222426883,0.5606954764448676,0.664169440978318,0.8297923000663099
verylow,VLLO,2388.0,0.2433584767010256,0.3369439312943691,0.4086226136193249,0.48434405079741233,0.552105313848034,0.6767879987514738,0.8132679575085531
verylow,VLLO,2389.0,0.2503623028653218,0.33497558259303084,0.4048202360090177,0.48032056696272496,0.5578704030945122,0.679803624862178,0.8465625803229946
verylow,VLLO,2390.0,0.24418489846922675,0.3437668659145603,0.4203163391903377,0.49252126756069686,0.556590548273398,0.6821703228257784,0.8354045063350419
verylow,VLLO,2391.0,0.24749355020675418,0.3412464477480899,0.41562647492552773,0.4806185419832325,0.5544200493683287,0.6776357844662939,0.8247060033743093
verylow,VLLO,2392.0,0.24002672054272473,0.3379299944275567,0.4109024583966151,0.4854312560986306,0.5590123080231771,0.673088107436017,0.8433166168294315
verylow,VLLO,2393.0,0.22512977703778292,0.3453231769614045,0.4189530398234621,0.4946713802096876,0.5577470501357185,0.6801308481165512,0.8518783124918873
verylow,VLLO,2394.0,0.21899973613335752,0.33163192963857907,0.4024475135028318,0.4767742144070393,0.5590311511075136,0.6741076457487033,0.8354446752831323
verylow,VLLO,2395.0,0.2410128290029793,0.3383584822114245,0.4124122442342162,0.486172724732694,0.5559500666837638,0.6832773079361663,0.8397731530946597
verylow,VLLO,2396.0,0.24031633185618528,0.32458537097618007,0.4161906511214334,0.4881903829057425,0.5629852849689223,0.6848563843920751,0.8727999583489863
verylow,VLLO,2397.0,0.24293499051015513,0.3330577943355996,0.4061949836167882,0.472260630094956,0.5545923203167609,0.6722828089058753,0.8518289602570517
verylow,VLLO,2398.0,0.23676590218065824,0.3339223772133904,0.4032634533047656,0.47846231337444844,0.5616647837903068,0.6731617897174756,0.8504825215799039
verylow,VLLO,2399.0,0.23750422132220989,0.32654837522943114,0.4034095133619672,0.4713235208239326,0.5585277093228854,0.6689510225021524,0.8497631438400091
verylow,VLLO,2400.0,0.23388210447505514,0.3293821737515378,0.40846387586729405,0.4784407288038477,0.5537679022019001,0.6787946732792622,0.8609720140340017
verylow,VLLO,2401.0,0.24294346030762068,0.33519520961730936,0.41209167306386046,0.4741336235829523,0.5556605817986237,0.6669583529617994,0.8518845632196127
verylow,VLLO,2402.0,0.24983880056237995,0.33282025647635166,0.4021447713514019,0.47786935452967083,0.5551673080986027,0.6685168605557482,0.8342942008454031
verylow,VLLO,2403.0,0.23804699473940963,0.33446197885740936,0.409405323790156,0.48116499476735497,0.5560704005273975,0.6759497142482588,0.8534710976709292
verylow,VLLO,2404.0,0.24883002384016353,0.33028043110706956,0.4024947422517379,0.4783169580125041,0.5554064540059361,0.6616377782539504,0.831142718500183
verylow,VLLO,2405.0,0.24181837092058828,0.3359286712216844,0.40760406121145204,0.49136944049283077,0.5644587351122669,0.6745640796486648,0.8416845443809066
verylow,VLLO,2406.0,0.24367784349142757,0.32978547234704675,0.4126782302799037,0.48446485290723457,0.5595489325164752,0.6740230998038111,0.8421829563384386
verylow,VLLO,2407.0,0.24301370001117356,0.3427165736710197,0.4161125141477634,0.48324736782560523,0.5558248063059636,0.6746255668786814,0.8675397707934742
verylow,VLLO,2408.0,0.2555580298968117,0.33827701765779367,0.40389013010450714,0.4822999528491843,0.5537570674901676,0.6622022175548405,0.8573070408512881
verylow,VLLO,2409.0,0.25838037752293913,0.3448722052352982,0.4220443740571444,0.4779786020809395,0.5529050816674814,0.6654478901425757,0.8331867793085795
verylow,VLLO,2410.0,0.24461409803839718,0.331774229632202,0.41339394901827914,0.48675196516217234,0.5556461569028963,0.6701718055779063,0.8378204579620333
verylow,VLLO,2411.0,0.2394771194779861,0.3314773027019477,0.40522389087387467,0.4849031165934105,0.5568656783249539,0.6849179483114569,0.8408299394259459
verylow,VLLO,2412.0,0.24683287455728964,0.3378276095433005,0.41442763586505565,0.48716129101302774,0.5641812954016212,0.6859765034955224,0.8332362560287927
verylow,VLLO,2413.0,0.2518755683827019,0.33773466430212357,0.4061036006231028,0.47268355098849546,0.5477072626446476,0.6629807270064473,0.8434263744289044
verylow,VLLO,2414.0,0.25423932611100325,0.333658363181701,0.40666675850151945,0.48582199155449307,0.5640449151272231,0.6694722754524569,0.8452709933669385
verylow,VLLO,2415.0,0.2494138151312661,0.339143346520793,0.4068606086887679,0.48254168998175584,0.561901347678647,0.6648232475537086,0.8414318715167141
verylow,VLLO,2416.0,0.2600864845908615,0.3302058890482,0.41331665800580114,0.4967639227936635,0.5577617086134334,0.6655070777984183,0.822760268671119
verylow,VLLO,2417.0,0.25024748633955324,0.3412574557078361,0.40698955358217664,0.4781989788772711,0.5619468819891655,0.6696390784711514,0.8255380539891898
verylow,VLLO,2418.0,0.23982575583840152,0.33504885666202366,0.41113833648279313,0.48407261181990946,0.5613394573829364,0.668040804821628,0.8235790740808099
verylow,VLLO,2419.0,0.2616003958578642,0.33375637612323417,0.40463509878092674,0.4800553717885287,0.5634241533471256,0.6711130629529245,0.8341041421782067
verylow,VLLO,2420.0,0.23675747576045866,0.31927775872850767,0.3993174386868492,0.47234125378799824,0.5561542301977109,0.6737599932814328,0.8350567631673803
verylow,VLLO,2421.0,0.24180884253753418,0.34104154204788484,0.4106248140439489,0.48242163038999053,0.5596647430054439,0.6835397888768006,0.8275901980708931
verylow,VLLO,2422.0,0.23931527728038376,0.32728579606478575,0.4042955845282648,0.4843050516180267,0.5638854539204012,0.6837316552299788,0.8283338761319878
verylow,VLLO,2423.0,0.24642739854663062,0.33823332613919327,0.4089765056057661,0.4779625079171244,0.5676498943988776,0.6884958999864415,0.8492721698830978
verylow,VLLO,2424.0,0.25158394101350107,0.33602027164139153,0.3996769983911079,0.48365589238753515,0.5594085455035926,0.6837586670936241,0.8304752341536541
verylow,VLLO,2425.0,0.2476308532992067,0.3311404966174882,0.4108288886613169,0.4773534915639613,0.5544823317549257,0.678445058205026,0.845863986638794
verylow,VLLO,2426.0,0.2388611451848696,0.3230016434929903,0.4033840639770077,0.4758296392305143,0.5630298365750088,0.6826697761319371,0.8328873802001607
verylow,VLLO,2427.0,0.23543536813373053,0.325617081982739,0.4067663065612326,0.47604030067616426,0.5678415937743548,0.6884781783152873,0.8241769931719687
verylow,VLLO,2428.0,0.2368623539017423,0.33208273971070784,0.4066147463993805,0.48171731495254866,0.5661111162746583,0.6825254237351163,0.8448992174302196
verylow,VLLO,2429.0,0.25383631232173487,0.3437272870436032,0.4173479130179733,0.48920021342073494,0.5643830827167396,0.669828441348588,0.8334694299388539
verylow,VLLO,2430.0,0.23957119511780492,0.3382962057950954,0.40980761308779684,0.4871064998516482,0.5685213924658952,0.6830893936672512,0.8510287463958714
verylow,VLLO,2431.0,0.23070484023950477,0.3321317363036543,0.407651064991839,0.48315274919598133,0.554622942440673,0.6711902621304179,0.8339488440907711
verylow,VLLO,2432.0,0.22309162272659966,0.32420586964017073,0.40081676391634014,0.4756618547251991,0.5603957635452738,0.6702134556273224,0.8543533926636606
verylow,VLLO,2433.0,0.23603733220650486,0.3315116671529267,0.4032966793587316,0.47290244155387334,0.5571638255614693,0.6703832358094337,0.8408371355639163
verylow,VLLO,2434.0,0.24162108060013715,0.3302940107673229,0.41202152016311344,0.48408279565738105,0.5632685535201132,0.6783141776214263,0.8348643591749543
verylow,VLLO,2435.0,0.23453621370182998,0.33002529645794015,0.4036865449803792,0.48680143234332957,0.5655675228984771,0.6786062553898154,0.8459931283771744
verylow,VLLO,2436.0,0.23208397863701147,0.33288498156794755,0.39886368633171326,0.47217191683429455,0.5597454828995951,0.6822194710734756,0.8446809624435763
verylow,VLLO,2437.0,0.24148746584672684,0.33345724493196943,0.4101334942020395,0.48515623591038104,0.5652053893136925,0.6818541986809656,0.8631534708724375
verylow,VLLO,2438.0,0.23490748463295846,0.32661022815725915,0.4045559657928343,0.48056637109386885,0.5448381778744117,0.679551250646188,0.8353245457421243
verylow,VLLO,2439.0,0.25418372473091155,0.3268577624626144,0.39623671703339314,0.47807147691103274,0.5573943721416653,0.6851320370926033,0.8380819356655059
verylow,VLLO,2440.0,0.2269560559060799,0.3266931803568106,0.4065023549743449,0.4819413894942976,0.552393496079642,0.6816066782364149,0.85307264112748
verylow,VLLO,2441.0,0.2326988665283806,0.33091354858194083,0.4060953038043117,0.48007731511081,0.5523059750310669,0.6729022382850961,0.8598480441118882
verylow,VLLO,2442.0,0.2379770978114324,0.3336309948504845,0.41466730998483176,0.4818818106949451,0.5516791742339792,0.6695508901302262,0.8150419888694098
verylow,VLLO,2443.0,0.2203736604823828,0.3219231188496507,0.40720451117749457,0.4906679768656566,0.562833591807058,0.6813526051624355,0.8203278107184137
verylow,VLLO,2444.0,0.2359783824429279,0.33273638113955806,0.40479809417861856,0.47286218829565274,0.5597202498236384,0.6943648501601427,0.8286138734613977
verylow,VLLO,2445.0,0.24898920505384392,0.3322490070534429,0.40425544729854,0.482512594653712,0.5622143357624542,0.6856026076516434,0.829059566877833
verylow,VLLO,2446.0,0.26182472712100463,0.34450702344087497,0.4138967677719434,0.48145854778486097,0.5560014645596564,0.669452208909861,0.8379941954871637
verylow,VLLO,2447.0,0.23104339741019905,0.33425884138956524,0.41069129123173226,0.4886120850121968,0.5643291313270119,0.6666283299937414,0.8592153166636063
verylow,VLLO,2448.0,0.2557768787979559,0.34100401415135534,0.4108806035511165,0.4827485694528483,0.5652573308478289,0.6903042218614885,0.8580298897964509
verylow,VLLO,2449.0,0.24102624272345416,0.33994994373542414,0.4136205216956408,0.4812776358894447,0.5637156615104431,0.6766441054966236,0.8638802645509362
verylow,VLLO,2450.0,0.2416244480666812,0.34356911348932234,0.4071018663472759,0.48792769794240726,0.5596714389302128,0.683807371665338,0.8428322195485364
verylow,VLLO,2451.0,0.2336881539954041,0.34345447314233446,0.4108431252242598,0.48255822363242257,0.5602509658959572,0.6747009233034771,0.8406620109881241
verylow,VLLO,2452.0,0.25216126042944415,0.34465902960713646,0.4142172001835535,0.4729406586664568,0.552999767125599,0.668051304410775,0.8359338752019677
verylow,VLLO,2453.0,0.2440340898396536,0.3292943876778716,0.40759403227785396,0.48367545662330846,0.568587216356116,0.678612205337386,0.851575028684951
verylow,VLLO,2454.0,0.24565226276676014,0.33818376168520753,0.41197178614603625,0.48289545314041277,0.5581129352212039,0.6758520229124568,0.8690311851942131
verylow,VLLO,2455.0,0.23477324981162362,0.3355584728874216,0.40932414672131706,0.48643115520681585,0.563340983990919,0.6779804032044476,0.8615358492837412
verylow,VLLO,2456.0,0.22280721150932667,0.3320433329212853,0.41562882393941525,0.4947688598387003,0.5683628218375935,0.6776473600309607,0.8746130562020221
verylow,VLLO,2457.0,0.2335400382952419,0.33398971680937467,0.41702018252971185,0.48149334188223547,0.560227281896158,0.6743174846273493,0.8586160319329942
verylow,VLLO,2458.0,0.24882278238639646,0.33633274247138756,0.4027287621825102,0.4682313292899065,0.5520307205737228,0.6665316967627053,0.8583943237645622
verylow,VLLO,2459.0,0.2539289430323841,0.33028796284136386,0.4068654482139793,0.47918097402191734,0.5578927377828236,0.6714741532486403,0.8546008082937728
verylow,VLLO,2460.0,0.23683814448096951,0.3331534389507425,0.41044687292667026,0.4856833670881746,0.5606101131030296,0.6830892730835547,0.8528207140359659
verylow,VLLO,2461.0,0.2393695726921836,0.3333166309883455,0.411137677052033,0.4804189179054611,0.5621104053711852,0.6753484972164411,0.8382105034392311
verylow,VLLO,2462.0,0.25451708876671897,0.34630093185333866,0.41375144800674507,0.48284769334596517,0.5547769905429689,0.6756630142044918,0.8334072887870088
verylow,VLLO,2463.0,0.2530035498973054,0.3426564033085082,0.42521184196484385,0.4877581152802296,0.5649745531931448,0.6732330839276307,0.8489305348718628
verylow,VLLO,2464.0,0.2474887506392662,0.33951756956376666,0.4165898899854675,0.48678568256083726,0.5568722443493406,0.6654350746991573,0.8542180406208145
verylow,VLLO,2465.0,0.24662945894498617,0.3391871394145132,0.414565228689206,0.4841937006772085,0.5617425116761808,0.6759231698829158,0.8391154144292776
verylow,VLLO,2466.0,0.2493923504558897,0.3443663362545688,0.4115131122421564,0.4855868350097001,0.5658773666779092,0.6745688944206613,0.8451778281087297
verylow,VLLO,2467.0,0.25176937930411003,0.34430229737394163,0.4196286869595379,0.4868003722998327,0.5506805432425119,0.6701890546551872,0.8179416223093089
verylow,VLLO,2468.0,0.2487563610051325,0.34449017560272366,0.40993601969201415,0.48158089269219795,0.5573074430845044,0.6695133974095834,0.8304492277687656
verylow,VLLO,2469.0,0.25301247277333117,0.34969566598474633,0.4169490460423027,0.48436081265857345,0.5574631823091609,0.6718137170119729,0.8361082158831468
verylow,VLLO,2470.0,0.2511079708443798,0.3435120043362023,0.4218686815257025,0.49280716180182527,0.5686223325102657,0.6882157153516242,0.8272763033283428
verylow,VLLO,2471.0,0.2391137596844958,0.3349803786826235,0.41637343421380735,0.4802473470480413,0.5635911836229757,0.6745098427444907,0.8340474904437458
verylow,VLLO,2472.0,0.2542767225690736,0.33553082153220803,0.40824918414320877,0.4812166284223808,0.5542723706478222,0.6665547763115276,0.83439963153369
verylow,VLLO,2473.0,0.2399167897604565,0.33385870508009863,0.4189902289427731,0.49228931997809305,0.5602268580793719,0.6533687805748997,0.846250266093454
verylow,VLLO,2474.0,0.24586427013084877,0.3328909701519693,0.40828199157790823,0.47901922129389757,0.5520758268209952,0.6807948047250905,0.8472186931843894
verylow,VLLO,2475.0,0.22125647722527686,0.3399811312229663,0.40781031691821107,0.4816440236275028,0.5574839252809647,0.6683433058203236,0.8463283176732891
verylow,VLLO,2476.0,0.2493882454157219,0.33469317428008083,0.4140583341823628,0.48136594098391905,0.5638810534378216,0.6733117643253153,0.833975334750644
verylow,VLLO,2477.0,0.25073384279588856,0.34201708090713645,0.4132377988098786,0.4852203622388905,0.5595514654544679,0.671811700754688,0.8510948578860723
verylow,VLLO,2478.0,0.24127488502206407,0.33356704630759115,0.4110532261133867,0.47882565986331854,0.5511623755922468,0.6574315728753386,0.8467832628017703
verylow,VLLO,2479.0,0.25418093864959374,0.3426801874874099,0.4164287246689275,0.48655253896605966,0.5639689271785364,0.6794737088270343,0.8290239758393034
verylow,VLLO,2480.0,0.2534252416722633,0.33751195615470436,0.420003131672256,0.49047848881663697,0.5515909113823796,0.6782342843951256,0.8348240453758601
verylow,VLLO,2481.0,0.25744328936236366,0.3466140064385883,0.41394759475753173,0.4934120861552287,0.5662386705497294,0.6756149364100289,0.8425464230822174
verylow,VLLO,2482.0,0.24765319442410358,0.338034176724926,0.4202136489336174,0.4863262820317659,0.5603501096651883,0.667621420595373,0.8358551638212512
verylow,VLLO,2483.0,0.24896967862526015,0.3418515663082592,0.41622944059357203,0.4909764146717694,0.563176571979986,0.6599990397358384,0.8519291043665713
verylow,VLLO,2484.0,0.2555933175143543,0.34075138047807685,0.4207983167317826,0.49508975756227624,0.5751965772748405,0.6674032341631257,0.8305163199660707
verylow,VLLO,2485.0,0.2446189507354572,0.3450551235155518,0.4231283368780725,0.4908865285571367,0.5545953567501146,0.6698132392468871,0.821667848045701
verylow,VLLO,2486.0,0.22191463923484858,0.34228212197853536,0.41747107263790895,0.4887015326686768,0.5645287792965256,0.6743029695549938,0.8369115328204094
verylow,VLLO,2487.0,0.2584779985018407,0.3453723993432215,0.4226360599826028,0.4953431452004798,0.5721808844062113,0.6823855809773923,0.819324313191803
verylow,VLLO,2488.0,0.25162549927520267,0.34619448874289743,0.41408998639457745,0.48145755563113624,0.5706869067910845,0.6782989990576372,0.827893250195763
verylow,VLLO,2489.0,0.2522206893566971,0.3385425748853932,0.4124452653922198,0.4864485165815258,0.5600717040972271,0.6886426511435491,0.8211459371217182
verylow,VLLO,2490.0,0.25622241589573874,0.34706089514979854,0.4199810410163683,0.48332072559843897,0.5628339591283384,0.6781098261246884,0.8193627199793188
verylow,VLLO,2491.0,0.2531580154059969,0.34487406585055036,0.4143790614744627,0.48190783912111607,0.5570561750959956,0.6723930905076633,0.8368665016290401
verylow,VLLO,2492.0,0.2493140428564283,0.343364785758743,0.4177845711835683,0.4808725751599173,0.5569988085166923,0.663277349934296,0.8222058540875679
verylow,VLLO,2493.0,0.24493789778754677,0.341532569946436,0.4174440019071669,0.4872355727397793,0.5674302755508364,0.677836551119463,0.8337629363187996
verylow,VLLO,2494.0,0.24996735734322734,0.3406422110930871,0.41918428717392847,0.4881274536876194,0.5614253082542112,0.6693963436185316,0.8425407830134077
verylow,VLLO,2495.0,0.245415068541644,0.3389444407468442,0.41104594185290444,0.48866347747421957,0.567014256580798,0.6725992943006871,0.8425221661520756
verylow,VLLO,2496.0,0.24891570068206348,0.3321155949821875,0.41127791877736225,0.4886251993967636,0.569882208862446,0.6740079792824201,0.8575011969996287
verylow,VLLO,2497.0,0.24042863107005585,0.3384251246803021,0.4089739406749641,0.48647078610513234,0.5634288734135391,0.6815473334378115,0.8368143340731937
verylow,VLLO,2498.0,0.24255329307844734,0.3363660061332131,0.4097076463410472,0.4831483349169505,0.5605233205242028,0.68029286139424,0.846723587301544
verylow,VLLO,2499.0,0.24328500593138364,0.3385437313245402,0.41484833440129854,0.4804618489191381,0.5650698091704778,0.665921350148573,0.8223538187109575
verylow,VLLO,2500.0,0.23345833379418385,0.3362896229278947,0.41651223029116263,0.4918508870262888,0.563830188483991,0.6804775394746997,0.8362406542276836
verylow,VLLO,2501.0,0.24530479197904048,0.3367455968929093,0.41462049629913517,0.4750050027712775,0.5453072527646459,0.673130385114601,0.828907835793647
verylow-overshoot,VLHO,1750.0,-0.06145554960093431,-0.034896936429715926,-0.018295214815376288,-0.004735450602732081,0.008157523048063121,0.024785230425128757,0.05045641587145824
verylow-overshoot,VLHO,1751.0,-0.15904593886645593,-0.08638050104720064,-0.03792366162985971,-0.0027074510361946766,0.0316489797751062,0.08142343031519357,0.13970833444537217
verylow-overshoot,VLHO,1752.0,-0.1533898106141891,-0.09045333607540806,-0.041061890985091186,-0.0009228712446998771,0.034759051500551204,0.08100468613305602,0.1514587535390954
verylow-overshoot,VLHO,1753.0,-0.16835356392889628,-0.09670172115908685,-0.044498700446575355,-0.0040056357320740685,0.033848677960243004,0.08860005916645886,0.18613710176771456
verylow-overshoot,VLHO,1754.0,-0.18001564670242545,-0.09575429513257218,-0.038896384817036056,0.0033262003761826836,0.04078257495811429,0.09466535798177106,0.1725134370609597
verylow-overshoot,VLHO,1755.0,-0.16364956013535253,-0.09867734072900976,-0.04179829264502712,0.0011996850504047097,0.040269694075443105,0.090899763013993,0.16836830473213993
verylow-overshoot,VLHO,1756.0,-0.1798300764109753,-0.101721653974393,-0.051609266285972774,-0.005695314432520873,0.03460735335734901,0.0915324384426881,0.16671978546470356
verylow-overshoot,VLHO,1757.0,-0.15912826416225867,-0.09637184485699515,-0.04538899523805821,0.001752553550912573,0.04104506795034364,0.0876625105340148,0.1597841510094535
verylow-overshoot,VLHO,1758.0,-0.17011631888677625,-0.09248601470311703,-0.041856099040776806,0.002149150412867812,0.0404270284392947,0.09497744914681597,0.1841938083774722
verylow-overshoot,VLHO,1759.0,-0.1659565880418652,-0.0897365441720844,-0.044798814653763175,-0.004375310319709199,0.038580803487971715,0.09436902425637243,0.16229025395931038
verylow-overshoot,VLHO,1760.0,-0.17712075954100562,-0.09479387760452886,-0.042589008903893104,0.0007556718918060347,0.03736697854847021,0.09132940273818344,0.1638187113428119
verylow-overshoot,VLHO,1761.0,-0.1690423866951435,-0.09135249307807809,-0.042162855371239885,-0.004991990673789252,0.030463852937201354,0.08511191142355248,0.16148380668877835
verylow-overshoot,VLHO,1762.0,-0.18582663676078265,-0.10964968350587236,-0.0521636871696915,-0.009570963130130585,0.03694544129006859,0.09075940213748404,0.15126730423966406
verylow-overshoot,VLHO,1763.0,-0.17815967973899896,-0.09710714058201259,-0.04900012018218945,-0.0019063999422822032,0.03922906995805869,0.09393812520454196,0.1863803134317173
verylow-overshoot,VLHO,1764.0,-0.17414958964150842,-0.09154655660136048,-0.03795049078163298,0.0029275577205000597,0.034853609952490414,0.08719027910570572,0.18206571278915082
verylow-overshoot,VLHO,1765.0,-0.17492790123999472,-0.10062197440230733,-0.04092070716924046,-0.001830520920383355,0.03162856452684089,0.09001062780502637,0.1623686953750424
verylow-overshoot,VLHO,1766.0,-0.1921122562520786,-0.10962218161102198,-0.05241029210380821,-0.011584922124776374,0.026706993956415705,0.08922558136144268,0.16357451265433606
verylow-overshoot,VLHO,1767.0,-0.16748155972294435,-0.09915360847661797,-0.049434991060672784,-0.0071101101078690915,0.02736543289647952,0.09091395963419631,0.17052183893078676
verylow-overshoot,VLHO,1768.0,-0.1836421917455269,-0.10286057883944671,-0.052684201393541574,-0.010209359212417161,0.035904762100147446,0.09671755873145882,0.16617218411805357
verylow-overshoot,VLHO,1769.0,-0.18622480942423317,-0.11003800161240855,-0.05661117313655334,-0.008357672572085854,0.03601753262841657,0.09061008444473975,0.17020376603422174
verylow-overshoot,VLHO,1770.0,-0.1727725909662366,-0.09706292315745534,-0.04904214133297597,-0.008544388663803915,0.03366648927705902,0.08500546998015766,0.1779163518710351
verylow-overshoot,VLHO,1771.0,-0.18500680679680054,-0.10345697033871198,-0.04971437039618109,-0.0059623797146969235,0.03609509533527642,0.09420216729079148,0.17284904149143504
verylow-overshoot,VLHO,1772.0,-0.17051911980637874,-0.09274906927603242,-0.04411409129878027,-0.0017928873619980912,0.03390214558673654,0.08219882440158728,0.1610346942745144
verylow-overshoot,VLHO,1773.0,-0.17138343812208998,-0.0966347179118048,-0.05096264959627484,-0.0019098118170953228,0.0369459442206579,0.08327256211584767,0.1631639832477675
verylow-overshoot,VLHO,1774.0,-0.1746694682501072,-0.09898086835154635,-0.04165519478063434,-0.003947267333629684,0.034835074488816016,0.09269897533119231,0.17273199110125242
verylow-overshoot,VLHO,1775.0,-0.1591887545423818,-0.09227236427890377,-0.040943413292597895,-0.002185533750674675,0.03225658985342669,0.08528411700369085,0.15206024285158823
verylow-overshoot,VLHO,1776.0,-0.17630643114283065,-0.0967159875945331,-0.03918044728532275,-0.006033489125290184,0.03230230808174343,0.08630913961860588,0.16644644794859487
verylow-overshoot,VLHO,1777.0,-0.1879755497216688,-0.10135684792359456,-0.051550402360303185,-0.004608895541525762,0.03707089236979677,0.09922068235274671,0.17199334416256593
verylow-overshoot,VLHO,1778.0,-0.17506032158557513,-0.0942408215398326,-0.039654672487342224,0.0013372271518951612,0.037284610515788255,0.09782319104623022,0.17883022829255152
verylow-overshoot,VLHO,1779.0,-0.17756079557561485,-0.08997389669760855,-0.04328108494815326,-0.0022696273286931887,0.03917595913962473,0.09245870257649776,0.1858643004544078
verylow-overshoot,VLHO,1780.0,-0.1707929823919732,-0.10121668033636476,-0.051984587332261536,-0.00983666065063039,0.02937820108141564,0.09123627962525466,0.175376101443317
verylow-overshoot,VLHO,1781.0,-0.17116459871222175,-0.10111291332018378,-0.0490562143913531,-0.007812086391673037,0.03144016437903358,0.09339345534612148,0.16620761791512356
verylow-overshoot,VLHO,1782.0,-0.19018325769611188,-0.10467993440602348,-0.05085621172231331,-0.00835707782731938,0.03296842469908506,0.08857778504902493,0.16902684492477796
verylow-overshoot,VLHO,1783.0,-0.18898873423406576,-0.1010141933412717,-0.05055547890060949,-0.006898221392434513,0.030469894816871037,0.09393882000074359,0.16444588218105294
verylow-overshoot,VLHO,1784.0,-0.18556505628806966,-0.10305165963905966,-0.048783847153628365,-0.0014011722632486668,0.03555537501608855,0.09634887895682989,0.17086774685129902
verylow-overshoot,VLHO,1785.0,-0.18539444921453888,-0.10007133329827123,-0.04950816129901076,-0.00794310884072574,0.033687044615184854,0.0848932937209838,0.15626626880969563
verylow-overshoot,VLHO,1786.0,-0.18870374355187575,-0.10041102065888162,-0.045092433330084315,-0.001805799216165492,0.03734833188584647,0.09108049846045327,0.15427248124859194
verylow-overshoot,VLHO,1787.0,-0.17743767112560252,-0.10093610179211734,-0.04820611430301491,-0.002172325694041142,0.03708668830785437,0.09767112579154243,0.16603343019807376
verylow-overshoot,VLHO,1788.0,-0.17326266007240718,-0.10541460881809725,-0.047486728507695045,-0.0030725899742274215,0.038995028115224456,0.09396147573283663,0.1725863845960185
verylow-overshoot,VLHO,1789.0,-0.17505786768587703,-0.10147178513347162,-0.04756307024405574,-0.005007423132968737,0.03774110858418707,0.10307113757902417,0.1717994877004123
verylow-overshoot,VLHO,1790.0,-0.18205417946211858,-0.09588649004955138,-0.04717915619005838,-0.003823139285487477,0.03659769016577614,0.09930587612122693,0.16901403506058077
verylow-overshoot,VLHO,1791.0,-0.16726105630448898,-0.09834173270268613,-0.040579322687883466,0.0028132147174144695,0.03907703959109807,0.09872984446394477,0.17041680273565363
verylow-overshoot,VLHO,1792.0,-0.18801259862390635,-0.10987727993367179,-0.04804277127172875,-0.00069523039291201,0.0351198046943395,0.09589516154176247,0.16481537805684793
verylow-overshoot,VLHO,1793.0,-0.17597591553667552,-0.10306960005119088,-0.05231295552000664,-0.0015462483971152036,0.03984839708753508,0.0865652805746166,0.1809185462594256
verylow-overshoot,VLHO,1794.0,-0.18895227549719187,-0.10274869937247129,-0.04480402097620828,-0.0022791013246950716,0.04136999307530658,0.08840290761177198,0.17136053102403753
verylow-overshoot,VLHO,1795.0,-0.1676688057653089,-0.09945187812480397,-0.04793259533861565,-0.00578563890832447,0.03069019035025244,0.09228875330214628,0.16409009661940271
verylow-overshoot,VLHO,1796.0,-0.17554970115902374,-0.10167753718616161,-0.04890822640517283,-0.012221120815217857,0.027527334068186984,0.0850213121576721,0.15963407751439115
verylow-overshoot,VLHO,1797.0,-0.18754277065300332,-0.10406271592432252,-0.050597245600674065,-0.004473266511946671,0.03660535786582024,0.09079160347568008,0.16917754755492964
verylow-overshoot,VLHO,1798.0,-0.18398977992283116,-0.11138078460615009,-0.05746258681675716,-0.013304304402619163,0.027180848626440126,0.09235226654857444,0.1650119178750898
verylow-overshoot,VLHO,1799.0,-0.18256403958133388,-0.10477091192769218,-0.04682038571021653,-0.005254664117745465,0.03451946561612318,0.09417658706955528,0.16718839228577778
verylow-overshoot,VLHO,1800.0,-0.19236890745929774,-0.10824489947565286,-0.051855468198293266,-0.006910964463480662,0.03283629142189165,0.09320553294928108,0.1606730632987478
verylow-overshoot,VLHO,1801.0,-0.1782738589148815,-0.09983547590418576,-0.04880691307114514,-0.012076145789072254,0.02794049837127459,0.08619631930936632,0.16552548246754847
verylow-overshoot,VLHO,1802.0,-0.17938200969203288,-0.10386585404063811,-0.05153246021658885,-0.010238057152402988,0.03317517074331546,0.08195297711627456,0.16464643766343193
verylow-overshoot,VLHO,1803.0,-0.17348686489494133,-0.10402884839237127,-0.05292806225718959,-0.011296343201118017,0.027278612692008784,0.08371702488573705,0.16357496983122657
verylow-overshoot,VLHO,1804.0,-0.16501828643689226,-0.0994867540862563,-0.05195281733658444,-0.009938380377253073,0.029548920794908895,0.08532383580900327,0.15360515568215863
verylow-overshoot,VLHO,1805.0,-0.18179922900241932,-0.1096285756638855,-0.06093488788414246,-0.015272285718724878,0.023111390325862836,0.07910151299574757,0.14635333784107007
verylow-overshoot,VLHO,1806.0,-0.1825616129817357,-0.11457021147250704,-0.06137420861270719,-0.02280404217995688,0.018036322399893417,0.08189755423422294,0.15372747700839412
verylow-overshoot,VLHO,1807.0,-0.18972749501554767,-0.10883529486216852,-0.05703408724871849,-0.012364109805733672,0.02608213431169915,0.0765343147411658,0.15537645597489813
verylow-overshoot,VLHO,1808.0,-0.20518788803178617,-0.11336731808320046,-0.061071651751500686,-0.01568218302994699,0.030162178356785467,0.08761617623365697,0.16388064625252682
verylow-overshoot,VLHO,1809.0,-0.18663841095208786,-0.10649155365679243,-0.057398246337671766,-0.012757704925856022,0.027432061964027678,0.08066314690399838,0.14982099896517354
verylow-overshoot,VLHO,1810.0,-0.18256855712925807,-0.10451420263087335,-0.047691843732299004,-0.005998291852700272,0.03175770194034276,0.08148260694057988,0.16955833099831402
verylow-overshoot,VLHO,1811.0,-0.18180352165421765,-0.09885286860036754,-0.04573054282802689,-0.008184688885854684,0.03478171379822446,0.08803990587783982,0.1734156218183199
verylow-overshoot,VLHO,1812.0,-0.17041135900435322,-0.09438606559958863,-0.04293003284191147,-0.003475693377571698,0.034680733818720264,0.08963259896162473,0.17390629338585048
verylow-overshoot,VLHO,1813.0,-0.18824675155925485,-0.09547871195402886,-0.0474350890117851,-0.006979972044935986,0.029981933367565092,0.08389426781763462,0.1786783384812837
verylow-overshoot,VLHO,1814.0,-0.17761017030108203,-0.09918821948407433,-0.05038814185080718,-0.015182832777937465,0.030556263515202613,0.08140161931848414,0.1676862768453814
verylow-overshoot,VLHO,1815.0,-0.1926462479321678,-0.104154979689133,-0.05276220514334616,-0.008544719503102795,0.032316947381414315,0.08823456622411581,0.1537355392798416
verylow-overshoot,VLHO,1816.0,-0.18157324771178396,-0.10118604164427761,-0.0483667364659069,-0.007224857306164987,0.03243816808113706,0.0909656567277852,0.1750936618001972
verylow-overshoot,VLHO,1817.0,-0.18857657655915125,-0.09979049855443721,-0.052600950082639035,-0.004985935645681457,0.03225189367968243,0.09133885728206212,0.1771641330513788
verylow-overshoot,VLHO,1818.0,-0.17416731030034321,-0.09609659578949795,-0.04338848847514725,-0.0018558916267631398,0.03600470858791295,0.08448829151480279,0.17416118737080383
verylow-overshoot,VLHO,1819.0,-0.17706316965446106,-0.1037922591085562,-0.04721427202036451,-0.005909680846921506,0.029266984409369364,0.09150066947390384,0.16875746832361593
verylow-overshoot,VLHO,1820.0,-0.1856252946137864,-0.10125532278448701,-0.04697778029190775,-0.0038730640215298923,0.03638418070032241,0.0918211102928717,0.16367572444156248
verylow-overshoot,VLHO,1821.0,-0.18634239693892163,-0.10336249632863478,-0.0482585528992715,-0.003203294305470612,0.03000512240569466,0.07864774835036645,0.1642077464986179
verylow-overshoot,VLHO,1822.0,-0.1721257224133121,-0.09376269405703976,-0.04694730750582196,-0.004939034894314593,0.03182652587587327,0.08746421892498014,0.1643248550104856
verylow-overshoot,VLHO,1823.0,-0.177333861854776,-0.09442824093344018,-0.04401921827690889,-0.0029655654730105924,0.03642242355811681,0.09488514669994444,0.1603507846786285
verylow-overshoot,VLHO,1824.0,-0.1801086930020913,-0.0970580044266635,-0.04795748932127107,-0.001442464775743192,0.04215113375025851,0.10041481641675158,0.17523588106108448
verylow-overshoot,VLHO,1825.0,-0.17721723513432366,-0.10038440001778363,-0.05195157675146759,-0.005429485717183387,0.031799315047514334,0.0949581385244759,0.18587144721042698
verylow-overshoot,VLHO,1826.0,-0.18108634037165214,-0.09383655676181886,-0.04386410041103912,0.0028992566424025958,0.04088865595810628,0.09087643217139432,0.18046401634196188
verylow-overshoot,VLHO,1827.0,-0.1836446170759231,-0.10093185222343275,-0.044861029292862314,-0.004038707967759889,0.03267804356081182,0.08249663861256061,0.15549884372945627
verylow-overshoot,VLHO,1828.0,-0.18842986640678672,-0.10213397602893927,-0.0463776351841716,-0.0010825774841291477,0.03361006355158009,0.08897236564256247,0.16221288152588825
verylow-overshoot,VLHO,1829.0,-0.1799297043346422,-0.10297776142269897,-0.04727106329594327,-0.00604909809666083,0.03131321145737648,0.08185627630542955,0.16366192638285404
verylow-overshoot,VLHO,1830.0,-0.17164540588468463,-0.09997273021534386,-0.047885399948136585,-0.007634264471435899,0.033564966365358787,0.0920162132514968,0.1652593576461115
verylow-overshoot,VLHO,1831.0,-0.16998354504503022,-0.0982115325363514,-0.04447225376080349,-0.008138216823638364,0.030393008281404465,0.08581311345601164,0.15663026484685283
verylow-overshoot,VLHO,1832.0,-0.18645721279297955,-0.0958882471668895,-0.04858508105998523,-0.0013809583189055702,0.033485048009177586,0.08605837065040438,0.17967322804067287
verylow-overshoot,VLHO,1833.0,-0.16819498450852882,-0.10276275127483951,-0.047566258139166255,-0.004266946318802272,0.03847748027522519,0.0930220437422563,0.18606487437286354
verylow-overshoot,VLHO,1834.0,-0.16880041644037486,-0.0967752129908196,-0.04057290169379547,0.00043750257302033885,0.03594147458386958,0.08993067130058206,0.16445611013844985
verylow-overshoot,VLHO,1835.0,-0.1855418941631273,-0.0951828778591188,-0.04681036655367851,-0.003314522128362342,0.03340785810742502,0.08632771212521048,0.16062229740501338
verylow-overshoot,VLHO,1836.0,-0.17618470169968653,-0.09042858535981253,-0.04027602223406121,-0.0036877649678812296,0.03954761097636803,0.09182451632646703,0.16478585873330628
verylow-overshoot,VLHO,1837.0,-0.17518728830446725,-0.10305468647985883,-0.0459972383374351,0.004888636611023137,0.04149737757866948,0.08742277743654395,0.15503420741787988
verylow-overshoot,VLHO,1838.0,-0.1777652924699046,-0.09046718670533119,-0.03864920714753637,0.00047966663902301865,0.043796737089309715,0.09537005602213677,0.16079593018189
verylow-overshoot,VLHO,1839.0,-0.17594975535125798,-0.09938970046944604,-0.042724056014023945,0.0027543287910691897,0.041248534198676634,0.09890174227603271,0.18231859387151242
verylow-overshoot,VLHO,1840.0,-0.17385937189976725,-0.10090205218620657,-0.042522852451938715,-0.0027834829033084874,0.03528775318785257,0.09687637029215432,0.17949733826376618
verylow-overshoot,VLHO,1841.0,-0.16438325608158927,-0.09854924337315042,-0.052124812289076616,-0.010798412941499257,0.029272445419313002,0.08622522607874383,0.17349833439641527
verylow-overshoot,VLHO,1842.0,-0.17208998499512754,-0.10383354349331422,-0.04496173183648374,-0.0053046682513881865,0.03540835902643852,0.09517043039073704,0.17065509967206863
verylow-overshoot,VLHO,1843.0,-0.17854039006705025,-0.09372384423234502,-0.045388988683290166,-0.0038541779481997968,0.033150378905342795,0.08479604591863188,0.15470552487216782
verylow-overshoot,VLHO,1844.0,-0.1699012081993518,-0.09796908551662961,-0.03977408200465144,-0.0011901871489030207,0.035336142749371864,0.08702538828276457,0.16860331128104333
verylow-overshoot,VLHO,1845.0,-0.16749375792713803,-0.09205410270090818,-0.04388716124285652,-0.006785884687487734,0.03941040933091251,0.09418677411546177,0.1701151078215032
verylow-overshoot,VLHO,1846.0,-0.17015182481908828,-0.09826159219310522,-0.04694071310435805,-0.00752831220001186,0.03194819992883072,0.09497276978889635,0.17410928258300584
verylow-overshoot,VLHO,1847.0,-0.17520518316805694,-0.09713326462471758,-0.038661467810478224,-0.0035329930727051387,0.035931709313924434,0.08608192510853296,0.17330501178636704
verylow-overshoot,VLHO,1848.0,-0.17212099140661113,-0.09051732132811367,-0.0451328583605077,-0.0047077503342249655,0.03303292170054787,0.09131585316123472,0.16162056087072918
verylow-overshoot,VLHO,1849.0,-0.17607254356542484,-0.09197539686547195,-0.04323404866049882,-0.005231410984703186,0.03487642045939107,0.08689663976729868,0.14654878879971278
verylow-overshoot,VLHO,1850.0,-0.1563425885930259,-0.09816374902691967,-0.04491809808610856,0.0003670215249079664,0.03667439172707265,0.08572207859239665,0.1654401205024972
verylow-overshoot,VLHO,1851.0,-0.16850600737292695,-0.09061631588251252,-0.037516889032719436,-0.0004406009210319098,0.03520541654543242,0.08990178830805146,0.15570416512074645
verylow-overshoot,VLHO,1852.0,-0.16008038253570978,-0.08499220920218689,-0.0410585390504006,-0.004604796397331955,0.034259575824298005,0.08455740694860302,0.14802997095725867
verylow-overshoot,VLHO,1853.0,-0.15488520367718756,-0.0880479870518304,-0.047319567957488345,-0.00774837728685247,0.028691399128413734,0.08378326564939427,0.1655810463470745
verylow-overshoot,VLHO,1854.0,-0.16304825830397243,-0.09600344755972894,-0.05219257001326623,-0.007971375083552182,0.03121070944955517,0.07973379258713002,0.15417264360642924
verylow-overshoot,VLHO,1855.0,-0.16497747533612,-0.08937203845106162,-0.04605828236093457,-0.011090867450443541,0.024958720505581507,0.07264651151345945,0.15617374838847192
verylow-overshoot,VLHO,1856.0,-0.17365078538880208,-0.09510126882155298,-0.04699092463819763,-0.005950754811043395,0.030215653163959157,0.07663664752229538,0.16039763667779092
verylow-overshoot,VLHO,1857.0,-0.17233855436359685,-0.09052293269220868,-0.04253811265476326,-0.0036288343788527027,0.02781152844196173,0.08349772077454994,0.1597737121074728
verylow-overshoot,VLHO,1858.0,-0.1704393776080266,-0.09956758729776415,-0.047876965604942805,-0.002788166733082965,0.032657973745075584,0.08641700344979458,0.15517237569923115
verylow-overshoot,VLHO,1859.0,-0.16205855728699847,-0.08727197216606823,-0.039656693571141245,-0.004673140273968764,0.03155692961964367,0.08868527521326133,0.1431868456781761
verylow-overshoot,VLHO,1860.0,-0.15250430656742245,-0.0892919523210545,-0.0430038483907071,-0.007081878894321863,0.026726695313138184,0.07387953392784201,0.13181750301030126
verylow-overshoot,VLHO,1861.0,-0.15752066763820477,-0.08650255049756815,-0.04154863865171544,-0.004320033499526633,0.030229057941102335,0.0847780250514146,0.1556210543964136
verylow-overshoot,VLHO,1862.0,-0.15895552140474067,-0.09375759847312157,-0.03940499109451427,-0.004309487419414754,0.02945233418603456,0.08599899442415193,0.1633473277445696
verylow-overshoot,VLHO,1863.0,-0.15345680191602876,-0.08604109103384625,-0.03768467363371807,-0.0009268354955688854,0.030752566610817388,0.07728137832427229,0.15141995459990054
verylow-overshoot,VLHO,1864.0,-0.15570479624310482,-0.08980811740013284,-0.04338933338447052,-0.007433310468755535,0.02765323580071055,0.07802618683352301,0.14719332927080353
verylow-overshoot,VLHO,1865.0,-0.15530821363727088,-0.0864164479528142,-0.03887072599499829,-0.002311632212354763,0.027329429369418543,0.08020396319793499,0.14727179901122928
verylow-overshoot,VLHO,1866.0,-0.14411767076009654,-0.0794754257084553,-0.03503246737006753,0.003382929473662466,0.03770488678291112,0.09210921758530452,0.1522497048360481
verylow-overshoot,VLHO,1867.0,-0.15467790031546252,-0.09130255481292292,-0.035043171256214964,0.0019003304224221168,0.04162452580886774,0.0875420367956108,0.16571184597632516
verylow-overshoot,VLHO,1868.0,-0.15503162315247246,-0.08404030964965117,-0.04025229071070981,-0.0033004931258559748,0.030655002486610204,0.08355527580596667,0.15189685696155755
verylow-overshoot,VLHO,1869.0,-0.1576527679781612,-0.08686798196353654,-0.041076936022951566,-0.001994096210320262,0.029928418036480834,0.0811203446032646,0.15494025874300027
verylow-overshoot,VLHO,1870.0,-0.16113357419520244,-0.09121602621130001,-0.04625774674302553,-0.005212373578054066,0.030441740869487928,0.07890163788375444,0.14615853433335785
verylow-overshoot,VLHO,1871.0,-0.17090132277868997,-0.0954391307259203,-0.04556183391429541,-0.009451576519692154,0.030086537476050026,0.07727049554386381,0.1398648227130082
verylow-overshoot,VLHO,1872.0,-0.1503160696440305,-0.09543462841735266,-0.04440954112603731,-0.005255875512174768,0.03291469736829856,0.08325226496981711,0.14238300058076603
verylow-overshoot,VLHO,1873.0,-0.14699149165558514,-0.08892724991279762,-0.04219864838162072,-0.006125724586484707,0.026683840978332655,0.07818971233822407,0.145116321097147
verylow-overshoot,VLHO,1874.0,-0.1471393725890461,-0.09027571688380377,-0.03921568470582369,-0.002626189652764531,0.03562420497770594,0.08247900525386113,0.15173369875044304
verylow-overshoot,VLHO,1875.0,-0.16225067718653577,-0.09055209956079477,-0.04500390570374373,-0.0002274262607593648,0.03809599626993686,0.08760965566771033,0.15448530618802223
verylow-overshoot,VLHO,1876.0,-0.15036352626023472,-0.08485633007533203,-0.03416817068386534,-0.00017002154593818292,0.03820046917422324,0.08276095078485676,0.1427401808450655
verylow-overshoot,VLHO,1877.0,-0.1596816889971977,-0.08579375356238585,-0.032712787050607435,0.00416902269528941,0.03826910778384393,0.08333048639329063,0.14530285771892631
verylow-overshoot,VLHO,1878.0,-0.1586026723909687,-0.08546452077489583,-0.03798298069513359,0.0060544847130797885,0.04571828593886768,0.09134243795195197,0.16655673449364106
verylow-overshoot,VLHO,1879.0,-0.14949575324212372,-0.08671228250905784,-0.039830355460574875,0.003972147617434377,0.034490798137300945,0.09078062623260046,0.15827546381589738
verylow-overshoot,VLHO,1880.0,-0.14099064848204687,-0.07646309979513845,-0.03356126999686339,0.0008355125913976809,0.036552521769978134,0.08889379645784136,0.15834156584093748
verylow-overshoot,VLHO,1881.0,-0.142305975104909,-0.08393818165679263,-0.036009471654226015,0.003264876455103106,0.035986726952999544,0.08186228984900441,0.1468331129193597
verylow-overshoot,VLHO,1882.0,-0.1485874663134698,-0.0839742769314712,-0.03867901788080884,-0.0006400445070576244,0.03417645255789248,0.08172346949362815,0.15520618898813368
verylow-overshoot,VLHO,1883.0,-0.1672713904550211,-0.0860536150644129,-0.039952803909414226,4.972586215280968e-05,0.03474709427068762,0.08513859670286852,0.14831259655989976
verylow-overshoot,VLHO,1884.0,-0.16271075255683495,-0.09099139806174454,-0.03704641916443683,0.0008497001925239465,0.03911331960115142,0.08830540282720883,0.15309470606391748
verylow-overshoot,VLHO,1885.0,-0.1673884227507082,-0.09528414783370981,-0.04035374332936459,0.0004712240367411927,0.03721619002197655,0.08384023799020596,0.16717422620462474
verylow-overshoot,VLHO,1886.0,-0.141932157362045,-0.07719942689302554,-0.02842245040989981,0.008536436412165579,0.03823019669968735,0.08718285302093015,0.1669893033770182
verylow-overshoot,VLHO,1887.0,-0.14814801208931214,-0.08294786346949377,-0.03303915161051794,0.007035845729290644,0.03916750003346251,0.08915027300230424,0.15684435296868485
verylow-overshoot,VLHO,1888.0,-0.152593434208923,-0.0865870845842896,-0.03764925006545266,0.004588112272776394,0.04012684685471343,0.08829676948793139,0.1717694660869787
verylow-overshoot,VLHO,1889.0,-0.13999837519681663,-0.07875383448773672,-0.030009670575586105,0.005246376220962898,0.03962831629034832,0.08559629699040877,0.14390203183663597
verylow-overshoot,VLHO,1890.0,-0.1441962583555549,-0.08132942068102518,-0.032710963574848824,0.004886726530772068,0.03856609018876962,0.08656622167688494,0.1652296081784784
verylow-overshoot,VLHO,1891.0,-0.14292679658537905,-0.07916856507304224,-0.03407726875252953,0.006277555870756442,0.044448056008898645,0.09091082851820775,0.1591050616144265
verylow-overshoot,VLHO,1892.0,-0.142981959172639,-0.08296527551232753,-0.03567876657790172,0.0024555401497701537,0.036004704172957175,0.08807937455563451,0.15561429248731307
verylow-overshoot,VLHO,1893.0,-0.15673044581559947,-0.08245071860885979,-0.03903247750997176,0.002364317899179739,0.04299049955819697,0.09018276857308831,0.16437425394211108
verylow-overshoot,VLHO,1894.0,-0.1632418222985466,-0.08755773436403981,-0.03593068685373024,0.007116673269977003,0.044296687092789694,0.09384171461724865,0.15884374149423358
verylow-overshoot,VLHO,1895.0,-0.15560239033612994,-0.08047337377796489,-0.030677973333080942,0.007831254714706422,0.04212124091204068,0.0892790081369512,0.15341465652298114
verylow-overshoot,VLHO,1896.0,-0.14480901864358378,-0.07614486860703405,-0.03207692811868508,0.006862202798444579,0.04325115651127981,0.09702460287535246,0.16488827233064024
verylow-overshoot,VLHO,1897.0,-0.15536341713261764,-0.08888735100108242,-0.033808085437537605,0.005773912708570035,0.0397301210018901,0.09439288848521667,0.163914669889429
verylow-overshoot,VLHO,1898.0,-0.1501831157813878,-0.08048224210078929,-0.02598922467146943,0.014386585693324606,0.0492450994944508,0.09860268767081436,0.16978469846933175
verylow-overshoot,VLHO,1899.0,-0.15002668106341072,-0.07590768717187678,-0.02905370752050773,0.012015640222712329,0.05093421523762714,0.10260998705192727,0.16754453530199148
verylow-overshoot,VLHO,1900.0,-0.15482086529831537,-0.08251500950798692,-0.03350515022752008,0.00556411391726605,0.04468603330925367,0.09239898480540738,0.17724553447611358
verylow-overshoot,VLHO,1901.0,-0.14674129910794792,-0.08364939230150809,-0.0344537058654014,0.007054493882765175,0.044730420660119834,0.08857691373172713,0.15732740620820684
verylow-overshoot,VLHO,1902.0,-0.1533785235022767,-0.08309130801815683,-0.03394659131101208,0.006320212442373883,0.046015898738865926,0.10050250481716928,0.17278770081212913
verylow-overshoot,VLHO,1903.0,-0.1604147850926473,-0.08252405990130357,-0.037276262396722534,0.010259768522798885,0.05230537333312079,0.09599119663749077,0.18267940532780985
verylow-overshoot,VLHO,1904.0,-0.14969818222848827,-0.07658600306499681,-0.0267810713137702,0.014184180795222604,0.05498002084649799,0.10057091108632606,0.16656714357527458
verylow-overshoot,VLHO,1905.0,-0.15516522833155602,-0.07320956255675326,-0.025932878445286783,0.014137057189154412,0.05430780569326943,0.1038942912705892,0.1733324651485796
verylow-overshoot,VLHO,1906.0,-0.15400603428806492,-0.0750475446140454,-0.02042612638019957,0.016607045806288988,0.05534591843698816,0.09753175543133556,0.16867657126386135
verylow-overshoot,VLHO,1907.0,-0.14246983712064173,-0.0667096957163263,-0.017843353644223483,0.021734767738969395,0.058542714847106936,0.11034653938349116,0.17516191951700485
verylow-overshoot,VLHO,1908.0,-0.13967050165252806,-0.07023311798782772,-0.02270224978774532,0.016977675784727482,0.055089985211300235,0.10918739197676297,0.18569173468332426
verylow-overshoot,VLHO,1909.0,-0.14900141988020105,-0.0718213219713075,-0.01736233678862539,0.023484006969839294,0.06310471423340978,0.11669312733018916,0.18085033684987042
verylow-overshoot,VLHO,1910.0,-0.14446764597358341,-0.07450676547992956,-0.020134930892506373,0.023616623363013192,0.05923913625503107,0.10611033224438245,0.1772046672659295
verylow-overshoot,VLHO,1911.0,-0.1485162007498147,-0.06942852306021101,-0.024023312679571793,0.015879371709899094,0.049365411968593245,0.10138814108690802,0.1842856293199976
verylow-overshoot,VLHO,1912.0,-0.15079923418031974,-0.07400234989146465,-0.02179559313419617,0.02066225921832541,0.05997129024648796,0.11889672484285864,0.18268834917472918
verylow-overshoot,VLHO,1913.0,-0.13651881707787233,-0.07114511649503667,-0.012007460222719736,0.028128002837367314,0.06337040457016302,0.11112734010084793,0.18221090909818247
verylow-overshoot,VLHO,1914.0,-0.14497175009374377,-0.06382374522685846,-0.016825745785133746,0.01788603163920023,0.05619921371373122,0.11509240948919983,0.19955496364062345
verylow-overshoot,VLHO,1915.0,-0.13502247803746537,-0.06271376432305618,-0.01027000981890896,0.028418143393790538,0.06470889197439102,0.11841797358619417,0.20038391880724765
verylow-overshoot,VLHO,1916.0,-0.12975408078234987,-0.061408578854559054,-0.013906389934354554,0.029487683484327967,0.0645990821457367,0.11910313442044354,0.19912255780934426
verylow-overshoot,VLHO,1917.0,-0.13215064084146216,-0.05829981843949521,-0.014018209341610239,0.0220293367958962,0.06158144903484221,0.1141365686917911,0.19305581155260512
verylow-overshoot,VLHO,1918.0,-0.13061492621819526,-0.0580607985358008,-0.012688493379258089,0.0236230017412915,0.06651895133532669,0.12289979671651813,0.19383030239381566
verylow-overshoot,VLHO,1919.0,-0.12904282600097283,-0.06427766618209307,-0.006134991762753878,0.03271696468847548,0.07343049198202212,0.12264896970392158,0.18890084336426582
verylow-overshoot,VLHO,1920.0,-0.14074349278040096,-0.06750721604323491,-0.006326358405589491,0.03703535308637262,0.07008638558016957,0.12017900179377639,0.1967566452241123
verylow-overshoot,VLHO,1921.0,-0.13571025097671252,-0.05835955173797557,-0.006183037933783427,0.03173294901083344,0.06850714222575502,0.12233138551970946,0.2064241393595157
verylow-overshoot,VLHO,1922.0,-0.14040330874488158,-0.05692828468923583,-0.006551537283560709,0.03273507863123891,0.07556751275580523,0.1297523134558561,0.2100436932423243
verylow-overshoot,VLHO,1923.0,-0.12247984530950759,-0.04651628395913602,0.000691596654095103,0.04196830076770906,0.08114260946984336,0.13283840595665736,0.21092679817136076
verylow-overshoot,VLHO,1924.0,-0.13144140520395206,-0.053895271930124035,-0.004760957803712648,0.03715405025254086,0.08503244310381576,0.14578796954804868,0.22062243714679405
verylow-overshoot,VLHO,1925.0,-0.12450899290499513,-0.04317488039390063,0.008775917388060304,0.04583792345864755,0.08520256463709493,0.13374016921821077,0.20830503393482172
verylow-overshoot,VLHO,1926.0,-0.11223726606295927,-0.04113555027178217,0.00450994232754701,0.046551390751256055,0.08709640268638574,0.14406259702973864,0.2237745322767664
verylow-overshoot,VLHO,1927.0,-0.10816659056622227,-0.03703471217505634,0.010853108406209984,0.05026982744262359,0.09017062156124289,0.14221872923482493,0.2132238379555741
verylow-overshoot,VLHO,1928.0,-0.1267025746718787,-0.04432272189874481,0.008751601493958873,0.05279329329402519,0.0902560668159655,0.1515690690030919,0.23480807702828851
verylow-overshoot,VLHO,1929.0,-0.10776128523856156,-0.035796476022508836,0.021662255749545833,0.05660780243768454,0.09391477210142428,0.15444628636658567,0.22469859385799523
verylow-overshoot,VLHO,1930.0,-0.11246734813652201,-0.04012118148798541,0.01147918141794863,0.050529904644773194,0.09293364262057247,0.14518319887321945,0.22189726308216892
verylow-overshoot,VLHO,1931.0,-0.09534436438850695,-0.04169156760229327,0.009418503677288508,0.06264118180394136,0.10282106510896569,0.15394547655458962,0.22536767785841014
verylow-overshoot,VLHO,1932.0,-0.10950510413346659,-0.02670749825689532,0.015922339746597184,0.05802117414110049,0.10014210336656237,0.1545685567697718,0.23076176376287555
verylow-overshoot,VLHO,1933.0,-0.10312343981111567,-0.03632775062308949,0.01784191079468189,0.057446273229457945,0.10178178192383248,0.1628184444392788,0.23105263935869488
verylow-overshoot,VLHO,1934.0,-0.09790076656068118,-0.032332331607223846,0.02201101421928255,0.05882637451213389,0.09937106781962318,0.14954818719268206,0.22992511283391767
verylow-overshoot,VLHO,1935.0,-0.09515723560003225,-0.02417557139425782,0.022261145883431997,0.06206214013291294,0.10406393358752766,0.1670672347347633,0.2394784383678134
verylow-overshoot,VLHO,1936.0,-0.09780830711601478,-0.01707335471997538,0.023189323620375926,0.06399552153518981,0.1018685788416573,0.15544579736709024,0.23298815137008552
verylow-overshoot,VLHO,1937.0,-0.09104141032738416,-0.017888849209913692,0.026019412137489404,0.06749687406850609,0.10399221150674194,0.1668583763136887,0.2425894501649686
verylow-overshoot,VLHO,1938.0,-0.09244077529755136,-0.024941712429255452,0.030522474503343125,0.07799538511399921,0.11311218516526801,0.17628771713348196,0.24709597139020079
verylow-overshoot,VLHO,1939.0,-0.09337921359105138,-0.01970314133738229,0.0328117327672653,0.07074124655952327,0.11187668610360027,0.17224913807056808,0.24896421948426084
verylow-overshoot,VLHO,1940.0,-0.09559114963011539,-0.024023811847442327,0.03572905650849874,0.0793206956918898,0.1162124364912238,0.16712320151698767,0.2642836177537938
verylow-overshoot,VLHO,1941.0,-0.07886132580256942,-0.00977155270327586,0.040932349216569734,0.08168633963219572,0.12224077886123338,0.17230503165739863,0.2544899278319052
verylow-overshoot,VLHO,1942.0,-0.06710717849523325,-0.006012187322955845,0.04164752302534266,0.08176402429781876,0.1279805542948926,0.17948914261030247,0.25964445959844384
verylow-overshoot,VLHO,1943.0,-0.07466109423549551,-0.008158189111436964,0.04758280542380819,0.09102326181392967,0.13371074696884075,0.19566098547781666,0.2778763428409632
verylow-overshoot,VLHO,1944.0,-0.07366476010227778,-0.0013700792366340058,0.0436975133857613,0.08752869223134178,0.13048237265685556,0.1860482006537872,0.2766289370377197
verylow-overshoot,VLHO,1945.0,-0.06956513443363421,0.00019481007953738296,0.05517555318111139,0.09102509691396989,0.13291216747632098,0.1875626545521744,0.2780525351367903
verylow-overshoot,VLHO,1946.0,-0.07857004128262028,0.0005480740803947874,0.05123846461988989,0.09482644607356111,0.13376260997431139,0.18868983053343008,0.2703930872109659
verylow-overshoot,VLHO,1947.0,-0.08727557602222746,0.0005586377847172769,0.05497568360136958,0.09810191301652385,0.13690600597850794,0.19358446099440038,0.28488726741995823
verylow-overshoot,VLHO,1948.0,-0.06930285737962968,-0.00203890002489397,0.05669441020488004,0.09737072363255098,0.13520421131596444,0.19238071325133496,0.2711028328856093
verylow-overshoot,VLHO,1949.0,-0.06501311197274347,0.00036271282088033816,0.04856848262799423,0.09373623247021018,0.13986718892840838,0.19964748552751815,0.2732082138330453
verylow-overshoot,VLHO,1950.0,-0.07983419790708814,0.003075540526650324,0.05099414010292966,0.10141011328261244,0.14313282731577218,0.1955383588022392,0.2830454818724846
verylow-overshoot,VLHO,1951.0,-0.07106576608995012,0.013780506888796827,0.06199721739975274,0.10075873303813113,0.1431593340671365,0.20516723099930148,0.2737342180973573
verylow-overshoot,VLHO,1952.0,-0.06831515881268853,0.006054827469178605,0.06255718011730875,0.10827597094607405,0.1477025838664334,0.20264858973161154,0.27804236889904005
verylow-overshoot,VLHO,1953.0,-0.08379248473488371,0.006609133242768062,0.06814874011174714,0.10935399464757377,0.1460086576655598,0.19760854491103674,0.2704823478396772
verylow-overshoot,VLHO,1954.0,-0.07056862269214553,0.01841198799884891,0.07102562544764712,0.11050443582795563,0.1509352202141651,0.2023014515769616,0.2891743066159104
verylow-overshoot,VLHO,1955.0,-0.07387090441018945,0.00438907298447595,0.06567459006033141,0.10822303470481658,0.14474735768734556,0.20355349283059232,0.2871060805879072
verylow-overshoot,VLHO,1956.0,-0.0576395510045879,0.012611789828276859,0.06782150713045297,0.10547432607405019,0.14424084486578423,0.20160904107714311,0.27910437553427053
verylow-overshoot,VLHO,1957.0,-0.0580932601162,0.02443221081307103,0.07546451320317467,0.11468939042327414,0.15472223730887386,0.20822010382056347,0.29127038038558845
verylow-overshoot,VLHO,1958.0,-0.036328385741400626,0.03082173718853229,0.0807863507950651,0.12636961704490968,0.16058449467579064,0.2198915530546061,0.2894027657617051
verylow-overshoot,VLHO,1959.0,-0.040738849275725145,0.03554272701921037,0.08164138561987336,0.12622576751858927,0.16605549563335245,0.2218593403008818,0.2969193575636067
verylow-overshoot,VLHO,1960.0,-0.026942293256969504,0.04292884413489757,0.08968473554813859,0.12963709939644585,0.16955015092998435,0.22451832782015083,0.30171324714269054
verylow-overshoot,VLHO,1961.0,-0.03671181910576292,0.040128126746962194,0.09565959033435859,0.13382999774433627,0.17827882636672823,0.2393776630752083,0.30669117638398147
verylow-overshoot,VLHO,1962.0,-0.042972851556621505,0.0408104118992146,0.09214828301841581,0.14218292732294663,0.18248195095063355,0.24178474016733278,0.3356077812009141
verylow-overshoot,VLHO,1963.0,-0.023513395588857164,0.04592682132989153,0.10072709435930914,0.1421187525995801,0.17643850577337136,0.2344004051245418,0.3283572172323573
verylow-overshoot,VLHO,1964.0,-0.02170642997811035,0.05075516052281474,0.1009703529793021,0.14753060206726726,0.19194662242710597,0.24328874231644534,0.3229362206059011
verylow-overshoot,VLHO,1965.0,-0.019696649408146055,0.05017013256071076,0.10533662305444992,0.15205234109599033,0.19320917688990355,0.2486206386360077,0.3327631512525068
verylow-overshoot,VLHO,1966.0,-0.01880164223880597,0.058611111134952834,0.11388230299580118,0.15691182260241185,0.1958721573088069,0.26113149218160425,0.34930226662118447
verylow-overshoot,VLHO,1967.0,-0.0275670254881231,0.06005405949198833,0.11637654496784285,0.16250624788872006,0.20123429407337395,0.26417489892200485,0.33943108055890714
verylow-overshoot,VLHO,1968.0,-0.011008436065701142,0.07278986907944236,0.12409431005463291,0.16741613089607546,0.2054605236245647,0.26933770122964423,0.3488021071802897
verylow-overshoot,VLHO,1969.0,0.005280135257253717,0.07944691599798429,0.12650896100815093,0.17231240517561244,0.21161498142748308,0.2613019157158557,0.35340377506440046
verylow-overshoot,VLHO,1970.0,0.016350516500333503,0.08184331300229244,0.13400190137727633,0.17641989238976263,0.21866855945971017,0.28121718764226145,0.35310426480386453
verylow-overshoot,VLHO,1971.0,0.020827318649843163,0.08715535632884049,0.13838091286918813,0.17942815576242077,0.22351784149924372,0.286796942086194,0.3618268810156213
verylow-overshoot,VLHO,1972.0,0.029194772160964215,0.10401018649033389,0.15453464150495436,0.1930277825865589,0.23560148458604258,0.29531046840587555,0.38099876144896333
verylow-overshoot,VLHO,1973.0,0.0250816233129353,0.09978310967215558,0.15895106778711737,0.2047626057848894,0.24357416193181755,0.30542596339153455,0.39462477729550305
verylow-overshoot,VLHO,1974.0,0.04372580450184371,0.11654004165852347,0.16592909660868724,0.20675997698427728,0.24544788687937907,0.3099159906025976,0.397287321105798
verylow-overshoot,VLHO,1975.0,0.05325299225377876,0.1183582449471883,0.16995722699272853,0.21264237487868437,0.2569453916445836,0.32128505986239386,0.4101993399762886
verylow-overshoot,VLHO,1976.0,0.04560091168694359,0.12087901880925173,0.1782280153751674,0.22221371475771393,0.2688940043386449,0.3338390354441514,0.4348580122600089
verylow-overshoot,VLHO,1977.0,0.05471648410654835,0.13194271613267194,0.18342057993167388,0.23293796096448777,0.2796512894123283,0.3376721711219042,0.4433630458707967
verylow-overshoot,VLHO,1978.0,0.06183946808371789,0.13793306543339773,0.18830665646351116,0.23409513761299333,0.2825365380754099,0.3457894682297377,0.4377762295692759
verylow-overshoot,VLHO,1979.0,0.08150439793375601,0.15074310532719348,0.1946167712500976,0.24678101559815013,0.2886958713875184,0.35818874783481003,0.43793230527791427
verylow-overshoot,VLHO,1980.0,0.08157031942060206,0.14435939772024806,0.20946372094663734,0.2557594893513998,0.2983742379614234,0.36387647946206286,0.46851076278602444
verylow-overshoot,VLHO,1981.0,0.09079308263014109,0.164507702349704,0.21458920215758098,0.26480765043296783,0.3084210831746977,0.37576851416753443,0.4631442522157587
verylow-overshoot,VLHO,1982.0,0.09455506074922926,0.17075720101421446,0.2275892164542884,0.2779818242630322,0.324859794118101,0.3833735658276338,0.4623689770941903
verylow-overshoot,VLHO,1983.0,0.10851209277749896,0.1837079670694299,0.23307211313231485,0.2873547349049456,0.3280271864928827,0.39169699021729565,0.47784337691027995
verylow-overshoot,VLHO,1984.0,0.11261121436380095,0.19120111442333673,0.24762213406894024,0.292787278446865,0.3436369562116677,0.4071053478517892,0.5087335818614087
verylow-overshoot,VLHO,1985.0,0.1149894621977072,0.18951463960186224,0.2547784844059781,0.29781325973056666,0.3457596397966984,0.40482249524672825,0.5042290275606787
verylow-overshoot,VLHO,1986.0,0.11517895396118534,0.2060852950605094,0.2549759841124159,0.30091765872141324,0.35754280959356394,0.4171131336938196,0.5031893752379671
verylow-overshoot,VLHO,1987.0,0.13441582966068683,0.20536937984381898,0.2645601112514407,0.3123146282168054,0.360831206540275,0.4264153324389353,0.5132977231085025
verylow-overshoot,VLHO,1988.0,0.13973882827275938,0.21527343050878647,0.27128854319478796,0.3223133330191811,0.36776911598864503,0.44264119643075206,0.5316310904455648
verylow-overshoot,VLHO,1989.0,0.15319252072974293,0.22848288850908394,0.28680621583055116,0.34048893858109863,0.38492214620490856,0.43914959312293467,0.5416198712785263
verylow-overshoot,VLHO,1990.0,0.15089630734720905,0.23012103647524604,0.2911994792744832,0.3440590883363488,0.3872970014067533,0.44725344158763497,0.5377401216132991
verylow-overshoot,VLHO,1991.0,0.1660730738142842,0.2498212126251839,0.29883998851533206,0.35217051378880243,0.404359488730868,0.46600953683231006,0.572113324529874
verylow-overshoot,VLHO,1992.0,0.18071939633743592,0.25524006699887053,0.3176565768885947,0.36285693555824416,0.41258172042984737,0.48984755923669654,0.5715910722050086
verylow-overshoot,VLHO,1993.0,0.20018120978299916,0.26184129221430685,0.31988849483635823,0.3677516907786433,0.4217540441179271,0.5026054883968397,0.5994091230240044
verylow-overshoot,VLHO,1994.0,0.20188887373039813,0.27217365856383935,0.3275492535309126,0.37976395716452516,0.42962777275745273,0.5007425479799587,0.5973207248165063
verylow-overshoot,VLHO,1995.0,0.19412895334906516,0.2859121210716898,0.3410327833222737,0.3921664528768078,0.4406369416589003,0.5145556097843461,0.603810233855144
verylow-overshoot,VLHO,1996.0,0.1972547535096097,0.2855421138457196,0.34993515784961793,0.40374019733420874,0.44794772666565214,0.519059246316261,0.6224134976554644
verylow-overshoot,VLHO,1997.0,0.21949450309767,0.2930345991695923,0.3567003094050627,0.4137089850984541,0.46058776040810967,0.5352593617924916,0.6292947799224476
verylow-overshoot,VLHO,1998.0,0.22911984132116356,0.30229727196498946,0.3634608189722237,0.4145520929181364,0.47076568971976124,0.5504481675973474,0.6536870829561237
verylow-overshoot,VLHO,1999.0,0.23822327871052038,0.31677227457247126,0.3710298801334268,0.42693196655789617,0.48444799603044403,0.556002590357603,0.6539660670720894
verylow-overshoot,VLHO,2000.0,0.23886519091618652,0.3234043055608012,0.38385951598353385,0.4341788519631908,0.4883628422545156,0.5729001013907513,0.6607108512089775
verylow-overshoot,VLHO,2001.0,0.2547136461108045,0.3380963535051324,0.4039390958014093,0.4499470363553884,0.5029408570759033,0.5769522487619604,0.6673525567373678
verylow-overshoot,VLHO,2002.0,0.2714675510197036,0.36299699959246823,0.41770167537547975,0.47218020370605346,0.5178906783629161,0.5857434423803765,0.6892572548115864
verylow-overshoot,VLHO,2003.0,0.2646963149095942,0.3575201397502732,0.41438344424111057,0.4772683717884988,0.5269880376267406,0.5949149259844565,0.6944168365046479
verylow-overshoot,VLHO,2004.0,0.2807144456624311,0.36111606993277967,0.4285994935867956,0.4805548770289663,0.5299926850202878,0.6084067418525348,0.7080423094786938
verylow-overshoot,VLHO,2005.0,0.29728311278943576,0.37085445603850486,0.4333810860469137,0.4915786676758456,0.5512767733122031,0.6168876660587211,0.7333111751539882
verylow-overshoot,VLHO,2006.0,0.3005918451879394,0.3893166550643474,0.45158712399096496,0.5069327963157783,0.5552907061546415,0.6258208538724368,0.7377284321080194
verylow-overshoot,VLHO,2007.0,0.3273973735287152,0.40458224407800975,0.467053640377965,0.5201785816670204,0.5777234152297723,0.6461777221757178,0.7483014785041213
verylow-overshoot,VLHO,2008.0,0.32951775853830717,0.4107785601203477,0.4733985086353475,0.5328690825356573,0.5895365388487076,0.6664577874609182,0.778411963173734
verylow-overshoot,VLHO,2009.0,0.34128102490443835,0.4263825088848199,0.4867681814246896,0.543968899048753,0.5991385118307587,0.6777155363566112,0.7845284820171904
verylow-overshoot,VLHO,2010.0,0.34534009165235374,0.42705319274541026,0.49947594018329705,0.5655482297042449,0.6178277097512238,0.7127965394428852,0.7887327967273838
verylow-overshoot,VLHO,2011.0,0.3546481162149737,0.4405095350995065,0.512796988673263,0.5685606873392943,0.632911247985623,0.7075553586198162,0.8241787008966719
verylow-overshoot,VLHO,2012.0,0.3742562407757136,0.46318063599706544,0.5227653085417292,0.5863856391421386,0.6436985916882639,0.7215891914297015,0.8229090777674698
verylow-overshoot,VLHO,2013.0,0.3865839628386595,0.47217063628142336,0.5316745117924018,0.5904327499027333,0.6492459782569616,0.7304008213599117,0.841454650340942
verylow-overshoot,VLHO,2014.0,0.38903902798294093,0.47450733807638856,0.5480089875382351,0.6160792681396978,0.6788330955234514,0.7603817266068437,0.8494972835833121
verylow-overshoot,VLHO,2015.0,0.4006610064178942,0.4899631764377554,0.5633640292180592,0.6232025588269915,0.6938933084300458,0.7750695643757536,0.8856064198497344
verylow-overshoot,VLHO,2016.0,0.43250670258813306,0.5084167556223138,0.5798664790546245,0.6386776263269431,0.7116862175520222,0.7966141579601826,0.9246879104613298
verylow-overshoot,VLHO,2017.0,0.43204773643328015,0.5147578635283999,0.5937120220274541,0.6595105791587196,0.7192994965409991,0.803107491409352,0.9430038731113702
verylow-overshoot,VLHO,2018.0,0.4461284355132049,0.5322350412654445,0.6080182880676842,0.6702367206022138,0.7342853496667461,0.8208872935906679,0.9478739177746344
verylow-overshoot,VLHO,2019.0,0.4523575851374781,0.5441910537416436,0.6173939325056468,0.6827465782626522,0.7583384195324465,0.8384345023398172,0.9491363180941742
verylow-overshoot,VLHO,2020.0,0.4738136803849574,0.5627852660460868,0.6323968611733116,0.6960351010881058,0.7526025742347257,0.8573617380635375,0.9799403172826101
verylow-overshoot,VLHO,2021.0,0.47504676942615415,0.5684935026927472,0.6478550948179037,0.7214514682275301,0.7867601275551912,0.8655466187421345,0.9960590374153907
verylow-overshoot,VLHO,2022.0,0.48635754191816444,0.5884385643723892,0.6622284318768582,0.7312269281853266,0.7938406494111978,0.8864770089819112,1.012498275837461
verylow-overshoot,VLHO,2023.0,0.5038175173061898,0.5932268416893773,0.6763578935308432,0.745018306813365,0.8075186951598519,0.8996868344755894,1.022374388555252
verylow-overshoot,VLHO,2024.0,0.5012694868547269,0.5998355331436463,0.6821974807744026,0.7581985580200937,0.8234866854471727,0.9286280600911485,1.0503522243254049
verylow-overshoot,VLHO,2025.0,0.521746149343238,0.6209167629892796,0.6985510364745288,0.7656501672880234,0.840518778883113,0.9266437045084454,1.0687890595289782
verylow-overshoot,VLHO,2026.0,0.5155278077744891,0.6349064582665831,0.7059085557350954,0.7890342829183581,0.8624176625573613,0.9547994857029515,1.083056043952381
verylow-overshoot,VLHO,2027.0,0.5365204073250436,0.6400947525277403,0.7179686342310716,0.7867356519251119,0.867552503799348,0.9737912844028334,1.1151697811538264
verylow-overshoot,VLHO,2028.0,0.5606911146882536,0.6519303251240349,0.7363890760623288,0.8140943508911199,0.8822403395112809,0.994018310726548,1.1466603178756516
verylow-overshoot,VLHO,2029.0,0.5672829495632431,0.659991659698598,0.7497359629813249,0.8362794905957781,0.912364146360462,1.012804583933489,1.1716436278720905
verylow-overshoot,VLHO,2030.0,0.570950089397216,0.6855805602645643,0.7626161440544814,0.8457803092656108,0.9243588786987766,1.0320473245270818,1.1696340075724303
verylow-overshoot,VLHO,2031.0,0.5736335452707044,0.6894119220580212,0.776193286581436,0.8613799031269551,0.9424843445732589,1.0524463497118488,1.1924806575280877
verylow-overshoot,VLHO,2032.0,0.6013117402544219,0.6985591734405361,0.7925082990953541,0.8729789382183244,0.9584415365971329,1.068635236620628,1.2059942247247526
verylow-overshoot,VLHO,2033.0,0.6015291780533129,0.7008958763453943,0.7914451406482921,0.8822898035339664,0.9753379331794217,1.0867712853872789,1.2348559377508783
verylow-overshoot,VLHO,2034.0,0.627899057854141,0.7267401922918122,0.8204213003087001,0.9029964004449976,0.9918601733075115,1.1005769470403577,1.2532245797286137
verylow-overshoot,VLHO,2035.0,0.6167315446635453,0.7323096232799322,0.8360461497701872,0.9208994748739527,1.0039147258805892,1.1307530159423274,1.2646078378312808
verylow-overshoot,VLHO,2036.0,0.6465343190261321,0.7421290779183374,0.847038930726087,0.9357921885420472,1.0191577611393516,1.1238175170148264,1.2915817260720184
verylow-overshoot,VLHO,2037.0,0.6540336978991211,0.7579751854159044,0.8590637535083158,0.9496040618552887,1.041737608855848,1.15333558472906,1.3011874968542607
verylow-overshoot,VLHO,2038.0,0.6587203843491578,0.7734614833404887,0.8697758736190684,0.960874301808256,1.0634010430316683,1.1688941354426277,1.3224298674733477
verylow-overshoot,VLHO,2039.0,0.679109130728177,0.7916487742870011,0.8936367016581469,0.984941443818881,1.0709934522301514,1.1866547882617982,1.3585879254501996
verylow-overshoot,VLHO,2040.0,0.6960280929220724,0.795293000384527,0.9021960169777278,0.9946541585839394,1.0849336070173248,1.2112574405503824,1.3540128179524629
verylow-overshoot,VLHO,2041.0,0.6931291910024693,0.8125087256049232,0.9114449294361694,0.9988085383444334,1.0933272707770847,1.223747130498323,1.3566537041287305
verylow-overshoot,VLHO,2042.0,0.7174200166975231,0.8208011652017616,0.9125300671865274,1.0159773726654062,1.112942169870243,1.2312319918830006,1.38835976075145
verylow-overshoot,VLHO,2043.0,0.7104972329915743,0.8219409756278995,0.9253369302679816,1.0171514038659748,1.1276791497788745,1.2391609265335846,1.395434130250966
verylow-overshoot,VLHO,2044.0,0.7185660385700956,0.8308170020239443,0.9463862544243299,1.0313297377184587,1.133528022590458,1.2512305604524627,1.403113851703899
verylow-overshoot,VLHO,2045.0,0.7280301705132466,0.8375077067719615,0.9433425460962828,1.037922001084525,1.1498369493128333,1.2762763104626031,1.42889823500621
verylow-overshoot,VLHO,2046.0,0.7284788287650944,0.8489908288315812,0.9495373491298066,1.056185892496117,1.1487450857468262,1.276503723533823,1.4203571215621968
verylow-overshoot,VLHO,2047.0,0.7288176892131267,0.8549580643859072,0.9632195896194631,1.057292699128395,1.150642787417652,1.2772230380769687,1.463058640430513
verylow-overshoot,VLHO,2048.0,0.750331902581033,0.8642261936354413,0.9727231457222031,1.0555176346366144,1.1626891166706266,1.291232217827189,1.4622372607773118
verylow-overshoot,VLHO,2049.0,0.7529645649674287,0.863032809474243,0.9754950798067008,1.0719787136203527,1.1710991983742518,1.3040021201440772,1.4711696025612633
verylow-overshoot,VLHO,2050.0,0.7548332376640577,0.8582609144043267,0.9601591434007456,1.0705484998600134,1.1663252199166796,1.3038115084974657,1.4858381915517898
verylow-overshoot,VLHO,2051.0,0.7449417573686384,0.8534834741984199,0.9716372284436761,1.0756247193096966,1.1738141829541349,1.3250788038521868,1.4834973112398795
verylow-overshoot,VLHO,2052.0,0.7549532287631516,0.8638375791457518,0.9692671665438609,1.0837195827547466,1.1744245042262684,1.3111484413831653,1.5065799591538156
verylow-overshoot,VLHO,2053.0,0.7648105804504187,0.8674660723953369,0.9810027544021535,1.0741715171212842,1.1769847452871203,1.3124449308840846,1.4934179693854983
verylow-overshoot,VLHO,2054.0,0.7435868878746373,0.8600548560951271,0.968255849662284,1.0806146380706345,1.1762847010143995,1.3020688304469237,1.482240368132151
verylow-overshoot,VLHO,2055.0,0.7404252393964914,0.8587907263517333,0.9637764325416649,1.0728749585120299,1.1884817216410313,1.3181340040887706,1.47937917750564
verylow-overshoot,VLHO,2056.0,0.7381743256798917,0.8582110167168229,0.9708134191533133,1.0703669629487547,1.1859806213232187,1.3089354319726076,1.479539424551745
verylow-overshoot,VLHO,2057.0,0.7467818024859699,0.8526715109806451,0.961120272269177,1.0787537044098492,1.192647864795503,1.3240681898397573,1.4990984160736376
verylow-overshoot,VLHO,2058.0,0.7317211074865514,0.8642381586185097,0.9654223385680039,1.0804391919601053,1.177396818342452,1.3257475579769993,1.5161204404056017
verylow-overshoot,VLHO,2059.0,0.7396225035800214,0.8575253892605104,0.9581690407915137,1.058923343202059,1.1752275392057987,1.3198605525347518,1.4979085454492318
verylow-overshoot,VLHO,2060.0,0.7242723328525881,0.8629000310348686,0.9611070320006706,1.0636118428661168,1.1703194049028425,1.31643543147259,1.4992040577985928
verylow-overshoot,VLHO,2061.0,0.7285581198097323,0.8533746133575478,0.9624595607066101,1.058434687723295,1.1647109856021969,1.2988143621349724,1.4859244179948687
verylow-overshoot,VLHO,2062.0,0.7228825956450181,0.8488109110028871,0.96791985024425,1.0639085295713282,1.1677088107913522,1.3031384374858288,1.4763355409224743
verylow-overshoot,VLHO,2063.0,0.7268616379714546,0.8416380192080345,0.9552539342924927,1.062954066863307,1.1618504437045236,1.3017743904254755,1.481818576744163
verylow-overshoot,VLHO,2064.0,0.7168548907123166,0.8352646144831785,0.9535348909869561,1.0586703724992297,1.156024491189433,1.29748631837609,1.4809095254588365
verylow-overshoot,VLHO,2065.0,0.7075269069251656,0.8254356386008396,0.9498568680566738,1.0533433933435326,1.1634296284868444,1.2893273196424406,1.5168176865655316
verylow-overshoot,VLHO,2066.0,0.714608469114839,0.8162210685862998,0.9299582253167012,1.0435671111752545,1.1507429784460117,1.2871557734750527,1.4687306167382985
verylow-overshoot,VLHO,2067.0,0.7087382159365299,0.8276616954589547,0.938338049644598,1.0421712171975293,1.148602885439207,1.2872303501344453,1.5024959880769537
verylow-overshoot,VLHO,2068.0,0.7172087255590105,0.8192293450361827,0.9237385902764742,1.0295626222083238,1.1482935527625784,1.2861729073456654,1.4781798756452251
verylow-overshoot,VLHO,2069.0,0.7099209281144391,0.8166230526183089,0.9182429120120678,1.023590540923976,1.1504168870903209,1.285158781574995,1.4519413653707922
verylow-overshoot,VLHO,2070.0,0.6839336974640899,0.8055556428716226,0.9236057034169305,1.0309188036181238,1.1466865838060838,1.2771126722742256,1.4703539758837965
verylow-overshoot,VLHO,2071.0,0.6501602460236919,0.7984620397802519,0.9063692259358238,1.0295865757730402,1.134166326410606,1.2786486317112595,1.4606453090804152
verylow-overshoot,VLHO,2072.0,0.6749300040925749,0.793317194884873,0.9123261534808718,1.0185596393408034,1.133508644302417,1.2804430768159423,1.4696359069823128
verylow-overshoot,VLHO,2073.0,0.6520150984307378,0.7874543759641177,0.8999392621966074,1.0195968891925742,1.1188920537433524,1.263376771857139,1.4604741872487212
verylow-overshoot,VLHO,2074.0,0.6732743167261739,0.7867386507382449,0.8979980387377181,1.0035108637344943,1.109537101556328,1.2757313261292267,1.4509035821608887
verylow-overshoot,VLHO,2075.0,0.6682280090611742,0.7766069843375076,0.8916705242536194,1.0004889823126801,1.1316528728433597,1.2701741930058237,1.4616356408845714
verylow-overshoot,VLHO,2076.0,0.6422952142660258,0.7758576131749879,0.8904182933673465,1.0090374936522524,1.108295735766431,1.263723209898843,1.4594746262908935
verylow-overshoot,VLHO,2077.0,0.6526610105909004,0.7837593128300115,0.8805236026923619,0.9859374499386747,1.0959414760101192,1.2509176452192339,1.4504484261337856
verylow-overshoot,VLHO,2078.0,0.6731629250099426,0.7820201296333127,0.8741342029957765,0.9821771334699041,1.074524312245413,1.2418076547188452,1.441176177513972
verylow-overshoot,VLHO,2079.0,0.6449272510234194,0.766483764668178,0.8618954428730394,0.9811634663352878,1.0865781068721614,1.2297475728677119,1.4531483839881671
verylow-overshoot,VLHO,2080.0,0.6327675084706338,0.7640810572093039,0.8652368847017882,0.9684617432505512,1.0850672066107965,1.2230020230513567,1.4325354680667437
verylow-overshoot,VLHO,2081.0,0.6353168712452496,0.7603244807638149,0.8543506959818066,0.9645046577572984,1.063778465593301,1.2100834206919757,1.4127339833456976
verylow-overshoot,VLHO,2082.0,0.627281964145397,0.7382524765009267,0.8546685127928239,0.9501315317979123,1.066691026913991,1.2089202539937138,1.4091771406114502
verylow-overshoot,VLHO,2083.0,0.5985299507425103,0.738199539686133,0.8401421351973263,0.9463313355931773,1.0560067126967072,1.1976054199843433,1.4127468420098226
verylow-overshoot,VLHO,2084.0,0.6048311175157374,0.7334589595679428,0.8345664401279395,0.9449775731140039,1.0534710880710716,1.204436449092745,1.3901511224477603
verylow-overshoot,VLHO,2085.0,0.6017206254227683,0.7352439278341143,0.8256399275953307,0.9278969611373331,1.0483820404797197,1.191533143378458,1.3731356018062488
verylow-overshoot,VLHO,2086.0,0.6055448184956785,0.7193224956242957,0.8183584054131002,0.9200767205293046,1.0263632457151588,1.1776141662043473,1.3737054096218246
verylow-overshoot,VLHO,2087.0,0.6111959753699212,0.720969883211252,0.8126603881851924,0.9141985363374591,1.0206695320936159,1.1650532974448873,1.3828290351532084
verylow-overshoot,VLHO,2088.0,0.5956925831059011,0.7096349410494447,0.8025690010056282,0.9129628267920166,1.0272075173823962,1.1750219444694943,1.3699761112173847
verylow-overshoot,VLHO,2089.0,0.5852191030101955,0.7061675195104844,0.804248824687818,0.9118843018780812,1.0232890084536217,1.1572460471738915,1.3645265739775803
verylow-overshoot,VLHO,2090.0,0.5828923697355803,0.6924964435737131,0.7934017687782956,0.9009764570542217,1.0107199257011334,1.16022588448521,1.3425712717128802
verylow-overshoot,VLHO,2091.0,0.5678148771653778,0.6881360837167567,0.781496170885389,0.8934309490340137,1.0050357382353488,1.1539533302405542,1.363630619928686
verylow-overshoot,VLHO,2092.0,0.5809152843977148,0.6898165822903457,0.7780303438911544,0.8847098340101578,0.9852860632694717,1.1295329407420602,1.3388147191100377
verylow-overshoot,VLHO,2093.0,0.5663100118909665,0.6741761874214303,0.7761107544931231,0.8751004636754856,0.98223178701235,1.1359071531483218,1.3444219039031484
verylow-overshoot,VLHO,2094.0,0.5457615817426953,0.6511867223984547,0.7694121847764789,0.8660802220951322,0.9827841869260645,1.106646065872418,1.3507954191048954
verylow-overshoot,VLHO,2095.0,0.5336784119582123,0.6520786952425239,0.7567392433512172,0.8599054876361442,0.9687567778554893,1.1066934426636519,1.3224970349878455
verylow-overshoot,VLHO,2096.0,0.5410303169396087,0.649997253805231,0.7544388157569862,0.8625857751647789,0.9629102883943362,1.1106901049735427,1.309250191729009
verylow-overshoot,VLHO,2097.0,0.5278491063307059,0.6472756428443701,0.7515382167270467,0.8515399031034038,0.9480408139768173,1.0967407754644547,1.302058041701512
verylow-overshoot,VLHO,2098.0,0.5272378552386602,0.6349750197210711,0.7378607872824059,0.84086869153266,0.933292550499239,1.1034287989273288,1.2786535713411813
verylow-overshoot,VLHO,2099.0,0.5310230379791079,0.6331590053932163,0.7236002273605809,0.8200942883553906,0.9201497311654261,1.084515190573316,1.281831878385963
verylow-overshoot,VLHO,2100.0,0.49893684248643144,0.6128238352518568,0.7168477067247605,0.8179163021190358,0.9114497445337894,1.059031782524714,1.2702480465503174
verylow-overshoot,VLHO,2101.0,0.494190168674863,0.6049478663891787,0.7015176472587709,0.8076731684903342,0.9149121718209549,1.057889619796552,1.279032010995402
verylow-overshoot,VLHO,2102.0,0.5036742563115962,0.6074144787888585,0.68704881316171,0.7845988690926909,0.9004743025130963,1.0359473125909902,1.253969380774345
verylow-overshoot,VLHO,2103.0,0.46685352958300347,0.5960342032327243,0.688300197287076,0.776136308002984,0.8867032440866559,1.0427267521030614,1.2527240597181726
verylow-overshoot,VLHO,2104.0,0.4630925877783694,0.5857645573332747,0.6809536632293055,0.7779513261685976,0.8750204486327037,1.0139545825567227,1.2255180319600791
verylow-overshoot,VLHO,2105.0,0.4637618256232658,0.5699525894578933,0.6652834290998003,0.7721148068291657,0.8715374975301255,0.9957316022200978,1.2231031604726763
verylow-overshoot,VLHO,2106.0,0.4565927367182659,0.5541841737400044,0.6506251830763821,0.7605194997553544,0.8501087115330076,0.9893496169856157,1.187048770322305
verylow-overshoot,VLHO,2107.0,0.4399026551698942,0.5581373165135726,0.6493437856529225,0.7486145443483322,0.8524465434817556,0.9856704573290229,1.192341481196822
verylow-overshoot,VLHO,2108.0,0.42868784727719156,0.536043308020432,0.629475193722727,0.7268574449826627,0.8275023859353452,0.9734331744877454,1.195544361842115
verylow-overshoot,VLHO,2109.0,0.41168763383977797,0.5188516141921176,0.6215588738902285,0.7242698773520515,0.8183481385089089,0.9484654089216977,1.1692633445173843
verylow-overshoot,VLHO,2110.0,0.40353033308604935,0.518940316317883,0.6168890072964284,0.7100951090955833,0.8113793691546844,0.929504170206935,1.1392284260526435
verylow-overshoot,VLHO,2111.0,0.3872914453729774,0.5087812623737915,0.6068196181833688,0.7092418904766851,0.8100464737475782,0.9163177523556735,1.1407972919991742
verylow-overshoot,VLHO,2112.0,0.38570759392996834,0.5119234823325488,0.5977787608899768,0.6909989117668519,0.7869966594722709,0.9310198235132671,1.1188462663167877
verylow-overshoot,VLHO,2113.0,0.3795420912598474,0.4991960933948,0.5790309888103087,0.6815813409095092,0.7788978563915633,0.9213837595201693,1.1030532656438423
verylow-overshoot,VLHO,2114.0,0.3727246638377447,0.47394256326647355,0.5697304701152348,0.6628634764873265,0.7745762935963914,0.8971476959371213,1.10974088961416
verylow-overshoot,VLHO,2115.0,0.3782142652765851,0.47316164191956084,0.5665117062233367,0.6570358899890063,0.7569827678951433,0.8744364238762293,1.1050716453375071
verylow-overshoot,VLHO,2116.0,0.3586860852914909,0.46406281412732076,0.5465173620067748,0.6400532377708255,0.7371045532127303,0.8793859437033047,1.0879423283137155
verylow-overshoot,VLHO,2117.0,0.34402166626504205,0.4458371363833467,0.5526394927089814,0.6385283322161436,0.7307232204722646,0.8594003947434663,1.06708661504476
verylow-overshoot,VLHO,2118.0,0.33541386785696636,0.4375579709613171,0.536259938573954,0.6243355194141875,0.7217896791791719,0.8729646590256279,1.0427872386055383
verylow-overshoot,VLHO,2119.0,0.31963782964411774,0.4267366879134086,0.5122415265358616,0.604001371131018,0.7096698522265621,0.8375752655428611,1.028566369905998
verylow-overshoot,VLHO,2120.0,0.3295469909578703,0.4187382677574567,0.5095111208596153,0.5953194025407782,0.6927426570419992,0.8293505644316735,1.0004310896743809
verylow-overshoot,VLHO,2121.0,0.31083428018224335,0.4182250446917054,0.5042638719627621,0.6050272733374047,0.6966773365542582,0.8286423124564786,1.0115588470598162
verylow-overshoot,VLHO,2122.0,0.3036902268272953,0.4027086853983038,0.4981258997509948,0.577535078775021,0.6797238266487452,0.8186332693106201,1.0150690252851071
verylow-overshoot,VLHO,2123.0,0.29685206797442476,0.3888613931207101,0.4805784154866089,0.5625969814519014,0.6586056426225202,0.8017042355499356,0.989482961734432
verylow-overshoot,VLHO,2124.0,0.2894800988102688,0.3836799871544952,0.4668449777648919,0.5540317421081459,0.6493768631098779,0.786002812567639,0.9770833798441431
verylow-overshoot,VLHO,2125.0,0.2733829355501375,0.36369013117976,0.4577607388553356,0.5529269547572656,0.6362931965762886,0.7637832309622645,0.9605369633799402
verylow-overshoot,VLHO,2126.0,0.25691261818224237,0.36012278219954297,0.44589869820141365,0.5291791587523279,0.625694742991536,0.7545682349449409,0.9294863461043593
verylow-overshoot,VLHO,2127.0,0.2425157450208084,0.34792896523232614,0.4346161345090773,0.5153956010009123,0.6094866715546461,0.7362720290052034,0.9360494883688267
verylow-overshoot,VLHO,2128.0,0.23460828262694616,0.3288101693549756,0.41985826993615505,0.5036437241280468,0.6026428566978859,0.7372430082156304,0.9207442900532355
verylow-overshoot,VLHO,2129.0,0.23920318955541653,0.33339327910748046,0.40805750821742237,0.5022907779396815,0.5837790194188851,0.7181537434159312,0.8898682705324924
verylow-overshoot,VLHO,2130.0,0.2225863502301192,0.3180210702242256,0.411643646496869,0.48250448744827135,0.5766578055943287,0.7205748075896534,0.8692937287475923
verylow-overshoot,VLHO,2131.0,0.20436242985728625,0.3076833377993552,0.3970563956375849,0.47623873772826447,0.5583491315084296,0.6893089657692648,0.8870327366522717
verylow-overshoot,VLHO,2132.0,0.18774255765304607,0.29838084147417143,0.37983258139171666,0.45859716855089916,0.5490830632751282,0.6930293361540859,0.8778291476094785
verylow-overshoot,VLHO,2133.0,0.17650840439214135,0.27926693146742815,0.3737951641115532,0.4564397489106955,0.5352564939807363,0.6747947980225207,0.8534601859800516
verylow-overshoot,VLHO,2134.0,0.17832384261478296,0.2714064563513306,0.35064709157499035,0.4416645287337811,0.5245488221427782,0.663393239766831,0.8476150903890889
verylow-overshoot,VLHO,2135.0,0.162307701250643,0.2647108220493983,0.3484448306574541,0.4311132489019859,0.5132897425941529,0.6396995550823025,0.8321189241509582
verylow-overshoot,VLHO,2136.0,0.14867304046090007,0.2564709869247289,0.3343329381661309,0.4167158542332192,0.48867134921217725,0.6162264580842323,0.8251316771798116
verylow-overshoot,VLHO,2137.0,0.12487194364580151,0.2503044601678855,0.3295769960306027,0.4094876067158,0.48705117034607126,0.6191413252848834,0.8350412610333704
verylow-overshoot,VLHO,2138.0,0.1115649203450336,0.2268511978658928,0.3177833441046692,0.4033482186534397,0.47649551393703893,0.6007304393006063,0.7844124640126303
verylow-overshoot,VLHO,2139.0,0.1328534068376565,0.23342025866921345,0.3147203918839591,0.3927045079475742,0.46650098395628403,0.5784641573190648,0.7863883037041177
verylow-overshoot,VLHO,2140.0,0.11751900767350053,0.2178530701745096,0.2928177365510469,0.3698278354976553,0.43814919576857897,0.558545072150959,0.7642803863237893
verylow-overshoot,VLHO,2141.0,0.09925867085980428,0.20943275726639043,0.2875315269489999,0.3501669733803433,0.42545443613390377,0.5544728934968438,0.7493302685634176
verylow-overshoot,VLHO,2142.0,0.08791876314658112,0.18726598500621253,0.26496304626055517,0.3365853750918394,0.4128185438453419,0.5317115515675334,0.7368149658766747
verylow-overshoot,VLHO,2143.0,0.09006816327732446,0.18232261590913412,0.25970178835491814,0.32581440622537833,0.3956622287262335,0.5160364841509487,0.697291486692282
verylow-overshoot,VLHO,2144.0,0.07193718784309296,0.16576216733671087,0.24027095475185675,0.3155967608072816,0.38815068503908035,0.5078375840508152,0.6993065914899473
verylow-overshoot,VLHO,2145.0,0.07815743261339618,0.1631785845600252,0.24084446780851348,0.31342168170852197,0.3738813548002641,0.5007086231972745,0.6763886190938202
verylow-overshoot,VLHO,2146.0,0.051275607287357625,0.14373728442159767,0.2205773436204841,0.28971929020046555,0.366531368914756,0.4906317833325736,0.6683459606925349
verylow-overshoot,VLHO,2147.0,0.029918912798261067,0.14229349727439775,0.20753102698392,0.2763571877438935,0.3452427622145657,0.47264531755890604,0.6694478637620642
verylow-overshoot,VLHO,2148.0,0.02484360119621356,0.11251182845151439,0.19436523099865322,0.2665391329292383,0.34363293991885946,0.45733129087843255,0.6539814145074346
verylow-overshoot,VLHO,2149.0,0.005138645176294879,0.10843239951736305,0.1818650731982704,0.2538302036076254,0.3335527192975952,0.4459075314496202,0.6273227514547296
verylow-overshoot,VLHO,2150.0,-0.007604127193303292,0.09063856351259635,0.16699789789670644,0.23956662197079062,0.31690199994363927,0.4148166307931001,0.6153937649523873
verylow-overshoot,VLHO,2151.0,-0.025178523706381954,0.07112838396076585,0.13978618885425945,0.21749543820096096,0.2908599456522301,0.4161138762822102,0.5915922073630852
verylow-overshoot,VLHO,2152.0,-0.034598545443579806,0.0664697173473594,0.13826840331816082,0.20464430233947659,0.2795789323114075,0.39420369479138595,0.5595562889639775
verylow-overshoot,VLHO,2153.0,-0.05747974538630779,0.04349601811021384,0.12129864655609351,0.20213123585931117,0.26461911388673665,0.382522933983713,0.5675989610415411
verylow-overshoot,VLHO,2154.0,-0.059777385341705014,0.03844390777879455,0.10891649281957441,0.17863923305950705,0.25369285972384026,0.3620672243354875,0.5450676811162747
verylow-overshoot,VLHO,2155.0,-0.06336366733433804,0.026300257937119015,0.09909793999048673,0.17028084669656507,0.25220497080410137,0.34411176325655585,0.5240950444174477
verylow-overshoot,VLHO,2156.0,-0.09621140229723521,0.014713343009331473,0.0901421334936483,0.16089416071261647,0.2304363981741852,0.33607212643536816,0.5310958563953289
verylow-overshoot,VLHO,2157.0,-0.10744654026623102,-0.007277628906263907,0.0709887560749236,0.14436398324197425,0.21724330618673593,0.31828407021266847,0.5137611775343562
verylow-overshoot,VLHO,2158.0,-0.10957321984498031,-0.012402818660297703,0.0642450502606575,0.12799535490144853,0.20436422327424325,0.3028157586190652,0.47943811685852233
verylow-overshoot,VLHO,2159.0,-0.1322151073004986,-0.0255857925449239,0.05665098057453698,0.12049438623642728,0.18932576269519294,0.2800869013005418,0.4398633233335173
verylow-overshoot,VLHO,2160.0,-0.13647043075550516,-0.04154538488622035,0.031838385061900114,0.11236359539065664,0.17216119944239314,0.27845190419494104,0.4488069402441695
verylow-overshoot,VLHO,2161.0,-0.15702724294250733,-0.05506415503222206,0.02211695315441072,0.08535620295080462,0.1560684763125368,0.26116889682688754,0.4503691348251394
verylow-overshoot,VLHO,2162.0,-0.17913183458002427,-0.07804606415168304,1.3936130975004425e-05,0.06635063452317383,0.13398614685870502,0.23841633488667355,0.4030384041944632
verylow-overshoot,VLHO,2163.0,-0.1852177655020826,-0.08540211686400302,-0.01604332097572293,0.05565477413670038,0.12438238444936343,0.2292606168188783,0.39256893465183934
verylow-overshoot,VLHO,2164.0,-0.19870141239319974,-0.0904110222529344,-0.012454503335382883,0.049757786566892864,0.11227761459999906,0.20551332303473147,0.4064268679986208
verylow-overshoot,VLHO,2165.0,-0.22150557905688767,-0.11862354703027402,-0.036293855113752126,0.029405354699980957,0.10150113078879466,0.19013797654890266,0.3759777988322837
verylow-overshoot,VLHO,2166.0,-0.21435711410283492,-0.1247980529527129,-0.050763862007333065,0.012376963348624773,0.08354028201982353,0.1835856687502082,0.35187723732752635
verylow-overshoot,VLHO,2167.0,-0.22549534630542067,-0.13070521054179407,-0.05877988000680762,0.0039046987621781555,0.06902193637345698,0.1665415894534412,0.33096422059957087
verylow-overshoot,VLHO,2168.0,-0.2527083661167442,-0.1506898392804585,-0.07463501424404557,-0.004280311215941836,0.058049439224277494,0.15749921821429078,0.32376514076888824
verylow-overshoot,VLHO,2169.0,-0.26488858313981883,-0.15514459333613667,-0.08763735689273587,-0.013922796222225833,0.046877793382781974,0.14956655800684476,0.30569896611429564
verylow-overshoot,VLHO,2170.0,-0.29924682548692055,-0.17095691381882674,-0.10022838625942607,-0.02844221221516021,0.04036893578436594,0.13303312456672586,0.2859467226032454
verylow-overshoot,VLHO,2171.0,-0.309235551521174,-0.19382452306379366,-0.11344558542289646,-0.04776554807678927,0.027652657380044007,0.11755236417573031,0.29124506402553696
verylow-overshoot,VLHO,2172.0,-0.32466247163662953,-0.20240116448855652,-0.11823876824745685,-0.048855858127136276,0.011668172117984894,0.10599220443426297,0.24521116955492775
verylow-overshoot,VLHO,2173.0,-0.3182458814236709,-0.22078103740305163,-0.1279120531515526,-0.06756957756891709,-0.00449772606457174,0.08721567439177925,0.22828196447468124
verylow-overshoot,VLHO,2174.0,-0.35159758351922715,-0.23284079483620387,-0.15200962732758164,-0.08499957432550986,-0.02647375595984251,0.06861318170236977,0.20755549761557246
verylow-overshoot,VLHO,2175.0,-0.3568351960853684,-0.24561150892909792,-0.159086384121382,-0.09893785801898242,-0.03718263989538521,0.05124474933486545,0.20075988298213399
verylow-overshoot,VLHO,2176.0,-0.3701186804069928,-0.25437517596290393,-0.17908266407473716,-0.10817251033219552,-0.043953810503180306,0.047704422733114614,0.1893054983649805
verylow-overshoot,VLHO,2177.0,-0.3924320009032139,-0.2732067330471069,-0.1907125652935616,-0.11965372994570393,-0.0634002609768221,0.029736967092713742,0.18090198046082917
verylow-overshoot,VLHO,2178.0,-0.3884645452091685,-0.28008002666131193,-0.20848636549942087,-0.1462201299867282,-0.07615351111532416,0.01114075561367383,0.16813441372954863
verylow-overshoot,VLHO,2179.0,-0.41322552332543205,-0.3049587587051095,-0.22187078455574147,-0.15622532351874627,-0.08704339814981318,0.002171935133159098,0.1480775804185335
verylow-overshoot,VLHO,2180.0,-0.41788935543237343,-0.3093540456960562,-0.2347158821728984,-0.159485394651868,-0.10020986993510893,-0.0207030390403621,0.1326770634390054
verylow-overshoot,VLHO,2181.0,-0.4356513909531111,-0.3230962906005881,-0.25098740927834123,-0.1736186860911381,-0.11759250690569238,-0.022909446128769457,0.09813859270907513
verylow-overshoot,VLHO,2182.0,-0.47042765980873985,-0.34866084827522803,-0.25524626504141895,-0.19358000354412302,-0.12828290093845968,-0.048483269319263465,0.1055753495829293
verylow-overshoot,VLHO,2183.0,-0.4671176430744546,-0.3509349955831165,-0.2834015276742098,-0.2185121986208239,-0.1502901000329483,-0.051703905966874894,0.057825409931197364
verylow-overshoot,VLHO,2184.0,-0.47933887756565796,-0.36245038942112007,-0.2974796760398665,-0.22755095818179083,-0.15646005211269076,-0.06079627488413768,0.051134108385004304
verylow-overshoot,VLHO,2185.0,-0.4958213586971103,-0.3829998839472862,-0.29696750891381674,-0.2256511365421775,-0.1628113327406966,-0.08045978776273241,0.03319502439249962
verylow-overshoot,VLHO,2186.0,-0.5028162469685665,-0.39727319986809984,-0.3135627719747936,-0.24634876019152774,-0.1840429297607156,-0.10454627198073886,0.010862046639504103
verylow-overshoot,VLHO,2187.0,-0.538540724112727,-0.4228875653329326,-0.3408507702136322,-0.2657259701743687,-0.20222820808497186,-0.11307085235124299,-0.004969524252028108
verylow-overshoot,VLHO,2188.0,-0.5362362958101887,-0.4350631890422818,-0.3440793463265545,-0.2799165258444176,-0.20988977188683966,-0.11938188624913859,0.0160488544438686
verylow-overshoot,VLHO,2189.0,-0.5696651233412416,-0.44835460482940587,-0.3550446639243628,-0.2872067835736549,-0.2256081353252069,-0.1391782513252373,-0.018137696169869988
verylow-overshoot,VLHO,2190.0,-0.5858544323465433,-0.44628753667043136,-0.3624628985031133,-0.2930605569706289,-0.23342292437845405,-0.15094665193080387,-0.03465707915046334
verylow-overshoot,VLHO,2191.0,-0.5886282167339217,-0.46120865742874984,-0.377516439235713,-0.31385325905191236,-0.2513750934993749,-0.15846852831230682,-0.0394416097746705
verylow-overshoot,VLHO,2192.0,-0.5946324659427896,-0.48987119284447844,-0.39592641845694265,-0.3319970311151974,-0.2677103763972531,-0.178831323630098,-0.049240941232309904
verylow-overshoot,VLHO,2193.0,-0.6046409677364041,-0.5025418824834977,-0.4161938960444136,-0.34427450312960195,-0.2794908419499198,-0.1973687379604455,-0.08462109352535702
verylow-overshoot,VLHO,2194.0,-0.6183279940629081,-0.5054552175090661,-0.42748723549108153,-0.352423876002244,-0.28483591809376174,-0.19248072661279336,-0.08042425684626583
verylow-overshoot,VLHO,2195.0,-0.6727772101493109,-0.5273050717881511,-0.4282154869194672,-0.36519073277577363,-0.29627694026296836,-0.21245338770379793,-0.10179814617572924
verylow-overshoot,VLHO,2196.0,-0.6647070684315181,-0.5454410964816843,-0.44592981488978417,-0.37776433795676123,-0.31124732180761366,-0.22640982425072267,-0.11713028145859905
verylow-overshoot,VLHO,2197.0,-0.6852417596778676,-0.5527999457651168,-0.4681753531129757,-0.3883529279978663,-0.3256350492337506,-0.23364357275078898,-0.12314409331992449
verylow-overshoot,VLHO,2198.0,-0.6852446821538303,-0.5715451377604267,-0.4729171361359071,-0.4073185824834604,-0.34712995589155715,-0.2560790974646547,-0.13792565497099996
verylow-overshoot,VLHO,2199.0,-0.6939658292993875,-0.5719323675849513,-0.48451274659849847,-0.41952136438276133,-0.35088889473612883,-0.27423351430809517,-0.15662103131765837
verylow-overshoot,VLHO,2200.0,-0.7130396203166325,-0.5867157862774248,-0.5041586814614878,-0.43340909929892674,-0.3620916355258907,-0.2777648823115728,-0.17180337337699
verylow-overshoot,VLHO,2201.0,-0.7315901261483967,-0.6101589289970005,-0.5209426873317979,-0.4363945119557913,-0.3756651898195746,-0.29292277418616147,-0.1766644957147307
verylow-overshoot,VLHO,2202.0,-0.768148200467152,-0.6310221586935741,-0.527158865045128,-0.44973157715078516,-0.3801599274999039,-0.2885246991638958,-0.17843424611852338
verylow-overshoot,VLHO,2203.0,-0.7683982482243906,-0.6352832124083737,-0.5380556612072679,-0.4670828703702608,-0.40442431403100954,-0.3235741780041649,-0.19064416825967428
verylow-overshoot,VLHO,2204.0,-0.7961497993839721,-0.6484592640975235,-0.5598640210489112,-0.4840029736728351,-0.41068077541490045,-0.31943570215733136,-0.22766516589380878
verylow-overshoot,VLHO,2205.0,-0.8004445805930347,-0.6667045340389312,-0.5742460601920946,-0.4999003607333983,-0.42995601417090096,-0.3362332854788992,-0.22436056287856715
verylow-overshoot,VLHO,2206.0,-0.8266261359681806,-0.6809046901238857,-0.5829498105227325,-0.5090746397693053,-0.43446439800248293,-0.33656125673731613,-0.2283331064479175
verylow-overshoot,VLHO,2207.0,-0.8453447810239882,-0.6855562929596714,-0.5955325169871385,-0.514319771504852,-0.44868961267279134,-0.36312662530613904,-0.24125287124245748
verylow-overshoot,VLHO,2208.0,-0.865923910218195,-0.7108655538863429,-0.6090763324425345,-0.5334764606189147,-0.4641430739991074,-0.3739735176113758,-0.24210422678247534
verylow-overshoot,VLHO,2209.0,-0.887596887518848,-0.7379937111209236,-0.6160724316622485,-0.5289736719529495,-0.4645690367516977,-0.37896221302120975,-0.28574673450000354
verylow-overshoot,VLHO,2210.0,-0.8871498468914708,-0.7394160928037944,-0.6345788233169354,-0.5483246883161994,-0.4784588969048872,-0.3895665230740771,-0.2733107359161351
verylow-overshoot,VLHO,2211.0,-0.9063862030793832,-0.7498261259531923,-0.644373680741206,-0.5653469250212038,-0.4868927519843242,-0.4035068384566243,-0.2832508506231997
verylow-overshoot,VLHO,2212.0,-0.8941194145714322,-0.750926415431366,-0.649803044624946,-0.5738153542850224,-0.4982901921543454,-0.40412899988828827,-0.28794909985019657
verylow-overshoot,VLHO,2213.0,-0.9358865841762805,-0.7684441825059823,-0.6619410548242336,-0.5736331789395319,-0.5051581651783735,-0.4121697071063098,-0.2901702683973385
verylow-overshoot,VLHO,2214.0,-0.954884566065342,-0.7828179793029513,-0.6727270681332924,-0.5957168259351059,-0.5109079108827363,-0.4169948834236599,-0.30264361459710887
verylow-overshoot,VLHO,2215.0,-0.9566007170511228,-0.7844588772663404,-0.6800168363874153,-0.6030422879019296,-0.5187304785042224,-0.42277824206950215,-0.3178596428952828
verylow-overshoot,VLHO,2216.0,-0.9854360040583438,-0.7982974986945408,-0.6870254169116624,-0.6023731557756039,-0.5214007346612276,-0.4216495944864677,-0.31168273213515124
verylow-overshoot,VLHO,2217.0,-0.9801501731184643,-0.8027455559853159,-0.6908806398526179,-0.6056736725702765,-0.5268244446919209,-0.42674044576664244,-0.3150859925047529
verylow-overshoot,VLHO,2218.0,-0.9848673341530456,-0.8213496515049145,-0.7068232110120094,-0.6187901443157175,-0.543405437593516,-0.4374626237096803,-0.3227426220473418
verylow-overshoot,VLHO,2219.0,-0.9924247844679702,-0.825749184109345,-0.7092438770711843,-0.6283717979899572,-0.5417325648715773,-0.4468715731800789,-0.30778841123685485
verylow-overshoot,VLHO,2220.0,-0.9917638317050271,-0.8255601650474679,-0.7131148884899923,-0.6341353393067534,-0.5474467645157831,-0.45707629785311665,-0.33906520781707694
verylow-overshoot,VLHO,2221.0,-1.0171649294812901,-0.8460560190991423,-0.7222496766630849,-0.6427971759085283,-0.5559674749343149,-0.47129405410357983,-0.33227311638956536
verylow-overshoot,VLHO,2222.0,-1.0220795256855568,-0.8630217666864182,-0.7345070150638865,-0.6481252874278455,-0.5581710438179711,-0.4641754051416234,-0.36516015569200827
verylow-overshoot,VLHO,2223.0,-1.0278711911886167,-0.870669569412854,-0.7509321370463645,-0.6508815765370505,-0.5700090144014164,-0.4786627660383249,-0.3541484387344001
verylow-overshoot,VLHO,2224.0,-1.045139598798407,-0.8667889864739098,-0.7500366991099698,-0.655262803881814,-0.557096638785161,-0.4729301351344389,-0.3709387795906452
verylow-overshoot,VLHO,2225.0,-1.0517890560981245,-0.8831247786529459,-0.7466019811076225,-0.6641123076918564,-0.5742636660108571,-0.4654252909001746,-0.34106569763136113
verylow-overshoot,VLHO,2226.0,-1.0550847628624727,-0.8798494397070487,-0.7597473505436876,-0.6667638076612331,-0.5784075911787884,-0.4814077305975372,-0.36506788032839604
verylow-overshoot,VLHO,2227.0,-1.0643588679311795,-0.8863389143626466,-0.7547449300295165,-0.6736650894790022,-0.591303696199315,-0.4831038425462322,-0.3627702732164772
verylow-overshoot,VLHO,2228.0,-1.081129976989108,-0.8981282587773339,-0.7710685220129343,-0.6689161775388469,-0.5872630224472755,-0.49237706740727244,-0.3695799255143452
verylow-overshoot,VLHO,2229.0,-1.0806819157414636,-0.9053349605229281,-0.7753932560442423,-0.6751641157473177,-0.5952134878725392,-0.49360372595100616,-0.37335178922666357
verylow-overshoot,VLHO,2230.0,-1.0830288602953844,-0.9149999366819617,-0.775392391641058,-0.6822119315883934,-0.6003582870337386,-0.503494902643952,-0.371053452718626
verylow-overshoot,VLHO,2231.0,-1.0923662367141027,-0.8989509394900611,-0.7799091523870715,-0.6825254472366838,-0.5941802098793094,-0.5029366437493885,-0.3736138221671876
verylow-overshoot,VLHO,2232.0,-1.085557145264778,-0.9123886124907633,-0.7888627886634074,-0.6793337639521843,-0.5886169680561688,-0.4871097500561895,-0.36392470972302543
verylow-overshoot,VLHO,2233.0,-1.0888788391493056,-0.9008130964307959,-0.7879245137045507,-0.6861177461297048,-0.5939843337517854,-0.501661671791915,-0.36615786108592363
verylow-overshoot,VLHO,2234.0,-1.0754371082349303,-0.9203184206263079,-0.7960566150943836,-0.6806256185475598,-0.6016613710370352,-0.4866765204657994,-0.35917275410457694
verylow-overshoot,VLHO,2235.0,-1.0844598877640734,-0.933779325812131,-0.7888357410045642,-0.6842732570653838,-0.5918390043083058,-0.5016652598679691,-0.37542124491713486
verylow-overshoot,VLHO,2236.0,-1.0724569998800233,-0.9119170447596082,-0.787790973031446,-0.6822626675215825,-0.5836305892205724,-0.49305810615685924,-0.38407271340727545
verylow-overshoot,VLHO,2237.0,-1.119234784713098,-0.9294626114551106,-0.7969864221171191,-0.6895914694789752,-0.5868072646857591,-0.49247874177656864,-0.37391794286649516
verylow-overshoot,VLHO,2238.0,-1.0878389881738246,-0.9419996269856505,-0.7977610203382125,-0.6791823162152258,-0.5966615650049305,-0.49590474975534027,-0.3914337985771256
verylow-overshoot,VLHO,2239.0,-1.1130895244871952,-0.9228907389351921,-0.7946237507950193,-0.6849629042447019,-0.5877022224374661,-0.49821891493294257,-0.39818099326853984
verylow-overshoot,VLHO,2240.0,-1.1256458323719347,-0.919408497630135,-0.7763594013885347,-0.6694939904329678,-0.5904196636295994,-0.492036022432931,-0.38999837509946256
verylow-overshoot,VLHO,2241.0,-1.1198189351289165,-0.9274843702150993,-0.7991000436032282,-0.6962943774521704,-0.596315382153361,-0.4968875197269029,-0.3736742411123612
verylow-overshoot,VLHO,2242.0,-1.123775881572708,-0.9386740551227725,-0.7969848820817347,-0.6852929738339139,-0.5957230511217126,-0.5003731741499726,-0.37507832625493986
verylow-overshoot,VLHO,2243.0,-1.1091136821729144,-0.9427983358102486,-0.7898081122772417,-0.6873413511473414,-0.5978379471413494,-0.48942098894601355,-0.36762630481873165
verylow-overshoot,VLHO,2244.0,-1.1060842222245535,-0.9327667805597383,-0.7930063463366575,-0.6909686666748953,-0.5990550204538856,-0.49591139603269513,-0.38240737231809707
verylow-overshoot,VLHO,2245.0,-1.1073171662012933,-0.9436090483112377,-0.7987739075607116,-0.6776719901376281,-0.5980798233439664,-0.49181966930202775,-0.3714159505992652
verylow-overshoot,VLHO,2246.0,-1.1130966727527467,-0.9313716075946576,-0.7958800822296658,-0.6852750419088595,-0.5863077880854038,-0.4831437028173173,-0.3622287596671002
verylow-overshoot,VLHO,2247.0,-1.1266507275315043,-0.9245436663202817,-0.80486261375734,-0.6876420090457394,-0.5853176953228174,-0.4854856950098989,-0.3714145967702309
verylow-overshoot,VLHO,2248.0,-1.1068721304075024,-0.9351186458113497,-0.7886064301964336,-0.676143782674879,-0.593940774933922,-0.49347925056327036,-0.37232152149466496
verylow-overshoot,VLHO,2249.0,-1.100714705703189,-0.9231056280198132,-0.7924273652712884,-0.6653205013959538,-0.5816474679586198,-0.4828315403536055,-0.36832448184051375
verylow-overshoot,VLHO,2250.0,-1.100227370328207,-0.9239608473024696,-0.7854518039085803,-0.6719299198294695,-0.5798465191916061,-0.4745171620925136,-0.3643561021884867
verylow-overshoot,VLHO,2251.0,-1.1121620521577087,-0.920442672128272,-0.7810924573607184,-0.6614007187125359,-0.5827309806253854,-0.47912663646231796,-0.3630210642799236
verylow-overshoot,VLHO,2252.0,-1.1146471936658133,-0.923966246875889,-0.7780614508010568,-0.665335705300535,-0.5806932457179192,-0.4901867665520464,-0.34508501334908087
verylow-overshoot,VLHO,2253.0,-1.092877067478259,-0.924437214147191,-0.7489198565577262,-0.6528930776352703,-0.5727584590976179,-0.47496270673238145,-0.34970125475033537
verylow-overshoot,VLHO,2254.0,-1.0966235225256964,-0.920286978902711,-0.7666104743952005,-0.6518471192330394,-0.5651637311765181,-0.469531787258232,-0.35662771093926027
verylow-overshoot,VLHO,2255.0,-1.1010865438171784,-0.920262136027464,-0.760909655043761,-0.6561492752614182,-0.5685918711226937,-0.4706203634679846,-0.3469133669156415
verylow-overshoot,VLHO,2256.0,-1.1076379141028063,-0.911836699186088,-0.7573615807194536,-0.6484715446400848,-0.5589206043628027,-0.45392238531700163,-0.33208643174180164
verylow-overshoot,VLHO,2257.0,-1.1023413975897527,-0.9007567685785385,-0.7625108523598179,-0.6430517978911684,-0.5539174261497145,-0.45215959337768563,-0.3376303433630344
verylow-overshoot,VLHO,2258.0,-1.1011215622402393,-0.9013505907351784,-0.7509089032292393,-0.6399502993234123,-0.5475299207255265,-0.44159016426560754,-0.34042328974615055
verylow-overshoot,VLHO,2259.0,-1.1039983367655979,-0.9037472965506517,-0.7479412843566416,-0.6408202394591932,-0.5554934630098243,-0.459033909552759,-0.34265682614952575
verylow-overshoot,VLHO,2260.0,-1.1131093151496538,-0.9013566032252285,-0.7529516443790112,-0.647569560804288,-0.5552637839349529,-0.4579247187266837,-0.34272696226477983
verylow-overshoot,VLHO,2261.0,-1.1037828716855245,-0.8990029659584766,-0.749074399570099,-0.6378071778165588,-0.5532838741783395,-0.4538942972438401,-0.3476414438855352
verylow-overshoot,VLHO,2262.0,-1.0790503060039431,-0.8881764046794697,-0.7397728642643387,-0.6305903511979027,-0.5439801357419074,-0.44947449266607586,-0.3511659910235449
verylow-overshoot,VLHO,2263.0,-1.0671580353486227,-0.9075595961747354,-0.7374713484827718,-0.6258504660031962,-0.5512043328448784,-0.4500182632642655,-0.3346101533713382
verylow-overshoot,VLHO,2264.0,-1.105257400930034,-0.904820421745154,-0.735226155448593,-0.6292974856716385,-0.5372169001788393,-0.44231066114435935,-0.32914172043955214
verylow-overshoot,VLHO,2265.0,-1.1021795973218507,-0.8882635208366917,-0.74036785500624,-0.6239448586950521,-0.537704833939249,-0.43413926195560937,-0.3214526836946514
verylow-overshoot,VLHO,2266.0,-1.0820691229406822,-0.9117695890835831,-0.7508059610703481,-0.6376067549135516,-0.541487342943381,-0.4390649035915774,-0.3283778818148094
verylow-overshoot,VLHO,2267.0,-1.0726767951710843,-0.8965511548616973,-0.7502523055255349,-0.6343317624726985,-0.539635167390775,-0.42750254106267205,-0.3266361571916174
verylow-overshoot,VLHO,2268.0,-1.0594364445193944,-0.8906428471676701,-0.7444408922000076,-0.627455362173052,-0.5271305272018696,-0.44039994935312726,-0.32659748921435555
verylow-overshoot,VLHO,2269.0,-1.0531996270686448,-0.8927043060910237,-0.7404460542010859,-0.632212454404719,-0.5348085936241447,-0.43534007471270025,-0.31954929976582264
verylow-overshoot,VLHO,2270.0,-1.0620036184982233,-0.8925804667839135,-0.7336764924845199,-0.6209234933864897,-0.5332248444061883,-0.43546713991776553,-0.3238889290778231
verylow-overshoot,VLHO,2271.0,-1.0895888829256188,-0.8833707113122589,-0.7391073905942018,-0.6260933528094924,-0.5272607701066896,-0.43011771494380857,-0.3157903898234229
verylow-overshoot,VLHO,2272.0,-1.0627795574461065,-0.8806942458807929,-0.7447701752957043,-0.6264010770657198,-0.5329875241315212,-0.42242012450935257,-0.3023969574730709
verylow-overshoot,VLHO,2273.0,-1.0690663253120973,-0.8778253527735255,-0.7299108420313708,-0.6292901311564414,-0.5338250048385096,-0.42851913013255283,-0.3125392860983872
verylow-overshoot,VLHO,2274.0,-1.05319306069921,-0.8839269859202561,-0.7266463089914281,-0.619694760445978,-0.526086795498173,-0.42598282372336316,-0.30873417728535
verylow-overshoot,VLHO,2275.0,-1.0802658703732313,-0.8803768466715961,-0.7276872804246971,-0.6090121587209094,-0.5151572215230765,-0.4246441854811613,-0.334303623652649
verylow-overshoot,VLHO,2276.0,-1.0622583608320904,-0.8757623137350805,-0.7149990198969453,-0.6054028813721043,-0.5216018857467202,-0.4139821501849846,-0.31134427490553795
verylow-overshoot,VLHO,2277.0,-1.0679022943669616,-0.8731991627105878,-0.729369435004784,-0.6160190739570847,-0.5186854567982492,-0.41627308828977155,-0.30265244467991487
verylow-overshoot,VLHO,2278.0,-1.0438329961843702,-0.8742054160835014,-0.7232656066261339,-0.6048369536189465,-0.5121901789075924,-0.42442513807108573,-0.2991096879380953
verylow-overshoot,VLHO,2279.0,-1.0474907454267883,-0.861250726421287,-0.7182760333652745,-0.608797534158295,-0.5180181131929283,-0.42588823791764097,-0.3230263421851802
verylow-overshoot,VLHO,2280.0,-1.0600085442434202,-0.8657972988824796,-0.7135882084396109,-0.6141397177268562,-0.5247168652956997,-0.42824790291728754,-0.3113013149175089
verylow-overshoot,VLHO,2281.0,-1.0441168646407684,-0.8597277021444056,-0.7093935606929781,-0.6080872207071969,-0.5230376661079335,-0.42858221084390247,-0.30415795428960984
verylow-overshoot,VLHO,2282.0,-1.0371455456238747,-0.8540864603127892,-0.713266853187198,-0.6042738016381516,-0.517707743036603,-0.4211978600982875,-0.30303165124706827
verylow-overshoot,VLHO,2283.0,-1.0494947316869385,-0.8563481523714581,-0.7064797863265917,-0.5942352599199189,-0.5235335801204121,-0.4225720974090439,-0.3244134820293678
verylow-overshoot,VLHO,2284.0,-1.023026379680958,-0.8656683146563842,-0.6982791046959959,-0.5972746814855346,-0.5150933954647484,-0.4196754782808807,-0.31879130710523623
verylow-overshoot,VLHO,2285.0,-1.0559996299140335,-0.8658926792383925,-0.7162266838011335,-0.601271001208774,-0.5164664801265324,-0.4219495052054229,-0.31319145738793575
verylow-overshoot,VLHO,2286.0,-1.025778011947004,-0.8526507891734905,-0.7169776974610237,-0.6002340059015325,-0.5144697135353353,-0.419647546850157,-0.31783248424780874
verylow-overshoot,VLHO,2287.0,-1.0562773213098413,-0.8576261053731835,-0.7062532745096517,-0.5912651933797175,-0.5086278070621297,-0.41761907405629856,-0.30977094826382107
verylow-overshoot,VLHO,2288.0,-1.0624225964889094,-0.8675925904645748,-0.7097014605910795,-0.6055225353751832,-0.516243647917031,-0.41543484111032364,-0.3143317745008184
verylow-overshoot,VLHO,2289.0,-1.0712011191647257,-0.855640382258307,-0.7055122710789752,-0.5963203205072943,-0.5189785819873449,-0.43045705205311796,-0.303549737732343
verylow-overshoot,VLHO,2290.0,-1.0582482149172812,-0.8777807811650519,-0.7051090668424502,-0.5920684201500501,-0.5113733504046488,-0.4186104623033616,-0.3114750674043153
verylow-overshoot,VLHO,2291.0,-1.062826425996338,-0.8663289062526814,-0.7210312367177517,-0.5862645780837571,-0.5000525579339973,-0.407313261866988,-0.3107210720970188
verylow-overshoot,VLHO,2292.0,-1.0589317731600307,-0.8649283888104953,-0.7165556868346329,-0.5940195010340406,-0.5103359561063,-0.4128332292575342,-0.304963729189544
verylow-overshoot,VLHO,2293.0,-1.0627159250617697,-0.8631846623103306,-0.7088633280883954,-0.5957541018461804,-0.5152945529122684,-0.4173965060812932,-0.3054865390567179
verylow-overshoot,VLHO,2294.0,-1.0599022272934424,-0.8605121997883234,-0.7071828587208576,-0.5974810548940557,-0.5214564904883654,-0.4072162336063304,-0.3047420231589178
verylow-overshoot,VLHO,2295.0,-1.0588836208236847,-0.8510174219981012,-0.7069003779245429,-0.5916076737836437,-0.5127909491041397,-0.4125002554580173,-0.30368821408565194
verylow-overshoot,VLHO,2296.0,-1.0507817165351974,-0.8562549621262392,-0.71510289360154,-0.5955496522430728,-0.5104989288328189,-0.408925588331822,-0.307815274307482
verylow-overshoot,VLHO,2297.0,-1.0514982796522567,-0.8537587116858621,-0.7082440910780117,-0.6014844569926926,-0.5093345754590397,-0.42070705131478703,-0.31222431754884267
verylow-overshoot,VLHO,2298.0,-1.0515423513555842,-0.8559659575430104,-0.7013915927804387,-0.5950727349517523,-0.5094244290916623,-0.4100621385120641,-0.3144351011381408
verylow-overshoot,VLHO,2299.0,-1.0299598051151866,-0.8490629180010988,-0.6978030624556096,-0.5932558573887529,-0.4981252044556092,-0.4052020461122324,-0.3124559167841593
verylow-overshoot,VLHO,2300.0,-1.0342314894243438,-0.8530925409399193,-0.6926669964919541,-0.5927465309729113,-0.5019649378373799,-0.402886082139997,-0.30092428514130515
verylow-overshoot,VLHO,2301.0,-1.0555745383840982,-0.8446076668438097,-0.6891752998713779,-0.5883243863863263,-0.5069655059094315,-0.4138766673141094,-0.30781956564100404
verylow-overshoot,VLHO,2302.0,-1.0398508748992397,-0.839816318221982,-0.6985094501409649,-0.5899674963166252,-0.5085839849433573,-0.41889248222555964,-0.29185613806512023
verylow-overshoot,VLHO,2303.0,-1.0517770580376093,-0.8378105072893826,-0.6920424039640142,-0.5857558740231665,-0.5027256152083981,-0.4042752932475125,-0.3110909175948326
verylow-overshoot,VLHO,2304.0,-1.0581263055910233,-0.8549696853257709,-0.7024491928860653,-0.586619793758564,-0.5029359112862254,-0.4074131399157312,-0.30793064257935665
verylow-overshoot,VLHO,2305.0,-1.0433867387056557,-0.8650167698633869,-0.6901742486472346,-0.5922919605134137,-0.5037483472741774,-0.4140009680329754,-0.3208151844412455
verylow-overshoot,VLHO,2306.0,-1.0301910256731848,-0.854716973032965,-0.6957346710768241,-0.5861336060388348,-0.4995342800647738,-0.41873667048096014,-0.3161263458993101
verylow-overshoot,VLHO,2307.0,-1.043238324222792,-0.8623362998948799,-0.7075597393452425,-0.5979847670950087,-0.5127781443664347,-0.4202751313934362,-0.30765000954150834
verylow-overshoot,VLHO,2308.0,-1.0354083993260912,-0.8590785215225479,-0.6997658836077124,-0.5934687807381891,-0.5047096525804604,-0.41383462151099654,-0.3032845423302755
verylow-overshoot,VLHO,2309.0,-1.0166740928845523,-0.8440849157969939,-0.6915799939989433,-0.5840244888654299,-0.5059655748083529,-0.4196331321532039,-0.3195633274907092
verylow-overshoot,VLHO,2310.0,-1.0207599147026172,-0.8578381781541716,-0.697670513335989,-0.5899274842095749,-0.5085920687789928,-0.4179140552748642,-0.317522411250704
verylow-overshoot,VLHO,2311.0,-1.0165357631649643,-0.8510548076606571,-0.6948935341808135,-0.5910236360392788,-0.511665336804884,-0.41810324972204654,-0.30871152391405715
verylow-overshoot,VLHO,2312.0,-1.0500371594580702,-0.841632809496883,-0.6896072347995936,-0.5919109472717201,-0.514431875193987,-0.42754035403540236,-0.31954355597253603
verylow-overshoot,VLHO,2313.0,-1.035791084124221,-0.8294989924399213,-0.6849911338631618,-0.5869738460938796,-0.5094152934667704,-0.4164222574546825,-0.3143036504350591
verylow-overshoot,VLHO,2314.0,-1.032972419903475,-0.8453151524790702,-0.6809005973649731,-0.5795572130152411,-0.5076181897671972,-0.41755019316306036,-0.3207759061998341
verylow-overshoot,VLHO,2315.0,-1.0197600073398994,-0.8336071144906105,-0.6746818286973316,-0.5811262635123862,-0.4975060821483925,-0.4087441333031316,-0.30840726295553683
verylow-overshoot,VLHO,2316.0,-0.9968809898944254,-0.8296705378404979,-0.6778279814092156,-0.5819674752387927,-0.5048321303062013,-0.42214829260722386,-0.2977758738479741
verylow-overshoot,VLHO,2317.0,-0.9863193115527411,-0.8307642840162978,-0.6790232469582492,-0.5825944709243492,-0.5108500365449332,-0.41743177340963716,-0.3326697584357863
verylow-overshoot,VLHO,2318.0,-1.0184348167876391,-0.8279902812560412,-0.6769755111424306,-0.5837422607985981,-0.5063269974223085,-0.4184911612767481,-0.33601399401865284
verylow-overshoot,VLHO,2319.0,-1.0230672982975095,-0.8134262824941924,-0.6813422175192545,-0.5875711860276606,-0.508467591165044,-0.4120164287153914,-0.32569315816840627
verylow-overshoot,VLHO,2320.0,-0.998702370638518,-0.8255147093473981,-0.6867808550784359,-0.59087347339124,-0.5119909114347386,-0.41781843349076137,-0.3141232906620241
verylow-overshoot,VLHO,2321.0,-1.0285655355929841,-0.8299147982472086,-0.6788670617469743,-0.5904445591731915,-0.521921615638803,-0.4124072881619076,-0.3137208837643324
verylow-overshoot,VLHO,2322.0,-0.9975869039168789,-0.8283713466993599,-0.687169108625906,-0.5883905000077747,-0.5031806481366139,-0.4106479742742829,-0.3164697900839642
verylow-overshoot,VLHO,2323.0,-1.040409777708064,-0.8460618558740687,-0.6913507656596966,-0.595653397082765,-0.504999505841976,-0.41326810394955926,-0.30833293663467004
verylow-overshoot,VLHO,2324.0,-1.0166156373489996,-0.8297327841788409,-0.6902022149961303,-0.5866686516046691,-0.5025766791344193,-0.407026515950415,-0.318982895331122
verylow-overshoot,VLHO,2325.0,-1.0318287780396,-0.8343655571651671,-0.6786986242730249,-0.5900389340826471,-0.5092537927877718,-0.41795733233827115,-0.31418178946859054
verylow-overshoot,VLHO,2326.0,-1.0298912280146557,-0.8427804955065415,-0.688235966557599,-0.5761822193336006,-0.5103468832420198,-0.4118035334321332,-0.3136510259877548
verylow-overshoot,VLHO,2327.0,-1.0303758687189437,-0.8358345975589371,-0.687864897900873,-0.5821270685951287,-0.5112536741915925,-0.4130114767354491,-0.29598239988610325
verylow-overshoot,VLHO,2328.0,-0.9979938180679333,-0.8178498530645113,-0.6803165876833097,-0.5887574639694176,-0.5152027845657009,-0.41831534986936864,-0.3033344128438385
verylow-overshoot,VLHO,2329.0,-0.9985789007626822,-0.8231770079606273,-0.6842618938208783,-0.5884470774806064,-0.5030640843846379,-0.41008941916165204,-0.3033971901941365
verylow-overshoot,VLHO,2330.0,-1.0192401302829617,-0.830626162431371,-0.6855859018979622,-0.5889516896166599,-0.5121089710421785,-0.41542513016007904,-0.3049869695027388
verylow-overshoot,VLHO,2331.0,-1.0039514654988557,-0.8363311141567056,-0.6875009928100102,-0.5858984789196472,-0.5100658213278918,-0.41442568737517116,-0.3135999526146607
verylow-overshoot,VLHO,2332.0,-1.0202229008111814,-0.8327262020196409,-0.6978265111105552,-0.5887353229470821,-0.5058427545215487,-0.40922248381648674,-0.31280044859902273
verylow-overshoot,VLHO,2333.0,-1.0204689642787423,-0.8182617845865476,-0.6904636289796217,-0.585508884713132,-0.505661023090176,-0.4120779001586548,-0.30231710754508934
verylow-overshoot,VLHO,2334.0,-1.0189136037214304,-0.8167806482312107,-0.6778613683600482,-0.5851398102241852,-0.5087271108235326,-0.4221742563951743,-0.3019984243056893
verylow-overshoot,VLHO,2335.0,-1.0129346805978552,-0.8252624175857703,-0.6746051483427691,-0.5854062134415192,-0.5039388539667137,-0.41111667984387723,-0.2998322399884061
verylow-overshoot,VLHO,2336.0,-1.0351154233688582,-0.8286443320618867,-0.6783386745217185,-0.577184838413362,-0.49598597921529025,-0.40784094005935645,-0.28812937244981035
verylow-overshoot,VLHO,2337.0,-1.0248152168831552,-0.8266946811709426,-0.6723702800258454,-0.5760985106112997,-0.505043223178007,-0.4209710325080277,-0.31791882839892227
verylow-overshoot,VLHO,2338.0,-1.0549291109679584,-0.8404741453267284,-0.6850083270551505,-0.580853895001517,-0.5053721585049225,-0.41566954263756595,-0.31190228275847737
verylow-overshoot,VLHO,2339.0,-1.0128364813200619,-0.8335117640616437,-0.6838698240997247,-0.5844509641600364,-0.509971080562819,-0.41555352464981915,-0.3162440792371916
verylow-overshoot,VLHO,2340.0,-1.0153600965783873,-0.8178257238876052,-0.6914330381346411,-0.5947615570469995,-0.515551397415143,-0.42359285379328854,-0.30905994873545173
verylow-overshoot,VLHO,2341.0,-1.0195989909216074,-0.8174870380380378,-0.6838322380663748,-0.5824676042991511,-0.5052806810221752,-0.4161536793392862,-0.3162519247048053
verylow-overshoot,VLHO,2342.0,-1.0051549834192122,-0.8260377571179639,-0.6747120135481802,-0.5842233438131094,-0.5072765598904915,-0.4146653388377058,-0.3028389631074436
verylow-overshoot,VLHO,2343.0,-1.007774508057222,-0.8207190092960037,-0.6651100686990544,-0.5675811383670645,-0.4958241941005336,-0.40580520361897104,-0.30572192965799305
verylow-overshoot,VLHO,2344.0,-0.9915926796984535,-0.8122253409189151,-0.6731699149347368,-0.5700872712885979,-0.49720666654935486,-0.4124759812646524,-0.307948180702848
verylow-overshoot,VLHO,2345.0,-0.9999752721040875,-0.8133247067082093,-0.6650679505374661,-0.5856285798999328,-0.4995500144028717,-0.405774598040484,-0.3095533173330212
verylow-overshoot,VLHO,2346.0,-1.0094093088869378,-0.8208214732065102,-0.6738141712564854,-0.5754516401890114,-0.5063093938598773,-0.4130840356804949,-0.2917547334981123
verylow-overshoot,VLHO,2347.0,-0.9950280185868574,-0.8116804576391645,-0.6827268365418636,-0.5774875450769265,-0.5034203388150875,-0.40453219625650644,-0.30905884325156463
verylow-overshoot,VLHO,2348.0,-1.0023170656898603,-0.8127139445340442,-0.6802460221203719,-0.5812407485554093,-0.5084800429500115,-0.4091603443854086,-0.29098178591182144
verylow-overshoot,VLHO,2349.0,-1.0033033317231606,-0.8285994070461286,-0.6643782096099589,-0.57959991983189,-0.5046723795819429,-0.4135451412888903,-0.30630454551289543
verylow-overshoot,VLHO,2350.0,-1.0061101167197397,-0.8041026454706869,-0.6674903678070572,-0.583553380814714,-0.5094228396918916,-0.42345375540608987,-0.2993232343767069
verylow-overshoot,VLHO,2351.0,-1.035629804069464,-0.8154363638769662,-0.6781267316756544,-0.5886616706709719,-0.5091742680703206,-0.4166207088531748,-0.31553700215520675
verylow-overshoot,VLHO,2352.0,-0.9912356456124424,-0.8134121811396995,-0.6766611049870567,-0.5824040359457885,-0.5073178269599405,-0.4117237888497308,-0.3194356315472088
verylow-overshoot,VLHO,2353.0,-1.0050150600889842,-0.8064254296690188,-0.6926714596877763,-0.5845092669682781,-0.5105958419120739,-0.4136238386822886,-0.29518543773434824
verylow-overshoot,VLHO,2354.0,-0.9815033111451514,-0.8210229905021211,-0.684026651819419,-0.5826464728509432,-0.5002578559726304,-0.420674824914926,-0.30926725007369915
verylow-overshoot,VLHO,2355.0,-1.0000049069430068,-0.8154584721263469,-0.6657330989692444,-0.5785220239262374,-0.514200922480791,-0.4238005594173415,-0.3109989192982284
verylow-overshoot,VLHO,2356.0,-1.0126703165677027,-0.8213196633765153,-0.6790170823324527,-0.5817580868592821,-0.5079909889358343,-0.4157206714098325,-0.3046503384294019
verylow-overshoot,VLHO,2357.0,-1.0223587426117817,-0.8095771845709985,-0.6765979238866952,-0.5826769720439018,-0.504667323638838,-0.41433754714084653,-0.30381348812713244
verylow-overshoot,VLHO,2358.0,-0.9885552498799184,-0.8022193754653877,-0.6803162179371219,-0.5812740761589611,-0.5027138932036412,-0.4120695636943181,-0.3008138467905115
verylow-overshoot,VLHO,2359.0,-1.0183222346612568,-0.8141160377317606,-0.6706395127216394,-0.5784961475909481,-0.5035036134887119,-0.4186138442955528,-0.32734424206449275
verylow-overshoot,VLHO,2360.0,-0.999977843233363,-0.8118476048232373,-0.6706185339803279,-0.5727141989340383,-0.5064857629744437,-0.40413298563395395,-0.30936487391226436
verylow-overshoot,VLHO,2361.0,-0.9970238935154161,-0.8067230084657742,-0.6689384411356607,-0.580002031093337,-0.5064052204724981,-0.41339172955132486,-0.3204118752717745
verylow-overshoot,VLHO,2362.0,-1.0016261806087408,-0.8265009652552603,-0.6747950355844952,-0.5808021395289471,-0.4988906003765043,-0.41561697052415836,-0.3138275983444566
verylow-overshoot,VLHO,2363.0,-0.9922279116418995,-0.8225783049204668,-0.6830392072294901,-0.5827277212964028,-0.5012216600759406,-0.41239106560999134,-0.3223036264663015
verylow-overshoot,VLHO,2364.0,-1.034421403581992,-0.8204839927195203,-0.6764837447946973,-0.5790308902633443,-0.5001620603151458,-0.41817214078088255,-0.3220270788361345
verylow-overshoot,VLHO,2365.0,-0.9824753089623718,-0.8039829792110668,-0.6772438026730075,-0.5725560011049348,-0.49657282939017827,-0.40238024586320786,-0.31816630574595145
verylow-overshoot,VLHO,2366.0,-0.9864755722321716,-0.8255529194689195,-0.6790315566852435,-0.5656599614732464,-0.48931195197074756,-0.40929553423896625,-0.30760952262694136
verylow-overshoot,VLHO,2367.0,-1.0134340430186228,-0.8159055325394715,-0.6834277932881003,-0.5775173889775786,-0.5011543059706752,-0.414729742543351,-0.32322990611459185
verylow-overshoot,VLHO,2368.0,-1.0280195943216903,-0.8157027498043194,-0.6886987145673369,-0.5900364107137723,-0.5087251479650564,-0.4271939279083052,-0.3249375699805587
verylow-overshoot,VLHO,2369.0,-1.0430027126950183,-0.8371784828694067,-0.6878014193781811,-0.5836730377709954,-0.5067533680874893,-0.41777058896723557,-0.32156520302682723
verylow-overshoot,VLHO,2370.0,-1.0254043900421275,-0.8413279461331078,-0.6854975997048897,-0.5990363443398773,-0.5132577589770696,-0.41885084457412874,-0.3232674418466905
verylow-overshoot,VLHO,2371.0,-1.0430516313558709,-0.8353812721088613,-0.6915842854086738,-0.5801360470579359,-0.5028243852358123,-0.4186939725306352,-0.336157788495511
verylow-overshoot,VLHO,2372.0,-1.035641308270109,-0.8149990660020309,-0.6822505481436301,-0.582295859518843,-0.5019694741502035,-0.4235657383944742,-0.31416179622721874
verylow-overshoot,VLHO,2373.0,-1.0011533896838314,-0.8323108030488928,-0.6682948046603712,-0.5883850695930942,-0.5164008003703562,-0.429757764113199,-0.3274769285149188
verylow-overshoot,VLHO,2374.0,-1.0261502064676151,-0.8318001779136608,-0.6771767236932243,-0.5835032475326938,-0.5064928902353775,-0.42323854301072883,-0.3246548021641659
verylow-overshoot,VLHO,2375.0,-1.019234363139243,-0.8185176553562418,-0.6732578186437465,-0.5804016600590586,-0.5135370845933489,-0.4221680595336379,-0.3397424924624884
verylow-overshoot,VLHO,2376.0,-1.0016173903547154,-0.8086775068178859,-0.6771077997777922,-0.5856467440433385,-0.5031303438548289,-0.4148884289455296,-0.3354709709232944
verylow-overshoot,VLHO,2377.0,-1.0166314122962237,-0.8212748616879673,-0.6801980905515522,-0.5884521392800595,-0.5014299716384191,-0.4181983633203875,-0.31704105092730633
verylow-overshoot,VLHO,2378.0,-1.004131094181957,-0.8157604823428608,-0.6898401657442272,-0.586292220436942,-0.5012118624982924,-0.42178596975585375,-0.3350859596638555
verylow-overshoot,VLHO,2379.0,-0.996925458547099,-0.8161719466782807,-0.677649531556031,-0.5870976306091439,-0.5150591968100543,-0.42184210926746346,-0.3306504499535447
verylow-overshoot,VLHO,2380.0,-1.0247082120270412,-0.8220653088312502,-0.6802796429303916,-0.574689990373347,-0.503507638368861,-0.42313263010613006,-0.31726103598545924
verylow-overshoot,VLHO,2381.0,-1.0123977239375526,-0.8379545216706288,-0.6787264203003824,-0.5823572099337759,-0.511649686302855,-0.4303428457826194,-0.3103035563779373
verylow-overshoot,VLHO,2382.0,-1.007147053586034,-0.8163319567254004,-0.6749387097582206,-0.5799158619239448,-0.5013378866269096,-0.4220232585092403,-0.32239125288531695
verylow-overshoot,VLHO,2383.0,-1.021899216316178,-0.825001304296542,-0.6875928884420451,-0.5841352645401156,-0.509074893584687,-0.4240453149774689,-0.3102686147363591
verylow-overshoot,VLHO,2384.0,-1.0034266734961275,-0.8156863279790694,-0.6811937057918791,-0.5844502322067863,-0.5144991684572203,-0.41346692933478374,-0.31987553029872223
verylow-overshoot,VLHO,2385.0,-0.9947900442284219,-0.8119297864109523,-0.6646851092159646,-0.5845670348908777,-0.5102979377288321,-0.4147584326910869,-0.31334353628127987
verylow-overshoot,VLHO,2386.0,-1.0098197481403401,-0.8080994297957377,-0.6828923335342488,-0.5884375835138836,-0.5129474410071106,-0.4210024678816714,-0.31929214887218255
verylow-overshoot,VLHO,2387.0,-0.9980941324248566,-0.8130143068649727,-0.6769225249982763,-0.5921925862955691,-0.49861110952702753,-0.40948670678062515,-0.31362358990119565
verylow-overshoot,VLHO,2388.0,-1.0123791067388772,-0.818233514815162,-0.6803196557450661,-0.5846752019937844,-0.5088393798350813,-0.416736079153864,-0.32948994282243277
verylow-overshoot,VLHO,2389.0,-1.0103420451862946,-0.7982404809089633,-0.6745984819745975,-0.5854561703680181,-0.5019856770244431,-0.42287365336986027,-0.32986463168699137
verylow-overshoot,VLHO,2390.0,-1.0081139994467359,-0.8138215109291723,-0.66812695668042,-0.5757033713765248,-0.5003494818664677,-0.41315797155629846,-0.3234891814138228
verylow-overshoot,VLHO,2391.0,-1.0011189379437007,-0.8025885829833178,-0.6806644031433272,-0.5830762969021559,-0.50380142664443,-0.41724174443301887,-0.30760092770655273
verylow-overshoot,VLHO,2392.0,-0.9900492484489988,-0.8107870091175281,-0.6721507064754146,-0.5832929845419165,-0.5130335993307157,-0.42878634204026544,-0.3134834373552383
verylow-overshoot,VLHO,2393.0,-0.9951535664835205,-0.7992051436200007,-0.6684113897044469,-0.5846765275330178,-0.5056261632132071,-0.4278681360987801,-0.3132849780728875
verylow-overshoot,VLHO,2394.0,-1.0248703307688456,-0.799606823557438,-0.673636625644134,-0.5902846579021299,-0.519995022288663,-0.4324501136790513,-0.33226204476881505
verylow-overshoot,VLHO,2395.0,-1.0115977210832583,-0.8149186286955513,-0.6692083938707232,-0.5857744126136055,-0.5095421293372351,-0.4168142601453699,-0.3170355052574411
verylow-overshoot,VLHO,2396.0,-1.0048255393910137,-0.7931611445472354,-0.6746006716863686,-0.582504542081803,-0.5114660795698506,-0.4234915148841891,-0.3180941570072574
verylow-overshoot,VLHO,2397.0,-1.0011081413768028,-0.8102362141380075,-0.6787366424853963,-0.585781842231798,-0.5143169246933686,-0.4201333730278928,-0.33073611726553703
verylow-overshoot,VLHO,2398.0,-1.006522739036112,-0.8032103608300858,-0.6813548450965553,-0.5824845037657809,-0.5144335875076779,-0.42881664765195915,-0.33911645608323265
verylow-overshoot,VLHO,2399.0,-1.0124808888254382,-0.805653529030366,-0.6941026982929357,-0.5881227147569332,-0.5139659691671029,-0.43072360924282355,-0.32695167076256976
verylow-overshoot,VLHO,2400.0,-0.9998967041765652,-0.813191728517731,-0.6777426918093569,-0.5871311274190512,-0.513056621252588,-0.4205723095534003,-0.32631564676389596
verylow-overshoot,VLHO,2401.0,-1.005744929330507,-0.8251317093783969,-0.6791658674134006,-0.5841396145333295,-0.5161017278708803,-0.4287588735178534,-0.3312080840866362
verylow-overshoot,VLHO,2402.0,-1.003743582849229,-0.8170372789015599,-0.6868376536558335,-0.5875438510727671,-0.514903482077802,-0.4200037444065003,-0.3220477888504822
verylow-overshoot,VLHO,2403.0,-1.0354712387677698,-0.8100756548324406,-0.672201498722793,-0.5832357985881305,-0.5186393161267031,-0.42460365166088204,-0.3376459771060548
verylow-overshoot,VLHO,2404.0,-1.009008957678553,-0.8137140088103921,-0.6866421816758719,-0.5964519106691671,-0.515207164557069,-0.43038631219807283,-0.33637668544746
verylow-overshoot,VLHO,2405.0,-1.0256688600986275,-0.8230818163721264,-0.6738307800173882,-0.5863113734260541,-0.5106880061932199,-0.41415317935797086,-0.32658627267252693
verylow-overshoot,VLHO,2406.0,-0.9897319732187402,-0.8271138320220355,-0.6760734802380994,-0.5926349118833234,-0.5096510119337332,-0.43241480824299194,-0.33026641033886656
verylow-overshoot,VLHO,2407.0,-0.991097402641994,-0.8103320404452216,-0.6759051160183847,-0.5844336102954175,-0.5059168295526788,-0.4254930293547202,-0.3326024610158487
verylow-overshoot,VLHO,2408.0,-1.0251628625807452,-0.8168062318877458,-0.6822621284867764,-0.5855204449205957,-0.5190863970927491,-0.41845524325847183,-0.3278565769085158
verylow-overshoot,VLHO,2409.0,-1.0280588362675072,-0.812089531287146,-0.6876828925176489,-0.5831016800917426,-0.5146568380433912,-0.4310227616668153,-0.3234759362144741
verylow-overshoot,VLHO,2410.0,-1.033797656586738,-0.8195719487633808,-0.6775564518781437,-0.5931573859265148,-0.5108585095516641,-0.42820293768555495,-0.3183090612834199
verylow-overshoot,VLHO,2411.0,-1.013903518291819,-0.8096008537063724,-0.6843299207616051,-0.5906476326147918,-0.5168260797575416,-0.4308362374625007,-0.3452510877065275
verylow-overshoot,VLHO,2412.0,-1.011837534639472,-0.7921442513205134,-0.6873457756982344,-0.5853221526469884,-0.5190845226145133,-0.4246621952191106,-0.32769459315531163
verylow-overshoot,VLHO,2413.0,-1.0207421375435455,-0.8026867842459374,-0.6883579500035824,-0.5972236985950733,-0.521041030215995,-0.43859781214191595,-0.33493885374167914
verylow-overshoot,VLHO,2414.0,-1.0083404244669092,-0.8212278873005169,-0.6805005285390515,-0.58937378251387,-0.5133242650227315,-0.4300094675581169,-0.3336284570890792
verylow-overshoot,VLHO,2415.0,-1.0168511379334733,-0.8151170744227803,-0.6910047898635926,-0.5902205300354575,-0.5209191511571633,-0.4297211510051194,-0.33972529269599955
verylow-overshoot,VLHO,2416.0,-1.0161983700029897,-0.823060983542731,-0.6846737931976561,-0.5907355679935122,-0.5026320612771666,-0.42295661420224095,-0.3240132637623723
verylow-overshoot,VLHO,2417.0,-1.0078779352502112,-0.8019316279993721,-0.6775750216424218,-0.5937080061067219,-0.5183108600194513,-0.43866576580585126,-0.3517123629813484
verylow-overshoot,VLHO,2418.0,-1.0158227047005775,-0.804527146670281,-0.6856102358897759,-0.5907342751432582,-0.5170032870918332,-0.4265745858501789,-0.3449445329725007
verylow-overshoot,VLHO,2419.0,-1.0246661979798608,-0.8113053955632548,-0.6828674585481204,-0.5816408315802128,-0.52160495837922,-0.42955739391812836,-0.33163464732241194
verylow-overshoot,VLHO,2420.0,-1.019010601660633,-0.8157495190165748,-0.694680820050881,-0.5923801535178901,-0.5213397868782458,-0.44307880417840273,-0.3455780936952064
verylow-overshoot,VLHO,2421.0,-1.0296660684364163,-0.8171462554431914,-0.686953392510732,-0.594075875636259,-0.5214633689207191,-0.4298909806306503,-0.3226911766775603
verylow-overshoot,VLHO,2422.0,-0.9990675945413741,-0.8181738674913103,-0.6968813342866905,-0.5983978777227806,-0.5170989738728812,-0.42987612126772,-0.331659643505187
verylow-overshoot,VLHO,2423.0,-1.006475532618192,-0.81237760528679,-0.68753740412621,-0.5894638610073812,-0.5150528717039751,-0.43040968222260517,-0.3068690895048246
verylow-overshoot,VLHO,2424.0,-1.0149615515377506,-0.8229848980696817,-0.6874133155972164,-0.5982940981696779,-0.5225871162922473,-0.43432770488940214,-0.31276020916194686
verylow-overshoot,VLHO,2425.0,-1.0000549883601577,-0.809945651458525,-0.6841272239662256,-0.5959011561100319,-0.5270883410898599,-0.4326561796573495,-0.3302061982662188
verylow-overshoot,VLHO,2426.0,-0.9941019854717973,-0.8180887755979265,-0.6819498014110478,-0.5974056311058071,-0.5316626562136497,-0.4385908704467058,-0.3342687988973593
verylow-overshoot,VLHO,2427.0,-1.0102714785234739,-0.8205190622078431,-0.6959677346099342,-0.6002374623356798,-0.5186356046074782,-0.43058921785307824,-0.3330498782811486
verylow-overshoot,VLHO,2428.0,-1.003026885732889,-0.8217741455691815,-0.6814749648008116,-0.5900552740162174,-0.5211544581632328,-0.4305651219698522,-0.3370265559099597
verylow-overshoot,VLHO,2429.0,-1.0280903672947979,-0.8420658442250791,-0.6889764625341034,-0.5882005086206895,-0.5120354610702821,-0.418857176118746,-0.3268293962203289
verylow-overshoot,VLHO,2430.0,-0.9855849023515593,-0.8260033372174073,-0.6871113013390724,-0.597161279378006,-0.512332543152784,-0.4308279587841902,-0.324208669884024
verylow-overshoot,VLHO,2431.0,-0.9949851499906096,-0.8293596386727133,-0.6948595791435843,-0.602769328061766,-0.5203565102662145,-0.42952580653573935,-0.3429685479442639
verylow-overshoot,VLHO,2432.0,-0.9981732230020143,-0.8237237104809613,-0.6922261452080705,-0.5997357240657863,-0.5214596132149664,-0.4345313406978221,-0.3416771669505543
verylow-overshoot,VLHO,2433.0,-0.9846755850486945,-0.828599296668356,-0.6961298835570642,-0.6019772898433092,-0.5262946641289683,-0.43919342875462114,-0.3428767861404754
verylow-overshoot,VLHO,2434.0,-0.9907893657193685,-0.8337214648959794,-0.6945608693949218,-0.5950411915827973,-0.5196508306507808,-0.42765482345412625,-0.3360639276444771
verylow-overshoot,VLHO,2435.0,-0.9776500923983295,-0.8152389409617339,-0.6945052702748715,-0.5918477202022662,-0.5320317605500731,-0.43243545165477637,-0.336247040069938
verylow-overshoot,VLHO,2436.0,-1.008639495840774,-0.8164079479276188,-0.6974156982561752,-0.6011446529652579,-0.5340977395554449,-0.44556223977551346,-0.33873475350591786
verylow-overshoot,VLHO,2437.0,-1.0140324228754416,-0.8141327723008321,-0.6756680391249341,-0.5950555814576755,-0.5176586377491502,-0.4314288424665203,-0.3422774223014713
verylow-overshoot,VLHO,2438.0,-1.039811793091603,-0.8063044792297782,-0.6972340765304879,-0.6057476418652091,-0.5322664308600369,-0.4388738074953816,-0.3284668501362207
verylow-overshoot,VLHO,2439.0,-1.026193010422379,-0.823337871374806,-0.6933517504935677,-0.599534183337658,-0.5292696473035399,-0.4406199272637753,-0.32856491471304533
verylow-overshoot,VLHO,2440.0,-1.0391275814645073,-0.8204920901086018,-0.6942762492229828,-0.597592377160037,-0.5250745485074402,-0.435992795215195,-0.32690036082029095
verylow-overshoot,VLHO,2441.0,-1.0146713140824917,-0.8261073139329226,-0.6933713744174782,-0.5954097866109236,-0.5206488446538682,-0.44468289173695635,-0.34154908586511723
verylow-overshoot,VLHO,2442.0,-1.0182642579827166,-0.8155681841187111,-0.7006042440796986,-0.5954707494529456,-0.5266343521733019,-0.43285319219292656,-0.3443800073523841
verylow-overshoot,VLHO,2443.0,-1.0321884321178285,-0.8196913464174389,-0.6949265618983251,-0.6047930541656648,-0.519507089327274,-0.4325218357715292,-0.3288387450616036
verylow-overshoot,VLHO,2444.0,-1.0281624994812306,-0.8221090622404821,-0.6928924086889586,-0.594929300530959,-0.5309311378278141,-0.4483871624781853,-0.3430814238865042
verylow-overshoot,VLHO,2445.0,-1.0068506818005873,-0.8031036250605469,-0.6922611265110029,-0.602739676218498,-0.5228265017403589,-0.438324351996199,-0.332349765217838
verylow-overshoot,VLHO,2446.0,-0.9953245525316152,-0.8162286801855465,-0.6948182074851417,-0.6032274830756549,-0.5225500951253895,-0.42158127986005706,-0.33976681349991783
verylow-overshoot,VLHO,2447.0,-0.9978720219192466,-0.8125830549112152,-0.6893704966227437,-0.6055097313536915,-0.5216214994356838,-0.4350246406417317,-0.3368440610608305
verylow-overshoot,VLHO,2448.0,-1.0181250146004663,-0.8040045265311435,-0.6758438577602057,-0.594252689226821,-0.5220972918258288,-0.42404280134272904,-0.33728815630151404
verylow-overshoot,VLHO,2449.0,-1.0211022866624782,-0.8235020413843295,-0.6861605688804057,-0.6027502049332238,-0.5160819796553953,-0.43115526820734446,-0.34046749190635517
verylow-overshoot,VLHO,2450.0,-1.0293709866670857,-0.8250759846631076,-0.6849489675395255,-0.5937238425150162,-0.5071606303574531,-0.4297987545945026,-0.3385703451188756
verylow-overshoot,VLHO,2451.0,-1.026722217883376,-0.8284417873309625,-0.6948157316114697,-0.5917400874937153,-0.5193088159929643,-0.4321181324128924,-0.3481477917472128
verylow-overshoot,VLHO,2452.0,-1.024826368747825,-0.8228069036346219,-0.682182020955383,-0.5922333851865101,-0.5209290100301834,-0.44672817503434903,-0.3452082554860365
verylow-overshoot,VLHO,2453.0,-1.0409633795557611,-0.8031753121530493,-0.6829594898900332,-0.5935654395914852,-0.5201080824677777,-0.43589385262669766,-0.3378886045817447
verylow-overshoot,VLHO,2454.0,-1.0204551931459998,-0.8265513040936912,-0.6898040299713867,-0.596292740780043,-0.5167330177402714,-0.43704791054606,-0.3548996580468158
verylow-overshoot,VLHO,2455.0,-0.9999849616429376,-0.819850920536289,-0.6881555371508193,-0.6030082709626242,-0.5202065427000718,-0.4374862835498665,-0.35231180310100174
verylow-overshoot,VLHO,2456.0,-0.9923016740313109,-0.8131112386563055,-0.6939998701073504,-0.5996296306869695,-0.519541197809304,-0.44197748193224845,-0.3444354005301957
verylow-overshoot,VLHO,2457.0,-1.002788896875057,-0.8051432027219642,-0.6949304202460953,-0.6048627515512603,-0.5326073825480533,-0.44107423614486485,-0.33313021461295234
verylow-overshoot,VLHO,2458.0,-1.005470034589179,-0.8246576372097956,-0.6965533771866377,-0.6081082706877644,-0.5278669893096025,-0.4452295015124331,-0.34600867017879444
verylow-overshoot,VLHO,2459.0,-1.0211073889087021,-0.8061069148782048,-0.6928228328082644,-0.6048360070604435,-0.5296804168184444,-0.4452490980922539,-0.34331977778648193
verylow-overshoot,VLHO,2460.0,-0.9941524889563901,-0.8173962209208597,-0.6942329018999972,-0.6030926849469914,-0.5240870463957903,-0.4429327742698977,-0.35084355327345385
verylow-overshoot,VLHO,2461.0,-1.0121834282244666,-0.8194380524325383,-0.6920272433629252,-0.6009851773609192,-0.5308682731323039,-0.44507604182782184,-0.3327897955732624
verylow-overshoot,VLHO,2462.0,-1.0000268082899182,-0.8303422750967355,-0.6947954124537719,-0.6064438100543171,-0.5221873156332746,-0.44360314906773124,-0.3239661212043219
verylow-overshoot,VLHO,2463.0,-1.0048700819614547,-0.8271887921905773,-0.6912250869684826,-0.5900678950345735,-0.5216060101665885,-0.42968503360232563,-0.33275525366911224
verylow-overshoot,VLHO,2464.0,-1.0266121242581987,-0.8200702163542398,-0.7091454003227666,-0.6003195877430247,-0.5210421789731783,-0.44063238376808633,-0.328626279952251
verylow-overshoot,VLHO,2465.0,-0.9848009741455218,-0.8127201134080686,-0.7107141523378943,-0.6101970546283269,-0.5243647027743299,-0.42859312371302094,-0.3143598460894013
verylow-overshoot,VLHO,2466.0,-0.9949849671394201,-0.8213260021932337,-0.6980806796982639,-0.6102048035791882,-0.5245136126043269,-0.43285394130618254,-0.34447581336693966
verylow-overshoot,VLHO,2467.0,-1.0141293958915982,-0.8328732246386278,-0.7009973361488876,-0.6045662411506708,-0.5251608836578217,-0.44201921718292625,-0.3318961594039735
verylow-overshoot,VLHO,2468.0,-1.0261766837372315,-0.8315612696990631,-0.6963959326303071,-0.6048084262276229,-0.5226091284831627,-0.44471727154883733,-0.33941399050218946
verylow-overshoot,VLHO,2469.0,-0.9944217640113893,-0.8219022346570573,-0.6968775980994608,-0.6064047747327284,-0.5168027058805698,-0.4274392361443099,-0.345512618276387
verylow-overshoot,VLHO,2470.0,-1.0355173637801547,-0.8292385550580657,-0.6876096823239114,-0.6045680885938829,-0.5168440642084381,-0.4308750173111747,-0.31692839239306647
verylow-overshoot,VLHO,2471.0,-1.0164773064856656,-0.8295730597122868,-0.7105601153574114,-0.6044801110555778,-0.5227874568179475,-0.4417178597924465,-0.33733555951652133
verylow-overshoot,VLHO,2472.0,-1.0069999472050597,-0.836227886154268,-0.7111574156254115,-0.6109917537215003,-0.5249344046568963,-0.44246527266088365,-0.34650174420519486
verylow-overshoot,VLHO,2473.0,-1.0066412041685737,-0.8408836814080265,-0.6987663828854979,-0.6013907944226343,-0.5272248844112655,-0.44299995180943785,-0.34923975383541805
verylow-overshoot,VLHO,2474.0,-0.9876333898281275,-0.8205326701341793,-0.7022372129054048,-0.6088811499009414,-0.5288552348597343,-0.4406212199245866,-0.3535033273515027
verylow-overshoot,VLHO,2475.0,-1.0192200153541657,-0.832084431540418,-0.7083819366061411,-0.6034659850343557,-0.5256967719697441,-0.44544509699184387,-0.36156437158979454
verylow-overshoot,VLHO,2476.0,-1.0161602671221124,-0.8287301638822362,-0.711724408438925,-0.5954206438426227,-0.5217634294722113,-0.4343134687106756,-0.34397499642842744
verylow-overshoot,VLHO,2477.0,-1.009420199953086,-0.8380914259221732,-0.7004786330431009,-0.5988836124182799,-0.5200890602459268,-0.4342160042949381,-0.34349632950440656
verylow-overshoot,VLHO,2478.0,-1.0219048462829738,-0.828770509523815,-0.7042838662736967,-0.6131118765301732,-0.5357045288316686,-0.4403999275460874,-0.3624714455954196
verylow-overshoot,VLHO,2479.0,-1.0121231979049718,-0.8240051318616005,-0.6967191707101255,-0.6023838524706199,-0.5262010945806938,-0.44182208145887153,-0.33095280701981356
verylow-overshoot,VLHO,2480.0,-1.0291286495580048,-0.817182080996897,-0.7025583611047954,-0.6039436984962478,-0.5325349139492918,-0.43636817931799754,-0.33186041359553586
verylow-overshoot,VLHO,2481.0,-1.0263756201564627,-0.8258518634166622,-0.6946464769866338,-0.5988684160630843,-0.5238818534395515,-0.4442387133674764,-0.3331668675028922
verylow-overshoot,VLHO,2482.0,-1.0187644615033629,-0.8225124134581813,-0.7053066667681628,-0.6096323638235263,-0.5316745036923152,-0.43426217990861804,-0.33921752770190045
verylow-overshoot,VLHO,2483.0,-0.9960831780336281,-0.8291226064754869,-0.6960903064510324,-0.6110125727028443,-0.5281323579435171,-0.43516082943156353,-0.330984978379455
verylow-overshoot,VLHO,2484.0,-1.009596473660405,-0.8178044459662149,-0.6986119790461376,-0.5940534705501382,-0.5175372845692774,-0.4378113060119502,-0.3402127209087186
verylow-overshoot,VLHO,2485.0,-0.9929016727570832,-0.8373138295447038,-0.7053109537913695,-0.6051460187825041,-0.5178256058422913,-0.43892449314554294,-0.35144713070437544
verylow-overshoot,VLHO,2486.0,-1.0096948377187842,-0.8200300494635,-0.7026213743992643,-0.6034026478580182,-0.5311073419074909,-0.4342345052185381,-0.3445493239857218
verylow-overshoot,VLHO,2487.0,-1.0057793235836447,-0.8314140812256476,-0.688078623804228,-0.5886765551795416,-0.5159917093417878,-0.44112815582231407,-0.33899290193615333
verylow-overshoot,VLHO,2488.0,-0.9966663296080512,-0.8343305124800168,-0.6965503910065971,-0.6062222258345557,-0.5297808689610345,-0.4404425231953546,-0.3382074235745113
verylow-overshoot,VLHO,2489.0,-0.9971559945112618,-0.8322641926348177,-0.7020147516165228,-0.6133339760055698,-0.5301762625750187,-0.4365354845806362,-0.34606186559287727
verylow-overshoot,VLHO,2490.0,-1.015537734649364,-0.8323999642515801,-0.7039275191815599,-0.609724566883276,-0.5242931177684923,-0.43781682462116583,-0.318193793572285
verylow-overshoot,VLHO,2491.0,-1.0050759977061101,-0.8335932017521835,-0.6950136620793019,-0.607151561670606,-0.5384893552410992,-0.43918350250961613,-0.33775927846291487
verylow-overshoot,VLHO,2492.0,-1.0041359920712565,-0.8425021623660756,-0.7112138653467818,-0.6046480198197952,-0.5369265791859631,-0.44254295540253735,-0.34985784042629464
verylow-overshoot,VLHO,2493.0,-1.0015888014563608,-0.8371252699944467,-0.6958325700380097,-0.6033093849434562,-0.5332837609309167,-0.43924686016552,-0.34477047601618704
verylow-overshoot,VLHO,2494.0,-0.9786046164353721,-0.8309116381653446,-0.6992249168919139,-0.6037919014096378,-0.5318009150657912,-0.4356011333450414,-0.3451392761410698
verylow-overshoot,VLHO,2495.0,-1.0100062484108858,-0.8345051252208652,-0.7183730336276685,-0.604870737309828,-0.5326075204680052,-0.43735073491644394,-0.3314285737696781
verylow-overshoot,VLHO,2496.0,-1.0141014098950185,-0.8401983913391435,-0.7022276450172273,-0.6066275075872634,-0.5244294354445999,-0.43682628244524985,-0.33842281174674066
verylow-overshoot,VLHO,2497.0,-1.0107128365663263,-0.8193370890535701,-0.6980268938873415,-0.6059326272043143,-0.5299708051724317,-0.44752223827942417,-0.3492856907941997
verylow-overshoot,VLHO,2498.0,-1.020003002457341,-0.8258956447261739,-0.7008215282510235,-0.6121038296107649,-0.533580055293371,-0.4555500852119718,-0.3597637570603621
verylow-overshoot,VLHO,2499.0,-1.024666590044296,-0.828275553523552,-0.7054512386096952,-0.607851755520407,-0.5389615513084335,-0.45081902133964447,-0.34887611149191206
verylow-overshoot,VLHO,2500.0,-1.0053139430182132,-0.8230267083264654,-0.6959497421130704,-0.611368680805466,-0.5324286422772747,-0.44906205133486243,-0.3591582026301189
verylow-overshoot,VLHO,2501.0,-1.002171636462721,-0.8350567334442223,-0.7054564293795804,-0.6139695859201727,-0.5305373487930218,-0.4496329734545428,-0.35776059414035816
