scenario,year,source,member,value,unit
ssp126,2015,cesm2,r10i1p1f1,1.1247402613039401,%
ssp126,2016,cesm2,r10i1p1f1,0.5420648634155928,%
ssp126,2017,cesm2,r10i1p1f1,0.8295823869627363,%
ssp126,2018,cesm2,r10i1p1f1,0.7918158614644619,%
ssp126,2019,cesm2,r10i1p1f1,0.6844568883241556,%
ssp126,2020,cesm2,r10i1p1f1,0.5895489033566443,%
ssp126,2021,cesm2,r10i1p1f1,0.054182832422063315,%
ssp126,2022,cesm2,r10i1p1f1,1.287817048027696,%
ssp126,2023,cesm2,r10i1p1f1,1.252546629666548,%
ssp126,2024,cesm2,r10i1p1f1,0.7451786743927233,%
ssp126,2025,cesm2,r10i1p1f1,1.7644462330800201,%
ssp126,2026,cesm2,r10i1p1f1,2.344494700756379,%
ssp126,2027,cesm2,r10i1p1f1,1.2074108027791775,%
ssp126,2028,cesm2,r10i1p1f1,2.030779393252074,%
ssp126,2029,cesm2,r10i1p1f1,1.5642907018159893,%
ssp126,2030,cesm2,r10i1p1f1,1.8983431131240325,%
ssp126,2031,cesm2,r10i1p1f1,2.6002770057187434,%
ssp126,2032,cesm2,r10i1p1f1,1.432891911064908,%
ssp126,2033,cesm2,r10i1p1f1,1.9821072894977831,%
ssp126,2034,cesm2,r10i1p1f1,2.4775122670823917,%
ssp126,2035,cesm2,r10i1p1f1,2.1793014307542746,%
ssp126,2036,cesm2,r10i1p1f1,2.87348625946267,%
ssp126,2037,cesm2,r10i1p1f1,3.122002874240547,%
ssp126,2038,cesm2,r10i1p1f1,2.2564221640047695,%
ssp126,2039,cesm2,r10i1p1f1,2.72633531904253,%
ssp126,2040,cesm2,r10i1p1f1,3.089565372582557,%
ssp126,2041,cesm2,r10i1p1f1,3.5719127026164794,%
ssp126,2042,cesm2,r10i1p1f1,2.437232581627509,%
ssp126,2043,cesm2,r10i1p1f1,2.1114563846902565,%
ssp126,2044,cesm2,r10i1p1f1,2.391929341253375,%
ssp126,2045,cesm2,r10i1p1f1,3.1710541611695544,%
ssp126,2046,cesm2,r10i1p1f1,2.5263324452769287,%
ssp126,2047,cesm2,r10i1p1f1,3.9135364565101245,%
ssp126,2048,cesm2,r10i1p1f1,2.7128247815447297,%
ssp126,2049,cesm2,r10i1p1f1,3.1349506187979483,%
ssp126,2050,cesm2,r10i1p1f1,3.5145000524129015,%
ssp126,2051,cesm2,r10i1p1f1,3.2948762771647115,%
ssp126,2052,cesm2,r10i1p1f1,2.9983061912533677,%
ssp126,2053,cesm2,r10i1p1f1,2.9530748788837853,%
ssp126,2054,cesm2,r10i1p1f1,3.7642616414094503,%
ssp126,2055,cesm2,r10i1p1f1,2.000018593480497,%
ssp126,2056,cesm2,r10i1p1f1,2.4151988423151374,%
ssp126,2057,cesm2,r10i1p1f1,4.108913665130409,%
ssp126,2058,cesm2,r10i1p1f1,2.297644451953919,%
ssp126,2059,cesm2,r10i1p1f1,2.975827383241121,%
ssp126,2060,cesm2,r10i1p1f1,3.680158355738813,%
ssp126,2061,cesm2,r10i1p1f1,2.753642217033501,%
ssp126,2062,cesm2,r10i1p1f1,4.170289444383762,%
ssp126,2063,cesm2,r10i1p1f1,3.5028775686500158,%
ssp126,2064,cesm2,r10i1p1f1,3.967630021330569,%
ssp126,2065,cesm2,r10i1p1f1,3.5934555709901135,%
ssp126,2066,cesm2,r10i1p1f1,4.3025863449260395,%
ssp126,2067,cesm2,r10i1p1f1,3.0022133687157617,%
ssp126,2068,cesm2,r10i1p1f1,3.5044558863350503,%
ssp126,2069,cesm2,r10i1p1f1,3.904764549631196,%
ssp126,2070,cesm2,r10i1p1f1,4.597440702653039,%
ssp126,2071,cesm2,r10i1p1f1,2.960250191168878,%
ssp126,2072,cesm2,r10i1p1f1,3.229822326632362,%
ssp126,2073,cesm2,r10i1p1f1,4.3366758346286165,%
ssp126,2074,cesm2,r10i1p1f1,3.465298024591536,%
ssp126,2075,cesm2,r10i1p1f1,4.28045965826716,%
ssp126,2076,cesm2,r10i1p1f1,4.538188196690227,%
ssp126,2077,cesm2,r10i1p1f1,3.35963766584651,%
ssp126,2078,cesm2,r10i1p1f1,3.6543067091666357,%
ssp126,2079,cesm2,r10i1p1f1,4.459925055343717,%
ssp126,2080,cesm2,r10i1p1f1,3.6068415623218537,%
ssp126,2081,cesm2,r10i1p1f1,3.921790134090429,%
ssp126,2082,cesm2,r10i1p1f1,4.3928968342662245,%
ssp126,2083,cesm2,r10i1p1f1,3.88188022027776,%
ssp126,2084,cesm2,r10i1p1f1,4.470710327391289,%
ssp126,2085,cesm2,r10i1p1f1,4.100549589683336,%
ssp126,2086,cesm2,r10i1p1f1,4.5536510771229795,%
ssp126,2087,cesm2,r10i1p1f1,3.75303565870177,%
ssp126,2088,cesm2,r10i1p1f1,4.543618965599842,%
ssp126,2089,cesm2,r10i1p1f1,3.480181910463805,%
ssp126,2090,cesm2,r10i1p1f1,4.177986608593814,%
ssp126,2091,cesm2,r10i1p1f1,4.081023426524179,%
ssp126,2092,cesm2,r10i1p1f1,3.6534454641113805,%
ssp126,2093,cesm2,r10i1p1f1,4.440937209593525,%
ssp126,2094,cesm2,r10i1p1f1,3.5861177016426757,%
ssp126,2095,cesm2,r10i1p1f1,4.667199797205013,%
ssp126,2096,cesm2,r10i1p1f1,4.525923880900502,%
ssp126,2097,cesm2,r10i1p1f1,5.038097803908166,%
ssp126,2098,cesm2,r10i1p1f1,3.6872220798677526,%
ssp126,2099,cesm2,r10i1p1f1,3.79024291595488,%
ssp126,2100,cesm2,r10i1p1f1,4.835076402445892,%
ssp126,2015,cesm2,r11i1p1f1,0.1673742094254588,%
ssp126,2016,cesm2,r11i1p1f1,0.19078114626075388,%
ssp126,2017,cesm2,r11i1p1f1,0.4551644783747255,%
ssp126,2018,cesm2,r11i1p1f1,0.7186182770901869,%
ssp126,2019,cesm2,r11i1p1f1,0.7243282527203032,%
ssp126,2020,cesm2,r11i1p1f1,1.623253833389077,%
ssp126,2021,cesm2,r11i1p1f1,0.26803277605149417,%
ssp126,2022,cesm2,r11i1p1f1,0.2605079916171614,%
ssp126,2023,cesm2,r11i1p1f1,1.0651602356624226,%
ssp126,2024,cesm2,r11i1p1f1,0.6384239575093749,%
ssp126,2025,cesm2,r11i1p1f1,1.0491615918115291,%
ssp126,2026,cesm2,r11i1p1f1,1.6749706249075496,%
ssp126,2027,cesm2,r11i1p1f1,2.0593652687810615,%
ssp126,2028,cesm2,r11i1p1f1,0.9508443112111413,%
ssp126,2029,cesm2,r11i1p1f1,1.8939601308323581,%
ssp126,2030,cesm2,r11i1p1f1,2.442788953456723,%
ssp126,2031,cesm2,r11i1p1f1,1.9407908503514864,%
ssp126,2032,cesm2,r11i1p1f1,1.433067608280818,%
ssp126,2033,cesm2,r11i1p1f1,2.227222952596141,%
ssp126,2034,cesm2,r11i1p1f1,1.423696937256457,%
ssp126,2035,cesm2,r11i1p1f1,1.4244133793485312,%
ssp126,2036,cesm2,r11i1p1f1,2.532211602259044,%
ssp126,2037,cesm2,r11i1p1f1,2.347710558482005,%
ssp126,2038,cesm2,r11i1p1f1,3.0776049993085763,%
ssp126,2039,cesm2,r11i1p1f1,2.188461850895051,%
ssp126,2040,cesm2,r11i1p1f1,2.470479215336821,%
ssp126,2041,cesm2,r11i1p1f1,2.3082201339527293,%
ssp126,2042,cesm2,r11i1p1f1,3.0709474650938704,%
ssp126,2043,cesm2,r11i1p1f1,2.783509539695871,%
ssp126,2044,cesm2,r11i1p1f1,3.0047925586706707,%
ssp126,2045,cesm2,r11i1p1f1,3.2448137284588117,%
ssp126,2046,cesm2,r11i1p1f1,2.7936512626235834,%
ssp126,2047,cesm2,r11i1p1f1,2.965019097866594,%
ssp126,2048,cesm2,r11i1p1f1,2.838718061910354,%
ssp126,2049,cesm2,r11i1p1f1,3.1713357993390114,%
ssp126,2050,cesm2,r11i1p1f1,3.495269246863842,%
ssp126,2051,cesm2,r11i1p1f1,3.13001473052212,%
ssp126,2052,cesm2,r11i1p1f1,2.8235539751884446,%
ssp126,2053,cesm2,r11i1p1f1,3.212746828829584,%
ssp126,2054,cesm2,r11i1p1f1,3.5223843096481753,%
ssp126,2055,cesm2,r11i1p1f1,3.1604282776263313,%
ssp126,2056,cesm2,r11i1p1f1,2.7666909635188914,%
ssp126,2057,cesm2,r11i1p1f1,4.008130285736877,%
ssp126,2058,cesm2,r11i1p1f1,3.3425917406333423,%
ssp126,2059,cesm2,r11i1p1f1,3.2425098472203184,%
ssp126,2060,cesm2,r11i1p1f1,3.5021374217999766,%
ssp126,2061,cesm2,r11i1p1f1,3.6191367330736925,%
ssp126,2062,cesm2,r11i1p1f1,3.1097312752895765,%
ssp126,2063,cesm2,r11i1p1f1,4.080009639886462,%
ssp126,2064,cesm2,r11i1p1f1,3.1521886092307105,%
ssp126,2065,cesm2,r11i1p1f1,3.1533342085637797,%
ssp126,2066,cesm2,r11i1p1f1,3.857984304172333,%
ssp126,2067,cesm2,r11i1p1f1,3.3296771897354165,%
ssp126,2068,cesm2,r11i1p1f1,3.371987493258017,%
ssp126,2069,cesm2,r11i1p1f1,3.1645388785770767,%
ssp126,2070,cesm2,r11i1p1f1,3.701148768499863,%
ssp126,2071,cesm2,r11i1p1f1,4.203021752442871,%
ssp126,2072,cesm2,r11i1p1f1,4.0388962222668265,%
ssp126,2073,cesm2,r11i1p1f1,3.9500133030826556,%
ssp126,2074,cesm2,r11i1p1f1,4.152718785202576,%
ssp126,2075,cesm2,r11i1p1f1,3.8419464779383823,%
ssp126,2076,cesm2,r11i1p1f1,3.139682558208706,%
ssp126,2077,cesm2,r11i1p1f1,4.115168584979055,%
ssp126,2078,cesm2,r11i1p1f1,3.6803076390436846,%
ssp126,2079,cesm2,r11i1p1f1,4.00511744524631,%
ssp126,2080,cesm2,r11i1p1f1,3.5542528253625836,%
ssp126,2081,cesm2,r11i1p1f1,4.197554593414829,%
ssp126,2082,cesm2,r11i1p1f1,3.6080203119039123,%
ssp126,2083,cesm2,r11i1p1f1,4.5462697587580765,%
ssp126,2084,cesm2,r11i1p1f1,3.4975824501369965,%
ssp126,2085,cesm2,r11i1p1f1,3.892433317845951,%
ssp126,2086,cesm2,r11i1p1f1,3.6559168252773024,%
ssp126,2087,cesm2,r11i1p1f1,4.957606143751499,%
ssp126,2088,cesm2,r11i1p1f1,3.1873473760808593,%
ssp126,2089,cesm2,r11i1p1f1,3.8789123313839418,%
ssp126,2090,cesm2,r11i1p1f1,4.724422819630034,%
ssp126,2091,cesm2,r11i1p1f1,3.8429297060614567,%
ssp126,2092,cesm2,r11i1p1f1,4.325817602744927,%
ssp126,2093,cesm2,r11i1p1f1,5.027027742221935,%
ssp126,2094,cesm2,r11i1p1f1,4.017526830005877,%
ssp126,2095,cesm2,r11i1p1f1,4.882995480696067,%
ssp126,2096,cesm2,r11i1p1f1,4.459930881771191,%
ssp126,2097,cesm2,r11i1p1f1,3.778779486990651,%
ssp126,2098,cesm2,r11i1p1f1,4.429540012968283,%
ssp126,2099,cesm2,r11i1p1f1,4.564742225890659,%
ssp126,2100,cesm2,r11i1p1f1,4.212385381519551,%
ssp126,2015,cesm2,r4i1p1f1,0.590097988722589,%
ssp126,2016,cesm2,r4i1p1f1,0.24157170206424242,%
ssp126,2017,cesm2,r4i1p1f1,-0.14458730662414165,%
ssp126,2018,cesm2,r4i1p1f1,0.5935237747383172,%
ssp126,2019,cesm2,r4i1p1f1,0.9934230399483543,%
ssp126,2020,cesm2,r4i1p1f1,1.0119787348985754,%
ssp126,2021,cesm2,r4i1p1f1,0.0702080871945926,%
ssp126,2022,cesm2,r4i1p1f1,0.3125201884230546,%
ssp126,2023,cesm2,r4i1p1f1,0.3705706494492034,%
ssp126,2024,cesm2,r4i1p1f1,1.4693403284931648,%
ssp126,2025,cesm2,r4i1p1f1,1.3850477888222343,%
ssp126,2026,cesm2,r4i1p1f1,0.9017045903487627,%
ssp126,2027,cesm2,r4i1p1f1,1.7733469270252489,%
ssp126,2028,cesm2,r4i1p1f1,1.1654495148163162,%
ssp126,2029,cesm2,r4i1p1f1,2.412927966911795,%
ssp126,2030,cesm2,r4i1p1f1,2.1567319573097414,%
ssp126,2031,cesm2,r4i1p1f1,1.7362547488127074,%
ssp126,2032,cesm2,r4i1p1f1,1.8123791428238685,%
ssp126,2033,cesm2,r4i1p1f1,2.9730591813245244,%
ssp126,2034,cesm2,r4i1p1f1,2.1383501859570635,%
ssp126,2035,cesm2,r4i1p1f1,2.3703605081473156,%
ssp126,2036,cesm2,r4i1p1f1,2.9981518115227055,%
ssp126,2037,cesm2,r4i1p1f1,1.8368983899163518,%
ssp126,2038,cesm2,r4i1p1f1,2.019196304894304,%
ssp126,2039,cesm2,r4i1p1f1,3.1907601946061783,%
ssp126,2040,cesm2,r4i1p1f1,2.2848098701800237,%
ssp126,2041,cesm2,r4i1p1f1,2.182458272340254,%
ssp126,2042,cesm2,r4i1p1f1,3.0515353841821753,%
ssp126,2043,cesm2,r4i1p1f1,2.4408132920824306,%
ssp126,2044,cesm2,r4i1p1f1,2.024425101649153,%
ssp126,2045,cesm2,r4i1p1f1,2.9302179104347963,%
ssp126,2046,cesm2,r4i1p1f1,2.957268303051386,%
ssp126,2047,cesm2,r4i1p1f1,2.6843729015867925,%
ssp126,2048,cesm2,r4i1p1f1,3.506374823650426,%
ssp126,2049,cesm2,r4i1p1f1,3.7114949628662277,%
ssp126,2050,cesm2,r4i1p1f1,3.4825240082160254,%
ssp126,2051,cesm2,r4i1p1f1,3.2188999553915556,%
ssp126,2052,cesm2,r4i1p1f1,3.1560471293007275,%
ssp126,2053,cesm2,r4i1p1f1,3.221413489196601,%
ssp126,2054,cesm2,r4i1p1f1,3.1334256702246255,%
ssp126,2055,cesm2,r4i1p1f1,3.6867418394973566,%
ssp126,2056,cesm2,r4i1p1f1,2.906096530329209,%
ssp126,2057,cesm2,r4i1p1f1,3.0830619726126565,%
ssp126,2058,cesm2,r4i1p1f1,2.455380359085905,%
ssp126,2059,cesm2,r4i1p1f1,3.3883534050186914,%
ssp126,2060,cesm2,r4i1p1f1,2.790824230106994,%
ssp126,2061,cesm2,r4i1p1f1,3.923375485701699,%
ssp126,2062,cesm2,r4i1p1f1,2.479938110126734,%
ssp126,2063,cesm2,r4i1p1f1,3.4164223989609974,%
ssp126,2064,cesm2,r4i1p1f1,3.332100762384991,%
ssp126,2065,cesm2,r4i1p1f1,3.9788486353872985,%
ssp126,2066,cesm2,r4i1p1f1,3.3113596164937182,%
ssp126,2067,cesm2,r4i1p1f1,3.5497581797414632,%
ssp126,2068,cesm2,r4i1p1f1,3.424528101549657,%
ssp126,2069,cesm2,r4i1p1f1,3.3218388558211536,%
ssp126,2070,cesm2,r4i1p1f1,4.067025004627132,%
ssp126,2071,cesm2,r4i1p1f1,3.384243972876189,%
ssp126,2072,cesm2,r4i1p1f1,3.95770968535252,%
ssp126,2073,cesm2,r4i1p1f1,2.933162846263345,%
ssp126,2074,cesm2,r4i1p1f1,3.87521890045266,%
ssp126,2075,cesm2,r4i1p1f1,3.4291050062968793,%
ssp126,2076,cesm2,r4i1p1f1,3.9562641940453585,%
ssp126,2077,cesm2,r4i1p1f1,3.3909504638718744,%
ssp126,2078,cesm2,r4i1p1f1,3.263435703833642,%
ssp126,2079,cesm2,r4i1p1f1,3.715974484325999,%
ssp126,2080,cesm2,r4i1p1f1,3.355329625219637,%
ssp126,2081,cesm2,r4i1p1f1,4.509810345909989,%
ssp126,2082,cesm2,r4i1p1f1,3.4137725430964525,%
ssp126,2083,cesm2,r4i1p1f1,3.8237300259815465,%
ssp126,2084,cesm2,r4i1p1f1,3.3681236041158105,%
ssp126,2085,cesm2,r4i1p1f1,3.1406789406596145,%
ssp126,2086,cesm2,r4i1p1f1,3.7126626204998208,%
ssp126,2087,cesm2,r4i1p1f1,4.360931524976754,%
ssp126,2088,cesm2,r4i1p1f1,2.8703743169109917,%
ssp126,2089,cesm2,r4i1p1f1,3.509375742723219,%
ssp126,2090,cesm2,r4i1p1f1,4.11506445906276,%
ssp126,2091,cesm2,r4i1p1f1,3.291569284474621,%
ssp126,2092,cesm2,r4i1p1f1,3.1371925734933472,%
ssp126,2093,cesm2,r4i1p1f1,3.726219601772371,%
ssp126,2094,cesm2,r4i1p1f1,3.4428927242818306,%
ssp126,2095,cesm2,r4i1p1f1,4.416628185993002,%
ssp126,2096,cesm2,r4i1p1f1,3.6209156200572323,%
ssp126,2097,cesm2,r4i1p1f1,4.122694998322496,%
ssp126,2098,cesm2,r4i1p1f1,4.914981298292841,%
ssp126,2099,cesm2,r4i1p1f1,4.160689310548725,%
ssp126,2100,cesm2,r4i1p1f1,4.279683212472202,%
ssp126,2015,emulator,ensemble_mean,0.4511417368535156,%
ssp126,2016,emulator,ensemble_mean,0.7055446456516661,%
ssp126,2017,emulator,ensemble_mean,0.7784622959164252,%
ssp126,2018,emulator,ensemble_mean,0.6262505846064741,%
ssp126,2019,emulator,ensemble_mean,1.0234082926359802,%
ssp126,2020,emulator,ensemble_mean,1.3365295288947456,%
ssp126,2021,emulator,ensemble_mean,1.1258081106481377,%
ssp126,2022,emulator,ensemble_mean,1.138084569282822,%
ssp126,2023,emulator,ensemble_mean,1.1680899172396166,%
ssp126,2024,emulator,ensemble_mean,1.300004531574341,%
ssp126,2025,emulator,ensemble_mean,1.4798112624532855,%
ssp126,2026,emulator,ensemble_mean,1.4431735793551024,%
ssp126,2027,emulator,ensemble_mean,1.5079759779354724,%
ssp126,2028,emulator,ensemble_mean,1.862889579781651,%
ssp126,2029,emulator,ensemble_mean,1.819119855635627,%
ssp126,2030,emulator,ensemble_mean,1.7155040681754021,%
ssp126,2031,emulator,ensemble_mean,1.9168988496463375,%
ssp126,2032,emulator,ensemble_mean,1.8285825297043945,%
ssp126,2033,emulator,ensemble_mean,2.317922990305307,%
ssp126,2034,emulator,ensemble_mean,1.9536699217088145,%
ssp126,2035,emulator,ensemble_mean,2.132644964250866,%
ssp126,2036,emulator,ensemble_mean,2.2047321867924814,%
ssp126,2037,emulator,ensemble_mean,2.3152276437831336,%
ssp126,2038,emulator,ensemble_mean,2.203959438546913,%
ssp126,2039,emulator,ensemble_mean,2.6344843080966527,%
ssp126,2040,emulator,ensemble_mean,2.408388781722425,%
ssp126,2041,emulator,ensemble_mean,2.316799749152649,%
ssp126,2042,emulator,ensemble_mean,2.6369158894776845,%
ssp126,2043,emulator,ensemble_mean,2.652874902893473,%
ssp126,2044,emulator,ensemble_mean,2.7458953780140583,%
ssp126,2045,emulator,ensemble_mean,2.656713007986187,%
ssp126,2046,emulator,ensemble_mean,2.8201088358411623,%
ssp126,2047,emulator,ensemble_mean,2.788544932242281,%
ssp126,2048,emulator,ensemble_mean,2.906232969722714,%
ssp126,2049,emulator,ensemble_mean,2.989328174485052,%
ssp126,2050,emulator,ensemble_mean,2.689875420929681,%
ssp126,2051,emulator,ensemble_mean,2.6343178375915084,%
ssp126,2052,emulator,ensemble_mean,2.7490225998611826,%
ssp126,2053,emulator,ensemble_mean,2.8122268499223275,%
ssp126,2054,emulator,ensemble_mean,3.0671640895953565,%
ssp126,2055,emulator,ensemble_mean,2.617439107845561,%
ssp126,2056,emulator,ensemble_mean,2.8830542932743493,%
ssp126,2057,emulator,ensemble_mean,2.8844767694444076,%
ssp126,2058,emulator,ensemble_mean,2.8372186159584007,%
ssp126,2059,emulator,ensemble_mean,2.82391360439262,%
ssp126,2060,emulator,ensemble_mean,2.812706190753697,%
ssp126,2061,emulator,ensemble_mean,2.7156279198982967,%
ssp126,2062,emulator,ensemble_mean,3.162323579106801,%
ssp126,2063,emulator,ensemble_mean,3.0341649705827383,%
ssp126,2064,emulator,ensemble_mean,3.127849636487878,%
ssp126,2065,emulator,ensemble_mean,3.113763252185866,%
ssp126,2066,emulator,ensemble_mean,3.017442793237053,%
ssp126,2067,emulator,ensemble_mean,2.93640063487407,%
ssp126,2068,emulator,ensemble_mean,3.052970299657082,%
ssp126,2069,emulator,ensemble_mean,3.0510887843994317,%
ssp126,2070,emulator,ensemble_mean,3.289424673719771,%
ssp126,2071,emulator,ensemble_mean,2.902412383403305,%
ssp126,2072,emulator,ensemble_mean,2.757256364615363,%
ssp126,2073,emulator,ensemble_mean,2.9926878939104498,%
ssp126,2074,emulator,ensemble_mean,3.1166036558446737,%
ssp126,2075,emulator,ensemble_mean,2.9293086620950057,%
ssp126,2076,emulator,ensemble_mean,2.8539892714777557,%
ssp126,2077,emulator,ensemble_mean,3.2709506449073755,%
ssp126,2078,emulator,ensemble_mean,3.0274910066826206,%
ssp126,2079,emulator,ensemble_mean,3.188153297849106,%
ssp126,2080,emulator,ensemble_mean,2.826095205244294,%
ssp126,2081,emulator,ensemble_mean,3.0169255082179625,%
ssp126,2082,emulator,ensemble_mean,3.120724965967954,%
ssp126,2083,emulator,ensemble_mean,3.0719115154342127,%
ssp126,2084,emulator,ensemble_mean,3.018212201011981,%
ssp126,2085,emulator,ensemble_mean,2.8644466557514345,%
ssp126,2086,emulator,ensemble_mean,2.85303789124719,%
ssp126,2087,emulator,ensemble_mean,2.9499607981392804,%
ssp126,2088,emulator,ensemble_mean,3.0053199296371482,%
ssp126,2089,emulator,ensemble_mean,3.0328151823889415,%
ssp126,2090,emulator,ensemble_mean,2.6897956305249764,%
ssp126,2091,emulator,ensemble_mean,2.9671978326606663,%
ssp126,2092,emulator,ensemble_mean,3.0576757557452283,%
ssp126,2093,emulator,ensemble_mean,3.0560226918661626,%
ssp126,2094,emulator,ensemble_mean,2.710502481222146,%
ssp126,2095,emulator,ensemble_mean,2.7825836038219562,%
ssp126,2096,emulator,ensemble_mean,2.7302169349434706,%
ssp126,2097,emulator,ensemble_mean,2.970886976363014,%
ssp126,2098,emulator,ensemble_mean,2.854722515483813,%
ssp126,2099,emulator,ensemble_mean,2.7228987468861408,%
ssp126,2100,emulator,ensemble_mean,3.0490944058984226,%
ssp126,2015,emulator,m1,1.0677797250468446,%
ssp126,2016,emulator,m1,1.7294934895193825,%
ssp126,2017,emulator,m1,0.8195154327621044,%
ssp126,2018,emulator,m1,1.6571887349713779,%
ssp126,2019,emulator,m1,0.33154310819603783,%
ssp126,2020,emulator,m1,0.9053660034024454,%
ssp126,2021,emulator,m1,2.134681104334686,%
ssp126,2022,emulator,m1,0.05118878111955832,%
ssp126,2023,emulator,m1,1.935823139047715,%
ssp126,2024,emulator,m1,1.9277152987382333,%
ssp126,2025,emulator,m1,1.972633012080103,%
ssp126,2026,emulator,m1,1.5843433571739578,%
ssp126,2027,emulator,m1,0.9658583770725772,%
ssp126,2028,emulator,m1,1.7907778213334553,%
ssp126,2029,emulator,m1,1.035786646950663,%
ssp126,2030,emulator,m1,1.306158539478232,%
ssp126,2031,emulator,m1,2.585118365269056,%
ssp126,2032,emulator,m1,2.1449653185666753,%
ssp126,2033,emulator,m1,1.811426779668438,%
ssp126,2034,emulator,m1,1.7307657744439748,%
ssp126,2035,emulator,m1,2.1875964092422735,%
ssp126,2036,emulator,m1,2.680666230672798,%
ssp126,2037,emulator,m1,3.1135449680286893,%
ssp126,2038,emulator,m1,1.704540135315274,%
ssp126,2039,emulator,m1,3.0980382892001552,%
ssp126,2040,emulator,m1,2.7477209722358387,%
ssp126,2041,emulator,m1,2.403108869377077,%
ssp126,2042,emulator,m1,1.3745409089883627,%
ssp126,2043,emulator,m1,1.987553395390256,%
ssp126,2044,emulator,m1,3.809357613984749,%
ssp126,2045,emulator,m1,2.903304014181022,%
ssp126,2046,emulator,m1,2.3581619481266234,%
ssp126,2047,emulator,m1,2.9247963822921044,%
ssp126,2048,emulator,m1,3.9717540780907528,%
ssp126,2049,emulator,m1,2.349272021105557,%
ssp126,2050,emulator,m1,2.0574620561025836,%
ssp126,2051,emulator,m1,2.127468949882077,%
ssp126,2052,emulator,m1,1.6247281095903077,%
ssp126,2053,emulator,m1,2.6782301021215176,%
ssp126,2054,emulator,m1,2.351320865765009,%
ssp126,2055,emulator,m1,3.2784811059446635,%
ssp126,2056,emulator,m1,2.567514108291752,%
ssp126,2057,emulator,m1,3.5590791569015097,%
ssp126,2058,emulator,m1,3.058160329801592,%
ssp126,2059,emulator,m1,3.3644147514042104,%
ssp126,2060,emulator,m1,2.531364985213059,%
ssp126,2061,emulator,m1,3.2590907094828117,%
ssp126,2062,emulator,m1,2.986692783632922,%
ssp126,2063,emulator,m1,3.064928679950194,%
ssp126,2064,emulator,m1,2.059123154577895,%
ssp126,2065,emulator,m1,1.6275471983990017,%
ssp126,2066,emulator,m1,3.0363724541323767,%
ssp126,2067,emulator,m1,3.055921191148936,%
ssp126,2068,emulator,m1,3.9010679285839087,%
ssp126,2069,emulator,m1,2.841632906799582,%
ssp126,2070,emulator,m1,3.7440812044604805,%
ssp126,2071,emulator,m1,1.803100502721335,%
ssp126,2072,emulator,m1,3.1139662757990894,%
ssp126,2073,emulator,m1,1.7285793821266895,%
ssp126,2074,emulator,m1,3.9120354383732914,%
ssp126,2075,emulator,m1,3.219067981593209,%
ssp126,2076,emulator,m1,3.5359909370380014,%
ssp126,2077,emulator,m1,3.624758459254275,%
ssp126,2078,emulator,m1,2.699678033935883,%
ssp126,2079,emulator,m1,3.7231032017129433,%
ssp126,2080,emulator,m1,4.199439718878446,%
ssp126,2081,emulator,m1,3.717487921098975,%
ssp126,2082,emulator,m1,2.495875540787461,%
ssp126,2083,emulator,m1,2.6993348719961476,%
ssp126,2084,emulator,m1,2.6805033883960823,%
ssp126,2085,emulator,m1,3.5170029889154986,%
ssp126,2086,emulator,m1,2.7015105538385193,%
ssp126,2087,emulator,m1,1.8918216708567177,%
ssp126,2088,emulator,m1,3.2359403014104364,%
ssp126,2089,emulator,m1,2.9562198702854317,%
ssp126,2090,emulator,m1,1.9565129829644525,%
ssp126,2091,emulator,m1,3.505009216614696,%
ssp126,2092,emulator,m1,3.604934715204152,%
ssp126,2093,emulator,m1,3.5124798784663698,%
ssp126,2094,emulator,m1,1.1706906763231353,%
ssp126,2095,emulator,m1,2.5133925973813245,%
ssp126,2096,emulator,m1,1.5766453568420622,%
ssp126,2097,emulator,m1,2.8762217961132412,%
ssp126,2098,emulator,m1,3.027082508171821,%
ssp126,2099,emulator,m1,1.8591684238637218,%
ssp126,2100,emulator,m1,3.4920339079575897,%
ssp126,2015,emulator,m2,0.9075600354344813,%
ssp126,2016,emulator,m2,-0.04425068039800739,%
ssp126,2017,emulator,m2,0.6367789295595911,%
ssp126,2018,emulator,m2,0.24547604365856804,%
ssp126,2019,emulator,m2,0.5055701709824871,%
ssp126,2020,emulator,m2,1.9751640305351752,%
ssp126,2021,emulator,m2,1.1375763542425894,%
ssp126,2022,emulator,m2,1.6507553792215777,%
ssp126,2023,emulator,m2,1.557853719462538,%
ssp126,2024,emulator,m2,2.114507231932974,%
ssp126,2025,emulator,m2,1.976066191759431,%
ssp126,2026,emulator,m2,0.03268070928330242,%
ssp126,2027,emulator,m2,0.21211184884451464,%
ssp126,2028,emulator,m2,2.970700434075859,%
ssp126,2029,emulator,m2,2.115713366962079,%
ssp126,2030,emulator,m2,2.6288999749413158,%
ssp126,2031,emulator,m2,1.3622306909041126,%
ssp126,2032,emulator,m2,1.1264986929525773,%
ssp126,2033,emulator,m2,2.8277123138613787,%
ssp126,2034,emulator,m2,1.932098700307167,%
ssp126,2035,emulator,m2,2.399657500497285,%
ssp126,2036,emulator,m2,2.200594763717299,%
ssp126,2037,emulator,m2,2.0608366565092124,%
ssp126,2038,emulator,m2,2.5998515539108453,%
ssp126,2039,emulator,m2,3.4351390051533066,%
ssp126,2040,emulator,m2,2.160928648803125,%
ssp126,2041,emulator,m2,2.4900230163594625,%
ssp126,2042,emulator,m2,3.4846562029829546,%
ssp126,2043,emulator,m2,2.4208905492414488,%
ssp126,2044,emulator,m2,2.694069491256136,%
ssp126,2045,emulator,m2,2.217190699035668,%
ssp126,2046,emulator,m2,3.0047671940453755,%
ssp126,2047,emulator,m2,2.0551711848432235,%
ssp126,2048,emulator,m2,2.4373778289458246,%
ssp126,2049,emulator,m2,2.3144645437071114,%
ssp126,2050,emulator,m2,3.463711900599948,%
ssp126,2051,emulator,m2,2.718684306288402,%
ssp126,2052,emulator,m2,3.4449663859058157,%
ssp126,2053,emulator,m2,2.7062126414499357,%
ssp126,2054,emulator,m2,2.043392749323995,%
ssp126,2055,emulator,m2,2.2262978675981704,%
ssp126,2056,emulator,m2,2.9410190158311917,%
ssp126,2057,emulator,m2,3.7087426473898204,%
ssp126,2058,emulator,m2,3.424534323490751,%
ssp126,2059,emulator,m2,2.2718488466826616,%
ssp126,2060,emulator,m2,2.608390013147287,%
ssp126,2061,emulator,m2,2.66004890972085,%
ssp126,2062,emulator,m2,3.730956336033373,%
ssp126,2063,emulator,m2,3.5483731580547055,%
ssp126,2064,emulator,m2,3.239128729604675,%
ssp126,2065,emulator,m2,3.8321953532524975,%
ssp126,2066,emulator,m2,4.24200620848113,%
ssp126,2067,emulator,m2,3.0588341741602654,%
ssp126,2068,emulator,m2,3.647148867978084,%
ssp126,2069,emulator,m2,1.942254460182112,%
ssp126,2070,emulator,m2,3.7062757530833177,%
ssp126,2071,emulator,m2,2.4014654864764773,%
ssp126,2072,emulator,m2,3.5884940997522494,%
ssp126,2073,emulator,m2,1.8146108734982742,%
ssp126,2074,emulator,m2,4.283214726077219,%
ssp126,2075,emulator,m2,4.799839825830405,%
ssp126,2076,emulator,m2,3.1207439075584964,%
ssp126,2077,emulator,m2,2.799345435311022,%
ssp126,2078,emulator,m2,2.938837466195086,%
ssp126,2079,emulator,m2,2.486854563128891,%
ssp126,2080,emulator,m2,2.606504473373179,%
ssp126,2081,emulator,m2,3.2118906722440115,%
ssp126,2082,emulator,m2,4.151423159644283,%
ssp126,2083,emulator,m2,2.722947511293258,%
ssp126,2084,emulator,m2,3.0912436195374426,%
ssp126,2085,emulator,m2,2.5301683527100742,%
ssp126,2086,emulator,m2,3.8078196989124313,%
ssp126,2087,emulator,m2,2.635765173884494,%
ssp126,2088,emulator,m2,2.4905522482842546,%
ssp126,2089,emulator,m2,3.6566574259919657,%
ssp126,2090,emulator,m2,2.5331336973846783,%
ssp126,2091,emulator,m2,3.031330046545867,%
ssp126,2092,emulator,m2,2.6032277010510385,%
ssp126,2093,emulator,m2,4.06616921154141,%
ssp126,2094,emulator,m2,3.391260184932556,%
ssp126,2095,emulator,m2,3.5538699206168007,%
ssp126,2096,emulator,m2,2.4053861473851224,%
ssp126,2097,emulator,m2,3.9636113522504264,%
ssp126,2098,emulator,m2,2.443503306880191,%
ssp126,2099,emulator,m2,3.073371546322557,%
ssp126,2100,emulator,m2,1.7797394731345775,%
ssp126,2015,emulator,m3,-0.04444649464754519,%
ssp126,2016,emulator,m3,1.1572791910143427,%
ssp126,2017,emulator,m3,1.1914112919502522,%
ssp126,2018,emulator,m3,0.7102200836418612,%
ssp126,2019,emulator,m3,1.0180902623222003,%
ssp126,2020,emulator,m3,1.1042779762740127,%
ssp126,2021,emulator,m3,0.33367134063057924,%
ssp126,2022,emulator,m3,1.864120006138029,%
ssp126,2023,emulator,m3,1.9367415241183235,%
ssp126,2024,emulator,m3,0.7712133237208263,%
ssp126,2025,emulator,m3,1.573246575331179,%
ssp126,2026,emulator,m3,1.8990279676015567,%
ssp126,2027,emulator,m3,1.2647227295214882,%
ssp126,2028,emulator,m3,1.5417035758181257,%
ssp126,2029,emulator,m3,1.8573307477372292,%
ssp126,2030,emulator,m3,2.207812439456814,%
ssp126,2031,emulator,m3,1.294139496978576,%
ssp126,2032,emulator,m3,2.316800141854496,%
ssp126,2033,emulator,m3,1.9989561895983525,%
ssp126,2034,emulator,m3,2.1870431493648477,%
ssp126,2035,emulator,m3,2.8860744540504397,%
ssp126,2036,emulator,m3,3.44015790008559,%
ssp126,2037,emulator,m3,1.417739786062566,%
ssp126,2038,emulator,m3,1.8170006701540744,%
ssp126,2039,emulator,m3,3.634618294974852,%
ssp126,2040,emulator,m3,2.14491689888908,%
ssp126,2041,emulator,m3,2.1063483783237134,%
ssp126,2042,emulator,m3,2.692584291799414,%
ssp126,2043,emulator,m3,1.5919152242841608,%
ssp126,2044,emulator,m3,2.2124419102967496,%
ssp126,2045,emulator,m3,2.2915387048815115,%
ssp126,2046,emulator,m3,2.349687497070081,%
ssp126,2047,emulator,m3,2.8593574570780005,%
ssp126,2048,emulator,m3,3.6623011189935775,%
ssp126,2049,emulator,m3,3.4045857509986126,%
ssp126,2050,emulator,m3,3.4039915896055435,%
ssp126,2051,emulator,m3,3.2437217141228394,%
ssp126,2052,emulator,m3,3.3764405848304473,%
ssp126,2053,emulator,m3,2.8885073625263615,%
ssp126,2054,emulator,m3,3.541574191418216,%
ssp126,2055,emulator,m3,3.35060635434709,%
ssp126,2056,emulator,m3,1.4649437081514738,%
ssp126,2057,emulator,m3,3.0610282046187223,%
ssp126,2058,emulator,m3,2.7093405881052783,%
ssp126,2059,emulator,m3,2.689147308392892,%
ssp126,2060,emulator,m3,3.5790798608514334,%
ssp126,2061,emulator,m3,2.964787964726638,%
ssp126,2062,emulator,m3,3.0967261421529146,%
ssp126,2063,emulator,m3,2.8252359860589253,%
ssp126,2064,emulator,m3,3.0978098256575186,%
ssp126,2065,emulator,m3,2.3054410843792152,%
ssp126,2066,emulator,m3,2.811376915728555,%
ssp126,2067,emulator,m3,2.9900756013261067,%
ssp126,2068,emulator,m3,3.2793647003700968,%
ssp126,2069,emulator,m3,3.4346280266046154,%
ssp126,2070,emulator,m3,2.9235917390735575,%
ssp126,2071,emulator,m3,3.32889510829205,%
ssp126,2072,emulator,m3,1.492110918166631,%
ssp126,2073,emulator,m3,3.386791707146114,%
ssp126,2074,emulator,m3,2.927697745982633,%
ssp126,2075,emulator,m3,3.0388290253792287,%
ssp126,2076,emulator,m3,2.7249915507932148,%
ssp126,2077,emulator,m3,2.3484230597487157,%
ssp126,2078,emulator,m3,3.7896476540394244,%
ssp126,2079,emulator,m3,3.9148571090398425,%
ssp126,2080,emulator,m3,3.6804629226421524,%
ssp126,2081,emulator,m3,2.87968947234023,%
ssp126,2082,emulator,m3,2.514676964402331,%
ssp126,2083,emulator,m3,3.6592796454085588,%
ssp126,2084,emulator,m3,3.30126217301019,%
ssp126,2085,emulator,m3,2.497676107993841,%
ssp126,2086,emulator,m3,3.1118901676404085,%
ssp126,2087,emulator,m3,2.9700321103370313,%
ssp126,2088,emulator,m3,3.437129771277198,%
ssp126,2089,emulator,m3,3.1301260038922583,%
ssp126,2090,emulator,m3,4.222916602969354,%
ssp126,2091,emulator,m3,4.457726341447426,%
ssp126,2092,emulator,m3,3.946014066171005,%
ssp126,2093,emulator,m3,2.7742828124455543,%
ssp126,2094,emulator,m3,1.9740641459264001,%
ssp126,2095,emulator,m3,1.8822451215742921,%
ssp126,2096,emulator,m3,3.030086453719091,%
ssp126,2097,emulator,m3,3.229768490665449,%
ssp126,2098,emulator,m3,3.50385561557972,%
ssp126,2099,emulator,m3,2.3749660070337626,%
ssp126,2100,emulator,m3,2.3831755378673436,%
ssp126,2015,emulator,m4,0.04466632836865916,%
ssp126,2016,emulator,m4,0.6693873425162296,%
ssp126,2017,emulator,m4,-0.2655728509972676,%
ssp126,2018,emulator,m4,1.2675826762898703,%
ssp126,2019,emulator,m4,0.06321628525622508,%
ssp126,2020,emulator,m4,2.102605629417216,%
ssp126,2021,emulator,m4,0.6202625412705448,%
ssp126,2022,emulator,m4,1.1141105807315048,%
ssp126,2023,emulator,m4,1.2251047855566741,%
ssp126,2024,emulator,m4,1.0401351214202594,%
ssp126,2025,emulator,m4,1.834503233944133,%
ssp126,2026,emulator,m4,1.6331256213964134,%
ssp126,2027,emulator,m4,1.3177565410149534,%
ssp126,2028,emulator,m4,2.2491231533651406,%
ssp126,2029,emulator,m4,2.5571341554483515,%
ssp126,2030,emulator,m4,1.298951833126004,%
ssp126,2031,emulator,m4,1.4208368179948931,%
ssp126,2032,emulator,m4,3.2335519820662175,%
ssp126,2033,emulator,m4,2.1794127899427385,%
ssp126,2034,emulator,m4,1.2876865119530179,%
ssp126,2035,emulator,m4,1.8841640212595538,%
ssp126,2036,emulator,m4,2.5566988707392793,%
ssp126,2037,emulator,m4,2.1825098281298243,%
ssp126,2038,emulator,m4,2.0361218144184092,%
ssp126,2039,emulator,m4,2.8091393697153944,%
ssp126,2040,emulator,m4,3.2629692804725186,%
ssp126,2041,emulator,m4,2.0074122408271435,%
ssp126,2042,emulator,m4,3.687754889388814,%
ssp126,2043,emulator,m4,2.0992125416349423,%
ssp126,2044,emulator,m4,2.9068173521558,%
ssp126,2045,emulator,m4,3.613394599527396,%
ssp126,2046,emulator,m4,2.388555778934253,%
ssp126,2047,emulator,m4,3.4705197116709274,%
ssp126,2048,emulator,m4,2.098868506500744,%
ssp126,2049,emulator,m4,3.070258168333034,%
ssp126,2050,emulator,m4,3.424269763963057,%
ssp126,2051,emulator,m4,1.5248513607688574,%
ssp126,2052,emulator,m4,1.7072268323844757,%
ssp126,2053,emulator,m4,3.4665601382532625,%
ssp126,2054,emulator,m4,3.2658101745009,%
ssp126,2055,emulator,m4,2.413372427726984,%
ssp126,2056,emulator,m4,4.259483650427615,%
ssp126,2057,emulator,m4,3.218355659071095,%
ssp126,2058,emulator,m4,2.4075872684472945,%
ssp126,2059,emulator,m4,2.878007069774396,%
ssp126,2060,emulator,m4,4.05433003760262,%
ssp126,2061,emulator,m4,3.1529909182417177,%
ssp126,2062,emulator,m4,2.1981185612071963,%
ssp126,2063,emulator,m4,3.424288773016392,%
ssp126,2064,emulator,m4,3.352363497738459,%
ssp126,2065,emulator,m4,2.008173054662626,%
ssp126,2066,emulator,m4,2.2553838196709086,%
ssp126,2067,emulator,m4,3.291146145810987,%
ssp126,2068,emulator,m4,3.9518768098496193,%
ssp126,2069,emulator,m4,3.1907690550696155,%
ssp126,2070,emulator,m4,3.259878390878771,%
ssp126,2071,emulator,m4,2.897844081153442,%
ssp126,2072,emulator,m4,2.554390230416613,%
ssp126,2073,emulator,m4,2.4060848955370973,%
ssp126,2074,emulator,m4,4.714284794136106,%
ssp126,2075,emulator,m4,3.2487310872475574,%
ssp126,2076,emulator,m4,2.8003187209299143,%
ssp126,2077,emulator,m4,3.495225527316213,%
ssp126,2078,emulator,m4,3.397987639759479,%
ssp126,2079,emulator,m4,1.9688770013331482,%
ssp126,2080,emulator,m4,0.583969951693516,%
ssp126,2081,emulator,m4,2.6829042945404904,%
ssp126,2082,emulator,m4,3.5013275140884264,%
ssp126,2083,emulator,m4,2.975617251357233,%
ssp126,2084,emulator,m4,3.3330583877205116,%
ssp126,2085,emulator,m4,2.0087425898138087,%
ssp126,2086,emulator,m4,2.0080210950644317,%
ssp126,2087,emulator,m4,1.834413785716468,%
ssp126,2088,emulator,m4,2.111918563017627,%
ssp126,2089,emulator,m4,3.483028586165097,%
ssp126,2090,emulator,m4,1.945974492306204,%
ssp126,2091,emulator,m4,3.1800240448773534,%
ssp126,2092,emulator,m4,3.5348751887662657,%
ssp126,2093,emulator,m4,2.3690518164440744,%
ssp126,2094,emulator,m4,2.979316242901249,%
ssp126,2095,emulator,m4,3.2499756218486264,%
ssp126,2096,emulator,m4,3.083191900419042,%
ssp126,2097,emulator,m4,3.9197578434199256,%
ssp126,2098,emulator,m4,3.0886121899506667,%
ssp126,2099,emulator,m4,1.8383433785951082,%
ssp126,2100,emulator,m4,3.7033199154219822,%
ssp126,2015,emulator,m5,-0.47952108604896865,%
ssp126,2016,emulator,m5,-0.14607969381450395,%
ssp126,2017,emulator,m5,0.5407291338350019,%
ssp126,2018,emulator,m5,0.43630558977903083,%
ssp126,2019,emulator,m5,1.333854790345968,%
ssp126,2020,emulator,m5,1.619368374407765,%
ssp126,2021,emulator,m5,1.8817683944419177,%
ssp126,2022,emulator,m5,0.12379718386910524,%
ssp126,2023,emulator,m5,0.1648351899531889,%
ssp126,2024,emulator,m5,0.5494883166124451,%
ssp126,2025,emulator,m5,1.3878928038856606,%
ssp126,2026,emulator,m5,1.3353310410825951,%
ssp126,2027,emulator,m5,0.5091010782971839,%
ssp126,2028,emulator,m5,0.3970895267717513,%
ssp126,2029,emulator,m5,1.1040789321608768,%
ssp126,2030,emulator,m5,2.1867582529160106,%
ssp126,2031,emulator,m5,2.0587496239567424,%
ssp126,2032,emulator,m5,2.0812615620591832,%
ssp126,2033,emulator,m5,2.001937141162547,%
ssp126,2034,emulator,m5,2.323118500128902,%
ssp126,2035,emulator,m5,2.630095960449815,%
ssp126,2036,emulator,m5,2.6071553998851162,%
ssp126,2037,emulator,m5,2.735341707973555,%
ssp126,2038,emulator,m5,2.5452452980906637,%
ssp126,2039,emulator,m5,2.0335044839718157,%
ssp126,2040,emulator,m5,2.3655937959054145,%
ssp126,2041,emulator,m5,1.8650516978220144,%
ssp126,2042,emulator,m5,3.0270685707759073,%
ssp126,2043,emulator,m5,3.938223890783349,%
ssp126,2044,emulator,m5,2.505691562068934,%
ssp126,2045,emulator,m5,3.228492292740107,%
ssp126,2046,emulator,m5,4.66616645708951,%
ssp126,2047,emulator,m5,2.420228699714378,%
ssp126,2048,emulator,m5,1.6614336886578442,%
ssp126,2049,emulator,m5,3.167969918071416,%
ssp126,2050,emulator,m5,3.480486689468613,%
ssp126,2051,emulator,m5,1.7174132635285768,%
ssp126,2052,emulator,m5,3.8151414292767583,%
ssp126,2053,emulator,m5,2.2100867188181126,%
ssp126,2054,emulator,m5,3.328627996147359,%
ssp126,2055,emulator,m5,2.887844471662701,%
ssp126,2056,emulator,m5,2.699073749302121,%
ssp126,2057,emulator,m5,3.7934532864860793,%
ssp126,2058,emulator,m5,1.9999338023536615,%
ssp126,2059,emulator,m5,2.2571345839223254,%
ssp126,2060,emulator,m5,2.6314416743945857,%
ssp126,2061,emulator,m5,2.0395052291672875,%
ssp126,2062,emulator,m5,1.9836168011260786,%
ssp126,2063,emulator,m5,2.7058126412115833,%
ssp126,2064,emulator,m5,2.8619435063443834,%
ssp126,2065,emulator,m5,3.540511744125023,%
ssp126,2066,emulator,m5,3.7495476867447746,%
ssp126,2067,emulator,m5,2.8012468079618946,%
ssp126,2068,emulator,m5,3.512908138887773,%
ssp126,2069,emulator,m5,3.8936097486682955,%
ssp126,2070,emulator,m5,3.303838322177933,%
ssp126,2071,emulator,m5,2.9054145958613433,%
ssp126,2072,emulator,m5,3.6909924909994305,%
ssp126,2073,emulator,m5,3.8036879193381603,%
ssp126,2074,emulator,m5,2.781109252485726,%
ssp126,2075,emulator,m5,2.208558548894346,%
ssp126,2076,emulator,m5,2.3404853075460146,%
ssp126,2077,emulator,m5,3.2485409783147134,%
ssp126,2078,emulator,m5,3.644834627737418,%
ssp126,2079,emulator,m5,2.8206835007885003,%
ssp126,2080,emulator,m5,3.5776307737831625,%
ssp126,2081,emulator,m5,3.804443882357385,%
ssp126,2082,emulator,m5,3.7565050106478597,%
ssp126,2083,emulator,m5,3.217093716449873,%
ssp126,2084,emulator,m5,2.756542389081807,%
ssp126,2085,emulator,m5,2.3020176477047007,%
ssp126,2086,emulator,m5,2.3965477499489776,%
ssp126,2087,emulator,m5,3.0614323113808486,%
ssp126,2088,emulator,m5,2.387959327898903,%
ssp126,2089,emulator,m5,2.9073379276239493,%
ssp126,2090,emulator,m5,2.402902705981069,%
ssp126,2091,emulator,m5,2.4180384206592227,%
ssp126,2092,emulator,m5,2.7135499760192263,%
ssp126,2093,emulator,m5,3.608997230230156,%
ssp126,2094,emulator,m5,2.8479997721978707,%
ssp126,2095,emulator,m5,4.089145131612527,%
ssp126,2096,emulator,m5,2.676731766702655,%
ssp126,2097,emulator,m5,2.5343260181016793,%
ssp126,2098,emulator,m5,2.56003340808433,%
ssp126,2099,emulator,m5,2.968671987321617,%
ssp126,2100,emulator,m5,3.0699213331265542,%
ssp126,2015,emulator,m6,1.095197974463991,%
ssp126,2016,emulator,m6,0.7680570706929498,%
ssp126,2017,emulator,m6,0.32735142693296704,%
ssp126,2018,emulator,m6,-0.4170933849429894,%
ssp126,2019,emulator,m6,-0.1745878445892508,%
ssp126,2020,emulator,m6,0.3842451898398629,%
ssp126,2021,emulator,m6,1.89906862343459,%
ssp126,2022,emulator,m6,2.3047888069625886,%
ssp126,2023,emulator,m6,0.36742402128618423,%
ssp126,2024,emulator,m6,1.5310015162990585,%
ssp126,2025,emulator,m6,1.0331694753899208,%
ssp126,2026,emulator,m6,1.5019030881366102,%
ssp126,2027,emulator,m6,1.8357180969189841,%
ssp126,2028,emulator,m6,1.8962150502203683,%
ssp126,2029,emulator,m6,2.0431775164667374,%
ssp126,2030,emulator,m6,1.8119601521030746,%
ssp126,2031,emulator,m6,2.14552526899272,%
ssp126,2032,emulator,m6,1.6632280763200495,%
ssp126,2033,emulator,m6,2.6698004509790754,%
ssp126,2034,emulator,m6,2.596865339078125,%
ssp126,2035,emulator,m6,2.078251464878031,%
ssp126,2036,emulator,m6,2.2226608319612167,%
ssp126,2037,emulator,m6,2.5077754457314487,%
ssp126,2038,emulator,m6,1.8347233272904397,%
ssp126,2039,emulator,m6,2.267643089654797,%
ssp126,2040,emulator,m6,2.735918247187019,%
ssp126,2041,emulator,m6,2.02927677443403,%
ssp126,2042,emulator,m6,3.024138351602778,%
ssp126,2043,emulator,m6,1.8049969569978428,%
ssp126,2044,emulator,m6,2.8455442330905547,%
ssp126,2045,emulator,m6,2.6962715662797216,%
ssp126,2046,emulator,m6,2.7084231230941627,%
ssp126,2047,emulator,m6,3.815038635579169,%
ssp126,2048,emulator,m6,2.05833649355607,%
ssp126,2049,emulator,m6,3.860479459357207,%
ssp126,2050,emulator,m6,2.543831535208695,%
ssp126,2051,emulator,m6,2.2303135358473463,%
ssp126,2052,emulator,m6,3.0538648749472195,%
ssp126,2053,emulator,m6,2.172641386034905,%
ssp126,2054,emulator,m6,3.2357019140111998,%
ssp126,2055,emulator,m6,2.5284536908376247,%
ssp126,2056,emulator,m6,3.3505683217719233,%
ssp126,2057,emulator,m6,3.5628349237863484,%
ssp126,2058,emulator,m6,1.7887653610391951,%
ssp126,2059,emulator,m6,1.9478048965462933,%
ssp126,2060,emulator,m6,2.5629073920064207,%
ssp126,2061,emulator,m6,2.758305150543846,%
ssp126,2062,emulator,m6,2.543730339276282,%
ssp126,2063,emulator,m6,2.5850604267892994,%
ssp126,2064,emulator,m6,3.277584463452098,%
ssp126,2065,emulator,m6,3.2683817025172885,%
ssp126,2066,emulator,m6,3.607029645587139,%
ssp126,2067,emulator,m6,3.7230668240120526,%
ssp126,2068,emulator,m6,3.0371490103221386,%
ssp126,2069,emulator,m6,2.2673517514382038,%
ssp126,2070,emulator,m6,3.99222268660652,%
ssp126,2071,emulator,m6,3.080746845398923,%
ssp126,2072,emulator,m6,2.8374471664515593,%
ssp126,2073,emulator,m6,2.510176875492316,%
ssp126,2074,emulator,m6,2.5050604885107353,%
ssp126,2075,emulator,m6,2.7598893494051597,%
ssp126,2076,emulator,m6,2.9085830461150093,%
ssp126,2077,emulator,m6,3.074273785503161,%
ssp126,2078,emulator,m6,2.607095195287542,%
ssp126,2079,emulator,m6,4.563807564078265,%
ssp126,2080,emulator,m6,4.376684009153115,%
ssp126,2081,emulator,m6,3.005565288108619,%
ssp126,2082,emulator,m6,2.3060780938700027,%
ssp126,2083,emulator,m6,2.8844764994164045,%
ssp126,2084,emulator,m6,3.0391132636064357,%
ssp126,2085,emulator,m6,3.4655208736871943,%
ssp126,2086,emulator,m6,2.038478226855963,%
ssp126,2087,emulator,m6,2.223942945536036,%
ssp126,2088,emulator,m6,2.9035287159077297,%
ssp126,2089,emulator,m6,2.6599347633155914,%
ssp126,2090,emulator,m6,3.7118344733206445,%
ssp126,2091,emulator,m6,4.171010242837392,%
ssp126,2092,emulator,m6,2.675803491158458,%
ssp126,2093,emulator,m6,3.526693872831984,%
ssp126,2094,emulator,m6,3.141749367752003,%
ssp126,2095,emulator,m6,2.6282024036780975,%
ssp126,2096,emulator,m6,2.745415676607014,%
ssp126,2097,emulator,m6,3.407539655619445,%
ssp126,2098,emulator,m6,2.1800873521433988,%
ssp126,2099,emulator,m6,2.474969602755079,%
ssp126,2100,emulator,m6,3.0798715864351394,%
ssp126,2015,emulator,m7,0.41113154683343456,%
ssp126,2016,emulator,m7,0.04215763996657789,%
ssp126,2017,emulator,m7,1.1993895424807721,%
ssp126,2018,emulator,m7,0.19129356923444554,%
ssp126,2019,emulator,m7,0.7359376810963548,%
ssp126,2020,emulator,m7,1.2774100678602534,%
ssp126,2021,emulator,m7,1.0133390159023112,%
ssp126,2022,emulator,m7,0.7515992335501187,%
ssp126,2023,emulator,m7,0.9110661347528444,%
ssp126,2024,emulator,m7,1.7110028160431041,%
ssp126,2025,emulator,m7,1.5161167758410994,%
ssp126,2026,emulator,m7,1.639103888576275,%
ssp126,2027,emulator,m7,1.837923457608873,%
ssp126,2028,emulator,m7,1.876806965198077,%
ssp126,2029,emulator,m7,2.711205154184169,%
ssp126,2030,emulator,m7,2.4179861762230606,%
ssp126,2031,emulator,m7,1.774425051004347,%
ssp126,2032,emulator,m7,3.06852359151824,%
ssp126,2033,emulator,m7,2.523388120428038,%
ssp126,2034,emulator,m7,1.4501227753841432,%
ssp126,2035,emulator,m7,1.2109144362720181,%
ssp126,2036,emulator,m7,2.0380264237787475,%
ssp126,2037,emulator,m7,3.403147758969195,%
ssp126,2038,emulator,m7,2.4817640200373297,%
ssp126,2039,emulator,m7,2.5476709356812726,%
ssp126,2040,emulator,m7,2.6217546346102796,%
ssp126,2041,emulator,m7,2.403907753508312,%
ssp126,2042,emulator,m7,3.3851742832237646,%
ssp126,2043,emulator,m7,3.714690867988784,%
ssp126,2044,emulator,m7,2.544911280696162,%
ssp126,2045,emulator,m7,3.9570421593060927,%
ssp126,2046,emulator,m7,2.672690226128616,%
ssp126,2047,emulator,m7,1.7829014954880724,%
ssp126,2048,emulator,m7,3.452895093654911,%
ssp126,2049,emulator,m7,2.9872251041833042,%
ssp126,2050,emulator,m7,2.1314908259625738,%
ssp126,2051,emulator,m7,2.8502203155753225,%
ssp126,2052,emulator,m7,2.6118477168855203,%
ssp126,2053,emulator,m7,2.803839806675579,%
ssp126,2054,emulator,m7,2.5807675527536342,%
ssp126,2055,emulator,m7,2.323857901325106,%
ssp126,2056,emulator,m7,3.3698778558600484,%
ssp126,2057,emulator,m7,3.2347712044337027,%
ssp126,2058,emulator,m7,4.358402672133857,%
ssp126,2059,emulator,m7,3.0873784757787877,%
ssp126,2060,emulator,m7,2.4277798531623747,%
ssp126,2061,emulator,m7,3.811951420093309,%
ssp126,2062,emulator,m7,3.678219928758856,%
ssp126,2063,emulator,m7,2.800992498612327,%
ssp126,2064,emulator,m7,4.463600478845566,%
ssp126,2065,emulator,m7,1.905945640216442,%
ssp126,2066,emulator,m7,3.2773317679648284,%
ssp126,2067,emulator,m7,3.693275593351718,%
ssp126,2068,emulator,m7,3.013187540671659,%
ssp126,2069,emulator,m7,2.2420639866078105,%
ssp126,2070,emulator,m7,2.264029161007734,%
ssp126,2071,emulator,m7,2.657497302518085,%
ssp126,2072,emulator,m7,3.638811544042961,%
ssp126,2073,emulator,m7,2.8392189350847197,%
ssp126,2074,emulator,m7,3.3997863214344233,%
ssp126,2075,emulator,m7,2.336048266099938,%
ssp126,2076,emulator,m7,2.3781753720594434,%
ssp126,2077,emulator,m7,4.276398354850166,%
ssp126,2078,emulator,m7,3.701816479727791,%
ssp126,2079,emulator,m7,3.6192107793143613,%
ssp126,2080,emulator,m7,3.4606598406383564,%
ssp126,2081,emulator,m7,2.8531053396642223,%
ssp126,2082,emulator,m7,4.141533952276432,%
ssp126,2083,emulator,m7,2.702002568215466,%
ssp126,2084,emulator,m7,3.5857687873953585,%
ssp126,2085,emulator,m7,3.7862224758479877,%
ssp126,2086,emulator,m7,3.3928137208413887,%
ssp126,2087,emulator,m7,2.8440649245436225,%
ssp126,2088,emulator,m7,2.1246049836082115,%
ssp126,2089,emulator,m7,2.51837742763258,%
ssp126,2090,emulator,m7,1.9719202496272077,%
ssp126,2091,emulator,m7,2.948481978622294,%
ssp126,2092,emulator,m7,3.6215576995689602,%
ssp126,2093,emulator,m7,2.8757642584759466,%
ssp126,2094,emulator,m7,1.9525985057796034,%
ssp126,2095,emulator,m7,2.4954555881279794,%
ssp126,2096,emulator,m7,2.9000235744179874,%
ssp126,2097,emulator,m7,2.695507338706478,%
ssp126,2098,emulator,m7,3.145151514031361,%
ssp126,2099,emulator,m7,1.998986940373445,%
ssp126,2100,emulator,m7,4.128004502326786,%
ssp126,2015,emulator,m8,0.3401718968387358,%
ssp126,2016,emulator,m8,1.1263673450167775,%
ssp126,2017,emulator,m8,0.6336395817836559,%
ssp126,2018,emulator,m8,0.29238853345661364,%
ssp126,2019,emulator,m8,-0.3046946805888257,%
ssp126,2020,emulator,m8,2.425680620637394,%
ssp126,2021,emulator,m8,0.8197631347398366,%
ssp126,2022,emulator,m8,1.75197941498332,%
ssp126,2023,emulator,m8,1.6203347104772494,%
ssp126,2024,emulator,m8,1.1637486366232461,%
ssp126,2025,emulator,m8,0.9968574642611673,%
ssp126,2026,emulator,m8,1.4045217910189658,%
ssp126,2027,emulator,m8,1.9039120852381843,%
ssp126,2028,emulator,m8,2.2534639084863652,%
ssp126,2029,emulator,m8,1.7048646926648676,%
ssp126,2030,emulator,m8,2.005994386627071,%
ssp126,2031,emulator,m8,1.0784855259266326,%
ssp126,2032,emulator,m8,1.2452318192278269,%
ssp126,2033,emulator,m8,1.5447329763900985,%
ssp126,2034,emulator,m8,1.4888224981919196,%
ssp126,2035,emulator,m8,2.4010721114941447,%
ssp126,2036,emulator,m8,1.6218407806058532,%
ssp126,2037,emulator,m8,2.9404837144527027,%
ssp126,2038,emulator,m8,2.562139160967106,%
ssp126,2039,emulator,m8,2.649195996610264,%
ssp126,2040,emulator,m8,3.1081852105273944,%
ssp126,2041,emulator,m8,2.124699770050732,%
ssp126,2042,emulator,m8,2.994885398876827,%
ssp126,2043,emulator,m8,3.0291040721145883,%
ssp126,2044,emulator,m8,2.8041623724386167,%
ssp126,2045,emulator,m8,0.9710840947624677,%
ssp126,2046,emulator,m8,2.210839560706391,%
ssp126,2047,emulator,m8,3.5047071020704914,%
ssp126,2048,emulator,m8,2.824834212942485,%
ssp126,2049,emulator,m8,3.737354012193528,%
ssp126,2050,emulator,m8,2.5790938833335746,%
ssp126,2051,emulator,m8,2.1191959490670635,%
ssp126,2052,emulator,m8,3.0733684415540257,%
ssp126,2053,emulator,m8,2.4993446673865907,%
ssp126,2054,emulator,m8,2.6338405638136133,%
ssp126,2055,emulator,m8,1.750855508543932,%
ssp126,2056,emulator,m8,1.3783903338311299,%
ssp126,2057,emulator,m8,4.026786805044004,%
ssp126,2058,emulator,m8,2.5175974051356116,%
ssp126,2059,emulator,m8,1.7121871165266649,%
ssp126,2060,emulator,m8,3.495571859888129,%
ssp126,2061,emulator,m8,2.4909203537280784,%
ssp126,2062,emulator,m8,3.627366743440096,%
ssp126,2063,emulator,m8,3.7323589011421654,%
ssp126,2064,emulator,m8,2.986474528584684,%
ssp126,2065,emulator,m8,4.242756242689819,%
ssp126,2066,emulator,m8,2.690999684068339,%
ssp126,2067,emulator,m8,2.9305026334635045,%
ssp126,2068,emulator,m8,2.1434591679200627,%
ssp126,2069,emulator,m8,2.5643322548412995,%
ssp126,2070,emulator,m8,3.546330287176159,%
ssp126,2071,emulator,m8,3.285366063150259,%
ssp126,2072,emulator,m8,2.531156060026375,%
ssp126,2073,emulator,m8,2.5856358285604832,%
ssp126,2074,emulator,m8,3.116510542939763,%
ssp126,2075,emulator,m8,1.9370047486588946,%
ssp126,2076,emulator,m8,2.041446089203378,%
ssp126,2077,emulator,m8,4.662505882722568,%
ssp126,2078,emulator,m8,2.9216510538007983,%
ssp126,2079,emulator,m8,3.4381654259339323,%
ssp126,2080,emulator,m8,2.6152390107608294,%
ssp126,2081,emulator,m8,2.800242703553065,%
ssp126,2082,emulator,m8,2.9331252775222536,%
ssp126,2083,emulator,m8,3.551476204840786,%
ssp126,2084,emulator,m8,3.8502854684261023,%
ssp126,2085,emulator,m8,2.6119939745144114,%
ssp126,2086,emulator,m8,1.820543163216447,%
ssp126,2087,emulator,m8,3.6439554752085925,%
ssp126,2088,emulator,m8,2.869132556156956,%
ssp126,2089,emulator,m8,2.5927808576385383,%
ssp126,2090,emulator,m8,2.8850921946210657,%
ssp126,2091,emulator,m8,2.850642374753785,%
ssp126,2092,emulator,m8,3.613043104509418,%
ssp126,2093,emulator,m8,2.5875553391416286,%
ssp126,2094,emulator,m8,2.585992305040681,%
ssp126,2095,emulator,m8,2.4126790490392436,%
ssp126,2096,emulator,m8,2.64272800602588,%
ssp126,2097,emulator,m8,3.52783412091427,%
ssp126,2098,emulator,m8,3.7427268322029206,%
ssp126,2099,emulator,m8,3.331258787501793,%
ssp126,2100,emulator,m8,2.6035946700333272,%
ssp126,2015,emulator,m9,1.1307988260469064,%
ssp126,2016,emulator,m9,0.6087825865440161,%
ssp126,2017,emulator,m9,0.9578616250490992,%
ssp126,2018,emulator,m9,1.2366917628533503,%
ssp126,2019,emulator,m9,1.377628445940369,%
ssp126,2020,emulator,m9,2.2334817980867543,%
ssp126,2021,emulator,m9,0.8860758211920947,%
ssp126,2022,emulator,m9,2.0498221341664773,%
ssp126,2023,emulator,m9,0.8614156293296082,%
ssp126,2024,emulator,m9,0.3426180816608534,%
ssp126,2025,emulator,m9,1.5248227654439126,%
ssp126,2026,emulator,m9,1.7202881651804394,%
ssp126,2027,emulator,m9,0.7285617149193755,%
ssp126,2028,emulator,m9,1.5745408870510127,%
ssp126,2029,emulator,m9,2.171577769830911,%
ssp126,2030,emulator,m9,1.7557397453880705,%
ssp126,2031,emulator,m9,2.52259517660563,%
ssp126,2032,emulator,m9,2.538595100626958,%
ssp126,2033,emulator,m9,3.0600211509478745,%
ssp126,2034,emulator,m9,1.4876889834425744,%
ssp126,2035,emulator,m9,1.3747291695668065,%
ssp126,2036,emulator,m9,3.194172123056242,%
ssp126,2037,emulator,m9,2.483063939542815,%
ssp126,2038,emulator,m9,1.8522512753552376,%
ssp126,2039,emulator,m9,2.361975441629949,%
ssp126,2040,emulator,m9,2.438799161486748,%
ssp126,2041,emulator,m9,2.53868230101123,%
ssp126,2042,emulator,m9,2.511175593990088,%
ssp126,2043,emulator,m9,2.096658789886036,%
ssp126,2044,emulator,m9,2.6360996338601104,%
ssp126,2045,emulator,m9,2.9423243757736333,%
ssp126,2046,emulator,m9,3.340848745878711,%
ssp126,2047,emulator,m9,2.27872144982864,%
ssp126,2048,emulator,m9,3.477227060819955,%
ssp126,2049,emulator,m9,2.9492909945781123,%
ssp126,2050,emulator,m9,3.949198479267478,%
ssp126,2051,emulator,m9,2.0396461434405,%
ssp126,2052,emulator,m9,3.515088753378687,%
ssp126,2053,emulator,m9,2.4134443789972364,%
ssp126,2054,emulator,m9,4.426039283815003,%
ssp126,2055,emulator,m9,2.1892902195184263,%
ssp126,2056,emulator,m9,3.2660075839409752,%
ssp126,2057,emulator,m9,2.1216304591750363,%
ssp126,2058,emulator,m9,2.42462642454903,%
ssp126,2059,emulator,m9,3.0066259978813408,%
ssp126,2060,emulator,m9,2.9362560991999023,%
ssp126,2061,emulator,m9,3.5843988591784255,%
ssp126,2062,emulator,m9,2.2162052026036556,%
ssp126,2063,emulator,m9,2.040636000859752,%
ssp126,2064,emulator,m9,2.6391029781021196,%
ssp126,2065,emulator,m9,4.434419818024266,%
ssp126,2066,emulator,m9,3.7594640466663045,%
ssp126,2067,emulator,m9,2.705341169654721,%
ssp126,2068,emulator,m9,2.754321693499838,%
ssp126,2069,emulator,m9,2.87431841940741,%
ssp126,2070,emulator,m9,3.2319844057151887,%
ssp126,2071,emulator,m9,3.1395402977753633,%
ssp126,2072,emulator,m9,1.7762478085925884,%
ssp126,2073,emulator,m9,3.3173085294636264,%
ssp126,2074,emulator,m9,2.7448974004824507,%
ssp126,2075,emulator,m9,2.966773830719989,%
ssp126,2076,emulator,m9,3.156068377161012,%
ssp126,2077,emulator,m9,3.0420551907569626,%
ssp126,2078,emulator,m9,3.8734213716598185,%
ssp126,2079,emulator,m9,4.078588186157294,%
ssp126,2080,emulator,m9,2.031811604765216,%
ssp126,2081,emulator,m9,2.6738246676379838,%
ssp126,2082,emulator,m9,3.7920983352411644,%
ssp126,2083,emulator,m9,3.0242862859395663,%
ssp126,2084,emulator,m9,3.4373019405304728,%
ssp126,2085,emulator,m9,3.737340176063731,%
ssp126,2086,emulator,m9,1.9654057989329365,%
ssp126,2087,emulator,m9,3.493830754424565,%
ssp126,2088,emulator,m9,3.8549495639105245,%
ssp126,2089,emulator,m9,3.244518386200259,%
ssp126,2090,emulator,m9,3.4503796829170157,%
ssp126,2091,emulator,m9,2.069668862943082,%
ssp126,2092,emulator,m9,2.2703844984372,%
ssp126,2093,emulator,m9,3.932337206129654,%
ssp126,2094,emulator,m9,2.5522748310944467,%
ssp126,2095,emulator,m9,3.036170089621691,%
ssp126,2096,emulator,m9,2.8779178027681254,%
ssp126,2097,emulator,m9,2.7138327671274136,%
ssp126,2098,emulator,m9,2.003957711727768,%
ssp126,2099,emulator,m9,3.596615122039003,%
ssp126,2100,emulator,m9,3.452882837205283,%
ssp126,2015,emulator,m10,0.10040283408582323,%
ssp126,2016,emulator,m10,1.2075043005596657,%
ssp126,2017,emulator,m10,-0.04206755608411501,%
ssp126,2018,emulator,m10,1.0187248062979166,%
ssp126,2019,emulator,m10,0.6994222645732524,%
ssp126,2020,emulator,m10,1.5617056639416635,%
ssp126,2021,emulator,m10,0.2768125771689961,%
ssp126,2022,emulator,m10,0.9877175693688658,%
ssp126,2023,emulator,m10,-0.11587279330955283,%
ssp126,2024,emulator,m10,1.510897982808783,%
ssp126,2025,emulator,m10,1.4698948044735602,%
ssp126,2026,emulator,m10,1.9078574818531109,%
ssp126,2027,emulator,m10,1.1861386810841366,%
ssp126,2028,emulator,m10,2.2369112802985227,%
ssp126,2029,emulator,m10,1.7746379781448622,%
ssp126,2030,emulator,m10,2.389929160078148,%
ssp126,2031,emulator,m10,2.4238075728449986,%
ssp126,2032,emulator,m10,1.7426883267124282,%
ssp126,2033,emulator,m10,2.585339207523528,%
ssp126,2034,emulator,m10,2.4900555659692354,%
ssp126,2035,emulator,m10,1.8893816491365811,%
ssp126,2036,emulator,m10,2.8882191628142495,%
ssp126,2037,emulator,m10,1.824260043711713,%
ssp126,2038,emulator,m10,1.4639544333826793,%
ssp126,2039,emulator,m10,2.6871381116635544,%
ssp126,2040,emulator,m10,3.075378543933672,%
ssp126,2041,emulator,m10,2.4330206150465754,%
ssp126,2042,emulator,m10,2.6696839361895477,%
ssp126,2043,emulator,m10,1.613849154533605,%
ssp126,2044,emulator,m10,3.125959279370921,%
ssp126,2045,emulator,m10,2.8813528567361795,%
ssp126,2046,emulator,m10,3.0955886154712644,%
ssp126,2047,emulator,m10,3.6854043757010047,%
ssp126,2048,emulator,m10,2.309775417905944,%
ssp126,2049,emulator,m10,3.3754009186678173,%
ssp126,2050,emulator,m10,1.7598368838762817,%
ssp126,2051,emulator,m10,2.8793900067294143,%
ssp126,2052,emulator,m10,2.5059023144459083,%
ssp126,2053,emulator,m10,2.1530364799559107,%
ssp126,2054,emulator,m10,2.311965506025754,%
ssp126,2055,emulator,m10,3.708148641841045,%
ssp126,2056,emulator,m10,3.6749130552368436,%
ssp126,2057,emulator,m10,3.421852231440355,%
ssp126,2058,emulator,m10,3.0740643871000706,%
ssp126,2059,emulator,m10,2.209335678850015,%
ssp126,2060,emulator,m10,3.334398648825559,%
ssp126,2061,emulator,m10,2.359777803078628,%
ssp126,2062,emulator,m10,3.915415246139687,%
ssp126,2063,emulator,m10,4.416759817435542,%
ssp126,2064,emulator,m10,2.3875492815488166,%
ssp126,2065,emulator,m10,3.588550043091654,%
ssp126,2066,emulator,m10,2.268970597334896,%
ssp126,2067,emulator,m10,3.2845073034156815,%
ssp126,2068,emulator,m10,3.1473737380901072,%
ssp126,2069,emulator,m10,2.4638938743864918,%
ssp126,2070,emulator,m10,3.684619344824749,%
ssp126,2071,emulator,m10,4.00924647751402,%
ssp126,2072,emulator,m10,3.302766304097541,%
ssp126,2073,emulator,m10,3.3558219912484106,%
ssp126,2074,emulator,m10,2.452200026872851,%
ssp126,2075,emulator,m10,2.967476436940767,%
ssp126,2076,emulator,m10,2.474479589906071,%
ssp126,2077,emulator,m10,3.051349407823421,%
ssp126,2078,emulator,m10,2.845719190795068,%
ssp126,2079,emulator,m10,3.2477715466814443,%
ssp126,2080,emulator,m10,1.9491706935493955,%
ssp126,2081,emulator,m10,3.8880338843782876,%
ssp126,2082,emulator,m10,2.1647004864940445,%
ssp126,2083,emulator,m10,3.848046510771569,%
ssp126,2084,emulator,m10,3.697007578899854,%
ssp126,2085,emulator,m10,2.1610287595851125,%
ssp126,2086,emulator,m10,2.5803103410676833,%
ssp126,2087,emulator,m10,2.5238179330607022,%
ssp126,2088,emulator,m10,3.5634979687837505,%
ssp126,2089,emulator,m10,3.46959745637291,%
ssp126,2090,emulator,m10,2.8202049366700934,%
ssp126,2091,emulator,m10,3.4790450879799435,%
ssp126,2092,emulator,m10,3.2267265522269653,%
ssp126,2093,emulator,m10,3.201151753645295,%
ssp126,2094,emulator,m10,2.7816966907499894,%
ssp126,2095,emulator,m10,2.017061887542844,%
ssp126,2096,emulator,m10,2.6424781047648467,%
ssp126,2097,emulator,m10,3.5405739384123915,%
ssp126,2098,emulator,m10,2.333388022995769,%
ssp126,2099,emulator,m10,2.1243942876980837,%
ssp126,2100,emulator,m10,2.337715311018063,%
ssp126,2015,emulator,m11,0.3797877241654012,%
ssp126,2016,emulator,m11,1.4237088174419372,%
ssp126,2017,emulator,m11,1.6835740116104212,%
ssp126,2018,emulator,m11,0.3370223937332076,%
ssp126,2019,emulator,m11,1.04913092723095,%
ssp126,2020,emulator,m11,0.7670974558614838,%
ssp126,2021,emulator,m11,2.317984846575286,%
ssp126,2022,emulator,m11,0.4932135202416169,%
ssp126,2023,emulator,m11,1.4945584383609085,%
ssp126,2024,emulator,m11,1.0853038848050545,%
ssp126,2025,emulator,m11,2.05525025304312,%
ssp126,2026,emulator,m11,1.932351427167023,%
ssp126,2027,emulator,m11,1.8689209235789803,%
ssp126,2028,emulator,m11,1.0314650156042247,%
ssp126,2029,emulator,m11,3.138714837471035,%
ssp126,2030,emulator,m11,1.8263447238504995,%
ssp126,2031,emulator,m11,1.1691200410283664,%
ssp126,2032,emulator,m11,1.4711336304438838,%
ssp126,2033,emulator,m11,1.9048667985569452,%
ssp126,2034,emulator,m11,3.576284864139728,%
ssp126,2035,emulator,m11,2.6345109486394587,%
ssp126,2036,emulator,m11,3.0201826785249417,%
ssp126,2037,emulator,m11,2.9648890178432903,%
ssp126,2038,emulator,m11,2.4708302289983415,%
ssp126,2039,emulator,m11,2.4739759667097605,%
ssp126,2040,emulator,m11,1.3597111497674925,%
ssp126,2041,emulator,m11,2.3383330948931746,%
ssp126,2042,emulator,m11,3.6434894325372995,%
ssp126,2043,emulator,m11,3.6740585929580734,%
ssp126,2044,emulator,m11,2.082936562043899,%
ssp126,2045,emulator,m11,3.0909013663213396,%
ssp126,2046,emulator,m11,1.852731073247594,%
ssp126,2047,emulator,m11,1.7917140197165848,%
ssp126,2048,emulator,m11,2.6949568864526117,%
ssp126,2049,emulator,m11,3.6965456315254626,%
ssp126,2050,emulator,m11,1.9635406542801508,%
ssp126,2051,emulator,m11,3.0733306858558618,%
ssp126,2052,emulator,m11,3.501899098430697,%
ssp126,2053,emulator,m11,4.0579828064282015,%
ssp126,2054,emulator,m11,2.2575329076689274,%
ssp126,2055,emulator,m11,2.9185424721320703,%
ssp126,2056,emulator,m11,2.3594948244925935,%
ssp126,2057,emulator,m11,2.5955794076266994,%
ssp126,2058,emulator,m11,3.010349721182716,%
ssp126,2059,emulator,m11,2.590959547769139,%
ssp126,2060,emulator,m11,2.188046547683431,%
ssp126,2061,emulator,m11,3.0726376534744437,%
ssp126,2062,emulator,m11,3.2005122044232452,%
ssp126,2063,emulator,m11,3.4997674724139407,%
ssp126,2064,emulator,m11,4.205372388824179,%
ssp126,2065,emulator,m11,2.5294342896363773,%
ssp126,2066,emulator,m11,3.7603420459741015,%
ssp126,2067,emulator,m11,3.537710064407761,%
ssp126,2068,emulator,m11,3.509723108872612,%
ssp126,2069,emulator,m11,3.1640978573382013,%
ssp126,2070,emulator,m11,2.870054395790624,%
ssp126,2071,emulator,m11,3.0428910145748618,%
ssp126,2072,emulator,m11,2.012598323286172,%
ssp126,2073,emulator,m11,3.739169560270325,%
ssp126,2074,emulator,m11,3.698558420860924,%
ssp126,2075,emulator,m11,3.5011195389350482,%
ssp126,2076,emulator,m11,2.0351951217555864,%
ssp126,2077,emulator,m11,3.5163579953228643,%
ssp126,2078,emulator,m11,3.0021429836089513,%
ssp126,2079,emulator,m11,3.165898050281255,%
ssp126,2080,emulator,m11,2.1706719119252345,%
ssp126,2081,emulator,m11,3.1500472493414526,%
ssp126,2082,emulator,m11,2.682025297586959,%
ssp126,2083,emulator,m11,3.3949423011129767,%
ssp126,2084,emulator,m11,2.2029977074622598,%
ssp126,2085,emulator,m11,1.8892185887420978,%
ssp126,2086,emulator,m11,2.562892429555661,%
ssp126,2087,emulator,m11,3.5892480811801217,%
ssp126,2088,emulator,m11,3.0830540349654094,%
ssp126,2089,emulator,m11,3.0504297663844704,%
ssp126,2090,emulator,m11,2.245753285763893,%
ssp126,2091,emulator,m11,2.328762471422082,%
ssp126,2092,emulator,m11,2.4866951102231387,%
ssp126,2093,emulator,m11,3.20742315154932,%
ssp126,2094,emulator,m11,3.5503402073901196,%
ssp126,2095,emulator,m11,3.71409452592515,%
ssp126,2096,emulator,m11,3.831381634525496,%
ssp126,2097,emulator,m11,3.872019731195991,%
ssp126,2098,emulator,m11,3.007892743948738,%
ssp126,2099,emulator,m11,2.3748497423947668,%
ssp126,2100,emulator,m11,3.9026365385983754,%
ssp126,2015,emulator,m12,-0.1241114039807439,%
ssp126,2016,emulator,m12,0.10291496295316463,%
ssp126,2017,emulator,m12,0.9558134408831835,%
ssp126,2018,emulator,m12,0.594745610936064,%
ssp126,2019,emulator,m12,0.7543631664532674,%
ssp126,2020,emulator,m12,1.1178441172371938,%
ssp126,2021,emulator,m12,0.7371134187942928,%
ssp126,2022,emulator,m12,1.0826726196014451,%
ssp126,2023,emulator,m12,1.6827569953998016,%
ssp126,2024,emulator,m12,1.2284820168900252,%
ssp126,2025,emulator,m12,0.8782280334201841,%
ssp126,2026,emulator,m12,0.9881072997129778,%
ssp126,2027,emulator,m12,1.9648984181215863,%
ssp126,2028,emulator,m12,1.4475747720330256,%
ssp126,2029,emulator,m12,1.5679577444664958,%
ssp126,2030,emulator,m12,2.297577936951893,%
ssp126,2031,emulator,m12,1.5378433480331846,%
ssp126,2032,emulator,m12,1.5502689665372926,%
ssp126,2033,emulator,m12,2.2402014811666566,%
ssp126,2034,emulator,m12,0.8141474673047252,%
ssp126,2035,emulator,m12,2.3228072593305282,%
ssp126,2036,emulator,m12,2.1694739473502094,%
ssp126,2037,emulator,m12,2.679217412481276,%
ssp126,2038,emulator,m12,1.882920396100927,%
ssp126,2039,emulator,m12,2.9781735291322633,%
ssp126,2040,emulator,m12,1.5221494666997655,%
ssp126,2041,emulator,m12,2.185278186954714,%
ssp126,2042,emulator,m12,2.399034168095091,%
ssp126,2043,emulator,m12,2.748063078195108,%
ssp126,2044,emulator,m12,3.7546065772708057,%
ssp126,2045,emulator,m12,1.7873511467387724,%
ssp126,2046,emulator,m12,2.9927097225064787,%
ssp126,2047,emulator,m12,3.957123837789341,%
ssp126,2048,emulator,m12,2.6705567550356157,%
ssp126,2049,emulator,m12,3.1855978937966,%
ssp126,2050,emulator,m12,2.9565255290934034,%
ssp126,2051,emulator,m12,2.9865912375374766,%
ssp126,2052,emulator,m12,2.499558352005637,%
ssp126,2053,emulator,m12,4.062490621518162,%
ssp126,2054,emulator,m12,3.7101063329385564,%
ssp126,2055,emulator,m12,2.9970560363804615,%
ssp126,2056,emulator,m12,3.1856073778872402,%
ssp126,2057,emulator,m12,2.8376292464920745,%
ssp126,2058,emulator,m12,2.6181078320944997,%
ssp126,2059,emulator,m12,3.4128287316669335,%
ssp126,2060,emulator,m12,2.5862230471053853,%
ssp126,2061,emulator,m12,2.578153295765686,%
ssp126,2062,emulator,m12,2.7530395168090127,%
ssp126,2063,emulator,m12,3.2848153597632246,%
ssp126,2064,emulator,m12,3.508926973701666,%
ssp126,2065,emulator,m12,4.222460211272203,%
ssp126,2066,emulator,m12,1.6131959900364605,%
ssp126,2067,emulator,m12,2.2368983347854168,%
ssp126,2068,emulator,m12,3.286264109325739,%
ssp126,2069,emulator,m12,3.7560985465576606,%
ssp126,2070,emulator,m12,2.703067458996078,%
ssp126,2071,emulator,m12,3.3960536975185307,%
ssp126,2072,emulator,m12,2.5001087900581465,%
ssp126,2073,emulator,m12,3.8478659525681564,%
ssp126,2074,emulator,m12,2.9884209857988604,%
ssp126,2075,emulator,m12,2.582465042438659,%
ssp126,2076,emulator,m12,3.0465853765265063,%
ssp126,2077,emulator,m12,4.39952819220629,%
ssp126,2078,emulator,m12,3.50173076681643,%
ssp126,2079,emulator,m12,2.8262471239489684,%
ssp126,2080,emulator,m12,2.092535922782882,%
ssp126,2081,emulator,m12,3.8282528833162695,%
ssp126,2082,emulator,m12,3.191327248106778,%
ssp126,2083,emulator,m12,2.878342379135705,%
ssp126,2084,emulator,m12,2.926390865064726,%
ssp126,2085,emulator,m12,2.28503997711938,%
ssp126,2086,emulator,m12,2.539852353160306,%
ssp126,2087,emulator,m12,3.4425741940097456,%
ssp126,2088,emulator,m12,2.958784134449902,%
ssp126,2089,emulator,m12,2.784149104293879,%
ssp126,2090,emulator,m12,3.157428561760739,%
ssp126,2091,emulator,m12,2.1031427281803774,%
ssp126,2092,emulator,m12,3.806425641415166,%
ssp126,2093,emulator,m12,1.6493364113640048,%
ssp126,2094,emulator,m12,2.6295220750890604,%
ssp126,2095,emulator,m12,2.2848074191360324,%
ssp126,2096,emulator,m12,2.6267386437964038,%
ssp126,2097,emulator,m12,2.4667858372191627,%
ssp126,2098,emulator,m12,3.6686894482030423,%
ssp126,2099,emulator,m12,2.017732491017044,%
ssp126,2100,emulator,m12,2.802041765734855,%
ssp126,2015,emulator,m13,0.9947351747490891,%
ssp126,2016,emulator,m13,-0.15108826084659605,%
ssp126,2017,emulator,m13,0.74819305171998,%
ssp126,2018,emulator,m13,0.46703834558398627,%
ssp126,2019,emulator,m13,0.24408409048547766,%
ssp126,2020,emulator,m13,1.5473004459019317,%
ssp126,2021,emulator,m13,0.361591638483809,%
ssp126,2022,emulator,m13,2.326297758451693,%
ssp126,2023,emulator,m13,0.9334736818218631,%
ssp126,2024,emulator,m13,0.930234336166911,%
ssp126,2025,emulator,m13,1.8310908082498125,%
ssp126,2026,emulator,m13,1.643698464818175,%
ssp126,2027,emulator,m13,1.7073137277198054,%
ssp126,2028,emulator,m13,1.6144653963256392,%
ssp126,2029,emulator,m13,0.7983891092553479,%
ssp126,2030,emulator,m13,2.656292243795714,%
ssp126,2031,emulator,m13,2.174319741472251,%
ssp126,2032,emulator,m13,2.0370414748316104,%
ssp126,2033,emulator,m13,1.7580369384536658,%
ssp126,2034,emulator,m13,1.8571138741229485,%
ssp126,2035,emulator,m13,2.568110305737087,%
ssp126,2036,emulator,m13,1.3096604860987529,%
ssp126,2037,emulator,m13,1.8304641408624343,%
ssp126,2038,emulator,m13,1.8439639803401666,%
ssp126,2039,emulator,m13,2.760546070404985,%
ssp126,2040,emulator,m13,1.4014523909205685,%
ssp126,2041,emulator,m13,1.5623946923800631,%
ssp126,2042,emulator,m13,2.8562450648751163,%
ssp126,2043,emulator,m13,2.4450486333358263,%
ssp126,2044,emulator,m13,2.3625513798297364,%
ssp126,2045,emulator,m13,3.1128650432856593,%
ssp126,2046,emulator,m13,3.6799535386387805,%
ssp126,2047,emulator,m13,2.0106530109899174,%
ssp126,2048,emulator,m13,2.699155225050346,%
ssp126,2049,emulator,m13,2.9512700752017063,%
ssp126,2050,emulator,m13,2.596251412186878,%
ssp126,2051,emulator,m13,2.774269178941808,%
ssp126,2052,emulator,m13,2.5380628326122276,%
ssp126,2053,emulator,m13,1.7550399949583737,%
ssp126,2054,emulator,m13,3.9464844406077986,%
ssp126,2055,emulator,m13,1.4928492591569742,%
ssp126,2056,emulator,m13,3.320341722171502,%
ssp126,2057,emulator,m13,1.7304764770377778,%
ssp126,2058,emulator,m13,4.141150955632328,%
ssp126,2059,emulator,m13,2.694344866525305,%
ssp126,2060,emulator,m13,2.941734432957697,%
ssp126,2061,emulator,m13,1.7946437893550284,%
ssp126,2062,emulator,m13,2.5845404537973447,%
ssp126,2063,emulator,m13,2.927870550897709,%
ssp126,2064,emulator,m13,4.004036386235258,%
ssp126,2065,emulator,m13,2.770882574467253,%
ssp126,2066,emulator,m13,2.1655477870055844,%
ssp126,2067,emulator,m13,2.953250568062547,%
ssp126,2068,emulator,m13,3.316020555166496,%
ssp126,2069,emulator,m13,2.85649317463743,%
ssp126,2070,emulator,m13,3.7887898658619927,%
ssp126,2071,emulator,m13,3.30038286296532,%
ssp126,2072,emulator,m13,2.72625597383833,%
ssp126,2073,emulator,m13,3.52040738290291,%
ssp126,2074,emulator,m13,3.0289310219847736,%
ssp126,2075,emulator,m13,2.9006033354802145,%
ssp126,2076,emulator,m13,3.458545940108818,%
ssp126,2077,emulator,m13,3.329413100407862,%
ssp126,2078,emulator,m13,2.318023539978306,%
ssp126,2079,emulator,m13,2.2784018981202645,%
ssp126,2080,emulator,m13,3.3140245060280593,%
ssp126,2081,emulator,m13,3.007675600161797,%
ssp126,2082,emulator,m13,3.3621686682312424,%
ssp126,2083,emulator,m13,2.1250484124765663,%
ssp126,2084,emulator,m13,2.7840196402241015,%
ssp126,2085,emulator,m13,3.805981010528624,%
ssp126,2086,emulator,m13,3.7298951486407623,%
ssp126,2087,emulator,m13,2.5285171751791697,%
ssp126,2088,emulator,m13,3.8600214258520853,%
ssp126,2089,emulator,m13,3.877029725920789,%
ssp126,2090,emulator,m13,2.1528621538876744,%
ssp126,2091,emulator,m13,4.0516347347137,%
ssp126,2092,emulator,m13,3.5755779512162915,%
ssp126,2093,emulator,m13,3.4090086437102123,%
ssp126,2094,emulator,m13,1.2084493501742182,%
ssp126,2095,emulator,m13,2.922464990310494,%
ssp126,2096,emulator,m13,2.9923485882279186,%
ssp126,2097,emulator,m13,2.144765220207828,%
ssp126,2098,emulator,m13,2.8652141282321955,%
ssp126,2099,emulator,m13,2.7557076519091623,%
ssp126,2100,emulator,m13,2.9317588440521813,%
ssp126,2015,emulator,m14,1.0891104858542762,%
ssp126,2016,emulator,m14,1.6300285989911616,%
ssp126,2017,emulator,m14,2.055024151732795,%
ssp126,2018,emulator,m14,1.4711163421689228,%
ssp126,2019,emulator,m14,1.149819467822361,%
ssp126,2020,emulator,m14,1.6183282641010148,%
ssp126,2021,emulator,m14,1.8444858342533066,%
ssp126,2022,emulator,m14,2.1324025047956536,%
ssp126,2023,emulator,m14,0.9249005566589137,%
ssp126,2024,emulator,m14,1.6889113299322929,%
ssp126,2025,emulator,m14,1.1110321231779106,%
ssp126,2026,emulator,m14,1.4432276885308453,%
ssp126,2027,emulator,m14,1.8661473048121862,%
ssp126,2028,emulator,m14,2.094644228812426,%
ssp126,2029,emulator,m14,1.8992777111218362,%
ssp126,2030,emulator,m14,2.7088113622315935,%
ssp126,2031,emulator,m14,2.002246827084215,%
ssp126,2032,emulator,m14,1.4448230827111657,%
ssp126,2033,emulator,m14,2.2491906099246637,%
ssp126,2034,emulator,m14,3.4196408998154233,%
ssp126,2035,emulator,m14,2.1027781399305177,%
ssp126,2036,emulator,m14,2.626491484869115,%
ssp126,2037,emulator,m14,0.9091126761634473,%
ssp126,2038,emulator,m14,0.7613174619731325,%
ssp126,2039,emulator,m14,2.521290376132561,%
ssp126,2040,emulator,m14,1.25837156585081,%
ssp126,2041,emulator,m14,2.8054132862267425,%
ssp126,2042,emulator,m14,1.6338784973820355,%
ssp126,2043,emulator,m14,2.028173897713218,%
ssp126,2044,emulator,m14,1.6001129848793654,%
ssp126,2045,emulator,m14,3.0524499671648613,%
ssp126,2046,emulator,m14,2.541784520020803,%
ssp126,2047,emulator,m14,2.4722127381094987,%
ssp126,2048,emulator,m14,2.2816719373549565,%
ssp126,2049,emulator,m14,2.2805896369185925,%
ssp126,2050,emulator,m14,3.716496935154289,%
ssp126,2051,emulator,m14,2.8960314241343696,%
ssp126,2052,emulator,m14,2.884107383726674,%
ssp126,2053,emulator,m14,1.3846129544102184,%
ssp126,2054,emulator,m14,3.2565833064502328,%
ssp126,2055,emulator,m14,2.547522617523149,%
ssp126,2056,emulator,m14,2.80354301868283,%
ssp126,2057,emulator,m14,2.993727177681951,%
ssp126,2058,emulator,m14,3.201038311758957,%
ssp126,2059,emulator,m14,2.6621932380278985,%
ssp126,2060,emulator,m14,2.7626703857726973,%
ssp126,2061,emulator,m14,1.6545988122384272,%
ssp126,2062,emulator,m14,2.28939101450211,%
ssp126,2063,emulator,m14,2.873228975298217,%
ssp126,2064,emulator,m14,3.0388943126596226,%
ssp126,2065,emulator,m14,2.548765621833603,%
ssp126,2066,emulator,m14,2.2278315024675495,%
ssp126,2067,emulator,m14,2.07954539366196,%
ssp126,2068,emulator,m14,3.5925636843675535,%
ssp126,2069,emulator,m14,3.0823837559156257,%
ssp126,2070,emulator,m14,3.4061477449038025,%
ssp126,2071,emulator,m14,4.214145834469451,%
ssp126,2072,emulator,m14,2.9816583949211792,%
ssp126,2073,emulator,m14,3.705918589720607,%
ssp126,2074,emulator,m14,3.9365712345859873,%
ssp126,2075,emulator,m14,1.9631521692734615,%
ssp126,2076,emulator,m14,4.1480154420674795,%
ssp126,2077,emulator,m14,3.1368429680457823,%
ssp126,2078,emulator,m14,2.66133324920335,%
ssp126,2079,emulator,m14,3.394051081591075,%
ssp126,2080,emulator,m14,1.863674680173555,%
ssp126,2081,emulator,m14,3.2061195347294937,%
ssp126,2082,emulator,m14,3.046287282260688,%
ssp126,2083,emulator,m14,2.7478731354147348,%
ssp126,2084,emulator,m14,3.147798002019976,%
ssp126,2085,emulator,m14,2.6375594281063823,%
ssp126,2086,emulator,m14,2.615385693627797,%
ssp126,2087,emulator,m14,2.659206937433198,%
ssp126,2088,emulator,m14,3.4931107077725936,%
ssp126,2089,emulator,m14,3.7471840925968842,%
ssp126,2090,emulator,m14,2.7153530275282947,%
ssp126,2091,emulator,m14,2.7734104176213688,%
ssp126,2092,emulator,m14,3.0938019004842543,%
ssp126,2093,emulator,m14,2.6608204355788523,%
ssp126,2094,emulator,m14,2.920894164523503,%
ssp126,2095,emulator,m14,2.833736255924856,%
ssp126,2096,emulator,m14,2.570515163840005,%
ssp126,2097,emulator,m14,2.8787885033043836,%
ssp126,2098,emulator,m14,2.122609050987547,%
ssp126,2099,emulator,m14,2.7818751632220704,%
ssp126,2100,emulator,m14,2.972699707474434,%
ssp126,2015,emulator,m15,-0.45033648659228487,%
ssp126,2016,emulator,m15,0.1932008564437912,%
ssp126,2017,emulator,m15,0.4389600767024084,%
ssp126,2018,emulator,m15,0.1738611647973013,%
ssp126,2019,emulator,m15,0.33387510066163084,%
ssp126,2020,emulator,m15,1.5555336899352368,%
ssp126,2021,emulator,m15,0.25788561197178483,%
ssp126,2022,emulator,m15,0.7056210656008906,%
ssp126,2023,emulator,m15,0.9221166621142108,%
ssp126,2024,emulator,m15,0.04955989737002283,%
ssp126,2025,emulator,m15,1.4289718950022103,%
ssp126,2026,emulator,m15,0.575427881472922,%
ssp126,2027,emulator,m15,1.670912839323246,%
ssp126,2028,emulator,m15,2.141579837821397,%
ssp126,2029,emulator,m15,1.457932830572644,%
ssp126,2030,emulator,m15,0.468237266668925,%
ssp126,2031,emulator,m15,0.8935470687239693,%
ssp126,2032,emulator,m15,1.3772474988777894,%
ssp126,2033,emulator,m15,2.2364751105409737,%
ssp126,2034,emulator,m15,2.182124265749353,%
ssp126,2035,emulator,m15,2.45335079115934,%
ssp126,2036,emulator,m15,2.8911130566478342,%
ssp126,2037,emulator,m15,2.4490855960198723,%
ssp126,2038,emulator,m15,1.9412614884267745,%
ssp126,2039,emulator,m15,1.7054338577472297,%
ssp126,2040,emulator,m15,3.49142289149393,%
ssp126,2041,emulator,m15,1.4818923696044943,%
ssp126,2042,emulator,m15,1.3982120407353653,%
ssp126,2043,emulator,m15,2.5302818612598448,%
ssp126,2044,emulator,m15,1.7823452711262882,%
ssp126,2045,emulator,m15,2.021794305944052,%
ssp126,2046,emulator,m15,3.154419104260197,%
ssp126,2047,emulator,m15,3.245718039986935,%
ssp126,2048,emulator,m15,4.756345320141127,%
ssp126,2049,emulator,m15,3.7635524072368196,%
ssp126,2050,emulator,m15,2.585610444052005,%
ssp126,2051,emulator,m15,3.0608542874826457,%
ssp126,2052,emulator,m15,2.479901061028962,%
ssp126,2053,emulator,m15,2.417832147279699,%
ssp126,2054,emulator,m15,3.164907685814515,%
ssp126,2055,emulator,m15,2.4532226767678935,%
ssp126,2056,emulator,m15,2.7236651781769057,%
ssp126,2057,emulator,m15,1.773332087351456,%
ssp126,2058,emulator,m15,3.099226957903131,%
ssp126,2059,emulator,m15,2.7415080906683347,%
ssp126,2060,emulator,m15,3.1182999872026396,%
ssp126,2061,emulator,m15,1.975103365237579,%
ssp126,2062,emulator,m15,2.3838614995774727,%
ssp126,2063,emulator,m15,2.8796877380809267,%
ssp126,2064,emulator,m15,3.7925903269253034,%
ssp126,2065,emulator,m15,3.906186185522616,%
ssp126,2066,emulator,m15,2.706571148184908,%
ssp126,2067,emulator,m15,4.302132222084292,%
ssp126,2068,emulator,m15,2.10240659249679,%
ssp126,2069,emulator,m15,3.7314032471042045,%
ssp126,2070,emulator,m15,3.325201831564999,%
ssp126,2071,emulator,m15,2.0763680451145126,%
ssp126,2072,emulator,m15,2.382438789269143,%
ssp126,2073,emulator,m15,3.8398626578829096,%
ssp126,2074,emulator,m15,2.2453308185771244,%
ssp126,2075,emulator,m15,2.751580187531284,%
ssp126,2076,emulator,m15,3.304551814347174,%
ssp126,2077,emulator,m15,3.545286020173875,%
ssp126,2078,emulator,m15,3.373317187630239,%
ssp126,2079,emulator,m15,3.590208867655783,%
ssp126,2080,emulator,m15,3.0568564113799903,%
ssp126,2081,emulator,m15,2.870795395887693,%
ssp126,2082,emulator,m15,3.2053505661054253,%
ssp126,2083,emulator,m15,3.7451019054406247,%
ssp126,2084,emulator,m15,3.3560971444068253,%
ssp126,2085,emulator,m15,2.808497150992008,%
ssp126,2086,emulator,m15,2.6695465256439217,%
ssp126,2087,emulator,m15,3.545876250362971,%
ssp126,2088,emulator,m15,2.9892443407416938,%
ssp126,2089,emulator,m15,3.2000560151076205,%
ssp126,2090,emulator,m15,2.7183277814785995,%
ssp126,2091,emulator,m15,3.1517007015503915,%
ssp126,2092,emulator,m15,3.1626451369305397,%
ssp126,2093,emulator,m15,2.5370523907041083,%
ssp126,2094,emulator,m15,2.4188247084807255,%
ssp126,2095,emulator,m15,2.3263299149391243,%
ssp126,2096,emulator,m15,2.1781332674929423,%
ssp126,2097,emulator,m15,2.114814835486917,%
ssp126,2098,emulator,m15,3.332212646433614,%
ssp126,2099,emulator,m15,2.7128797452049134,%
ssp126,2100,emulator,m15,3.4311730032268746,%
ssp126,2015,emulator,m16,0.49668198643597417,%
ssp126,2016,emulator,m16,0.7155397699490262,%
ssp126,2017,emulator,m16,1.0096100744406908,%
ssp126,2018,emulator,m16,0.09126952671063646,%
ssp126,2019,emulator,m16,2.8658622761593384,%
ssp126,2020,emulator,m16,0.9170413528605688,%
ssp126,2021,emulator,m16,1.0539976992347877,%
ssp126,2022,emulator,m16,1.9146580304130103,%
ssp126,2023,emulator,m16,-0.011913660078707224,%
ssp126,2024,emulator,m16,1.7621804337088456,%
ssp126,2025,emulator,m16,0.7250811405475031,%
ssp126,2026,emulator,m16,1.3037699442726383,%
ssp126,2027,emulator,m16,1.2723599855886523,%
ssp126,2028,emulator,m16,2.9101927389637634,%
ssp126,2029,emulator,m16,1.700700082840338,%
ssp126,2030,emulator,m16,0.6329607165341513,%
ssp126,2031,emulator,m16,2.3462262701498253,%
ssp126,2032,emulator,m16,2.9086277451383182,%
ssp126,2033,emulator,m16,2.323263747230014,%
ssp126,2034,emulator,m16,1.125151574438039,%
ssp126,2035,emulator,m16,1.5362922863433894,%
ssp126,2036,emulator,m16,2.1127889057307865,%
ssp126,2037,emulator,m16,2.5749508798163077,%
ssp126,2038,emulator,m16,2.910417533136009,%
ssp126,2039,emulator,m16,2.539399249581041,%
ssp126,2040,emulator,m16,2.8509847625411284,%
ssp126,2041,emulator,m16,2.6192636354930743,%
ssp126,2042,emulator,m16,3.6802389405765634,%
ssp126,2043,emulator,m16,3.0893463640623073,%
ssp126,2044,emulator,m16,3.046852178320605,%
ssp126,2045,emulator,m16,2.826596283743371,%
ssp126,2046,emulator,m16,2.741769240668641,%
ssp126,2047,emulator,m16,2.87105892239399,%
ssp126,2048,emulator,m16,2.768707892380621,%
ssp126,2049,emulator,m16,0.7987591205276653,%
ssp126,2050,emulator,m16,2.7889247357231635,%
ssp126,2051,emulator,m16,2.836962331702884,%
ssp126,2052,emulator,m16,2.253999586089761,%
ssp126,2053,emulator,m16,2.9816978496691213,%
ssp126,2054,emulator,m16,2.325258421756234,%
ssp126,2055,emulator,m16,3.24885348486654,%
ssp126,2056,emulator,m16,3.4232170886193996,%
ssp126,2057,emulator,m16,2.2551125787876267,%
ssp126,2058,emulator,m16,3.7870387794400804,%
ssp126,2059,emulator,m16,2.8889690362043083,%
ssp126,2060,emulator,m16,2.088175150594267,%
ssp126,2061,emulator,m16,2.8983363010604637,%
ssp126,2062,emulator,m16,3.9588662488580515,%
ssp126,2063,emulator,m16,3.3375746950143705,%
ssp126,2064,emulator,m16,2.857571642313038,%
ssp126,2065,emulator,m16,2.8744796378706887,%
ssp126,2066,emulator,m16,2.8258271860343194,%
ssp126,2067,emulator,m16,2.985257392961162,%
ssp126,2068,emulator,m16,3.2058699919724463,%
ssp126,2069,emulator,m16,2.8448095256002333,%
ssp126,2070,emulator,m16,3.1891226404794133,%
ssp126,2071,emulator,m16,1.8721818092784857,%
ssp126,2072,emulator,m16,3.227874821367343,%
ssp126,2073,emulator,m16,2.464860863980452,%
ssp126,2074,emulator,m16,2.870654110442403,%
ssp126,2075,emulator,m16,3.2695765888030515,%
ssp126,2076,emulator,m16,3.463289004872291,%
ssp126,2077,emulator,m16,3.8296428012666768,%
ssp126,2078,emulator,m16,2.7110876923245217,%
ssp126,2079,emulator,m16,1.9673913499353421,%
ssp126,2080,emulator,m16,3.1350719185479643,%
ssp126,2081,emulator,m16,2.7764288464449147,%
ssp126,2082,emulator,m16,3.1198853929711015,%
ssp126,2083,emulator,m16,3.204711642391702,%
ssp126,2084,emulator,m16,3.4115304016191152,%
ssp126,2085,emulator,m16,1.7298590931562279,%
ssp126,2086,emulator,m16,2.962543618902982,%
ssp126,2087,emulator,m16,2.3927269766470936,%
ssp126,2088,emulator,m16,3.9921052212856525,%
ssp126,2089,emulator,m16,2.610372935657777,%
ssp126,2090,emulator,m16,1.9869058573064902,%
ssp126,2091,emulator,m16,2.0023099552958774,%
ssp126,2092,emulator,m16,3.4406959694583854,%
ssp126,2093,emulator,m16,3.9096657680949076,%
ssp126,2094,emulator,m16,2.4279210478897717,%
ssp126,2095,emulator,m16,2.74090899956197,%
ssp126,2096,emulator,m16,2.8428954705117766,%
ssp126,2097,emulator,m16,2.5741507392577354,%
ssp126,2098,emulator,m16,3.1527330091221786,%
ssp126,2099,emulator,m16,2.799740233360638,%
ssp126,2100,emulator,m16,2.8350178095171574,%
ssp126,2015,emulator,m17,0.44062006641913387,%
ssp126,2016,emulator,m17,0.4536574080158581,%
ssp126,2017,emulator,m17,1.2570721624862788,%
ssp126,2018,emulator,m17,0.638185012678831,%
ssp126,2019,emulator,m17,1.450571251024167,%
ssp126,2020,emulator,m17,0.07146978837975611,%
ssp126,2021,emulator,m17,1.0838452451252476,%
ssp126,2022,emulator,m17,1.131740210113092,%
ssp126,2023,emulator,m17,1.8771677028675873,%
ssp126,2024,emulator,m17,1.659630849810918,%
ssp126,2025,emulator,m17,2.546339695143399,%
ssp126,2026,emulator,m17,1.5551631417167986,%
ssp126,2027,emulator,m17,1.9160317644704252,%
ssp126,2028,emulator,m17,1.7562881118969913,%
ssp126,2029,emulator,m17,2.1747051943758926,%
ssp126,2030,emulator,m17,1.8201317982977274,%
ssp126,2031,emulator,m17,1.6053824146706763,%
ssp126,2032,emulator,m17,1.5680067979095238,%
ssp126,2033,emulator,m17,2.5885984307949714,%
ssp126,2034,emulator,m17,1.3970206944760704,%
ssp126,2035,emulator,m17,1.266473291414962,%
ssp126,2036,emulator,m17,1.5710150496792523,%
ssp126,2037,emulator,m17,2.9873339862495145,%
ssp126,2038,emulator,m17,2.4373997894099833,%
ssp126,2039,emulator,m17,2.1645325540812554,%
ssp126,2040,emulator,m17,1.8226282312064805,%
ssp126,2041,emulator,m17,2.229551431264759,%
ssp126,2042,emulator,m17,1.6093248111909204,%
ssp126,2043,emulator,m17,1.9162818973964557,%
ssp126,2044,emulator,m17,2.5224714633253376,%
ssp126,2045,emulator,m17,2.386943684265547,%
ssp126,2046,emulator,m17,3.577763959799054,%
ssp126,2047,emulator,m17,2.723648329312229,%
ssp126,2048,emulator,m17,3.234365871128895,%
ssp126,2049,emulator,m17,2.7977414800229568,%
ssp126,2050,emulator,m17,1.8072888263848614,%
ssp126,2051,emulator,m17,3.2678995637865214,%
ssp126,2052,emulator,m17,2.399056431522829,%
ssp126,2053,emulator,m17,3.2952218145177685,%
ssp126,2054,emulator,m17,4.030010433694383,%
ssp126,2055,emulator,m17,3.9898212005686626,%
ssp126,2056,emulator,m17,3.2840684219243284,%
ssp126,2057,emulator,m17,2.8491892869511894,%
ssp126,2058,emulator,m17,3.0854541999255694,%
ssp126,2059,emulator,m17,1.657860475366574,%
ssp126,2060,emulator,m17,2.8214166154730975,%
ssp126,2061,emulator,m17,2.0139564034423585,%
ssp126,2062,emulator,m17,2.785897089027996,%
ssp126,2063,emulator,m17,3.0746605969487026,%
ssp126,2064,emulator,m17,2.9375797076257317,%
ssp126,2065,emulator,m17,2.4885381509730986,%
ssp126,2066,emulator,m17,2.488085146855265,%
ssp126,2067,emulator,m17,2.8434102891692254,%
ssp126,2068,emulator,m17,3.4465709363223618,%
ssp126,2069,emulator,m17,4.150120007978908,%
ssp126,2070,emulator,m17,4.336645671380422,%
ssp126,2071,emulator,m17,2.474652619310195,%
ssp126,2072,emulator,m17,2.7436401907147436,%
ssp126,2073,emulator,m17,2.985084814462392,%
ssp126,2074,emulator,m17,3.3781088066344704,%
ssp126,2075,emulator,m17,2.1342592626259744,%
ssp126,2076,emulator,m17,3.136179358250462,%
ssp126,2077,emulator,m17,2.7703261890871196,%
ssp126,2078,emulator,m17,3.9420633571481356,%
ssp126,2079,emulator,m17,3.0698720917910993,%
ssp126,2080,emulator,m17,2.3695221805538877,%
ssp126,2081,emulator,m17,2.795301840189123,%
ssp126,2082,emulator,m17,4.160593335726318,%
ssp126,2083,emulator,m17,2.8385076993802,%
ssp126,2084,emulator,m17,2.84432524334954,%
ssp126,2085,emulator,m17,3.9651973598698174,%
ssp126,2086,emulator,m17,4.468919179239708,%
ssp126,2087,emulator,m17,3.5186779674501025,%
ssp126,2088,emulator,m17,3.2930027107232642,%
ssp126,2089,emulator,m17,2.9357461259540782,%
ssp126,2090,emulator,m17,1.999105631020286,%
ssp126,2091,emulator,m17,3.385086850192812,%
ssp126,2092,emulator,m17,3.125490067588793,%
ssp126,2093,emulator,m17,2.7111339952316995,%
ssp126,2094,emulator,m17,3.0957849267272377,%
ssp126,2095,emulator,m17,2.520448676149115,%
ssp126,2096,emulator,m17,3.032173337851266,%
ssp126,2097,emulator,m17,3.120789397195027,%
ssp126,2098,emulator,m17,4.78153980824206,%
ssp126,2099,emulator,m17,3.017860079614358,%
ssp126,2100,emulator,m17,1.9753629023209363,%
ssp126,2015,emulator,m18,0.40558489237817974,%
ssp126,2016,emulator,m18,0.26197780163561274,%
ssp126,2017,emulator,m18,-0.4126878929554417,%
ssp126,2018,emulator,m18,0.6177822207756034,%
ssp126,2019,emulator,m18,2.593015477933825,%
ssp126,2020,emulator,m18,1.4942055738017408,%
ssp126,2021,emulator,m18,1.2417444251343455,%
ssp126,2022,emulator,m18,1.2525514504433195,%
ssp126,2023,emulator,m18,0.6262953669044966,%
ssp126,2024,emulator,m18,1.5311766847822021,%
ssp126,2025,emulator,m18,1.107034416971393,%
ssp126,2026,emulator,m18,1.131972474561097,%
ssp126,2027,emulator,m18,2.0729726342233716,%
ssp126,2028,emulator,m18,2.0324657122231984,%
ssp126,2029,emulator,m18,1.379490817851383,%
ssp126,2030,emulator,m18,1.2464495972146634,%
ssp126,2031,emulator,m18,2.4853239543234635,%
ssp126,2032,emulator,m18,1.7086907797784756,%
ssp126,2033,emulator,m18,2.8362687465624408,%
ssp126,2034,emulator,m18,1.9613292947610368,%
ssp126,2035,emulator,m18,2.600011130827634,%
ssp126,2036,emulator,m18,0.8461532594153041,%
ssp126,2037,emulator,m18,1.3893429939319226,%
ssp126,2038,emulator,m18,3.897451620570683,%
ssp126,2039,emulator,m18,1.2795518483971076,%
ssp126,2040,emulator,m18,1.998421328853163,%
ssp126,2041,emulator,m18,2.6058659820680057,%
ssp126,2042,emulator,m18,2.262652997424634,%
ssp126,2043,emulator,m18,2.869367201390682,%
ssp126,2044,emulator,m18,3.1456073812318848,%
ssp126,2045,emulator,m18,1.1523520101522495,%
ssp126,2046,emulator,m18,2.1009971828862364,%
ssp126,2047,emulator,m18,2.866390673555072,%
ssp126,2048,emulator,m18,3.6130539435385916,%
ssp126,2049,emulator,m18,2.7179562782244435,%
ssp126,2050,emulator,m18,1.4402752550031703,%
ssp126,2051,emulator,m18,3.964680481060958,%
ssp126,2052,emulator,m18,3.0822287197833593,%
ssp126,2053,emulator,m18,2.4676446916306753,%
ssp126,2054,emulator,m18,3.764228253827372,%
ssp126,2055,emulator,m18,1.732839235696256,%
ssp126,2056,emulator,m18,3.5201524135499898,%
ssp126,2057,emulator,m18,2.6482211087886025,%
ssp126,2058,emulator,m18,2.967078008379607,%
ssp126,2059,emulator,m18,3.6527303986739637,%
ssp126,2060,emulator,m18,2.3995788565456433,%
ssp126,2061,emulator,m18,3.3490442691212805,%
ssp126,2062,emulator,m18,2.6632763238446002,%
ssp126,2063,emulator,m18,3.976018355983886,%
ssp126,2064,emulator,m18,2.861518173972574,%
ssp126,2065,emulator,m18,4.096355918957922,%
ssp126,2066,emulator,m18,2.74850266726786,%
ssp126,2067,emulator,m18,2.5476434729076196,%
ssp126,2068,emulator,m18,2.297332013501845,%
ssp126,2069,emulator,m18,2.6262700656859224,%
ssp126,2070,emulator,m18,3.120691983126387,%
ssp126,2071,emulator,m18,2.896321414079332,%
ssp126,2072,emulator,m18,2.005912128701423,%
ssp126,2073,emulator,m18,3.149544352538587,%
ssp126,2074,emulator,m18,2.9545380126695266,%
ssp126,2075,emulator,m18,3.03435698424035,%
ssp126,2076,emulator,m18,1.9471663837233153,%
ssp126,2077,emulator,m18,2.8191473135597476,%
ssp126,2078,emulator,m18,1.6544299080423475,%
ssp126,2079,emulator,m18,3.0756780451591084,%
ssp126,2080,emulator,m18,3.952759877910752,%
ssp126,2081,emulator,m18,2.7469568368564987,%
ssp126,2082,emulator,m18,3.556555719427215,%
ssp126,2083,emulator,m18,2.876446102899232,%
ssp126,2084,emulator,m18,2.359152460796937,%
ssp126,2085,emulator,m18,3.1692353339458066,%
ssp126,2086,emulator,m18,2.7707364774374725,%
ssp126,2087,emulator,m18,3.2484282283961052,%
ssp126,2088,emulator,m18,2.635467091307671,%
ssp126,2089,emulator,m18,3.1934151271616544,%
ssp126,2090,emulator,m18,2.498787842695193,%
ssp126,2091,emulator,m18,3.545762865522412,%
ssp126,2092,emulator,m18,2.7813896894380785,%
ssp126,2093,emulator,m18,3.551122270753635,%
ssp126,2094,emulator,m18,1.518275100413223,%
ssp126,2095,emulator,m18,3.8990763226459935,%
ssp126,2096,emulator,m18,2.1964959698050746,%
ssp126,2097,emulator,m18,2.969681704344265,%
ssp126,2098,emulator,m18,2.0672712513876923,%
ssp126,2099,emulator,m18,3.067099188179775,%
ssp126,2100,emulator,m18,2.5956138132658695,%
ssp126,2015,emulator,m19,0.6293207122809887,%
ssp126,2016,emulator,m19,0.7196314871070585,%
ssp126,2017,emulator,m19,1.1207720566347892,%
ssp126,2018,emulator,m19,0.8826268464799475,%
ssp126,2019,emulator,m19,1.6304662430964707,%
ssp126,2020,emulator,m19,0.734127843664449,%
ssp126,2021,emulator,m19,0.4671257103625733,%
ssp126,2022,emulator,m19,0.663944289215293,%
ssp126,2023,emulator,m19,1.230347864401991,%
ssp126,2024,emulator,m19,0.8323672797333316,%
ssp126,2025,emulator,m19,2.1007715617748266,%
ssp126,2026,emulator,m19,0.9872095159117109,%
ssp126,2027,emulator,m19,1.0725378189006252,%
ssp126,2028,emulator,m19,1.8903480013710912,%
ssp126,2029,emulator,m19,1.2389918247842422,%
ssp126,2030,emulator,m19,1.5946906378156531,%
ssp126,2031,emulator,m19,1.6503577139018,%
ssp126,2032,emulator,m19,0.6298963603465246,%
ssp126,2033,emulator,m19,2.9676407332102497,%
ssp126,2034,emulator,m19,1.9580241592007441,%
ssp126,2035,emulator,m19,2.342158829771941,%
ssp126,2036,emulator,m19,1.1979770195528765,%
ssp126,2037,emulator,m19,2.4408128605258455,%
ssp126,2038,emulator,m19,1.7327029302525279,%
ssp126,2039,emulator,m19,2.5981567977786186,%
ssp126,2040,emulator,m19,2.7583991267174026,%
ssp126,2041,emulator,m19,3.5003645859259636,%
ssp126,2042,emulator,m19,3.450010790557304,%
ssp126,2043,emulator,m19,1.3622237280630876,%
ssp126,2044,emulator,m19,3.76953299022733,%
ssp126,2045,emulator,m19,3.0571775926186078,%
ssp126,2046,emulator,m19,3.712333941450758,%
ssp126,2047,emulator,m19,2.387259482833068,%
ssp126,2048,emulator,m19,3.072843634196266,%
ssp126,2049,emulator,m19,2.054719757700027,%
ssp126,2050,emulator,m19,2.18285649766148,%
ssp126,2051,emulator,m19,3.3984180958234087,%
ssp126,2052,emulator,m19,3.8808799340340556,%
ssp126,2053,emulator,m19,4.603763587869866,%
ssp126,2054,emulator,m19,2.3830869276914015,%
ssp126,2055,emulator,m19,2.4342939533755126,%
ssp126,2056,emulator,m19,2.2407722091976936,%
ssp126,2057,emulator,m19,3.356407500592737,%
ssp126,2058,emulator,m19,2.675792196895054,%
ssp126,2059,emulator,m19,3.671167971025963,%
ssp126,2060,emulator,m19,2.655607386036682,%
ssp126,2061,emulator,m19,4.160687565504593,%
ssp126,2062,emulator,m19,3.2771517129328624,%
ssp126,2063,emulator,m19,2.298787480889715,%
ssp126,2064,emulator,m19,2.6885109569926455,%
ssp126,2065,emulator,m19,3.083321022326479,%
ssp126,2066,emulator,m19,4.550737521572725,%
ssp126,2067,emulator,m19,3.4337932027741975,%
ssp126,2068,emulator,m19,4.171535233504526,%
ssp126,2069,emulator,m19,3.9047133770407925,%
ssp126,2070,emulator,m19,3.279797783411373,%
ssp126,2071,emulator,m19,3.158043979923123,%
ssp126,2072,emulator,m19,2.8286202856602674,%
ssp126,2073,emulator,m19,2.3421564677700855,%
ssp126,2074,emulator,m19,2.7888119290553672,%
ssp126,2075,emulator,m19,3.6680754849955344,%
ssp126,2076,emulator,m19,2.9930635650866027,%
ssp126,2077,emulator,m19,3.6114803216558906,%
ssp126,2078,emulator,m19,2.17510936923603,%
ssp126,2079,emulator,m19,2.5701702921516203,%
ssp126,2080,emulator,m19,2.185211584825409,%
ssp126,2081,emulator,m19,2.6121153003424586,%
ssp126,2082,emulator,m19,4.129515905905642,%
ssp126,2083,emulator,m19,3.004865689192584,%
ssp126,2084,emulator,m19,2.726408708972851,%
ssp126,2085,emulator,m19,3.2494185813600005,%
ssp126,2086,emulator,m19,3.1554596384717786,%
ssp126,2087,emulator,m19,4.097708192825105,%
ssp126,2088,emulator,m19,2.575648941237718,%
ssp126,2089,emulator,m19,1.9678491689013002,%
ssp126,2090,emulator,m19,3.1762237448193376,%
ssp126,2091,emulator,m19,2.554974314567375,%
ssp126,2092,emulator,m19,3.6513446247032433,%
ssp126,2093,emulator,m19,2.8932523074309016,%
ssp126,2094,emulator,m19,3.273437321082292,%
ssp126,2095,emulator,m19,3.0151316665107397,%
ssp126,2096,emulator,m19,3.5601265072454624,%
ssp126,2097,emulator,m19,3.8016480388133735,%
ssp126,2098,emulator,m19,3.168722660339568,%
ssp126,2099,emulator,m19,2.473841981389009,%
ssp126,2100,emulator,m19,3.6095125492179085,%
ssp126,2015,emulator,m20,0.9828637809864197,%
ssp126,2016,emulator,m20,0.5379940240610165,%
ssp126,2017,emulator,m20,0.7312978309698177,%
ssp126,2018,emulator,m20,1.4503240362468872,%
ssp126,2019,emulator,m20,1.565636028375064,%
ssp126,2020,emulator,m20,2.1932759107800734,%
ssp126,2021,emulator,m20,1.4624947083269513,%
ssp126,2022,emulator,m20,0.5058340182553627,%
ssp126,2023,emulator,m20,1.9975308149512148,%
ssp126,2024,emulator,m20,0.8082774645223997,%
ssp126,2025,emulator,m20,1.2305650142451667,%
ssp126,2026,emulator,m20,0.7222270814609756,%
ssp126,2027,emulator,m20,1.1418617255534722,%
ssp126,2028,emulator,m20,0.2944152872588809,%
ssp126,2029,emulator,m20,1.5440275541872297,%
ssp126,2030,emulator,m20,0.7758484723594311,%
ssp126,2031,emulator,m20,2.30769625199509,%
ssp126,2032,emulator,m20,1.9355739071393099,%
ssp126,2033,emulator,m20,2.1063244842278213,%
ssp126,2034,emulator,m20,1.2982274052353733,%
ssp126,2035,emulator,m20,3.0505804682507787,%
ssp126,2036,emulator,m20,2.5973182701629396,%
ssp126,2037,emulator,m20,1.912160208336762,%
ssp126,2038,emulator,m20,2.99369619254285,%
ssp126,2039,emulator,m20,3.0150187586204673,%
ssp126,2040,emulator,m20,2.976482796713489,%
ssp126,2041,emulator,m20,2.8519671593565805,%
ssp126,2042,emulator,m20,2.873160041323963,%
ssp126,2043,emulator,m20,4.258208368431837,%
ssp126,2044,emulator,m20,3.009462429003948,%
ssp126,2045,emulator,m20,3.0508329554326927,%
ssp126,2046,emulator,m20,2.3811728446622022,%
ssp126,2047,emulator,m20,3.8331588944074615,%
ssp126,2048,emulator,m20,3.4097840935190766,%
ssp126,2049,emulator,m20,3.651892939597037,%
ssp126,2050,emulator,m20,2.7384253507604406,%
ssp126,2051,emulator,m20,1.3201544673267935,%
ssp126,2052,emulator,m20,2.52340104224593,%
ssp126,2053,emulator,m20,2.424034100808086,%
ssp126,2054,emulator,m20,3.7119006292735164,%
ssp126,2055,emulator,m20,1.6847895225724228,%
ssp126,2056,emulator,m20,1.6928549733562173,%
ssp126,2057,emulator,m20,3.015299202764728,%
ssp126,2058,emulator,m20,2.8248677048706616,%
ssp126,2059,emulator,m20,2.3041176036122764,%
ssp126,2060,emulator,m20,3.2855011610836584,%
ssp126,2061,emulator,m20,3.428346272639834,%
ssp126,2062,emulator,m20,3.267465329723636,%
ssp126,2063,emulator,m20,2.3755246767888494,%
ssp126,2064,emulator,m20,2.899514921165981,%
ssp126,2065,emulator,m20,4.025323858039072,%
ssp126,2066,emulator,m20,3.670083929985669,%
ssp126,2067,emulator,m20,1.9132947202655886,%
ssp126,2068,emulator,m20,2.432690586149391,%
ssp126,2069,emulator,m20,3.0437897786449253,%
ssp126,2070,emulator,m20,2.0314807771447203,%
ssp126,2071,emulator,m20,3.0693829776233854,%
ssp126,2072,emulator,m20,3.2146956956100357,%
ssp126,2073,emulator,m20,2.726039143705535,%
ssp126,2074,emulator,m20,2.256343976211511,%
ssp126,2075,emulator,m20,3.6128618959628582,%
ssp126,2076,emulator,m20,2.584932689638372,%
ssp126,2077,emulator,m20,3.3387051721703873,%
ssp126,2078,emulator,m20,4.002541616215078,%
ssp126,2079,emulator,m20,3.9422237842189967,%
ssp126,2080,emulator,m20,2.8524526312795397,%
ssp126,2081,emulator,m20,3.1812646732506145,%
ssp126,2082,emulator,m20,2.4499489815653672,%
ssp126,2083,emulator,m20,3.1514485987167546,%
ssp126,2084,emulator,m20,2.194169386444164,%
ssp126,2085,emulator,m20,2.7977651936274737,%
ssp126,2086,emulator,m20,2.5463645100948162,%
ssp126,2087,emulator,m20,2.9961135084742434,%
ssp126,2088,emulator,m20,2.275094181637056,%
ssp126,2089,emulator,m20,2.499351740753669,%
ssp126,2090,emulator,m20,2.943474987984606,%
ssp126,2091,emulator,m20,1.6012791502138333,%
ssp126,2092,emulator,m20,3.0926077165824184,%
ssp126,2093,emulator,m20,3.039963997671506,%
ssp126,2094,emulator,m20,3.283974776185967,%
ssp126,2095,emulator,m20,2.4110883233258584,%
ssp126,2096,emulator,m20,1.7300122240983964,%
ssp126,2097,emulator,m20,2.7131434252258435,%
ssp126,2098,emulator,m20,2.5677432340742667,%
ssp126,2099,emulator,m20,2.3522480866525903,%
ssp126,2100,emulator,m20,2.6079074903622463,%
ssp126,2015,emulator,m21,0.7154567696194277,%
ssp126,2016,emulator,m21,0.7472750052503978,%
ssp126,2017,emulator,m21,1.3013453718813925,%
ssp126,2018,emulator,m21,0.773378399846162,%
ssp126,2019,emulator,m21,0.7705443875315957,%
ssp126,2020,emulator,m21,1.2029369418811278,%
ssp126,2021,emulator,m21,0.3147595148987332,%
ssp126,2022,emulator,m21,0.31727814763133455,%
ssp126,2023,emulator,m21,0.5370348318324651,%
ssp126,2024,emulator,m21,0.9466238726607615,%
ssp126,2025,emulator,m21,0.5263762108799879,%
ssp126,2026,emulator,m21,1.2931137424094543,%
ssp126,2027,emulator,m21,1.5245868669645726,%
ssp126,2028,emulator,m21,2.1122384945718533,%
ssp126,2029,emulator,m21,1.267494687497105,%
ssp126,2030,emulator,m21,1.7193858488705134,%
ssp126,2031,emulator,m21,2.2589197084896346,%
ssp126,2032,emulator,m21,1.4703784704726868,%
ssp126,2033,emulator,m21,2.0867978150827247,%
ssp126,2034,emulator,m21,2.560269416194263,%
ssp126,2035,emulator,m21,2.4807446725568894,%
ssp126,2036,emulator,m21,1.6027038091873633,%
ssp126,2037,emulator,m21,2.1337153937299926,%
ssp126,2038,emulator,m21,2.1894600431647673,%
ssp126,2039,emulator,m21,3.605231127521172,%
ssp126,2040,emulator,m21,2.5251538615491707,%
ssp126,2041,emulator,m21,1.3889903495732083,%
ssp126,2042,emulator,m21,3.4258652151388747,%
ssp126,2043,emulator,m21,2.9140745717494365,%
ssp126,2044,emulator,m21,3.050455309206281,%
ssp126,2045,emulator,m21,3.0805893125234904,%
ssp126,2046,emulator,m21,2.114939647113864,%
ssp126,2047,emulator,m21,3.4061071053258747,%
ssp126,2048,emulator,m21,2.5359505991639004,%
ssp126,2049,emulator,m21,2.7805601765214853,%
ssp126,2050,emulator,m21,1.6962006149348006,%
ssp126,2051,emulator,m21,2.9703040847688627,%
ssp126,2052,emulator,m21,2.8214373737020453,%
ssp126,2053,emulator,m21,3.995453489899609,%
ssp126,2054,emulator,m21,2.8100224595364356,%
ssp126,2055,emulator,m21,2.6542024261618744,%
ssp126,2056,emulator,m21,2.518036687169205,%
ssp126,2057,emulator,m21,2.9656815725612877,%
ssp126,2058,emulator,m21,1.9448885013811128,%
ssp126,2059,emulator,m21,2.586635328428528,%
ssp126,2060,emulator,m21,3.7245247551878933,%
ssp126,2061,emulator,m21,2.1775545504908376,%
ssp126,2062,emulator,m21,4.292729779783979,%
ssp126,2063,emulator,m21,2.4893321555700285,%
ssp126,2064,emulator,m21,2.9076774865513015,%
ssp126,2065,emulator,m21,2.5880134838948354,%
ssp126,2066,emulator,m21,3.4734187904719955,%
ssp126,2067,emulator,m21,2.739907308387295,%
ssp126,2068,emulator,m21,2.058389544871345,%
ssp126,2069,emulator,m21,1.955743947844828,%
ssp126,2070,emulator,m21,4.01999429480278,%
ssp126,2071,emulator,m21,2.3955071085983355,%
ssp126,2072,emulator,m21,3.2106185710599675,%
ssp126,2073,emulator,m21,2.6103102887470606,%
ssp126,2074,emulator,m21,4.063578261944949,%
ssp126,2075,emulator,m21,4.356565250231781,%
ssp126,2076,emulator,m21,2.6086981250085226,%
ssp126,2077,emulator,m21,2.721331591687474,%
ssp126,2078,emulator,m21,2.426603945335301,%
ssp126,2079,emulator,m21,2.618002369754684,%
ssp126,2080,emulator,m21,2.5405002975165645,%
ssp126,2081,emulator,m21,3.6723419938424917,%
ssp126,2082,emulator,m21,3.008649451554587,%
ssp126,2083,emulator,m21,3.2697017724188915,%
ssp126,2084,emulator,m21,2.985264914072535,%
ssp126,2085,emulator,m21,3.790376329129211,%
ssp126,2086,emulator,m21,2.7746091504278754,%
ssp126,2087,emulator,m21,2.1810113538267877,%
ssp126,2088,emulator,m21,4.261710460182879,%
ssp126,2089,emulator,m21,3.0116967014690985,%
ssp126,2090,emulator,m21,2.9305773374516755,%
ssp126,2091,emulator,m21,3.6173403264022137,%
ssp126,2092,emulator,m21,2.884931561819533,%
ssp126,2093,emulator,m21,3.2057595576767026,%
ssp126,2094,emulator,m21,2.937170389082219,%
ssp126,2095,emulator,m21,2.622986431577553,%
ssp126,2096,emulator,m21,1.9469987307826795,%
ssp126,2097,emulator,m21,3.9682433100832273,%
ssp126,2098,emulator,m21,3.1357142024490763,%
ssp126,2099,emulator,m21,2.5537798838016488,%
ssp126,2100,emulator,m21,2.433278523478179,%
ssp126,2015,emulator,m22,0.07571046969874609,%
ssp126,2016,emulator,m22,0.47474442309243536,%
ssp126,2017,emulator,m22,1.6208058001953827,%
ssp126,2018,emulator,m22,-0.17252763472318572,%
ssp126,2019,emulator,m22,0.6323454623299015,%
ssp126,2020,emulator,m22,-0.10543598627710647,%
ssp126,2021,emulator,m22,1.3260503714442489,%
ssp126,2022,emulator,m22,1.0505054383338448,%
ssp126,2023,emulator,m22,2.0990736170207103,%
ssp126,2024,emulator,m22,0.25139304989167377,%
ssp126,2025,emulator,m22,1.8849639142394647,%
ssp126,2026,emulator,m22,2.208534547160603,%
ssp126,2027,emulator,m22,2.4287685724778822,%
ssp126,2028,emulator,m22,1.3224693699351442,%
ssp126,2029,emulator,m22,1.3546183392191358,%
ssp126,2030,emulator,m22,0.8132186031589977,%
ssp126,2031,emulator,m22,1.8268919494123097,%
ssp126,2032,emulator,m22,0.4669739677710388,%
ssp126,2033,emulator,m22,2.066012917737656,%
ssp126,2034,emulator,m22,1.830169490287527,%
ssp126,2035,emulator,m22,1.583787863481582,%
ssp126,2036,emulator,m22,2.126887055066623,%
ssp126,2037,emulator,m22,2.2036209666887285,%
ssp126,2038,emulator,m22,1.0353111549450265,%
ssp126,2039,emulator,m22,2.8826568858986494,%
ssp126,2040,emulator,m22,3.0010225348792656,%
ssp126,2041,emulator,m22,1.6372437425332942,%
ssp126,2042,emulator,m22,0.7898619229061837,%
ssp126,2043,emulator,m22,1.7746751161964827,%
ssp126,2044,emulator,m22,2.9433794105642774,%
ssp126,2045,emulator,m22,1.9068909565674397,%
ssp126,2046,emulator,m22,3.6030087523550547,%
ssp126,2047,emulator,m22,2.4545040830516274,%
ssp126,2048,emulator,m22,2.542494222101037,%
ssp126,2049,emulator,m22,3.4205076369296257,%
ssp126,2050,emulator,m22,2.359477337880222,%
ssp126,2051,emulator,m22,3.1086039780733086,%
ssp126,2052,emulator,m22,1.664562421931622,%
ssp126,2053,emulator,m22,2.8754207753207455,%
ssp126,2054,emulator,m22,2.514720493226869,%
ssp126,2055,emulator,m22,3.5617362637976555,%
ssp126,2056,emulator,m22,3.9028141671632315,%
ssp126,2057,emulator,m22,2.603937331791848,%
ssp126,2058,emulator,m22,2.9787065536381543,%
ssp126,2059,emulator,m22,3.4320299850678824,%
ssp126,2060,emulator,m22,2.9274028986874594,%
ssp126,2061,emulator,m22,2.0098375471903225,%
ssp126,2062,emulator,m22,4.815075602840562,%
ssp126,2063,emulator,m22,3.3872178595825395,%
ssp126,2064,emulator,m22,3.0790628597798295,%
ssp126,2065,emulator,m22,3.728895165094975,%
ssp126,2066,emulator,m22,2.690185231320848,%
ssp126,2067,emulator,m22,2.284218204555061,%
ssp126,2068,emulator,m22,3.1138501142984074,%
ssp126,2069,emulator,m22,3.3676106467040126,%
ssp126,2070,emulator,m22,2.5470758717345894,%
ssp126,2071,emulator,m22,3.0557496442188166,%
ssp126,2072,emulator,m22,2.6914230614551142,%
ssp126,2073,emulator,m22,3.249687497741631,%
ssp126,2074,emulator,m22,2.7877373016993237,%
ssp126,2075,emulator,m22,1.8868316367104243,%
ssp126,2076,emulator,m22,2.5242738090629717,%
ssp126,2077,emulator,m22,2.545071980510072,%
ssp126,2078,emulator,m22,3.2814104013768794,%
ssp126,2079,emulator,m22,2.311977676586639,%
ssp126,2080,emulator,m22,3.1472061004229244,%
ssp126,2081,emulator,m22,3.1714504639523846,%
ssp126,2082,emulator,m22,2.3276861561611,%
ssp126,2083,emulator,m22,3.2272067552970434,%
ssp126,2084,emulator,m22,3.4063097180314257,%
ssp126,2085,emulator,m22,3.1593469541477406,%
ssp126,2086,emulator,m22,2.94614413538916,%
ssp126,2087,emulator,m22,3.4279720419279758,%
ssp126,2088,emulator,m22,3.309107834019747,%
ssp126,2089,emulator,m22,2.585179885002875,%
ssp126,2090,emulator,m22,2.7220078875479934,%
ssp126,2091,emulator,m22,2.507115041609458,%
ssp126,2092,emulator,m22,1.8128200359984346,%
ssp126,2093,emulator,m22,2.0545260282941054,%
ssp126,2094,emulator,m22,2.8309154154891325,%
ssp126,2095,emulator,m22,1.6697466104162308,%
ssp126,2096,emulator,m22,3.5194234348752156,%
ssp126,2097,emulator,m22,1.8895742272628158,%
ssp126,2098,emulator,m22,1.5928725008136142,%
ssp126,2099,emulator,m22,3.7094875722127725,%
ssp126,2100,emulator,m22,3.2617273387697105,%
ssp126,2015,emulator,m23,0.07054830368284579,%
ssp126,2016,emulator,m23,0.9838025461141157,%
ssp126,2017,emulator,m23,0.4308301722620457,%
ssp126,2018,emulator,m23,1.8662942574688188,%
ssp126,2019,emulator,m23,0.47132738169474764,%
ssp126,2020,emulator,m23,1.4060747483564144,%
ssp126,2021,emulator,m23,1.7901715392560311,%
ssp126,2022,emulator,m23,1.170800631704077,%
ssp126,2023,emulator,m23,2.684048711244296,%
ssp126,2024,emulator,m23,2.430841150625509,%
ssp126,2025,emulator,m23,1.8762018615519636,%
ssp126,2026,emulator,m23,1.9477887095051751,%
ssp126,2027,emulator,m23,1.2720273531932187,%
ssp126,2028,emulator,m23,2.4731424367455745,%
ssp126,2029,emulator,m23,2.996370911891988,%
ssp126,2030,emulator,m23,1.232999370763705,%
ssp126,2031,emulator,m23,1.9305921466317433,%
ssp126,2032,emulator,m23,1.8370566178263763,%
ssp126,2033,emulator,m23,1.4695289088119328,%
ssp126,2034,emulator,m23,2.2979768933129003,%
ssp126,2035,emulator,m23,1.2993431376447555,%
ssp126,2036,emulator,m23,1.932647870878896,%
ssp126,2037,emulator,m23,1.1014765414267647,%
ssp126,2038,emulator,m23,3.485047588894966,%
ssp126,2039,emulator,m23,2.922937256562827,%
ssp126,2040,emulator,m23,2.3945016011208295,%
ssp126,2041,emulator,m23,2.8448174486514253,%
ssp126,2042,emulator,m23,2.0913914277660988,%
ssp126,2043,emulator,m23,4.0169687867231625,%
ssp126,2044,emulator,m23,2.97596228955381,%
ssp126,2045,emulator,m23,4.136606787397752,%
ssp126,2046,emulator,m23,1.3483348234854369,%
ssp126,2047,emulator,m23,2.4995725614349724,%
ssp126,2048,emulator,m23,2.7481235031318634,%
ssp126,2049,emulator,m23,4.146140824175434,%
ssp126,2050,emulator,m23,3.63701768187395,%
ssp126,2051,emulator,m23,2.508274719837463,%
ssp126,2052,emulator,m23,2.3210262948826546,%
ssp126,2053,emulator,m23,1.8256117839100379,%
ssp126,2054,emulator,m23,2.990265503156159,%
ssp126,2055,emulator,m23,1.4577298374267142,%
ssp126,2056,emulator,m23,3.9371575488035693,%
ssp126,2057,emulator,m23,2.496008055755511,%
ssp126,2058,emulator,m23,2.586116253623403,%
ssp126,2059,emulator,m23,2.627403700101922,%
ssp126,2060,emulator,m23,2.117681719839814,%
ssp126,2061,emulator,m23,2.3803065227480786,%
ssp126,2062,emulator,m23,3.8539357880562495,%
ssp126,2063,emulator,m23,2.7435739295946933,%
ssp126,2064,emulator,m23,3.0244599312777156,%
ssp126,2065,emulator,m23,2.238421846916191,%
ssp126,2066,emulator,m23,2.9041060267448264,%
ssp126,2067,emulator,m23,3.087502705753388,%
ssp126,2068,emulator,m23,1.8841948740797927,%
ssp126,2069,emulator,m23,3.495031939682985,%
ssp126,2070,emulator,m23,2.6638204829364147,%
ssp126,2071,emulator,m23,3.20165236004948,%
ssp126,2072,emulator,m23,2.9980056163844258,%
ssp126,2073,emulator,m23,3.174260282022906,%
ssp126,2074,emulator,m23,2.3213761964265167,%
ssp126,2075,emulator,m23,1.6963336101856439,%
ssp126,2076,emulator,m23,3.1774512469407337,%
ssp126,2077,emulator,m23,3.5299776259237463,%
ssp126,2078,emulator,m23,2.8162986639884435,%
ssp126,2079,emulator,m23,3.8540838622189897,%
ssp126,2080,emulator,m23,2.6291696228677264,%
ssp126,2081,emulator,m23,2.8901721311425312,%
ssp126,2082,emulator,m23,2.9230598924126023,%
ssp126,2083,emulator,m23,2.764473471088191,%
ssp126,2084,emulator,m23,1.6207934610112935,%
ssp126,2085,emulator,m23,2.629171428423282,%
ssp126,2086,emulator,m23,2.697099489972976,%
ssp126,2087,emulator,m23,2.730138034589912,%
ssp126,2088,emulator,m23,2.5946215741372707,%
ssp126,2089,emulator,m23,2.1688482600587284,%
ssp126,2090,emulator,m23,2.8567303629692007,%
ssp126,2091,emulator,m23,3.065392628022351,%
ssp126,2092,emulator,m23,2.03544716553668,%
ssp126,2093,emulator,m23,3.487497996916553,%
ssp126,2094,emulator,m23,3.8029445076015724,%
ssp126,2095,emulator,m23,2.6948781307436724,%
ssp126,2096,emulator,m23,2.806447519308254,%
ssp126,2097,emulator,m23,2.3294436143273285,%
ssp126,2098,emulator,m23,3.370100879461298,%
ssp126,2099,emulator,m23,2.5476464923659314,%
ssp126,2100,emulator,m23,3.826997322524012,%
ssp126,2015,emulator,m24,0.43926274401842036,%
ssp126,2016,emulator,m24,1.0116865980718686,%
ssp126,2017,emulator,m24,0.023039506626170707,%
ssp126,2018,emulator,m24,-0.4440130784589091,%
ssp126,2019,emulator,m24,2.205192314760054,%
ssp126,2020,emulator,m24,1.6015134715116923,%
ssp126,2021,emulator,m24,1.4321023096623873,%
ssp126,2022,emulator,m24,0.26194043688484575,%
ssp126,2023,emulator,m24,1.1725064682298896,%
ssp126,2024,emulator,m24,2.7995359032866225,%
ssp126,2025,emulator,m24,1.3043358741591806,%
ssp126,2026,emulator,m24,2.056260210129443,%
ssp126,2027,emulator,m24,2.8170593356951175,%
ssp126,2028,emulator,m24,1.7777069039097702,%
ssp126,2029,emulator,m24,2.4242593785606426,%
ssp126,2030,emulator,m24,1.730380878638688,%
ssp126,2031,emulator,m24,2.7349959522679015,%
ssp126,2032,emulator,m24,1.7233904325162592,%
ssp126,2033,emulator,m24,3.549907050487951,%
ssp126,2034,emulator,m24,2.2149113599439483,%
ssp126,2035,emulator,m24,2.2399413236410233,%
ssp126,2036,emulator,m24,1.546355964767943,%
ssp126,2037,emulator,m24,2.6915018718632293,%
ssp126,2038,emulator,m24,1.9450463215996483,%
ssp126,2039,emulator,m24,2.632689850178116,%
ssp126,2040,emulator,m24,2.5060874677537903,%
ssp126,2041,emulator,m24,2.1348446165263373,%
ssp126,2042,emulator,m24,2.462580234836295,%
ssp126,2043,emulator,m24,3.079482160786366,%
ssp126,2044,emulator,m24,2.42161745543724,%
ssp126,2045,emulator,m24,2.4346315970969914,%
ssp126,2046,emulator,m24,2.7678963553008304,%
ssp126,2047,emulator,m24,2.5510340997801864,%
ssp126,2048,emulator,m24,2.3795784639447715,%
ssp126,2049,emulator,m24,3.1494776459466025,%
ssp126,2050,emulator,m24,3.3637052091112025,%
ssp126,2051,emulator,m24,2.447895216650233,%
ssp126,2052,emulator,m24,2.681394814241217,%
ssp126,2053,emulator,m24,2.458666705442826,%
ssp126,2054,emulator,m24,3.6840012577524854,%
ssp126,2055,emulator,m24,3.1928754754792017,%
ssp126,2056,emulator,m24,2.4434031583485893,%
ssp126,2057,emulator,m24,2.5628084850339947,%
ssp126,2058,emulator,m24,2.454748751206382,%
ssp126,2059,emulator,m24,3.7264531433981816,%
ssp126,2060,emulator,m24,2.3221682955209206,%
ssp126,2061,emulator,m24,2.367885498737106,%
ssp126,2062,emulator,m24,3.2334230602914977,%
ssp126,2063,emulator,m24,2.8596502896107068,%
ssp126,2064,emulator,m24,2.3666990325292256,%
ssp126,2065,emulator,m24,3.499036330284273,%
ssp126,2066,emulator,m24,2.8147487516849767,%
ssp126,2067,emulator,m24,2.777949516852774,%
ssp126,2068,emulator,m24,3.452596225146909,%
ssp126,2069,emulator,m24,3.539889524663093,%
ssp126,2070,emulator,m24,3.723596291917528,%
ssp126,2071,emulator,m24,2.3571880685972895,%
ssp126,2072,emulator,m24,1.4319071017716811,%
ssp126,2073,emulator,m24,3.254826925731918,%
ssp126,2074,emulator,m24,3.2370605671602997,%
ssp126,2075,emulator,m24,2.8399640223437785,%
ssp126,2076,emulator,m24,3.5911521677617975,%
ssp126,2077,emulator,m24,2.2750189133008067,%
ssp126,2078,emulator,m24,2.5008852798077768,%
ssp126,2079,emulator,m24,3.9072901800057473,%
ssp126,2080,emulator,m24,2.3724592449169863,%
ssp126,2081,emulator,m24,1.8612704920051166,%
ssp126,2082,emulator,m24,2.515694486405423,%
ssp126,2083,emulator,m24,2.8913393997670562,%
ssp126,2084,emulator,m24,3.1469608069556902,%
ssp126,2085,emulator,m24,2.5243888136873895,%
ssp126,2086,emulator,m24,4.09381892564572,%
ssp126,2087,emulator,m24,2.5470409707311474,%
ssp126,2088,emulator,m24,1.2700840835499079,%
ssp126,2089,emulator,m24,4.032442041770422,%
ssp126,2090,emulator,m24,2.661752863000566,%
ssp126,2091,emulator,m24,1.7208329545558183,%
ssp126,2092,emulator,m24,3.631059002084327,%
ssp126,2093,emulator,m24,2.4106380762129493,%
ssp126,2094,emulator,m24,2.4192751495593896,%
ssp126,2095,emulator,m24,2.459825965741775,%
ssp126,2096,emulator,m24,2.9326476416043783,%
ssp126,2097,emulator,m24,2.8410189405797865,%
ssp126,2098,emulator,m24,1.6598627355403959,%
ssp126,2099,emulator,m24,3.4204455862224807,%
ssp126,2100,emulator,m24,2.964091530997127,%
ssp126,2015,emulator,m25,0.5595668191559086,%
ssp126,2016,emulator,m25,1.4148421469326344,%
ssp126,2017,emulator,m25,0.49887239791341387,%
ssp126,2018,emulator,m25,0.27038238183182767,%
ssp126,2019,emulator,m25,2.282994099445938,%
ssp126,2020,emulator,m25,1.7026177298340037,%
ssp126,2021,emulator,m25,1.4508283420382966,%
ssp126,2022,emulator,m25,0.7927751252209636,%
ssp126,2023,emulator,m25,0.5676243714079232,%
ssp126,2024,emulator,m25,1.8332668867835538,%
ssp126,2025,emulator,m25,1.1038372259999163,%
ssp126,2026,emulator,m25,1.6323056662453996,%
ssp126,2027,emulator,m25,1.3411970555010373,%
ssp126,2028,emulator,m25,2.8859114985675527,%
ssp126,2029,emulator,m25,1.459560403375358,%
ssp126,2030,emulator,m25,1.3540819259207295,%
ssp126,2031,emulator,m25,2.3330954991393176,%
ssp126,2032,emulator,m25,2.4241095835868234,%
ssp126,2033,emulator,m25,2.3622345144452694,%
ssp126,2034,emulator,m25,1.375088010727828,%
ssp126,2035,emulator,m25,1.8932961041784662,%
ssp126,2036,emulator,m25,2.1173420576690622,%
ssp126,2037,emulator,m25,2.9443019182698946,%
ssp126,2038,emulator,m25,2.6745665140954338,%
ssp126,2039,emulator,m25,2.258450973393544,%
ssp126,2040,emulator,m25,1.6807659163974198,%
ssp126,2041,emulator,m25,3.3322420633242507,%
ssp126,2042,emulator,m25,2.4952890670337577,%
ssp126,2043,emulator,m25,3.318522387359608,%
ssp126,2044,emulator,m25,2.094436369362106,%
ssp126,2045,emulator,m25,1.617847597395048,%
ssp126,2046,emulator,m25,3.1371752396850185,%
ssp126,2047,emulator,m25,1.846621039373868,%
ssp126,2048,emulator,m25,3.2934330810497037,%
ssp126,2049,emulator,m25,2.1215934905192957,%
ssp126,2050,emulator,m25,2.6209149256168045,%
ssp126,2051,emulator,m25,1.7927691746612384,%
ssp126,2052,emulator,m25,2.46547403198264,%
ssp126,2053,emulator,m25,3.7082932049106954,%
ssp126,2054,emulator,m25,2.410952354218707,%
ssp126,2055,emulator,m25,2.4124360667858706,%
ssp126,2056,emulator,m25,1.7494381130937815,%
ssp126,2057,emulator,m25,1.7199752687525707,%
ssp126,2058,emulator,m25,1.7928863024896913,%
ssp126,2059,emulator,m25,4.524751892497683,%
ssp126,2060,emulator,m25,2.2171030780490586,%
ssp126,2061,emulator,m25,2.947827357365588,%
ssp126,2062,emulator,m25,3.721877733238625,%
ssp126,2063,emulator,m25,2.7019669932689467,%
ssp126,2064,emulator,m25,3.6591463139168305,%
ssp126,2065,emulator,m25,2.490044650552013,%
ssp126,2066,emulator,m25,3.0984033612437645,%
ssp126,2067,emulator,m25,2.1535855745342185,%
ssp126,2068,emulator,m25,2.066392830054975,%
ssp126,2069,emulator,m25,3.0439089302198847,%
ssp126,2070,emulator,m25,3.5732779430148884,%
ssp126,2071,emulator,m25,2.5406696443776524,%
ssp126,2072,emulator,m25,3.4492673924981574,%
ssp126,2073,emulator,m25,2.4592851557406132,%
ssp126,2074,emulator,m25,2.522274444688607,%
ssp126,2075,emulator,m25,3.5527506854763384,%
ssp126,2076,emulator,m25,1.849347783332331,%
ssp126,2077,emulator,m25,2.782760153743308,%
ssp126,2078,emulator,m25,2.899608651481685,%
ssp126,2079,emulator,m25,3.270417258651427,%
ssp126,2080,emulator,m25,3.8886898151558738,%
ssp126,2081,emulator,m25,2.135758133535882,%
ssp126,2082,emulator,m25,2.582032650960259,%
ssp126,2083,emulator,m25,3.3932164507055655,%
ssp126,2084,emulator,m25,3.5709997498172816,%
ssp126,2085,emulator,m25,2.5523981928537007,%
ssp126,2086,emulator,m25,2.9693402663733544,%
ssp126,2087,emulator,m25,3.7207037124574502,%
ssp126,2088,emulator,m25,3.5627268491931283,%
ssp126,2089,emulator,m25,3.5380493007786282,%
ssp126,2090,emulator,m25,2.578729377806377,%
ssp126,2091,emulator,m25,3.660221429457082,%
ssp126,2092,emulator,m25,2.0508452762037104,%
ssp126,2093,emulator,m25,3.2188830398086186,%
ssp126,2094,emulator,m25,4.067189207119592,%
ssp126,2095,emulator,m25,3.570869626206471,%
ssp126,2096,emulator,m25,2.908478890653016,%
ssp126,2097,emulator,m25,2.178334058247501,%
ssp126,2098,emulator,m25,2.8464860523469087,%
ssp126,2099,emulator,m25,3.8465282505712217,%
ssp126,2100,emulator,m25,4.047278477663158,%
ssp126,2015,bias,emulator_minus_cesm2,-0.17626241629714706,%
ssp126,2015,bias,cesm2_sigma,0.4797720831296863,%
ssp126,2016,bias,emulator_minus_cesm2,0.3807387417381364,%
ssp126,2016,bias,cesm2_sigma,0.1898578725063729,%
ssp126,2017,bias,emulator_minus_cesm2,0.39840910967865184,%
ssp126,2017,bias,cesm2_sigma,0.49140912448859747,%
ssp126,2018,bias,emulator_minus_cesm2,-0.07506871982451457,%
ssp126,2018,bias,cesm2_sigma,0.10027152514971531,%
ssp126,2019,bias,emulator_minus_cesm2,0.22267223230504252,%
ssp126,2019,bias,cesm2_sigma,0.16805842885813446,%
ssp126,2020,bias,emulator_minus_cesm2,0.26160237167998,%
ssp126,2020,bias,cesm2_sigma,0.5197194902035253,%
ssp126,2021,bias,emulator_minus_cesm2,0.9950002120920877,%
ssp126,2021,bias,cesm2_sigma,0.11911004344874054,%
ssp126,2022,bias,emulator_minus_cesm2,0.5178028265935181,%
ssp126,2022,bias,cesm2_sigma,0.5786871823870465,%
ssp126,2023,bias,emulator_minus_cesm2,0.27199741231355856,%
ssp126,2023,bias,cesm2_sigma,0.464659370509564,%
ssp126,2024,bias,emulator_minus_cesm2,0.3490235447759199,%
ssp126,2024,bias,cesm2_sigma,0.45207460417044776,%
ssp126,2025,bias,emulator_minus_cesm2,0.08025939121535774,%
ssp126,2025,bias,cesm2_sigma,0.35786283100329014,%
ssp126,2026,bias,emulator_minus_cesm2,-0.19721639264912771,%
ssp126,2026,bias,cesm2_sigma,0.7220164069042476,%
ssp126,2027,bias,emulator_minus_cesm2,-0.17206502159302328,%
ssp126,2027,bias,cesm2_sigma,0.43357363862977283,%
ssp126,2028,bias,emulator_minus_cesm2,0.48053184002180727,%
ssp126,2028,bias,cesm2_sigma,0.5717095669059623,%
ssp126,2029,bias,emulator_minus_cesm2,-0.13793974421775368,%
ssp126,2029,bias,cesm2_sigma,0.42782292969214897,%
ssp126,2030,bias,emulator_minus_cesm2,-0.45045060645476354,%
ssp126,2030,bias,cesm2_sigma,0.27234006710356035,%
ssp126,2031,bias,emulator_minus_cesm2,-0.1755420186479748,%
ssp126,2031,bias,cesm2_sigma,0.45153284605197286,%
ssp126,2032,bias,emulator_minus_cesm2,0.2691363089811962,%
ssp126,2032,bias,cesm2_sigma,0.21904635360846733,%
ssp126,2033,bias,emulator_minus_cesm2,-0.07620681750084257,%
ssp126,2033,bias,cesm2_sigma,0.5161296704470888,%
ssp126,2034,bias,emulator_minus_cesm2,-0.059516541723156235,%
ssp126,2034,bias,cesm2_sigma,0.5379415910870712,%
ssp126,2035,bias,emulator_minus_cesm2,0.1412865248341586,%
ssp126,2035,bias,cesm2_sigma,0.5001958802462798,%
ssp126,2036,bias,emulator_minus_cesm2,-0.5965510376223251,%
ssp126,2036,bias,cesm2_sigma,0.24121572990739712,%
ssp126,2037,bias,emulator_minus_cesm2,-0.12030963042983389,%
ssp126,2037,bias,cesm2_sigma,0.6470382777738921,%
ssp126,2038,bias,emulator_minus_cesm2,-0.24711505085563745,%
ssp126,2038,bias,cesm2_sigma,0.5554047055436276,%
ssp126,2039,bias,emulator_minus_cesm2,-0.06736814675126723,%
ssp126,2039,bias,cesm2_sigma,0.5015974984296633,%
ssp126,2040,bias,emulator_minus_cesm2,-0.20656270431070878,%
ssp126,2040,bias,cesm2_sigma,0.4213811011565422,%
ssp126,2041,bias,emulator_minus_cesm2,-0.37073062048383854,%
ssp126,2041,bias,cesm2_sigma,0.7684745243821741,%
ssp126,2042,bias,emulator_minus_cesm2,-0.21632258749016708,%
ssp126,2042,bias,cesm2_sigma,0.3604023944700847,%
ssp126,2043,bias,emulator_minus_cesm2,0.2076151640706203,%
ssp126,2043,bias,cesm2_sigma,0.3360486407571257,%
ssp126,2044,bias,emulator_minus_cesm2,0.27217971082299197,%
ssp126,2044,bias,cesm2_sigma,0.49527450977160037,%
ssp126,2045,bias,emulator_minus_cesm2,-0.45864892536820046,%
ssp126,2045,bias,cesm2_sigma,0.16452613883153094,%
ssp126,2046,bias,emulator_minus_cesm2,0.061024832190529565,%
ssp126,2046,bias,cesm2_sigma,0.21753758278428387,%
ssp126,2047,bias,emulator_minus_cesm2,-0.399097886412223,%
ssp126,2047,bias,cesm2_sigma,0.6441131515355284,%
ssp126,2048,bias,emulator_minus_cesm2,-0.11307291931245622,%
ssp126,2048,bias,cesm2_sigma,0.42648492330999815,%
ssp126,2049,bias,emulator_minus_cesm2,-0.34993228584934366,%
ssp126,2049,bias,cesm2_sigma,0.322877475208618,%
ssp126,2050,bias,emulator_minus_cesm2,-0.8075556815679086,%
ssp126,2050,bias,cesm2_sigma,0.0160972688818948,%
ssp126,2051,bias,emulator_minus_cesm2,-0.5802791501012874,%
ssp126,2051,bias,cesm2_sigma,0.08251496251352998,%
ssp126,2052,bias,emulator_minus_cesm2,-0.2436131653863307,%
ssp126,2052,bias,cesm2_sigma,0.1663190899482061,%
ssp126,2053,bias,emulator_minus_cesm2,-0.3168515490476631,%
ssp126,2053,bias,cesm2_sigma,0.15248510439557908,%
ssp126,2054,bias,emulator_minus_cesm2,-0.4061931174987272,%
ssp126,2054,bias,cesm2_sigma,0.3182628602646126,%
ssp126,2055,bias,emulator_minus_cesm2,-0.331623795689167,%
ssp126,2055,bias,cesm2_sigma,0.8629978668496668,%
ssp126,2056,bias,emulator_minus_cesm2,0.18705884788660354,%
ssp126,2056,bias,cesm2_sigma,0.25296941956936914,%
ssp126,2057,bias,emulator_minus_cesm2,-0.8488918717155731,%
ssp126,2057,bias,cesm2_sigma,0.5654320425642102,%
ssp126,2058,bias,emulator_minus_cesm2,0.13867976540067817,%
ssp126,2058,bias,cesm2_sigma,0.5633145196164898,%
ssp126,2059,bias,emulator_minus_cesm2,-0.37831660743409046,%
ssp126,2059,bias,cesm2_sigma,0.2091919368223562,%
ssp126,2060,bias,emulator_minus_cesm2,-0.5116671451282309,%
ssp126,2060,bias,cesm2_sigma,0.4705622694554224,%
ssp126,2061,bias,emulator_minus_cesm2,-0.7164235587046677,%
ssp126,2061,bias,cesm2_sigma,0.6068934414603436,%
ssp126,2062,bias,emulator_minus_cesm2,-0.09099603082655694,%
ssp126,2062,bias,cesm2_sigma,0.8542746137457554,%
ssp126,2063,bias,emulator_minus_cesm2,-0.6322715652497535,%
ssp126,2063,bias,cesm2_sigma,0.360763992644937,%
ssp126,2064,bias,emulator_minus_cesm2,-0.35612349449421243,%
ssp126,2064,bias,cesm2_sigma,0.428409951330875,%
ssp126,2065,bias,emulator_minus_cesm2,-0.46144955279453104,%
ssp126,2065,bias,cesm2_sigma,0.4130594583195072,%
ssp126,2066,bias,emulator_minus_cesm2,-0.8065339619603109,%
ssp126,2066,bias,cesm2_sigma,0.49648765526458405,%
ssp126,2067,bias,emulator_minus_cesm2,-0.3574822778568105,%
ssp126,2067,bias,cesm2_sigma,0.27552178265973976,%
ssp126,2068,bias,emulator_minus_cesm2,-0.3806868607238263,%
ssp126,2068,bias,cesm2_sigma,0.06670437450018693,%
ssp126,2069,bias,emulator_minus_cesm2,-0.41262531027704386,%
ssp126,2069,bias,cesm2_sigma,0.38997429219382035,%
ssp126,2070,bias,emulator_minus_cesm2,-0.8324468182069067,%
ssp126,2070,bias,cesm2_sigma,0.4506560891454086,%
ssp126,2071,bias,emulator_minus_cesm2,-0.6134262554260079,%
ssp126,2071,bias,cesm2_sigma,0.6317500735720855,%
ssp126,2072,bias,emulator_minus_cesm2,-0.9848863801352068,%
ssp126,2072,bias,cesm2_sigma,0.44553560077691406,%
ssp126,2073,bias,emulator_minus_cesm2,-0.7472627674144228,%
ssp126,2073,bias,cesm2_sigma,0.7249530413924737,%
ssp126,2074,bias,emulator_minus_cesm2,-0.7144749142375835,%
ssp126,2074,bias,cesm2_sigma,0.3458295853504604,%
ssp126,2075,bias,emulator_minus_cesm2,-0.9211950520724681,%
ssp126,2075,bias,cesm2_sigma,0.42574182972403585,%
ssp126,2076,bias,emulator_minus_cesm2,-1.0240557115036748,%
ssp126,2076,bias,cesm2_sigma,0.7025262905761954,%
ssp126,2077,bias,emulator_minus_cesm2,-0.35096825999177117,%
ssp126,2077,bias,cesm2_sigma,0.4274535740922556,%
ssp126,2078,bias,emulator_minus_cesm2,-0.5051923439987003,%
ssp126,2078,bias,cesm2_sigma,0.23353743508991676,%
ssp126,2079,bias,emulator_minus_cesm2,-0.8721856971229025,%
ssp126,2079,bias,cesm2_sigma,0.37503690177764926,%
ssp126,2080,bias,emulator_minus_cesm2,-0.6793794657237311,%
ssp126,2080,bias,cesm2_sigma,0.13266139184341422,%
ssp126,2081,bias,emulator_minus_cesm2,-1.1927928495871205,%
ssp126,2081,bias,cesm2_sigma,0.29419875976996634,%
ssp126,2082,bias,emulator_minus_cesm2,-0.6841715971209092,%
ssp126,2082,bias,cesm2_sigma,0.5184026312627638,%
ssp126,2083,bias,emulator_minus_cesm2,-1.0120484862382488,%
ssp126,2083,bias,cesm2_sigma,0.40142632561479136,%
ssp126,2084,bias,emulator_minus_cesm2,-0.760593259536051,%
ssp126,2084,bias,cesm2_sigma,0.6026932526371297,%
ssp126,2085,bias,emulator_minus_cesm2,-0.8467739603115323,%
ssp126,2085,bias,cesm2_sigma,0.504942024573041,%
ssp126,2086,bias,emulator_minus_cesm2,-1.121038949719511,%
ssp126,2086,bias,cesm2_sigma,0.5027273045409005,%
ssp126,2087,bias,emulator_minus_cesm2,-1.4072303110040605,%
ssp126,2087,bias,cesm2_sigma,0.6022939534780254,%
ssp126,2088,bias,emulator_minus_cesm2,-0.5284602898934163,%
ssp126,2088,bias,cesm2_sigma,0.888790582677919,%
ssp126,2089,bias,emulator_minus_cesm2,-0.5900081458013804,%
ssp126,2089,bias,cesm2_sigma,0.2222594275346359,%
ssp126,2090,bias,emulator_minus_cesm2,-1.6493623319038928,%
ssp126,2090,bias,cesm2_sigma,0.33512916445913415,%
ssp126,2091,bias,emulator_minus_cesm2,-0.7713096396927526,%
ssp126,2091,bias,cesm2_sigma,0.40495365508812586,%
ssp126,2092,bias,emulator_minus_cesm2,-0.6478094577046565,%
ssp126,2092,bias,cesm2_sigma,0.5960188475830611,%
ssp126,2093,bias,emulator_minus_cesm2,-1.3420388259964482,%
ssp126,2093,bias,cesm2_sigma,0.6514631211903068,%
ssp126,2094,bias,emulator_minus_cesm2,-0.971676604087981,%
ssp126,2094,bias,cesm2_sigma,0.29911859009328984,%
ssp126,2095,bias,emulator_minus_cesm2,-1.8730242174760714,%
ssp126,2095,bias,cesm2_sigma,0.23339964400408816,%
ssp126,2096,bias,emulator_minus_cesm2,-1.472039859299504,%
ssp126,2096,bias,cesm2_sigma,0.5045363610150054,%
ssp126,2097,bias,emulator_minus_cesm2,-1.3423037867107568,%
ssp126,2097,bias,cesm2_sigma,0.6509125387654786,%
ssp126,2098,bias,emulator_minus_cesm2,-1.489191948225813,%
ssp126,2098,bias,cesm2_sigma,0.6183421185891602,%
ssp126,2099,bias,emulator_minus_cesm2,-1.4489927372452809,%
ssp126,2099,bias,cesm2_sigma,0.3873711550857679,%
ssp126,2100,bias,emulator_minus_cesm2,-1.3932872595807924,%
ssp126,2100,bias,cesm2_sigma,0.3417442272280959,%
ssp245,2015,cesm2,r10i1p1f1,1.1381302762247603,%
ssp245,2016,cesm2,r10i1p1f1,-0.30613933405513694,%
ssp245,2017,cesm2,r10i1p1f1,0.18664171154413312,%
ssp245,2018,cesm2,r10i1p1f1,0.9964312285326337,%
ssp245,2019,cesm2,r10i1p1f1,0.042420245925424385,%
ssp245,2020,cesm2,r10i1p1f1,-0.08562519732029408,%
ssp245,2021,cesm2,r10i1p1f1,0.99805693322885,%
ssp245,2022,cesm2,r10i1p1f1,0.4995479469010028,%
ssp245,2023,cesm2,r10i1p1f1,1.2400911915783561,%
ssp245,2024,cesm2,r10i1p1f1,1.4023384003790578,%
ssp245,2025,cesm2,r10i1p1f1,0.49975544863903393,%
ssp245,2026,cesm2,r10i1p1f1,1.4740506671754725,%
ssp245,2027,cesm2,r10i1p1f1,1.351970440020913,%
ssp245,2028,cesm2,r10i1p1f1,1.520762892926026,%
ssp245,2029,cesm2,r10i1p1f1,0.5232836200868772,%
ssp245,2030,cesm2,r10i1p1f1,1.0635971956512036,%
ssp245,2031,cesm2,r10i1p1f1,1.097618098040701,%
ssp245,2032,cesm2,r10i1p1f1,1.8364812454378594,%
ssp245,2033,cesm2,r10i1p1f1,0.5166232322832351,%
ssp245,2034,cesm2,r10i1p1f1,1.2408768448237406,%
ssp245,2035,cesm2,r10i1p1f1,1.2245512980086533,%
ssp245,2036,cesm2,r10i1p1f1,0.7481419781031781,%
ssp245,2037,cesm2,r10i1p1f1,0.7519977865137464,%
ssp245,2038,cesm2,r10i1p1f1,1.8610187951011352,%
ssp245,2039,cesm2,r10i1p1f1,2.4083155146526867,%
ssp245,2040,cesm2,r10i1p1f1,3.006533414929792,%
ssp245,2041,cesm2,r10i1p1f1,0.766308396030726,%
ssp245,2042,cesm2,r10i1p1f1,1.7948103061704463,%
ssp245,2043,cesm2,r10i1p1f1,2.5970237286005253,%
ssp245,2044,cesm2,r10i1p1f1,2.665934581637194,%
ssp245,2045,cesm2,r10i1p1f1,2.2112014041699957,%
ssp245,2046,cesm2,r10i1p1f1,1.8303523321216242,%
ssp245,2047,cesm2,r10i1p1f1,2.0619594109775456,%
ssp245,2048,cesm2,r10i1p1f1,2.628494745145832,%
ssp245,2049,cesm2,r10i1p1f1,2.4984390932008815,%
ssp245,2050,cesm2,r10i1p1f1,3.0559697580286596,%
ssp245,2051,cesm2,r10i1p1f1,2.7823305692605063,%
ssp245,2052,cesm2,r10i1p1f1,2.6874055423378174,%
ssp245,2053,cesm2,r10i1p1f1,3.29387967261291,%
ssp245,2054,cesm2,r10i1p1f1,3.12068150096277,%
ssp245,2055,cesm2,r10i1p1f1,3.051187415005263,%
ssp245,2056,cesm2,r10i1p1f1,3.4841503294097067,%
ssp245,2057,cesm2,r10i1p1f1,4.002051390593363,%
ssp245,2058,cesm2,r10i1p1f1,3.0190049704594317,%
ssp245,2059,cesm2,r10i1p1f1,2.8011659501505375,%
ssp245,2060,cesm2,r10i1p1f1,3.6293869277829094,%
ssp245,2061,cesm2,r10i1p1f1,2.9284735437394316,%
ssp245,2062,cesm2,r10i1p1f1,3.6151091639606188,%
ssp245,2063,cesm2,r10i1p1f1,2.7344397084614473,%
ssp245,2064,cesm2,r10i1p1f1,4.20713325917964,%
ssp245,2065,cesm2,r10i1p1f1,4.084879528928168,%
ssp245,2066,cesm2,r10i1p1f1,2.928558078530422,%
ssp245,2067,cesm2,r10i1p1f1,3.980548022996033,%
ssp245,2068,cesm2,r10i1p1f1,4.039042705234504,%
ssp245,2069,cesm2,r10i1p1f1,3.848389008615968,%
ssp245,2070,cesm2,r10i1p1f1,4.19072995828787,%
ssp245,2071,cesm2,r10i1p1f1,3.6084941016047862,%
ssp245,2072,cesm2,r10i1p1f1,2.958496202910703,%
ssp245,2073,cesm2,r10i1p1f1,4.302227993887606,%
ssp245,2074,cesm2,r10i1p1f1,4.289329481519325,%
ssp245,2075,cesm2,r10i1p1f1,5.127137594993995,%
ssp245,2076,cesm2,r10i1p1f1,4.133842586469024,%
ssp245,2077,cesm2,r10i1p1f1,4.598836258118389,%
ssp245,2078,cesm2,r10i1p1f1,4.7874755305933885,%
ssp245,2079,cesm2,r10i1p1f1,4.034262107569591,%
ssp245,2080,cesm2,r10i1p1f1,4.072007519722928,%
ssp245,2081,cesm2,r10i1p1f1,5.380100846348215,%
ssp245,2082,cesm2,r10i1p1f1,4.269550992587301,%
ssp245,2083,cesm2,r10i1p1f1,4.71795481332337,%
ssp245,2084,cesm2,r10i1p1f1,4.059214637543755,%
ssp245,2085,cesm2,r10i1p1f1,4.868913266599881,%
ssp245,2086,cesm2,r10i1p1f1,4.826182932910321,%
ssp245,2087,cesm2,r10i1p1f1,5.578214210172038,%
ssp245,2088,cesm2,r10i1p1f1,3.9011311965932167,%
ssp245,2089,cesm2,r10i1p1f1,5.215024303393263,%
ssp245,2090,cesm2,r10i1p1f1,5.654252431350751,%
ssp245,2091,cesm2,r10i1p1f1,4.981477756254839,%
ssp245,2092,cesm2,r10i1p1f1,5.6777206295319225,%
ssp245,2093,cesm2,r10i1p1f1,5.54622885716589,%
ssp245,2094,cesm2,r10i1p1f1,5.513013322844553,%
ssp245,2095,cesm2,r10i1p1f1,5.75625204635293,%
ssp245,2096,cesm2,r10i1p1f1,5.6446691126039,%
ssp245,2097,cesm2,r10i1p1f1,6.718459058294498,%
ssp245,2098,cesm2,r10i1p1f1,4.846629023566633,%
ssp245,2099,cesm2,r10i1p1f1,5.63340282947697,%
ssp245,2100,cesm2,r10i1p1f1,6.114935120175075,%
ssp245,2015,cesm2,r11i1p1f1,0.5363992286776146,%
ssp245,2016,cesm2,r11i1p1f1,0.555169367123916,%
ssp245,2017,cesm2,r11i1p1f1,-0.3173071091002274,%
ssp245,2018,cesm2,r11i1p1f1,-0.6505825218722101,%
ssp245,2019,cesm2,r11i1p1f1,0.6904138303410847,%
ssp245,2020,cesm2,r11i1p1f1,0.5664282878588613,%
ssp245,2021,cesm2,r11i1p1f1,1.0299796027300212,%
ssp245,2022,cesm2,r11i1p1f1,0.284385105028135,%
ssp245,2023,cesm2,r11i1p1f1,0.37948551242580086,%
ssp245,2024,cesm2,r11i1p1f1,1.614222808020842,%
ssp245,2025,cesm2,r11i1p1f1,0.20979608475584555,%
ssp245,2026,cesm2,r11i1p1f1,-0.4939874281985433,%
ssp245,2027,cesm2,r11i1p1f1,1.285223609750288,%
ssp245,2028,cesm2,r11i1p1f1,-0.07064473770279937,%
ssp245,2029,cesm2,r11i1p1f1,0.06549810102491596,%
ssp245,2030,cesm2,r11i1p1f1,1.8006846339088562,%
ssp245,2031,cesm2,r11i1p1f1,0.6841163667282382,%
ssp245,2032,cesm2,r11i1p1f1,1.2764453489780916,%
ssp245,2033,cesm2,r11i1p1f1,1.8968660906111015,%
ssp245,2034,cesm2,r11i1p1f1,1.2351042515206392,%
ssp245,2035,cesm2,r11i1p1f1,0.9251409440813908,%
ssp245,2036,cesm2,r11i1p1f1,1.5790389599189827,%
ssp245,2037,cesm2,r11i1p1f1,1.4348432041921846,%
ssp245,2038,cesm2,r11i1p1f1,1.7363593459240778,%
ssp245,2039,cesm2,r11i1p1f1,1.7050367570355947,%
ssp245,2040,cesm2,r11i1p1f1,1.7036500700259685,%
ssp245,2041,cesm2,r11i1p1f1,2.6607619066289954,%
ssp245,2042,cesm2,r11i1p1f1,1.7179266369562498,%
ssp245,2043,cesm2,r11i1p1f1,2.4204651567960256,%
ssp245,2044,cesm2,r11i1p1f1,2.285318463566837,%
ssp245,2045,cesm2,r11i1p1f1,2.461232698235046,%
ssp245,2046,cesm2,r11i1p1f1,1.7007439261549735,%
ssp245,2047,cesm2,r11i1p1f1,2.698570178064941,%
ssp245,2048,cesm2,r11i1p1f1,1.9223855275288617,%
ssp245,2049,cesm2,r11i1p1f1,3.5526342986620736,%
ssp245,2050,cesm2,r11i1p1f1,1.9990933111389522,%
ssp245,2051,cesm2,r11i1p1f1,2.479593176308969,%
ssp245,2052,cesm2,r11i1p1f1,3.8537552619534288,%
ssp245,2053,cesm2,r11i1p1f1,1.4970616310826106,%
ssp245,2054,cesm2,r11i1p1f1,2.209031860381146,%
ssp245,2055,cesm2,r11i1p1f1,3.4588381266231614,%
ssp245,2056,cesm2,r11i1p1f1,2.7288913820453353,%
ssp245,2057,cesm2,r11i1p1f1,2.8729963083788377,%
ssp245,2058,cesm2,r11i1p1f1,3.1887031625208593,%
ssp245,2059,cesm2,r11i1p1f1,2.49590324586706,%
ssp245,2060,cesm2,r11i1p1f1,3.732437782425482,%
ssp245,2061,cesm2,r11i1p1f1,3.2106470780302643,%
ssp245,2062,cesm2,r11i1p1f1,2.9936745124502426,%
ssp245,2063,cesm2,r11i1p1f1,3.046919180859547,%
ssp245,2064,cesm2,r11i1p1f1,3.3665516564101092,%
ssp245,2065,cesm2,r11i1p1f1,3.4469519517881615,%
ssp245,2066,cesm2,r11i1p1f1,3.2315119395810084,%
ssp245,2067,cesm2,r11i1p1f1,4.237659230845633,%
ssp245,2068,cesm2,r11i1p1f1,3.029181876090942,%
ssp245,2069,cesm2,r11i1p1f1,3.625440147160795,%
ssp245,2070,cesm2,r11i1p1f1,3.7482549430023715,%
ssp245,2071,cesm2,r11i1p1f1,3.8130439704449586,%
ssp245,2072,cesm2,r11i1p1f1,4.037574277843761,%
ssp245,2073,cesm2,r11i1p1f1,3.8637112123737327,%
ssp245,2074,cesm2,r11i1p1f1,3.7394666571925157,%
ssp245,2075,cesm2,r11i1p1f1,4.576365068446999,%
ssp245,2076,cesm2,r11i1p1f1,3.730048024485682,%
ssp245,2077,cesm2,r11i1p1f1,4.077381998804274,%
ssp245,2078,cesm2,r11i1p1f1,4.2101637406472685,%
ssp245,2079,cesm2,r11i1p1f1,4.118388586124932,%
ssp245,2080,cesm2,r11i1p1f1,4.720430492420412,%
ssp245,2081,cesm2,r11i1p1f1,4.642773642134709,%
ssp245,2082,cesm2,r11i1p1f1,5.085861487615667,%
ssp245,2083,cesm2,r11i1p1f1,4.416996349575526,%
ssp245,2084,cesm2,r11i1p1f1,4.943358469363464,%
ssp245,2085,cesm2,r11i1p1f1,5.618757944992189,%
ssp245,2086,cesm2,r11i1p1f1,4.20121869791124,%
ssp245,2087,cesm2,r11i1p1f1,4.75592452437367,%
ssp245,2088,cesm2,r11i1p1f1,5.388203397997459,%
ssp245,2089,cesm2,r11i1p1f1,4.934622763078551,%
ssp245,2090,cesm2,r11i1p1f1,5.892181214973747,%
ssp245,2091,cesm2,r11i1p1f1,5.064523724414043,%
ssp245,2092,cesm2,r11i1p1f1,6.00757807792555,%
ssp245,2093,cesm2,r11i1p1f1,4.696985095255395,%
ssp245,2094,cesm2,r11i1p1f1,5.995073296421167,%
ssp245,2095,cesm2,r11i1p1f1,4.715470953172883,%
ssp245,2096,cesm2,r11i1p1f1,5.634009303258027,%
ssp245,2097,cesm2,r11i1p1f1,5.151824315302277,%
ssp245,2098,cesm2,r11i1p1f1,5.531907761478428,%
ssp245,2099,cesm2,r11i1p1f1,5.0586018661914585,%
ssp245,2100,cesm2,r11i1p1f1,5.966525133873512,%
ssp245,2015,cesm2,r4i1p1f1,0.13020652751894102,%
ssp245,2016,cesm2,r4i1p1f1,0.1841628925481281,%
ssp245,2017,cesm2,r4i1p1f1,-0.31926820703468556,%
ssp245,2018,cesm2,r4i1p1f1,-0.15568640322782273,%
ssp245,2019,cesm2,r4i1p1f1,0.5598858104517282,%
ssp245,2020,cesm2,r4i1p1f1,0.07506412091958989,%
ssp245,2021,cesm2,r4i1p1f1,-0.20011742930508236,%
ssp245,2022,cesm2,r4i1p1f1,0.1980445107322686,%
ssp245,2023,cesm2,r4i1p1f1,0.7181001802326041,%
ssp245,2024,cesm2,r4i1p1f1,1.72747696497818,%
ssp245,2025,cesm2,r4i1p1f1,0.5341173944211832,%
ssp245,2026,cesm2,r4i1p1f1,-0.1516866443068297,%
ssp245,2027,cesm2,r4i1p1f1,0.8211868548689815,%
ssp245,2028,cesm2,r4i1p1f1,1.2107509356956672,%
ssp245,2029,cesm2,r4i1p1f1,1.0893951833770634,%
ssp245,2030,cesm2,r4i1p1f1,1.8764143159086537,%
ssp245,2031,cesm2,r4i1p1f1,0.8065484936013988,%
ssp245,2032,cesm2,r4i1p1f1,0.8786279142886336,%
ssp245,2033,cesm2,r4i1p1f1,1.445510871893522,%
ssp245,2034,cesm2,r4i1p1f1,2.089897652385356,%
ssp245,2035,cesm2,r4i1p1f1,1.2898896896334577,%
ssp245,2036,cesm2,r4i1p1f1,1.262192982075137,%
ssp245,2037,cesm2,r4i1p1f1,2.0845820455948965,%
ssp245,2038,cesm2,r4i1p1f1,1.4623754803527256,%
ssp245,2039,cesm2,r4i1p1f1,1.165262412028227,%
ssp245,2040,cesm2,r4i1p1f1,0.8544737586077313,%
ssp245,2041,cesm2,r4i1p1f1,2.179718588368416,%
ssp245,2042,cesm2,r4i1p1f1,1.4856924838889736,%
ssp245,2043,cesm2,r4i1p1f1,1.9204658618442485,%
ssp245,2044,cesm2,r4i1p1f1,2.6441398247463015,%
ssp245,2045,cesm2,r4i1p1f1,1.8181298572435771,%
ssp245,2046,cesm2,r4i1p1f1,2.775160148820318,%
ssp245,2047,cesm2,r4i1p1f1,2.0929216223107208,%
ssp245,2048,cesm2,r4i1p1f1,2.0238839638071475,%
ssp245,2049,cesm2,r4i1p1f1,2.6677666383559098,%
ssp245,2050,cesm2,r4i1p1f1,2.0922690254950584,%
ssp245,2051,cesm2,r4i1p1f1,3.0340903344387935,%
ssp245,2052,cesm2,r4i1p1f1,3.322655310229953,%
ssp245,2053,cesm2,r4i1p1f1,3.0125818131193576,%
ssp245,2054,cesm2,r4i1p1f1,3.1907681889045216,%
ssp245,2055,cesm2,r4i1p1f1,1.8946553874933025,%
ssp245,2056,cesm2,r4i1p1f1,2.169839939180709,%
ssp245,2057,cesm2,r4i1p1f1,2.537824716453708,%
ssp245,2058,cesm2,r4i1p1f1,2.4077381839959346,%
ssp245,2059,cesm2,r4i1p1f1,3.2525243407921725,%
ssp245,2060,cesm2,r4i1p1f1,2.286172700537087,%
ssp245,2061,cesm2,r4i1p1f1,2.6236148241517494,%
ssp245,2062,cesm2,r4i1p1f1,3.638401048593062,%
ssp245,2063,cesm2,r4i1p1f1,3.1042391956356314,%
ssp245,2064,cesm2,r4i1p1f1,3.6433362020902114,%
ssp245,2065,cesm2,r4i1p1f1,3.3040661855547526,%
ssp245,2066,cesm2,r4i1p1f1,2.966133023301743,%
ssp245,2067,cesm2,r4i1p1f1,3.6171035906344464,%
ssp245,2068,cesm2,r4i1p1f1,3.825068650942769,%
ssp245,2069,cesm2,r4i1p1f1,3.085443749660972,%
ssp245,2070,cesm2,r4i1p1f1,3.8606573806206854,%
ssp245,2071,cesm2,r4i1p1f1,3.88884045789151,%
ssp245,2072,cesm2,r4i1p1f1,4.158231914000646,%
ssp245,2073,cesm2,r4i1p1f1,3.893410651649277,%
ssp245,2074,cesm2,r4i1p1f1,4.721635892506991,%
ssp245,2075,cesm2,r4i1p1f1,3.26285504549551,%
ssp245,2076,cesm2,r4i1p1f1,4.305661617699765,%
ssp245,2077,cesm2,r4i1p1f1,4.9705718639273435,%
ssp245,2078,cesm2,r4i1p1f1,4.12366116544286,%
ssp245,2079,cesm2,r4i1p1f1,4.716099497579424,%
ssp245,2080,cesm2,r4i1p1f1,5.247976217967737,%
ssp245,2081,cesm2,r4i1p1f1,3.9034050179230917,%
ssp245,2082,cesm2,r4i1p1f1,4.757908507694733,%
ssp245,2083,cesm2,r4i1p1f1,4.763100090873856,%
ssp245,2084,cesm2,r4i1p1f1,3.8478972356535515,%
ssp245,2085,cesm2,r4i1p1f1,4.951002230125796,%
ssp245,2086,cesm2,r4i1p1f1,4.883969799278288,%
ssp245,2087,cesm2,r4i1p1f1,5.589557887704063,%
ssp245,2088,cesm2,r4i1p1f1,5.013716856645633,%
ssp245,2089,cesm2,r4i1p1f1,5.155808611170571,%
ssp245,2090,cesm2,r4i1p1f1,4.8674541261957796,%
ssp245,2091,cesm2,r4i1p1f1,5.610973940054435,%
ssp245,2092,cesm2,r4i1p1f1,5.274290296649099,%
ssp245,2093,cesm2,r4i1p1f1,5.861380139144365,%
ssp245,2094,cesm2,r4i1p1f1,4.890855668783055,%
ssp245,2095,cesm2,r4i1p1f1,5.77265664162276,%
ssp245,2096,cesm2,r4i1p1f1,5.33483863787804,%
ssp245,2097,cesm2,r4i1p1f1,5.680274361101576,%
ssp245,2098,cesm2,r4i1p1f1,5.251453350172893,%
ssp245,2099,cesm2,r4i1p1f1,5.477773002692993,%
ssp245,2100,cesm2,r4i1p1f1,6.419509612923728,%
ssp245,2015,emulator,ensemble_mean,0.44629759953052717,%
ssp245,2016,emulator,ensemble_mean,0.6950731392698566,%
ssp245,2017,emulator,ensemble_mean,0.7562961863677019,%
ssp245,2018,emulator,ensemble_mean,0.59775524233157,%
ssp245,2019,emulator,ensemble_mean,0.9717667719201093,%
ssp245,2020,emulator,ensemble_mean,1.2652472691356162,%
ssp245,2021,emulator,ensemble_mean,0.9975135879377673,%
ssp245,2022,emulator,ensemble_mean,1.026039395256072,%
ssp245,2023,emulator,ensemble_mean,1.0247086498283404,%
ssp245,2024,emulator,ensemble_mean,1.1474377305232184,%
ssp245,2025,emulator,ensemble_mean,1.3011135178621458,%
ssp245,2026,emulator,ensemble_mean,1.2626523420188311,%
ssp245,2027,emulator,ensemble_mean,1.2896543119083435,%
ssp245,2028,emulator,ensemble_mean,1.6191048636053988,%
ssp245,2029,emulator,ensemble_mean,1.5768527312158356,%
ssp245,2030,emulator,ensemble_mean,1.4590975432985214,%
ssp245,2031,emulator,ensemble_mean,1.6568475099865942,%
ssp245,2032,emulator,ensemble_mean,1.5724987966516804,%
ssp245,2033,emulator,ensemble_mean,2.0867938434244073,%
ssp245,2034,emulator,ensemble_mean,1.7473790048571398,%
ssp245,2035,emulator,ensemble_mean,1.9581149580916295,%
ssp245,2036,emulator,ensemble_mean,2.0726709777247105,%
ssp245,2037,emulator,ensemble_mean,2.2268781070879506,%
ssp245,2038,emulator,ensemble_mean,2.142464159370536,%
ssp245,2039,emulator,ensemble_mean,2.5704704270262546,%
ssp245,2040,emulator,ensemble_mean,2.3443916072326494,%
ssp245,2041,emulator,ensemble_mean,2.3011411969763294,%
ssp245,2042,emulator,ensemble_mean,2.6177642120130447,%
ssp245,2043,emulator,ensemble_mean,2.630949572977551,%
ssp245,2044,emulator,ensemble_mean,2.7751553995626086,%
ssp245,2045,emulator,ensemble_mean,2.705912145035022,%
ssp245,2046,emulator,ensemble_mean,2.8647299407694833,%
ssp245,2047,emulator,ensemble_mean,2.82080356097585,%
ssp245,2048,emulator,ensemble_mean,2.990086719836616,%
ssp245,2049,emulator,ensemble_mean,3.1346207995253703,%
ssp245,2050,emulator,ensemble_mean,2.838970333465264,%
ssp245,2051,emulator,ensemble_mean,2.823195187428209,%
ssp245,2052,emulator,ensemble_mean,2.9969135996306764,%
ssp245,2053,emulator,ensemble_mean,3.068752132266256,%
ssp245,2054,emulator,ensemble_mean,3.3551030178534016,%
ssp245,2055,emulator,ensemble_mean,2.901564410456752,%
ssp245,2056,emulator,ensemble_mean,3.219744089874184,%
ssp245,2057,emulator,ensemble_mean,3.298263829446861,%
ssp245,2058,emulator,ensemble_mean,3.233750404234398,%
ssp245,2059,emulator,ensemble_mean,3.2576294158834496,%
ssp245,2060,emulator,ensemble_mean,3.260828288689547,%
ssp245,2061,emulator,ensemble_mean,3.20463539124507,%
ssp245,2062,emulator,ensemble_mean,3.6663069783012885,%
ssp245,2063,emulator,ensemble_mean,3.549521130752328,%
ssp245,2064,emulator,ensemble_mean,3.6914666500110647,%
ssp245,2065,emulator,ensemble_mean,3.669388866568662,%
ssp245,2066,emulator,ensemble_mean,3.6605516003448466,%
ssp245,2067,emulator,ensemble_mean,3.5903688655637276,%
ssp245,2068,emulator,ensemble_mean,3.7241491116031753,%
ssp245,2069,emulator,ensemble_mean,3.707781035880335,%
ssp245,2070,emulator,ensemble_mean,4.036269196727721,%
ssp245,2071,emulator,ensemble_mean,3.6681960846716204,%
ssp245,2072,emulator,ensemble_mean,3.576375073891961,%
ssp245,2073,emulator,ensemble_mean,3.831515060817352,%
ssp245,2074,emulator,ensemble_mean,3.991597157804553,%
ssp245,2075,emulator,ensemble_mean,3.803375995661167,%
ssp245,2076,emulator,ensemble_mean,3.8017241293541333,%
ssp245,2077,emulator,ensemble_mean,4.2330191476046535,%
ssp245,2078,emulator,ensemble_mean,4.083485597996196,%
ssp245,2079,emulator,ensemble_mean,4.260049004896996,%
ssp245,2080,emulator,ensemble_mean,4.013221790400954,%
ssp245,2081,emulator,ensemble_mean,4.154501991914417,%
ssp245,2082,emulator,ensemble_mean,4.344312310245539,%
ssp245,2083,emulator,ensemble_mean,4.279526750119593,%
ssp245,2084,emulator,ensemble_mean,4.301749959090842,%
ssp245,2085,emulator,ensemble_mean,4.146390151820557,%
ssp245,2086,emulator,ensemble_mean,4.1875203407636885,%
ssp245,2087,emulator,ensemble_mean,4.346237901295735,%
ssp245,2088,emulator,ensemble_mean,4.424815121247126,%
ssp245,2089,emulator,ensemble_mean,4.464747918511198,%
ssp245,2090,emulator,ensemble_mean,4.133401000398441,%
ssp245,2091,emulator,ensemble_mean,4.4114868381111405,%
ssp245,2092,emulator,ensemble_mean,4.6189246748726305,%
ssp245,2093,emulator,ensemble_mean,4.639616263902047,%
ssp245,2094,emulator,ensemble_mean,4.247608345820731,%
ssp245,2095,emulator,ensemble_mean,4.351447977596169,%
ssp245,2096,emulator,ensemble_mean,4.352758651613404,%
ssp245,2097,emulator,ensemble_mean,4.585885384274063,%
ssp245,2098,emulator,ensemble_mean,4.427825334408671,%
ssp245,2099,emulator,ensemble_mean,4.337930037014182,%
ssp245,2100,emulator,ensemble_mean,4.746841130950824,%
ssp245,2015,emulator,m1,1.0680935826094442,%
ssp245,2016,emulator,m1,1.719460672593954,%
ssp245,2017,emulator,m1,0.7940394156602916,%
ssp245,2018,emulator,m1,1.6454273041673064,%
ssp245,2019,emulator,m1,0.2796169684784605,%
ssp245,2020,emulator,m1,0.8355252311147153,%
ssp245,2021,emulator,m1,1.9912967446368195,%
ssp245,2022,emulator,m1,-0.056302263922094066,%
ssp245,2023,emulator,m1,1.7817433922510235,%
ssp245,2024,emulator,m1,1.7735155909586948,%
ssp245,2025,emulator,m1,1.7923735063385196,%
ssp245,2026,emulator,m1,1.3776743322014084,%
ssp245,2027,emulator,m1,0.7603358922166334,%
ssp245,2028,emulator,m1,1.5591049733119993,%
ssp245,2029,emulator,m1,0.8026808827060943,%
ssp245,2030,emulator,m1,1.0419839586534518,%
ssp245,2031,emulator,m1,2.340547102901298,%
ssp245,2032,emulator,m1,1.9074990449599958,%
ssp245,2033,emulator,m1,1.5810847728750548,%
ssp245,2034,emulator,m1,1.5196992859066107,%
ssp245,2035,emulator,m1,1.9750046658201448,%
ssp245,2036,emulator,m1,2.5531302896148835,%
ssp245,2037,emulator,m1,3.0067409123985036,%
ssp245,2038,emulator,m1,1.6606624967470525,%
ssp245,2039,emulator,m1,3.035717016133956,%
ssp245,2040,emulator,m1,2.676812628245483,%
ssp245,2041,emulator,m1,2.332676066769553,%
ssp245,2042,emulator,m1,1.3266948577506337,%
ssp245,2043,emulator,m1,1.942458783063251,%
ssp245,2044,emulator,m1,3.8546873340456496,%
ssp245,2045,emulator,m1,3.017365114453306,%
ssp245,2046,emulator,m1,2.3739892597953025,%
ssp245,2047,emulator,m1,2.9682904297916957,%
ssp245,2048,emulator,m1,4.040645113330913,%
ssp245,2049,emulator,m1,2.4360418839836377,%
ssp245,2050,emulator,m1,2.3038530495606895,%
ssp245,2051,emulator,m1,2.25197055463148,%
ssp245,2052,emulator,m1,1.8139607422517405,%
ssp245,2053,emulator,m1,2.919372257386602,%
ssp245,2054,emulator,m1,2.5984986937541548,%
ssp245,2055,emulator,m1,3.5434229867982756,%
ssp245,2056,emulator,m1,2.9679619441459204,%
ssp245,2057,emulator,m1,3.8932065213587643,%
ssp245,2058,emulator,m1,3.4379581335125495,%
ssp245,2059,emulator,m1,3.783400627630814,%
ssp245,2060,emulator,m1,2.9360361905230796,%
ssp245,2061,emulator,m1,3.8209581619415545,%
ssp245,2062,emulator,m1,3.4512790184135533,%
ssp245,2063,emulator,m1,3.5453589680421205,%
ssp245,2064,emulator,m1,2.859189861528715,%
ssp245,2065,emulator,m1,2.230094778801212,%
ssp245,2066,emulator,m1,3.5564317265068315,%
ssp245,2067,emulator,m1,3.6747261905590083,%
ssp245,2068,emulator,m1,4.701907343131089,%
ssp245,2069,emulator,m1,3.6507037088899543,%
ssp245,2070,emulator,m1,4.420665268249207,%
ssp245,2071,emulator,m1,2.5792610300342957,%
ssp245,2072,emulator,m1,4.005230303275717,%
ssp245,2073,emulator,m1,2.563440440878036,%
ssp245,2074,emulator,m1,4.852523845135717,%
ssp245,2075,emulator,m1,4.1854091640026265,%
ssp245,2076,emulator,m1,4.4176799694960325,%
ssp245,2077,emulator,m1,4.545152736264649,%
ssp245,2078,emulator,m1,3.8501304607102704,%
ssp245,2079,emulator,m1,4.795208282384634,%
ssp245,2080,emulator,m1,5.369861757848254,%
ssp245,2081,emulator,m1,4.996519913660175,%
ssp245,2082,emulator,m1,3.5929936592184686,%
ssp245,2083,emulator,m1,3.9077086149488283,%
ssp245,2084,emulator,m1,4.0366921670833955,%
ssp245,2085,emulator,m1,4.827765346083797,%
ssp245,2086,emulator,m1,4.110132540351953,%
ssp245,2087,emulator,m1,3.3193516638359353,%
ssp245,2088,emulator,m1,4.657443359558107,%
ssp245,2089,emulator,m1,4.351527714637196,%
ssp245,2090,emulator,m1,3.4405384617488535,%
ssp245,2091,emulator,m1,4.940532501511138,%
ssp245,2092,emulator,m1,5.059774485452838,%
ssp245,2093,emulator,m1,5.0260299602662215,%
ssp245,2094,emulator,m1,2.603190350629284,%
ssp245,2095,emulator,m1,4.046884559261833,%
ssp245,2096,emulator,m1,3.1671005376005703,%
ssp245,2097,emulator,m1,4.3610720563620955,%
ssp245,2098,emulator,m1,4.639975586113743,%
ssp245,2099,emulator,m1,3.413810373517744,%
ssp245,2100,emulator,m1,5.214366870977186,%
ssp245,2015,emulator,m2,0.8994920141426372,%
ssp245,2016,emulator,m2,-0.05393476350007762,%
ssp245,2017,emulator,m2,0.6150287775173081,%
ssp245,2018,emulator,m2,0.22448105443429728,%
ssp245,2019,emulator,m2,0.4520749185208646,%
ssp245,2020,emulator,m2,1.898750646457731,%
ssp245,2021,emulator,m2,1.0000890954059738,%
ssp245,2022,emulator,m2,1.5396474970989709,%
ssp245,2023,emulator,m2,1.4244560720629262,%
ssp245,2024,emulator,m2,1.947295997943075,%
ssp245,2025,emulator,m2,1.8005134410074028,%
ssp245,2026,emulator,m2,-0.13580308750661954,%
ssp245,2027,emulator,m2,0.023591849089944834,%
ssp245,2028,emulator,m2,2.7382634085453676,%
ssp245,2029,emulator,m2,1.8926965482369316,%
ssp245,2030,emulator,m2,2.364825446659513,%
ssp245,2031,emulator,m2,1.1144399747421359,%
ssp245,2032,emulator,m2,0.8388999520260674,%
ssp245,2033,emulator,m2,2.5952765492799976,%
ssp245,2034,emulator,m2,1.7286404413485281,%
ssp245,2035,emulator,m2,2.2292175238639236,%
ssp245,2036,emulator,m2,2.012486343129936,%
ssp245,2037,emulator,m2,1.9793098060543326,%
ssp245,2038,emulator,m2,2.547129792126257,%
ssp245,2039,emulator,m2,3.3415867494081493,%
ssp245,2040,emulator,m2,2.127309376668809,%
ssp245,2041,emulator,m2,2.4555873092002725,%
ssp245,2042,emulator,m2,3.450124913573197,%
ssp245,2043,emulator,m2,2.4007337282350294,%
ssp245,2044,emulator,m2,2.688507106654748,%
ssp245,2045,emulator,m2,2.294206466372417,%
ssp245,2046,emulator,m2,3.04906339266362,%
ssp245,2047,emulator,m2,2.0362339428932277,%
ssp245,2048,emulator,m2,2.51629212564869,%
ssp245,2049,emulator,m2,2.5819739116609672,%
ssp245,2050,emulator,m2,3.593021365597158,%
ssp245,2051,emulator,m2,2.9161880408924366,%
ssp245,2052,emulator,m2,3.6597836300512867,%
ssp245,2053,emulator,m2,2.9238764287813903,%
ssp245,2054,emulator,m2,2.3257249667879365,%
ssp245,2055,emulator,m2,2.5068326392317317,%
ssp245,2056,emulator,m2,3.3235353571407065,%
ssp245,2057,emulator,m2,4.106203502330074,%
ssp245,2058,emulator,m2,3.808629072150128,%
ssp245,2059,emulator,m2,2.980428206506098,%
ssp245,2060,emulator,m2,2.961626998317063,%
ssp245,2061,emulator,m2,3.1947359483863975,%
ssp245,2062,emulator,m2,4.252309037933004,%
ssp245,2063,emulator,m2,4.067780400258512,%
ssp245,2064,emulator,m2,3.738384015575031,%
ssp245,2065,emulator,m2,4.418194764492014,%
ssp245,2066,emulator,m2,4.850109151626526,%
ssp245,2067,emulator,m2,3.8169267648365603,%
ssp245,2068,emulator,m2,4.295746627907962,%
ssp245,2069,emulator,m2,2.5969409792936284,%
ssp245,2070,emulator,m2,4.706775693482517,%
ssp245,2071,emulator,m2,3.151739163707229,%
ssp245,2072,emulator,m2,4.334320937848607,%
ssp245,2073,emulator,m2,2.5793167099837233,%
ssp245,2074,emulator,m2,5.140222356685462,%
ssp245,2075,emulator,m2,5.687163374868022,%
ssp245,2076,emulator,m2,4.072307836829005,%
ssp245,2077,emulator,m2,3.7035988844473495,%
ssp245,2078,emulator,m2,3.892097246510468,%
ssp245,2079,emulator,m2,3.602579977144532,%
ssp245,2080,emulator,m2,4.036056903951962,%
ssp245,2081,emulator,m2,4.359721323374594,%
ssp245,2082,emulator,m2,5.419710031817203,%
ssp245,2083,emulator,m2,3.889198533861291,%
ssp245,2084,emulator,m2,4.314567474503599,%
ssp245,2085,emulator,m2,3.888828795625921,%
ssp245,2086,emulator,m2,5.173318315005697,%
ssp245,2087,emulator,m2,3.941363036720598,%
ssp245,2088,emulator,m2,3.8895676702919597,%
ssp245,2089,emulator,m2,5.204905007588559,%
ssp245,2090,emulator,m2,3.9153761723654483,%
ssp245,2091,emulator,m2,4.310704699247581,%
ssp245,2092,emulator,m2,4.044726963557503,%
ssp245,2093,emulator,m2,5.518476595658013,%
ssp245,2094,emulator,m2,4.9593002119675615,%
ssp245,2095,emulator,m2,5.210706092157197,%
ssp245,2096,emulator,m2,3.9682230379478143,%
ssp245,2097,emulator,m2,5.636855959043259,%
ssp245,2098,emulator,m2,3.9536386238044954,%
ssp245,2099,emulator,m2,4.791834379410693,%
ssp245,2100,emulator,m2,3.2843258024809194,%
ssp245,2015,emulator,m3,-0.048433477254243885,%
ssp245,2016,emulator,m3,1.144361153683981,%
ssp245,2017,emulator,m3,1.1721573988420104,%
ssp245,2018,emulator,m3,0.6860417185997811,%
ssp245,2019,emulator,m3,0.9708381610554924,%
ssp245,2020,emulator,m3,1.0400592421657695,%
ssp245,2021,emulator,m3,0.21365724626594315,%
ssp245,2022,emulator,m3,1.7491981074927965,%
ssp245,2023,emulator,m3,1.7745577194612692,%
ssp245,2024,emulator,m3,0.6430113876800219,%
ssp245,2025,emulator,m3,1.3940564335751584,%
ssp245,2026,emulator,m3,1.7108138437931457,%
ssp245,2027,emulator,m3,1.0498783515032195,%
ssp245,2028,emulator,m3,1.25202003402969,%
ssp245,2029,emulator,m3,1.6106083592056717,%
ssp245,2030,emulator,m3,1.951915264655185,%
ssp245,2031,emulator,m3,1.0286192922865112,%
ssp245,2032,emulator,m3,2.0915258868676823,%
ssp245,2033,emulator,m3,1.7547729663314229,%
ssp245,2034,emulator,m3,1.9824479693162202,%
ssp245,2035,emulator,m3,2.7379208589550483,%
ssp245,2036,emulator,m3,3.297007513946679,%
ssp245,2037,emulator,m3,1.3962434151579948,%
ssp245,2038,emulator,m3,1.769845668548395,%
ssp245,2039,emulator,m3,3.6017288095284923,%
ssp245,2040,emulator,m3,2.0618153787776157,%
ssp245,2041,emulator,m3,2.0200254809742613,%
ssp245,2042,emulator,m3,2.6893089278508984,%
ssp245,2043,emulator,m3,1.5599236471531304,%
ssp245,2044,emulator,m3,2.2787764752260595,%
ssp245,2045,emulator,m3,2.364256507016902,%
ssp245,2046,emulator,m3,2.4246247235140883,%
ssp245,2047,emulator,m3,2.884950547252229,%
ssp245,2048,emulator,m3,3.791685252159567,%
ssp245,2049,emulator,m3,3.5821234738684926,%
ssp245,2050,emulator,m3,3.595837894050098,%
ssp245,2051,emulator,m3,3.4407244562226547,%
ssp245,2052,emulator,m3,3.58435329052947,%
ssp245,2053,emulator,m3,3.1717209651048908,%
ssp245,2054,emulator,m3,3.872395470778062,%
ssp245,2055,emulator,m3,3.6720891472900843,%
ssp245,2056,emulator,m3,1.735749324755532,%
ssp245,2057,emulator,m3,3.3745821233705033,%
ssp245,2058,emulator,m3,3.098532461829819,%
ssp245,2059,emulator,m3,3.1239407720144907,%
ssp245,2060,emulator,m3,4.033574712562699,%
ssp245,2061,emulator,m3,3.427608741307651,%
ssp245,2062,emulator,m3,3.654014078656046,%
ssp245,2063,emulator,m3,3.361601153770064,%
ssp245,2064,emulator,m3,3.6998035818176915,%
ssp245,2065,emulator,m3,2.810302220827913,%
ssp245,2066,emulator,m3,3.4790160550148057,%
ssp245,2067,emulator,m3,3.6355903739596944,%
ssp245,2068,emulator,m3,3.833666460019294,%
ssp245,2069,emulator,m3,4.090238913456583,%
ssp245,2070,emulator,m3,3.7242061361833985,%
ssp245,2071,emulator,m3,4.060847440434179,%
ssp245,2072,emulator,m3,2.242836633283198,%
ssp245,2073,emulator,m3,4.199647777001037,%
ssp245,2074,emulator,m3,3.796445172131875,%
ssp245,2075,emulator,m3,3.833136521046277,%
ssp245,2076,emulator,m3,3.697474540106541,%
ssp245,2077,emulator,m3,3.3637681749205965,%
ssp245,2078,emulator,m3,4.763213533052048,%
ssp245,2079,emulator,m3,4.940487890112945,%
ssp245,2080,emulator,m3,4.737143839342447,%
ssp245,2081,emulator,m3,3.8683525713184874,%
ssp245,2082,emulator,m3,3.68467284981426,%
ssp245,2083,emulator,m3,4.895744475673741,%
ssp245,2084,emulator,m3,4.404663384203509,%
ssp245,2085,emulator,m3,3.7466263176480172,%
ssp245,2086,emulator,m3,4.421316937526383,%
ssp245,2087,emulator,m3,4.603631707491885,%
ssp245,2088,emulator,m3,4.772204145902157,%
ssp245,2089,emulator,m3,4.427571520810243,%
ssp245,2090,emulator,m3,5.674606400803534,%
ssp245,2091,emulator,m3,5.964078255800111,%
ssp245,2092,emulator,m3,5.703116062078646,%
ssp245,2093,emulator,m3,4.3383370026839,%
ssp245,2094,emulator,m3,3.6085686610152656,%
ssp245,2095,emulator,m3,3.5920596363710873,%
ssp245,2096,emulator,m3,4.6253378308472275,%
ssp245,2097,emulator,m3,4.7779891005012765,%
ssp245,2098,emulator,m3,5.116483626122669,%
ssp245,2099,emulator,m3,4.086631172241283,%
ssp245,2100,emulator,m3,4.1780261343959735,%
ssp245,2015,emulator,m4,0.04103752399869254,%
ssp245,2016,emulator,m4,0.6597687611094206,%
ssp245,2017,emulator,m4,-0.2855637096895858,%
ssp245,2018,emulator,m4,1.2396088018414289,%
ssp245,2019,emulator,m4,0.015474681331555433,%
ssp245,2020,emulator,m4,2.01869323711103,%
ssp245,2021,emulator,m4,0.49055301055702044,%
ssp245,2022,emulator,m4,1.0125579107193265,%
ssp245,2023,emulator,m4,1.0767321493834803,%
ssp245,2024,emulator,m4,0.8931370543217253,%
ssp245,2025,emulator,m4,1.6280569116604324,%
ssp245,2026,emulator,m4,1.4596968385543092,%
ssp245,2027,emulator,m4,1.103862636085184,%
ssp245,2028,emulator,m4,1.9955558521482433,%
ssp245,2029,emulator,m4,2.354850742854056,%
ssp245,2030,emulator,m4,1.0599946470612003,%
ssp245,2031,emulator,m4,1.1687319678327963,%
ssp245,2032,emulator,m4,2.9866948919827427,%
ssp245,2033,emulator,m4,1.9363636221126732,%
ssp245,2034,emulator,m4,1.0559017231005006,%
ssp245,2035,emulator,m4,1.6995114949895065,%
ssp245,2036,emulator,m4,2.3924484768032,%
ssp245,2037,emulator,m4,2.131734474122391,%
ssp245,2038,emulator,m4,1.9608280221940537,%
ssp245,2039,emulator,m4,2.8202339932140297,%
ssp245,2040,emulator,m4,3.2098603735167854,%
ssp245,2041,emulator,m4,1.9539284002869397,%
ssp245,2042,emulator,m4,3.653139550830435,%
ssp245,2043,emulator,m4,2.0621507784954693,%
ssp245,2044,emulator,m4,3.0670611325606485,%
ssp245,2045,emulator,m4,3.643247073018167,%
ssp245,2046,emulator,m4,2.425013945226968,%
ssp245,2047,emulator,m4,3.5212295776266416,%
ssp245,2048,emulator,m4,2.143165465220988,%
ssp245,2049,emulator,m4,3.2607558281194735,%
ssp245,2050,emulator,m4,3.5460387454773246,%
ssp245,2051,emulator,m4,1.7110899622327242,%
ssp245,2052,emulator,m4,1.891237464971954,%
ssp245,2053,emulator,m4,3.738555744799442,%
ssp245,2054,emulator,m4,3.767352310125747,%
ssp245,2055,emulator,m4,2.684811634335452,%
ssp245,2056,emulator,m4,4.568291860159811,%
ssp245,2057,emulator,m4,3.5828159359879863,%
ssp245,2058,emulator,m4,2.8242903677363627,%
ssp245,2059,emulator,m4,3.340318521654429,%
ssp245,2060,emulator,m4,4.61013345159016,%
ssp245,2061,emulator,m4,3.6182443885953326,%
ssp245,2062,emulator,m4,2.694041789997167,%
ssp245,2063,emulator,m4,3.9568223551060164,%
ssp245,2064,emulator,m4,3.892192932598449,%
ssp245,2065,emulator,m4,2.5752708148723844,%
ssp245,2066,emulator,m4,2.7789659092358416,%
ssp245,2067,emulator,m4,3.940094066155911,%
ssp245,2068,emulator,m4,4.592554201442774,%
ssp245,2069,emulator,m4,3.9062053762022435,%
ssp245,2070,emulator,m4,4.008169444066948,%
ssp245,2071,emulator,m4,3.5698463469225534,%
ssp245,2072,emulator,m4,3.4498294994108822,%
ssp245,2073,emulator,m4,3.171457861364832,%
ssp245,2074,emulator,m4,5.6384598361436264,%
ssp245,2075,emulator,m4,4.137836165096903,%
ssp245,2076,emulator,m4,3.7000532939669433,%
ssp245,2077,emulator,m4,4.404428149810467,%
ssp245,2078,emulator,m4,4.393476254289293,%
ssp245,2079,emulator,m4,2.8676551709558167,%
ssp245,2080,emulator,m4,1.5778652260375476,%
ssp245,2081,emulator,m4,3.8323283768554712,%
ssp245,2082,emulator,m4,4.66941700974596,%
ssp245,2083,emulator,m4,4.2092647095223255,%
ssp245,2084,emulator,m4,4.649324187841116,%
ssp245,2085,emulator,m4,3.164697029585011,%
ssp245,2086,emulator,m4,3.3144362228710373,%
ssp245,2087,emulator,m4,3.259437329867774,%
ssp245,2088,emulator,m4,3.4714631400679803,%
ssp245,2089,emulator,m4,4.850772255830705,%
ssp245,2090,emulator,m4,3.3706896059117466,%
ssp245,2091,emulator,m4,4.647259372164464,%
ssp245,2092,emulator,m4,5.192442006007132,%
ssp245,2093,emulator,m4,3.8803289797079454,%
ssp245,2094,emulator,m4,4.477513295572895,%
ssp245,2095,emulator,m4,4.877856661360735,%
ssp245,2096,emulator,m4,4.656633676336974,%
ssp245,2097,emulator,m4,5.507809178057312,%
ssp245,2098,emulator,m4,4.635799148116208,%
ssp245,2099,emulator,m4,3.412393339193913,%
ssp245,2100,emulator,m4,5.436925888626823,%
ssp245,2015,emulator,m5,-0.4820578564787091,%
ssp245,2016,emulator,m5,-0.15352481692021816,%
ssp245,2017,emulator,m5,0.5199817427655569,%
ssp245,2018,emulator,m5,0.41218131927129836,%
ssp245,2019,emulator,m5,1.279676856668536,%
ssp245,2020,emulator,m5,1.538662590415417,%
ssp245,2021,emulator,m5,1.7473661585033984,%
ssp245,2022,emulator,m5,0.038791705818142355,%
ssp245,2023,emulator,m5,0.011139966847489998,%
ssp245,2024,emulator,m5,0.4174149650799744,%
ssp245,2025,emulator,m5,1.207441347989762,%
ssp245,2026,emulator,m5,1.1408380432490175,%
ssp245,2027,emulator,m5,0.29828417776485877,%
ssp245,2028,emulator,m5,0.15659072772134455,%
ssp245,2029,emulator,m5,0.8522964466981524,%
ssp245,2030,emulator,m5,1.9446548543828694,%
ssp245,2031,emulator,m5,1.7678178413681058,%
ssp245,2032,emulator,m5,1.8110706506117815,%
ssp245,2033,emulator,m5,1.818775270633555,%
ssp245,2034,emulator,m5,2.1551057206282125,%
ssp245,2035,emulator,m5,2.446963136020744,%
ssp245,2036,emulator,m5,2.423296897813618,%
ssp245,2037,emulator,m5,2.622584858423518,%
ssp245,2038,emulator,m5,2.49589939672291,%
ssp245,2039,emulator,m5,1.9720870647528548,%
ssp245,2040,emulator,m5,2.2985879118172696,%
ssp245,2041,emulator,m5,1.8041821348605875,%
ssp245,2042,emulator,m5,3.0451062975044945,%
ssp245,2043,emulator,m5,3.9281472960991195,%
ssp245,2044,emulator,m5,2.56921946942759,%
ssp245,2045,emulator,m5,3.2635436232763926,%
ssp245,2046,emulator,m5,4.699950950597478,%
ssp245,2047,emulator,m5,2.436641031958873,%
ssp245,2048,emulator,m5,1.7001536153743078,%
ssp245,2049,emulator,m5,3.264669626094659,%
ssp245,2050,emulator,m5,3.6048383194185356,%
ssp245,2051,emulator,m5,1.8799765530189705,%
ssp245,2052,emulator,m5,4.052309018397357,%
ssp245,2053,emulator,m5,2.4219610469272888,%
ssp245,2054,emulator,m5,3.6331703418253793,%
ssp245,2055,emulator,m5,3.119200616398652,%
ssp245,2056,emulator,m5,3.017805150067047,%
ssp245,2057,emulator,m5,4.208081936768641,%
ssp245,2058,emulator,m5,2.361638566474738,%
ssp245,2059,emulator,m5,2.6442867702946455,%
ssp245,2060,emulator,m5,3.0172912516518378,%
ssp245,2061,emulator,m5,2.467859960102493,%
ssp245,2062,emulator,m5,2.4124948360850382,%
ssp245,2063,emulator,m5,3.1841602535454374,%
ssp245,2064,emulator,m5,3.4195212849936056,%
ssp245,2065,emulator,m5,4.03837354674213,%
ssp245,2066,emulator,m5,4.40250128864262,%
ssp245,2067,emulator,m5,3.4084525490827735,%
ssp245,2068,emulator,m5,4.194353935684879,%
ssp245,2069,emulator,m5,4.545468689424208,%
ssp245,2070,emulator,m5,3.9709718539833334,%
ssp245,2071,emulator,m5,3.7258937763443236,%
ssp245,2072,emulator,m5,4.554581620014321,%
ssp245,2073,emulator,m5,4.610955917780392,%
ssp245,2074,emulator,m5,3.6158493797443376,%
ssp245,2075,emulator,m5,3.1325859976567743,%
ssp245,2076,emulator,m5,3.1215412058459435,%
ssp245,2077,emulator,m5,4.218785006063642,%
ssp245,2078,emulator,m5,4.719595718389427,%
ssp245,2079,emulator,m5,3.8362978732708073,%
ssp245,2080,emulator,m5,4.6617230087329755,%
ssp245,2081,emulator,m5,4.912046261699995,%
ssp245,2082,emulator,m5,4.964627364067134,%
ssp245,2083,emulator,m5,4.460459229154496,%
ssp245,2084,emulator,m5,4.491543497589575,%
ssp245,2085,emulator,m5,3.564707934151345,%
ssp245,2086,emulator,m5,3.7038946188433415,%
ssp245,2087,emulator,m5,4.473724179732203,%
ssp245,2088,emulator,m5,3.6542074672355804,%
ssp245,2089,emulator,m5,4.340720778648717,%
ssp245,2090,emulator,m5,3.8521388735270223,%
ssp245,2091,emulator,m5,3.8616391424742798,%
ssp245,2092,emulator,m5,4.155504599753212,%
ssp245,2093,emulator,m5,5.094854664907653,%
ssp245,2094,emulator,m5,4.368272390496781,%
ssp245,2095,emulator,m5,5.62037226821161,%
ssp245,2096,emulator,m5,4.275451497425108,%
ssp245,2097,emulator,m5,4.294452086232685,%
ssp245,2098,emulator,m5,4.135362088444179,%
ssp245,2099,emulator,m5,4.547932468734402,%
ssp245,2100,emulator,m5,4.832575850485353,%
ssp245,2015,emulator,m6,1.0879518819045182,%
ssp245,2016,emulator,m6,0.7625705991283804,%
ssp245,2017,emulator,m6,0.3083106583780261,%
ssp245,2018,emulator,m6,-0.4485186317589601,%
ssp245,2019,emulator,m6,-0.2272621325219886,%
ssp245,2020,emulator,m6,0.3171417436319216,%
ssp245,2021,emulator,m6,1.7726842353570238,%
ssp245,2022,emulator,m6,2.1989719036836184,%
ssp245,2023,emulator,m6,0.2321788383423227,%
ssp245,2024,emulator,m6,1.377100243176392,%
ssp245,2025,emulator,m6,0.8526794244388755,%
ssp245,2026,emulator,m6,1.3090453198075576,%
ssp245,2027,emulator,m6,1.6025541934025798,%
ssp245,2028,emulator,m6,1.6337190197654115,%
ssp245,2029,emulator,m6,1.7890429246040687,%
ssp245,2030,emulator,m6,1.5436207375326372,%
ssp245,2031,emulator,m6,1.8809104028998551,%
ssp245,2032,emulator,m6,1.4122592026927097,%
ssp245,2033,emulator,m6,2.420845629089129,%
ssp245,2034,emulator,m6,2.408037601547785,%
ssp245,2035,emulator,m6,1.9324493466434083,%
ssp245,2036,emulator,m6,2.1404867476551668,%
ssp245,2037,emulator,m6,2.4483780284124617,%
ssp245,2038,emulator,m6,1.7727288799423813,%
ssp245,2039,emulator,m6,2.163506804427325,%
ssp245,2040,emulator,m6,2.766260297348457,%
ssp245,2041,emulator,m6,2.0390314209669893,%
ssp245,2042,emulator,m6,3.0881191682811067,%
ssp245,2043,emulator,m6,1.7454528245314536,%
ssp245,2044,emulator,m6,2.790276688044602,%
ssp245,2045,emulator,m6,2.7414502951148556,%
ssp245,2046,emulator,m6,2.692642597367092,%
ssp245,2047,emulator,m6,3.8604772648534857,%
ssp245,2048,emulator,m6,2.117991643190934,%
ssp245,2049,emulator,m6,3.9579807028875353,%
ssp245,2050,emulator,m6,2.6260327036486357,%
ssp245,2051,emulator,m6,2.386777092537747,%
ssp245,2052,emulator,m6,3.3041983864169975,%
ssp245,2053,emulator,m6,2.4631639798377907,%
ssp245,2054,emulator,m6,3.4939701057758317,%
ssp245,2055,emulator,m6,2.8162475381122665,%
ssp245,2056,emulator,m6,3.703173110918052,%
ssp245,2057,emulator,m6,3.952881542326756,%
ssp245,2058,emulator,m6,2.185387018114911,%
ssp245,2059,emulator,m6,2.369531974209753,%
ssp245,2060,emulator,m6,2.9946431757970324,%
ssp245,2061,emulator,m6,3.225413202570746,%
ssp245,2062,emulator,m6,2.9930470185809783,%
ssp245,2063,emulator,m6,3.0812436787375566,%
ssp245,2064,emulator,m6,3.8722254653435404,%
ssp245,2065,emulator,m6,3.7937243077022025,%
ssp245,2066,emulator,m6,4.202192272285012,%
ssp245,2067,emulator,m6,4.265863089689592,%
ssp245,2068,emulator,m6,3.6630296309957915,%
ssp245,2069,emulator,m6,2.905097550214974,%
ssp245,2070,emulator,m6,4.6952257781646995,%
ssp245,2071,emulator,m6,4.037522595134639,%
ssp245,2072,emulator,m6,3.615992108354824,%
ssp245,2073,emulator,m6,3.3868129593273846,%
ssp245,2074,emulator,m6,3.2532540858287966,%
ssp245,2075,emulator,m6,3.7137570421230297,%
ssp245,2076,emulator,m6,3.8332679993537138,%
ssp245,2077,emulator,m6,3.971640492598083,%
ssp245,2078,emulator,m6,3.530031778935592,%
ssp245,2079,emulator,m6,5.663489590432088,%
ssp245,2080,emulator,m6,5.477184258155488,%
ssp245,2081,emulator,m6,4.186034337205949,%
ssp245,2082,emulator,m6,3.5528596821111593,%
ssp245,2083,emulator,m6,4.184376662479243,%
ssp245,2084,emulator,m6,4.344838379103432,%
ssp245,2085,emulator,m6,4.705851637546661,%
ssp245,2086,emulator,m6,3.5639880619991513,%
ssp245,2087,emulator,m6,3.5627420384344455,%
ssp245,2088,emulator,m6,4.369280207316495,%
ssp245,2089,emulator,m6,3.989101616090531,%
ssp245,2090,emulator,m6,5.300968402551765,%
ssp245,2091,emulator,m6,5.597432976623987,%
ssp245,2092,emulator,m6,4.39788621961285,%
ssp245,2093,emulator,m6,5.22720527380123,%
ssp245,2094,emulator,m6,4.72380446872079,%
ssp245,2095,emulator,m6,4.291398218508237,%
ssp245,2096,emulator,m6,4.337136917312615,%
ssp245,2097,emulator,m6,5.118941257227072,%
ssp245,2098,emulator,m6,3.7282483527000183,%
ssp245,2099,emulator,m6,4.040904337157731,%
ssp245,2100,emulator,m6,4.7502416829600795,%
ssp245,2015,emulator,m7,0.4063526695989188,%
ssp245,2016,emulator,m7,0.029728605048795605,%
ssp245,2017,emulator,m7,1.17650254990115,%
ssp245,2018,emulator,m7,0.16598340886497584,%
ssp245,2019,emulator,m7,0.6831980420135707,%
ssp245,2020,emulator,m7,1.2044665845056504,%
ssp245,2021,emulator,m7,0.8863684628556044,%
ssp245,2022,emulator,m7,0.6448553947139154,%
ssp245,2023,emulator,m7,0.7632960154164116,%
ssp245,2024,emulator,m7,1.5670484039641843,%
ssp245,2025,emulator,m7,1.3375514769214578,%
ssp245,2026,emulator,m7,1.4548872878805035,%
ssp245,2027,emulator,m7,1.6347308300677013,%
ssp245,2028,emulator,m7,1.6457148140334328,%
ssp245,2029,emulator,m7,2.514886035156565,%
ssp245,2030,emulator,m7,2.1760618167988213,%
ssp245,2031,emulator,m7,1.5358710581164703,%
ssp245,2032,emulator,m7,2.816103425448635,%
ssp245,2033,emulator,m7,2.306207686485085,%
ssp245,2034,emulator,m7,1.215018341628599,%
ssp245,2035,emulator,m7,1.0463163691879767,%
ssp245,2036,emulator,m7,1.8966956869976457,%
ssp245,2037,emulator,m7,3.315377498767847,%
ssp245,2038,emulator,m7,2.3721938523546697,%
ssp245,2039,emulator,m7,2.5121309515976065,%
ssp245,2040,emulator,m7,2.5873507968481113,%
ssp245,2041,emulator,m7,2.7306125041797364,%
ssp245,2042,emulator,m7,3.3372593416487706,%
ssp245,2043,emulator,m7,3.6860142320178837,%
ssp245,2044,emulator,m7,2.6045785573296025,%
ssp245,2045,emulator,m7,3.986011191596793,%
ssp245,2046,emulator,m7,2.675201341383903,%
ssp245,2047,emulator,m7,1.8226042345280176,%
ssp245,2048,emulator,m7,3.5073034823848284,%
ssp245,2049,emulator,m7,3.0629857583480358,%
ssp245,2050,emulator,m7,2.2909345471455054,%
ssp245,2051,emulator,m7,3.078551110493905,%
ssp245,2052,emulator,m7,2.974866206919368,%
ssp245,2053,emulator,m7,3.084546415158469,%
ssp245,2054,emulator,m7,2.76395558800026,%
ssp245,2055,emulator,m7,2.6243249660715344,%
ssp245,2056,emulator,m7,3.7052778831135345,%
ssp245,2057,emulator,m7,3.71951207445393,%
ssp245,2058,emulator,m7,4.748778438873074,%
ssp245,2059,emulator,m7,3.46958781433316,%
ssp245,2060,emulator,m7,2.9630438620465793,%
ssp245,2061,emulator,m7,4.284839942617587,%
ssp245,2062,emulator,m7,4.138036374064215,%
ssp245,2063,emulator,m7,3.265106978115193,%
ssp245,2064,emulator,m7,4.983596612210754,%
ssp245,2065,emulator,m7,2.3947566473905555,%
ssp245,2066,emulator,m7,4.537116875005804,%
ssp245,2067,emulator,m7,4.411307126155596,%
ssp245,2068,emulator,m7,3.641643960621866,%
ssp245,2069,emulator,m7,2.8765099994060295,%
ssp245,2070,emulator,m7,2.9737531029253446,%
ssp245,2071,emulator,m7,3.3705298749370014,%
ssp245,2072,emulator,m7,4.435400760535052,%
ssp245,2073,emulator,m7,3.6948944836695565,%
ssp245,2074,emulator,m7,4.228153500515774,%
ssp245,2075,emulator,m7,3.1408033004343423,%
ssp245,2076,emulator,m7,3.325850231816559,%
ssp245,2077,emulator,m7,5.1826545332984955,%
ssp245,2078,emulator,m7,4.686532408195909,%
ssp245,2079,emulator,m7,4.698039079273408,%
ssp245,2080,emulator,m7,4.536265059018726,%
ssp245,2081,emulator,m7,3.92215246889283,%
ssp245,2082,emulator,m7,5.255488450421584,%
ssp245,2083,emulator,m7,4.126030443109634,%
ssp245,2084,emulator,m7,4.941594535673173,%
ssp245,2085,emulator,m7,4.994900149871855,%
ssp245,2086,emulator,m7,4.6498472438377,%
ssp245,2087,emulator,m7,4.0297853835526345,%
ssp245,2088,emulator,m7,3.44122594027127,%
ssp245,2089,emulator,m7,4.027843639503148,%
ssp245,2090,emulator,m7,3.35204974964157,%
ssp245,2091,emulator,m7,4.334293850748807,%
ssp245,2092,emulator,m7,5.148137146321465,%
ssp245,2093,emulator,m7,4.605402228480289,%
ssp245,2094,emulator,m7,3.3888406252448604,%
ssp245,2095,emulator,m7,4.078896181574697,%
ssp245,2096,emulator,m7,4.603011616701597,%
ssp245,2097,emulator,m7,4.295755429495233,%
ssp245,2098,emulator,m7,4.6384875654591395,%
ssp245,2099,emulator,m7,3.4648203360871017,%
ssp245,2100,emulator,m7,6.131709605990896,%
ssp245,2015,emulator,m8,0.3370254135275005,%
ssp245,2016,emulator,m8,1.1165095320518879,%
ssp245,2017,emulator,m8,0.6064343442611679,%
ssp245,2018,emulator,m8,0.26279767452861397,%
ssp245,2019,emulator,m8,-0.36581563371465753,%
ssp245,2020,emulator,m8,2.359502810775571,%
ssp245,2021,emulator,m8,0.6970577237048223,%
ssp245,2022,emulator,m8,1.6499740386683204,%
ssp245,2023,emulator,m8,1.4818696163448486,%
ssp245,2024,emulator,m8,0.9999878190559179,%
ssp245,2025,emulator,m8,0.8423102828650494,%
ssp245,2026,emulator,m8,1.2281500914466101,%
ssp245,2027,emulator,m8,1.649360495716867,%
ssp245,2028,emulator,m8,2.008355018009278,%
ssp245,2029,emulator,m8,1.4707919097541733,%
ssp245,2030,emulator,m8,1.6927075716398194,%
ssp245,2031,emulator,m8,0.8053062753297341,%
ssp245,2032,emulator,m8,1.0032933472796506,%
ssp245,2033,emulator,m8,1.3301790315271511,%
ssp245,2034,emulator,m8,1.277169986120025,%
ssp245,2035,emulator,m8,2.247811523947511,%
ssp245,2036,emulator,m8,1.543461659104043,%
ssp245,2037,emulator,m8,2.8312535738660247,%
ssp245,2038,emulator,m8,2.503965655410702,%
ssp245,2039,emulator,m8,2.5982412432443427,%
ssp245,2040,emulator,m8,3.0829338340281933,%
ssp245,2041,emulator,m8,2.060382011377624,%
ssp245,2042,emulator,m8,2.940464318060147,%
ssp245,2043,emulator,m8,3.0110488189624163,%
ssp245,2044,emulator,m8,2.790359027021085,%
ssp245,2045,emulator,m8,0.9765592557843243,%
ssp245,2046,emulator,m8,2.2828262211968067,%
ssp245,2047,emulator,m8,3.5741744610836683,%
ssp245,2048,emulator,m8,2.865533276558852,%
ssp245,2049,emulator,m8,3.8484986204902443,%
ssp245,2050,emulator,m8,2.7965773468247486,%
ssp245,2051,emulator,m8,2.2697101795230363,%
ssp245,2052,emulator,m8,3.2800157465049566,%
ssp245,2053,emulator,m8,2.7181564780115823,%
ssp245,2054,emulator,m8,2.9497066649241814,%
ssp245,2055,emulator,m8,2.0526908079210227,%
ssp245,2056,emulator,m8,1.6413761659744825,%
ssp245,2057,emulator,m8,4.443407188703701,%
ssp245,2058,emulator,m8,2.8717907824877633,%
ssp245,2059,emulator,m8,2.1432461909361753,%
ssp245,2060,emulator,m8,3.9838733028975013,%
ssp245,2061,emulator,m8,2.9470332137517317,%
ssp245,2062,emulator,m8,4.1026899382184885,%
ssp245,2063,emulator,m8,4.240786878100498,%
ssp245,2064,emulator,m8,3.7110094186825884,%
ssp245,2065,emulator,m8,4.818901381041181,%
ssp245,2066,emulator,m8,3.2939373008456956,%
ssp245,2067,emulator,m8,3.51349595503555,%
ssp245,2068,emulator,m8,2.822367338838952,%
ssp245,2069,emulator,m8,3.1718073002291063,%
ssp245,2070,emulator,m8,4.232612490561921,%
ssp245,2071,emulator,m8,4.020157597589071,%
ssp245,2072,emulator,m8,3.1954727491773416,%
ssp245,2073,emulator,m8,3.3409019907420903,%
ssp245,2074,emulator,m8,3.9060997882782815,%
ssp245,2075,emulator,m8,2.7664210035218635,%
ssp245,2076,emulator,m8,3.183539928374304,%
ssp245,2077,emulator,m8,5.6353743145445465,%
ssp245,2078,emulator,m8,4.126663414676627,%
ssp245,2079,emulator,m8,4.787894143163227,%
ssp245,2080,emulator,m8,3.601203252838942,%
ssp245,2081,emulator,m8,3.8877194566391697,%
ssp245,2082,emulator,m8,3.989098482186271,%
ssp245,2083,emulator,m8,4.929427638250891,%
ssp245,2084,emulator,m8,5.068228876930675,%
ssp245,2085,emulator,m8,3.7619313141876356,%
ssp245,2086,emulator,m8,3.0339947153334696,%
ssp245,2087,emulator,m8,4.972930743368095,%
ssp245,2088,emulator,m8,4.490282603782581,%
ssp245,2089,emulator,m8,3.965105686265558,%
ssp245,2090,emulator,m8,4.292331736441249,%
ssp245,2091,emulator,m8,4.240359593311956,%
ssp245,2092,emulator,m8,5.112848656357259,%
ssp245,2093,emulator,m8,4.022823547041172,%
ssp245,2094,emulator,m8,4.289829283616822,%
ssp245,2095,emulator,m8,4.14311750380802,%
ssp245,2096,emulator,m8,4.179739975763391,%
ssp245,2097,emulator,m8,5.053964906024719,%
ssp245,2098,emulator,m8,5.295235429771825,%
ssp245,2099,emulator,m8,4.907481244873635,%
ssp245,2100,emulator,m8,4.347492381928074,%
ssp245,2015,emulator,m9,1.12580615788724,%
ssp245,2016,emulator,m9,0.5983750863827489,%
ssp245,2017,emulator,m9,0.9381147354448822,%
ssp245,2018,emulator,m9,1.2108655729615574,%
ssp245,2019,emulator,m9,1.326907174307603,%
ssp245,2020,emulator,m9,2.1670180914791493,%
ssp245,2021,emulator,m9,0.7651923359470869,%
ssp245,2022,emulator,m9,1.920144661177009,%
ssp245,2023,emulator,m9,0.7122316222435106,%
ssp245,2024,emulator,m9,0.16541222915197587,%
ssp245,2025,emulator,m9,1.352917012652955,%
ssp245,2026,emulator,m9,1.5528191851779964,%
ssp245,2027,emulator,m9,0.5233480679691225,%
ssp245,2028,emulator,m9,1.3037689258903526,%
ssp245,2029,emulator,m9,1.9670676817866328,%
ssp245,2030,emulator,m9,1.4889725349592973,%
ssp245,2031,emulator,m9,2.311458627438868,%
ssp245,2032,emulator,m9,2.2950481209708986,%
ssp245,2033,emulator,m9,2.8445112122977263,%
ssp245,2034,emulator,m9,1.2707051766307307,%
ssp245,2035,emulator,m9,1.2037470212787285,%
ssp245,2036,emulator,m9,3.085529342219134,%
ssp245,2037,emulator,m9,2.3771479299499685,%
ssp245,2038,emulator,m9,1.8046048877051841,%
ssp245,2039,emulator,m9,2.3186607177680996,%
ssp245,2040,emulator,m9,2.33275444582521,%
ssp245,2041,emulator,m9,2.492834349257774,%
ssp245,2042,emulator,m9,2.473923054216262,%
ssp245,2043,emulator,m9,2.0922290200822466,%
ssp245,2044,emulator,m9,2.6830705966952424,%
ssp245,2045,emulator,m9,3.0549159943680477,%
ssp245,2046,emulator,m9,3.4024963354353024,%
ssp245,2047,emulator,m9,2.274987553809328,%
ssp245,2048,emulator,m9,3.6569613222713073,%
ssp245,2049,emulator,m9,3.1717623426685684,%
ssp245,2050,emulator,m9,4.100875440957419,%
ssp245,2051,emulator,m9,2.209950118547714,%
ssp245,2052,emulator,m9,3.757412497081931,%
ssp245,2053,emulator,m9,2.6265295566243,%
ssp245,2054,emulator,m9,4.697649083880243,%
ssp245,2055,emulator,m9,2.50860633616811,%
ssp245,2056,emulator,m9,3.625119030721578,%
ssp245,2057,emulator,m9,2.4350690728872593,%
ssp245,2058,emulator,m9,2.7990161119756287,%
ssp245,2059,emulator,m9,3.391966612441801,%
ssp245,2060,emulator,m9,3.3944132707765533,%
ssp245,2061,emulator,m9,4.063359811120083,%
ssp245,2062,emulator,m9,2.6416018753267076,%
ssp245,2063,emulator,m9,2.5285820560413397,%
ssp245,2064,emulator,m9,3.093867013500304,%
ssp245,2065,emulator,m9,5.024722086098711,%
ssp245,2066,emulator,m9,4.348330517450048,%
ssp245,2067,emulator,m9,3.3091587500917763,%
ssp245,2068,emulator,m9,3.3355619039344884,%
ssp245,2069,emulator,m9,3.470125498967574,%
ssp245,2070,emulator,m9,3.9783686760257666,%
ssp245,2071,emulator,m9,3.94817002975085,%
ssp245,2072,emulator,m9,2.487295832174883,%
ssp245,2073,emulator,m9,4.194233968612368,%
ssp245,2074,emulator,m9,3.6391259575170376,%
ssp245,2075,emulator,m9,3.856607609452632,%
ssp245,2076,emulator,m9,4.116891605512271,%
ssp245,2077,emulator,m9,3.9205211634427704,%
ssp245,2078,emulator,m9,4.807616190983987,%
ssp245,2079,emulator,m9,5.1236361421726855,%
ssp245,2080,emulator,m9,3.1280617799213193,%
ssp245,2081,emulator,m9,3.8256617896938594,%
ssp245,2082,emulator,m9,4.953856163743682,%
ssp245,2083,emulator,m9,4.193019248675626,%
ssp245,2084,emulator,m9,4.665661618127943,%
ssp245,2085,emulator,m9,5.003851546205025,%
ssp245,2086,emulator,m9,3.639449916643014,%
ssp245,2087,emulator,m9,4.80871259109168,%
ssp245,2088,emulator,m9,5.187785339153753,%
ssp245,2089,emulator,m9,4.623164165025161,%
ssp245,2090,emulator,m9,4.904639480265017,%
ssp245,2091,emulator,m9,3.5877932885172323,%
ssp245,2092,emulator,m9,3.897711151531369,%
ssp245,2093,emulator,m9,5.426803280783571,%
ssp245,2094,emulator,m9,4.052772264201972,%
ssp245,2095,emulator,m9,4.485203233530597,%
ssp245,2096,emulator,m9,4.469006291366746,%
ssp245,2097,emulator,m9,4.153028414116945,%
ssp245,2098,emulator,m9,3.680817921379126,%
ssp245,2099,emulator,m9,5.15193129614292,%
ssp245,2100,emulator,m9,5.143824299527467,%
ssp245,2015,emulator,m10,0.09601743174538062,%
ssp245,2016,emulator,m10,1.1989120451365634,%
ssp245,2017,emulator,m10,-0.06348955248686723,%
ssp245,2018,emulator,m10,0.9848436180641592,%
ssp245,2019,emulator,m10,0.6457879849585583,%
ssp245,2020,emulator,m10,1.4875262235512388,%
ssp245,2021,emulator,m10,0.15763527147289996,%
ssp245,2022,emulator,m10,0.8675689748015109,%
ssp245,2023,emulator,m10,-0.25467244801647515,%
ssp245,2024,emulator,m10,1.3699691510938148,%
ssp245,2025,emulator,m10,1.3016989155925005,%
ssp245,2026,emulator,m10,1.738265310263209,%
ssp245,2027,emulator,m10,0.9775651431473583,%
ssp245,2028,emulator,m10,2.0168018808565362,%
ssp245,2029,emulator,m10,1.5316294673699684,%
ssp245,2030,emulator,m10,2.161040738720468,%
ssp245,2031,emulator,m10,2.174503776042075,%
ssp245,2032,emulator,m10,1.458731747511271,%
ssp245,2033,emulator,m10,2.3428151488041595,%
ssp245,2034,emulator,m10,2.258965877485236,%
ssp245,2035,emulator,m10,1.701856924848567,%
ssp245,2036,emulator,m10,2.791900894707825,%
ssp245,2037,emulator,m10,1.7329794293574807,%
ssp245,2038,emulator,m10,1.4082362507696597,%
ssp245,2039,emulator,m10,2.6033272565348335,%
ssp245,2040,emulator,m10,3.0566610093121325,%
ssp245,2041,emulator,m10,2.392721747578849,%
ssp245,2042,emulator,m10,2.6436463725159425,%
ssp245,2043,emulator,m10,1.5776303993678242,%
ssp245,2044,emulator,m10,3.1794315291977493,%
ssp245,2045,emulator,m10,2.9372854730965656,%
ssp245,2046,emulator,m10,3.1342039783584394,%
ssp245,2047,emulator,m10,3.7368810470041773,%
ssp245,2048,emulator,m10,2.343529205839813,%
ssp245,2049,emulator,m10,3.519623270377456,%
ssp245,2050,emulator,m10,1.8919876361448806,%
ssp245,2051,emulator,m10,3.124527951062529,%
ssp245,2052,emulator,m10,2.789443159619385,%
ssp245,2053,emulator,m10,2.46732860526649,%
ssp245,2054,emulator,m10,2.5578514432203576,%
ssp245,2055,emulator,m10,3.9837428116594396,%
ssp245,2056,emulator,m10,4.052011694560427,%
ssp245,2057,emulator,m10,3.8669163022177773,%
ssp245,2058,emulator,m10,3.447269869939202,%
ssp245,2059,emulator,m10,2.6799858608056293,%
ssp245,2060,emulator,m10,3.7337935152635144,%
ssp245,2061,emulator,m10,2.961445261026291,%
ssp245,2062,emulator,m10,4.392123031827922,%
ssp245,2063,emulator,m10,5.046423249656883,%
ssp245,2064,emulator,m10,2.9329813011722865,%
ssp245,2065,emulator,m10,4.0828338795577155,%
ssp245,2066,emulator,m10,2.8838649019695155,%
ssp245,2067,emulator,m10,4.110670025479368,%
ssp245,2068,emulator,m10,3.7544278058667055,%
ssp245,2069,emulator,m10,3.1678902926373564,%
ssp245,2070,emulator,m10,4.395583931018469,%
ssp245,2071,emulator,m10,4.74602089622543,%
ssp245,2072,emulator,m10,4.228089788286949,%
ssp245,2073,emulator,m10,4.261634941994731,%
ssp245,2074,emulator,m10,3.4793120848760304,%
ssp245,2075,emulator,m10,3.749391993462369,%
ssp245,2076,emulator,m10,3.8172993351820317,%
ssp245,2077,emulator,m10,3.993327974782228,%
ssp245,2078,emulator,m10,3.792960300442863,%
ssp245,2079,emulator,m10,4.322806994236673,%
ssp245,2080,emulator,m10,3.3480895296824666,%
ssp245,2081,emulator,m10,5.1184349716975985,%
ssp245,2082,emulator,m10,3.42512348215298,%
ssp245,2083,emulator,m10,4.987662979450391,%
ssp245,2084,emulator,m10,5.022402286078904,%
ssp245,2085,emulator,m10,3.501732106154772,%
ssp245,2086,emulator,m10,3.8620614714045605,%
ssp245,2087,emulator,m10,3.933357865892354,%
ssp245,2088,emulator,m10,4.883636299025236,%
ssp245,2089,emulator,m10,4.92268744378318,%
ssp245,2090,emulator,m10,4.388607920300281,%
ssp245,2091,emulator,m10,4.837555138509513,%
ssp245,2092,emulator,m10,4.663785566082012,%
ssp245,2093,emulator,m10,4.702206991203166,%
ssp245,2094,emulator,m10,4.320593964092232,%
ssp245,2095,emulator,m10,3.6055056859866212,%
ssp245,2096,emulator,m10,4.798129990130747,%
ssp245,2097,emulator,m10,5.285464597135548,%
ssp245,2098,emulator,m10,3.821428385135077,%
ssp245,2099,emulator,m10,3.594910927586758,%
ssp245,2100,emulator,m10,4.298710537503135,%
ssp245,2015,emulator,m11,0.37282556285982416,%
ssp245,2016,emulator,m11,1.4126452904252422,%
ssp245,2017,emulator,m11,1.6595789416418554,%
ssp245,2018,emulator,m11,0.3110151772990456,%
ssp245,2019,emulator,m11,0.9974525166573712,%
ssp245,2020,emulator,m11,0.691620819661411,%
ssp245,2021,emulator,m11,2.18010799459441,%
ssp245,2022,emulator,m11,0.3668651449088987,%
ssp245,2023,emulator,m11,1.3341981642537526,%
ssp245,2024,emulator,m11,0.9392412008349128,%
ssp245,2025,emulator,m11,1.890221796246486,%
ssp245,2026,emulator,m11,1.7402732620450774,%
ssp245,2027,emulator,m11,1.6615839617098482,%
ssp245,2028,emulator,m11,0.7710401396876794,%
ssp245,2029,emulator,m11,2.882213692186705,%
ssp245,2030,emulator,m11,1.5574879646749675,%
ssp245,2031,emulator,m11,0.8857822737452212,%
ssp245,2032,emulator,m11,1.174885936048182,%
ssp245,2033,emulator,m11,1.6917988121080754,%
ssp245,2034,emulator,m11,3.3834688606198475,%
ssp245,2035,emulator,m11,2.4856376804554454,%
ssp245,2036,emulator,m11,2.9010793084026223,%
ssp245,2037,emulator,m11,2.8880626486409278,%
ssp245,2038,emulator,m11,2.3941446502647725,%
ssp245,2039,emulator,m11,2.3774894553784365,%
ssp245,2040,emulator,m11,1.276465438096388,%
ssp245,2041,emulator,m11,2.2987901492035694,%
ssp245,2042,emulator,m11,3.6314250926597347,%
ssp245,2043,emulator,m11,3.629205948817827,%
ssp245,2044,emulator,m11,2.088043320422126,%
ssp245,2045,emulator,m11,3.111204003392993,%
ssp245,2046,emulator,m11,1.912458028305254,%
ssp245,2047,emulator,m11,1.7951311473555152,%
ssp245,2048,emulator,m11,2.7238627399838533,%
ssp245,2049,emulator,m11,3.9410795180096403,%
ssp245,2050,emulator,m11,2.0893317736511667,%
ssp245,2051,emulator,m11,3.4253573490017035,%
ssp245,2052,emulator,m11,3.846048199887923,%
ssp245,2053,emulator,m11,4.301172311066242,%
ssp245,2054,emulator,m11,2.5111529739630685,%
ssp245,2055,emulator,m11,3.2570706708136647,%
ssp245,2056,emulator,m11,2.6460597035173685,%
ssp245,2057,emulator,m11,2.9561161979960215,%
ssp245,2058,emulator,m11,3.7008824088075816,%
ssp245,2059,emulator,m11,2.9965990980920654,%
ssp245,2060,emulator,m11,2.569253174691943,%
ssp245,2061,emulator,m11,3.4870437223010082,%
ssp245,2062,emulator,m11,3.8251848859235063,%
ssp245,2063,emulator,m11,4.034839322359682,%
ssp245,2064,emulator,m11,4.731596366338008,%
ssp245,2065,emulator,m11,3.0294956368048664,%
ssp245,2066,emulator,m11,4.404199013790751,%
ssp245,2067,emulator,m11,4.14146268554758,%
ssp245,2068,emulator,m11,4.186879316177919,%
ssp245,2069,emulator,m11,3.817486093552145,%
ssp245,2070,emulator,m11,3.586591012857032,%
ssp245,2071,emulator,m11,3.943801916638446,%
ssp245,2072,emulator,m11,2.927969708518565,%
ssp245,2073,emulator,m11,4.4981694035511275,%
ssp245,2074,emulator,m11,4.5184232592563,%
ssp245,2075,emulator,m11,4.413559476823807,%
ssp245,2076,emulator,m11,2.918090423804297,%
ssp245,2077,emulator,m11,5.010353537865973,%
ssp245,2078,emulator,m11,4.012137522271258,%
ssp245,2079,emulator,m11,4.200542191149346,%
ssp245,2080,emulator,m11,3.3427036417047216,%
ssp245,2081,emulator,m11,4.2136074324441015,%
ssp245,2082,emulator,m11,4.132095310917112,%
ssp245,2083,emulator,m11,4.654236657024601,%
ssp245,2084,emulator,m11,3.5633310152644158,%
ssp245,2085,emulator,m11,3.181321895637479,%
ssp245,2086,emulator,m11,3.7965113390103236,%
ssp245,2087,emulator,m11,4.871323310820989,%
ssp245,2088,emulator,m11,4.428996512857744,%
ssp245,2089,emulator,m11,4.483729216123365,%
ssp245,2090,emulator,m11,3.67998030012299,%
ssp245,2091,emulator,m11,3.731555511267753,%
ssp245,2092,emulator,m11,4.093634014776402,%
ssp245,2093,emulator,m11,4.729403538276754,%
ssp245,2094,emulator,m11,5.1923666382714115,%
ssp245,2095,emulator,m11,5.2691430509102855,%
ssp245,2096,emulator,m11,5.371537578286328,%
ssp245,2097,emulator,m11,5.5613779068017495,%
ssp245,2098,emulator,m11,4.685174622361129,%
ssp245,2099,emulator,m11,3.8700125728654773,%
ssp245,2100,emulator,m11,5.525482303579253,%
ssp245,2015,emulator,m12,-0.12788524862843814,%
ssp245,2016,emulator,m12,0.09184244185761005,%
ssp245,2017,emulator,m12,0.9335758374193494,%
ssp245,2018,emulator,m12,0.5721597976870963,%
ssp245,2019,emulator,m12,0.6978191070363902,%
ssp245,2020,emulator,m12,1.0532681630081426,%
ssp245,2021,emulator,m12,0.6071524992251025,%
ssp245,2022,emulator,m12,0.9776995051946965,%
ssp245,2023,emulator,m12,1.5551091337612628,%
ssp245,2024,emulator,m12,1.052648908956814,%
ssp245,2025,emulator,m12,0.6951341662383972,%
ssp245,2026,emulator,m12,0.803760431941045,%
ssp245,2027,emulator,m12,1.7738799226165087,%
ssp245,2028,emulator,m12,1.1926736804231663,%
ssp245,2029,emulator,m12,1.3141879202211575,%
ssp245,2030,emulator,m12,1.9854722931489894,%
ssp245,2031,emulator,m12,1.2742569985021965,%
ssp245,2032,emulator,m12,1.315154664403066,%
ssp245,2033,emulator,m12,1.99301453506736,%
ssp245,2034,emulator,m12,0.5952845360069283,%
ssp245,2035,emulator,m12,2.1389222191210546,%
ssp245,2036,emulator,m12,2.0072462693515813,%
ssp245,2037,emulator,m12,2.6126726253727073,%
ssp245,2038,emulator,m12,1.8486813044598938,%
ssp245,2039,emulator,m12,2.9408643793549634,%
ssp245,2040,emulator,m12,1.4276340384837283,%
ssp245,2041,emulator,m12,2.1198158954973882,%
ssp245,2042,emulator,m12,2.4090902767498257,%
ssp245,2043,emulator,m12,2.7221802986570736,%
ssp245,2044,emulator,m12,3.785656641381136,%
ssp245,2045,emulator,m12,1.8016142724685023,%
ssp245,2046,emulator,m12,3.105861647200143,%
ssp245,2047,emulator,m12,4.0443331467449335,%
ssp245,2048,emulator,m12,2.759041926027363,%
ssp245,2049,emulator,m12,3.345844819470264,%
ssp245,2050,emulator,m12,3.0578803183722134,%
ssp245,2051,emulator,m12,3.2033010222423015,%
ssp245,2052,emulator,m12,2.758898292703551,%
ssp245,2053,emulator,m12,4.35492421671028,%
ssp245,2054,emulator,m12,4.0247022491507645,%
ssp245,2055,emulator,m12,3.296318948984777,%
ssp245,2056,emulator,m12,3.5344202248227363,%
ssp245,2057,emulator,m12,3.228469608042245,%
ssp245,2058,emulator,m12,3.0043467628191745,%
ssp245,2059,emulator,m12,3.9327271715720595,%
ssp245,2060,emulator,m12,3.03755856315268,%
ssp245,2061,emulator,m12,2.98922052805505,%
ssp245,2062,emulator,m12,3.2903693895740798,%
ssp245,2063,emulator,m12,3.85420423477064,%
ssp245,2064,emulator,m12,4.17807771917871,%
ssp245,2065,emulator,m12,4.79038298529841,%
ssp245,2066,emulator,m12,2.1527544794111027,%
ssp245,2067,emulator,m12,2.829411905910753,%
ssp245,2068,emulator,m12,3.955838522225214,%
ssp245,2069,emulator,m12,4.351098489462251,%
ssp245,2070,emulator,m12,3.410375731473322,%
ssp245,2071,emulator,m12,4.168264652158703,%
ssp245,2072,emulator,m12,3.232015135977848,%
ssp245,2073,emulator,m12,4.615595219772161,%
ssp245,2074,emulator,m12,3.747813161565211,%
ssp245,2075,emulator,m12,3.415857068180148,%
ssp245,2076,emulator,m12,3.972331456337033,%
ssp245,2077,emulator,m12,5.342079414642118,%
ssp245,2078,emulator,m12,4.503086150805053,%
ssp245,2079,emulator,m12,3.9305496348764737,%
ssp245,2080,emulator,m12,4.25493237958474,%
ssp245,2081,emulator,m12,4.958759695739974,%
ssp245,2082,emulator,m12,4.4526945332794465,%
ssp245,2083,emulator,m12,4.043361142128079,%
ssp245,2084,emulator,m12,4.138332850768964,%
ssp245,2085,emulator,m12,3.5480362846073237,%
ssp245,2086,emulator,m12,3.9121288335032784,%
ssp245,2087,emulator,m12,5.085271147032243,%
ssp245,2088,emulator,m12,4.369976447651802,%
ssp245,2089,emulator,m12,4.2037127320343926,%
ssp245,2090,emulator,m12,4.490453974970439,%
ssp245,2091,emulator,m12,3.510766365457013,%
ssp245,2092,emulator,m12,5.248717867408509,%
ssp245,2093,emulator,m12,2.9976158640875386,%
ssp245,2094,emulator,m12,4.119925572252856,%
ssp245,2095,emulator,m12,3.8050748381980917,%
ssp245,2096,emulator,m12,4.354338049982954,%
ssp245,2097,emulator,m12,4.012043099419981,%
ssp245,2098,emulator,m12,5.304465794545774,%
ssp245,2099,emulator,m12,3.9853437329851786,%
ssp245,2100,emulator,m12,4.4208393045540255,%
ssp245,2015,emulator,m13,0.9867812849368307,%
ssp245,2016,emulator,m13,-0.16070342189822057,%
ssp245,2017,emulator,m13,0.7255908611264548,%
ssp245,2018,emulator,m13,0.44183041143602114,%
ssp245,2019,emulator,m13,0.19554011930392373,%
ssp245,2020,emulator,m13,1.4813593066195598,%
ssp245,2021,emulator,m13,0.22868600924025317,%
ssp245,2022,emulator,m13,2.2199624322935505,%
ssp245,2023,emulator,m13,0.7925606112778641,%
ssp245,2024,emulator,m13,0.767708562010982,%
ssp245,2025,emulator,m13,1.6624318962722175,%
ssp245,2026,emulator,m13,1.4539735113269663,%
ssp245,2027,emulator,m13,1.4899166122528775,%
ssp245,2028,emulator,m13,1.3280364634243202,%
ssp245,2029,emulator,m13,0.5653675611858969,%
ssp245,2030,emulator,m13,2.363920616420912,%
ssp245,2031,emulator,m13,1.9097917335324162,%
ssp245,2032,emulator,m13,1.8019104635697594,%
ssp245,2033,emulator,m13,1.5070249506256568,%
ssp245,2034,emulator,m13,1.6351196757146564,%
ssp245,2035,emulator,m13,2.3785598243232613,%
ssp245,2036,emulator,m13,1.1438100275855883,%
ssp245,2037,emulator,m13,1.7139596462568194,%
ssp245,2038,emulator,m13,1.7880098384405267,%
ssp245,2039,emulator,m13,2.6653972574881353,%
ssp245,2040,emulator,m13,1.3167280574936786,%
ssp245,2041,emulator,m13,1.4994709973176799,%
ssp245,2042,emulator,m13,2.868039296723832,%
ssp245,2043,emulator,m13,2.441493583713611,%
ssp245,2044,emulator,m13,2.393233904325717,%
ssp245,2045,emulator,m13,3.203787850113371,%
ssp245,2046,emulator,m13,3.6932174494349006,%
ssp245,2047,emulator,m13,2.0262621256967392,%
ssp245,2048,emulator,m13,2.7939202000072356,%
ssp245,2049,emulator,m13,3.1991776373393597,%
ssp245,2050,emulator,m13,2.707619254602477,%
ssp245,2051,emulator,m13,2.935994500044517,%
ssp245,2052,emulator,m13,2.7633878656830975,%
ssp245,2053,emulator,m13,2.0071583078944877,%
ssp245,2054,emulator,m13,4.216948476887807,%
ssp245,2055,emulator,m13,1.7275628397552538,%
ssp245,2056,emulator,m13,3.6444986980851914,%
ssp245,2057,emulator,m13,3.096536393183776,%
ssp245,2058,emulator,m13,4.523984291705478,%
ssp245,2059,emulator,m13,3.1584964945818483,%
ssp245,2060,emulator,m13,3.4101444479781615,%
ssp245,2061,emulator,m13,2.2491272065061922,%
ssp245,2062,emulator,m13,3.050252626839743,%
ssp245,2063,emulator,m13,3.5064951416034833,%
ssp245,2064,emulator,m13,4.64115411158946,%
ssp245,2065,emulator,m13,3.3448265475034,%
ssp245,2066,emulator,m13,2.683731872217539,%
ssp245,2067,emulator,m13,3.646476297016276,%
ssp245,2068,emulator,m13,3.9246234055469404,%
ssp245,2069,emulator,m13,3.5454109700288265,%
ssp245,2070,emulator,m13,4.544968741951038,%
ssp245,2071,emulator,m13,4.099528594159427,%
ssp245,2072,emulator,m13,3.473683228292311,%
ssp245,2073,emulator,m13,4.329929122899144,%
ssp245,2074,emulator,m13,3.9499843016851046,%
ssp245,2075,emulator,m13,3.6711437649298717,%
ssp245,2076,emulator,m13,4.3251173693437535,%
ssp245,2077,emulator,m13,4.268127490593066,%
ssp245,2078,emulator,m13,3.2391583628484186,%
ssp245,2079,emulator,m13,3.2854131416011,%
ssp245,2080,emulator,m13,4.3527824508826205,%
ssp245,2081,emulator,m13,4.174107348036296,%
ssp245,2082,emulator,m13,4.694927432854085,%
ssp245,2083,emulator,m13,3.2448394421545284,%
ssp245,2084,emulator,m13,4.104882777002499,%
ssp245,2085,emulator,m13,5.353833020353295,%
ssp245,2086,emulator,m13,4.991912740150518,%
ssp245,2087,emulator,m13,3.8893248003979752,%
ssp245,2088,emulator,m13,5.42946008771481,%
ssp245,2089,emulator,m13,5.499451791840736,%
ssp245,2090,emulator,m13,3.501007987272792,%
ssp245,2091,emulator,m13,5.498942074487783,%
ssp245,2092,emulator,m13,5.047732976909165,%
ssp245,2093,emulator,m13,5.006077759480655,%
ssp245,2094,emulator,m13,2.6774329681334343,%
ssp245,2095,emulator,m13,4.3970046263850175,%
ssp245,2096,emulator,m13,4.523257090709806,%
ssp245,2097,emulator,m13,3.5737137207084113,%
ssp245,2098,emulator,m13,4.403680595576618,%
ssp245,2099,emulator,m13,4.1932222175980085,%
ssp245,2100,emulator,m13,4.574927540767551,%
ssp245,2015,emulator,m14,1.0830366510980975,%
ssp245,2016,emulator,m14,1.6194576207604698,%
ssp245,2017,emulator,m14,2.033153085534509,%
ssp245,2018,emulator,m14,1.4475367640178716,%
ssp245,2019,emulator,m14,1.091063695020407,%
ssp245,2020,emulator,m14,1.5428856949922567,%
ssp245,2021,emulator,m14,1.6976162085561355,%
ssp245,2022,emulator,m14,2.0271570326806954,%
ssp245,2023,emulator,m14,0.7883596584085403,%
ssp245,2024,emulator,m14,1.536487797271297,%
ssp245,2025,emulator,m14,0.8996155721837683,%
ssp245,2026,emulator,m14,1.2729038193856705,%
ssp245,2027,emulator,m14,1.6386103835741657,%
ssp245,2028,emulator,m14,1.8640911521570491,%
ssp245,2029,emulator,m14,1.6398457094414762,%
ssp245,2030,emulator,m14,2.461662289892632,%
ssp245,2031,emulator,m14,1.7473981294997347,%
ssp245,2032,emulator,m14,1.225453831135389,%
ssp245,2033,emulator,m14,2.022307821595636,%
ssp245,2034,emulator,m14,3.2062026256659397,%
ssp245,2035,emulator,m14,1.9406862114307712,%
ssp245,2036,emulator,m14,2.4884400512021223,%
ssp245,2037,emulator,m14,0.795952361653032,%
ssp245,2038,emulator,m14,0.6912964245294787,%
ssp245,2039,emulator,m14,2.441599365273912,%
ssp245,2040,emulator,m14,1.152126815381507,%
ssp245,2041,emulator,m14,2.809061905712008,%
ssp245,2042,emulator,m14,1.590893546365533,%
ssp245,2043,emulator,m14,1.9787984812174564,%
ssp245,2044,emulator,m14,1.614567706391245,%
ssp245,2045,emulator,m14,3.1211986306547685,%
ssp245,2046,emulator,m14,2.593129066781449,%
ssp245,2047,emulator,m14,2.4906574739556473,%
ssp245,2048,emulator,m14,2.397353987189397,%
ssp245,2049,emulator,m14,2.4332418738096533,%
ssp245,2050,emulator,m14,3.8797223653969786,%
ssp245,2051,emulator,m14,3.0833844514951383,%
ssp245,2052,emulator,m14,3.1822233105790954,%
ssp245,2053,emulator,m14,1.6086652311234462,%
ssp245,2054,emulator,m14,3.5041066669860523,%
ssp245,2055,emulator,m14,2.8016484311871563,%
ssp245,2056,emulator,m14,3.1957032433100387,%
ssp245,2057,emulator,m14,3.4068195241856936,%
ssp245,2058,emulator,m14,3.6190431636866607,%
ssp245,2059,emulator,m14,3.0487231022988115,%
ssp245,2060,emulator,m14,3.1496411077375055,%
ssp245,2061,emulator,m14,2.04529169858031,%
ssp245,2062,emulator,m14,2.7497713863618247,%
ssp245,2063,emulator,m14,3.4149464626917503,%
ssp245,2064,emulator,m14,3.5929882849736106,%
ssp245,2065,emulator,m14,3.089031838246358,%
ssp245,2066,emulator,m14,2.785913138160451,%
ssp245,2067,emulator,m14,2.7638730458445866,%
ssp245,2068,emulator,m14,4.377837336085356,%
ssp245,2069,emulator,m14,3.75415203742924,%
ssp245,2070,emulator,m14,4.14982132835226,%
ssp245,2071,emulator,m14,4.951149976277571,%
ssp245,2072,emulator,m14,3.707902666023812,%
ssp245,2073,emulator,m14,4.507353978461825,%
ssp245,2074,emulator,m14,4.885925233635886,%
ssp245,2075,emulator,m14,2.8614270057510702,%
ssp245,2076,emulator,m14,5.368574445883623,%
ssp245,2077,emulator,m14,4.101322394867786,%
ssp245,2078,emulator,m14,3.6445488515604967,%
ssp245,2079,emulator,m14,4.40289097801242,%
ssp245,2080,emulator,m14,2.947031176760697,%
ssp245,2081,emulator,m14,4.371889920212813,%
ssp245,2082,emulator,m14,4.194855361500006,%
ssp245,2083,emulator,m14,3.9636995421144054,%
ssp245,2084,emulator,m14,4.315105512945178,%
ssp245,2085,emulator,m14,3.912464851206773,%
ssp245,2086,emulator,m14,3.9716897245261,%
ssp245,2087,emulator,m14,4.063666540137167,%
ssp245,2088,emulator,m14,4.901464847683968,%
ssp245,2089,emulator,m14,5.08312632563531,%
ssp245,2090,emulator,m14,4.17727882963543,%
ssp245,2091,emulator,m14,4.203507739223765,%
ssp245,2092,emulator,m14,4.560196896323842,%
ssp245,2093,emulator,m14,4.526846295051069,%
ssp245,2094,emulator,m14,4.467336956655058,%
ssp245,2095,emulator,m14,4.565359873143651,%
ssp245,2096,emulator,m14,4.237021953220749,%
ssp245,2097,emulator,m14,4.497000803759779,%
ssp245,2098,emulator,m14,3.781731236800225,%
ssp245,2099,emulator,m14,4.8223871182551346,%
ssp245,2100,emulator,m14,4.615369639950381,%
ssp245,2015,emulator,m15,-0.4523614647497756,%
ssp245,2016,emulator,m15,0.1819562858552209,%
ssp245,2017,emulator,m15,0.4148364747082968,%
ssp245,2018,emulator,m15,0.12843326982052497,%
ssp245,2019,emulator,m15,0.282986722164302,%
ssp245,2020,emulator,m15,1.4830063835668574,%
ssp245,2021,emulator,m15,0.12993108793961525,%
ssp245,2022,emulator,m15,0.5979133323672412,%
ssp245,2023,emulator,m15,0.7852179194295981,%
ssp245,2024,emulator,m15,-0.09342613228169218,%
ssp245,2025,emulator,m15,1.2668158129823548,%
ssp245,2026,emulator,m15,0.38915077110685575,%
ssp245,2027,emulator,m15,1.3159606607322114,%
ssp245,2028,emulator,m15,1.8989116685531366,%
ssp245,2029,emulator,m15,1.2239001815527102,%
ssp245,2030,emulator,m15,0.2335173762198031,%
ssp245,2031,emulator,m15,0.6084853398537288,%
ssp245,2032,emulator,m15,1.1098942076063936,%
ssp245,2033,emulator,m15,2.000985922808957,%
ssp245,2034,emulator,m15,1.9651700780743322,%
ssp245,2035,emulator,m15,2.285757255419115,%
ssp245,2036,emulator,m15,2.7781619271006694,%
ssp245,2037,emulator,m15,2.3322056624867384,%
ssp245,2038,emulator,m15,1.842592463788593,%
ssp245,2039,emulator,m15,1.6163410530057298,%
ssp245,2040,emulator,m15,3.4533786646864413,%
ssp245,2041,emulator,m15,1.4440602386167631,%
ssp245,2042,emulator,m15,1.3225292756541576,%
ssp245,2043,emulator,m15,2.543578580703966,%
ssp245,2044,emulator,m15,1.7596986423586005,%
ssp245,2045,emulator,m15,2.03970387934287,%
ssp245,2046,emulator,m15,3.1608449134490053,%
ssp245,2047,emulator,m15,3.2649365842590243,%
ssp245,2048,emulator,m15,4.858369820416534,%
ssp245,2049,emulator,m15,3.9029668549670444,%
ssp245,2050,emulator,m15,2.750293438255262,%
ssp245,2051,emulator,m15,3.233752104060725,%
ssp245,2052,emulator,m15,2.6879804363596884,%
ssp245,2053,emulator,m15,2.6567753118487696,%
ssp245,2054,emulator,m15,3.4227613589774144,%
ssp245,2055,emulator,m15,2.7055603543402778,%
ssp245,2056,emulator,m15,3.065466274432214,%
ssp245,2057,emulator,m15,2.0625101241894543,%
ssp245,2058,emulator,m15,3.452947397722201,%
ssp245,2059,emulator,m15,3.249168354244238,%
ssp245,2060,emulator,m15,3.634724650534451,%
ssp245,2061,emulator,m15,2.502690761968068,%
ssp245,2062,emulator,m15,2.8137625211646453,%
ssp245,2063,emulator,m15,3.3641683049102062,%
ssp245,2064,emulator,m15,4.347565053017021,%
ssp245,2065,emulator,m15,4.458294122879636,%
ssp245,2066,emulator,m15,3.334998937127994,%
ssp245,2067,emulator,m15,4.956028511253499,%
ssp245,2068,emulator,m15,2.7755465886318715,%
ssp245,2069,emulator,m15,4.414440674984705,%
ssp245,2070,emulator,m15,4.010705671252304,%
ssp245,2071,emulator,m15,2.8065556973480414,%
ssp245,2072,emulator,m15,3.1893667626242896,%
ssp245,2073,emulator,m15,4.616786791639992,%
ssp245,2074,emulator,m15,3.098332259108735,%
ssp245,2075,emulator,m15,3.7589243316032186,%
ssp245,2076,emulator,m15,4.339646722554509,%
ssp245,2077,emulator,m15,4.493265800314475,%
ssp245,2078,emulator,m15,4.422114362636406,%
ssp245,2079,emulator,m15,4.6740189728998685,%
ssp245,2080,emulator,m15,4.189706367892114,%
ssp245,2081,emulator,m15,4.358500778918488,%
ssp245,2082,emulator,m15,4.383539880485619,%
ssp245,2083,emulator,m15,4.932346424865478,%
ssp245,2084,emulator,m15,4.499176670202097,%
ssp245,2085,emulator,m15,3.987457690157685,%
ssp245,2086,emulator,m15,3.9071305620341263,%
ssp245,2087,emulator,m15,4.939137869557366,%
ssp245,2088,emulator,m15,4.530660983471252,%
ssp245,2089,emulator,m15,4.6474915217701085,%
ssp245,2090,emulator,m15,4.078258930415359,%
ssp245,2091,emulator,m15,4.6168968945634665,%
ssp245,2092,emulator,m15,5.065656458856636,%
ssp245,2093,emulator,m15,4.005594412874177,%
ssp245,2094,emulator,m15,3.931434340611156,%
ssp245,2095,emulator,m15,3.8060331048737983,%
ssp245,2096,emulator,m15,3.716945436880285,%
ssp245,2097,emulator,m15,4.00179185612121,%
ssp245,2098,emulator,m15,4.88708970832836,%
ssp245,2099,emulator,m15,4.322569238790771,%
ssp245,2100,emulator,m15,5.109852333554122,%
ssp245,2015,emulator,m16,0.4925283908674042,%
ssp245,2016,emulator,m16,0.7057111764923618,%
ssp245,2017,emulator,m16,0.9862582965497845,%
ssp245,2018,emulator,m16,0.06380661640746511,%
ssp245,2019,emulator,m16,2.8186031459025886,%
ssp245,2020,emulator,m16,0.8247288132838222,%
ssp245,2021,emulator,m16,0.9333931702175098,%
ssp245,2022,emulator,m16,1.805673738570944,%
ssp245,2023,emulator,m16,-0.1404215033085144,%
ssp245,2024,emulator,m16,1.6075937173335353,%
ssp245,2025,emulator,m16,0.5556714858895787,%
ssp245,2026,emulator,m16,1.1141653739230688,%
ssp245,2027,emulator,m16,1.048253719909221,%
ssp245,2028,emulator,m16,2.6652259451169935,%
ssp245,2029,emulator,m16,1.4356345804569257,%
ssp245,2030,emulator,m16,0.37253373201091705,%
ssp245,2031,emulator,m16,2.079248958357145,%
ssp245,2032,emulator,m16,2.6087284632064454,%
ssp245,2033,emulator,m16,2.0815724422408586,%
ssp245,2034,emulator,m16,0.8789552523264218,%
ssp245,2035,emulator,m16,1.3369564925181345,%
ssp245,2036,emulator,m16,1.9337608661344585,%
ssp245,2037,emulator,m16,2.4674426048499916,%
ssp245,2038,emulator,m16,2.8398948433602533,%
ssp245,2039,emulator,m16,2.4637037306817557,%
ssp245,2040,emulator,m16,2.7580805856640676,%
ssp245,2041,emulator,m16,2.6307581768045054,%
ssp245,2042,emulator,m16,3.655536891721801,%
ssp245,2043,emulator,m16,3.1061617390832934,%
ssp245,2044,emulator,m16,3.03654342259641,%
ssp245,2045,emulator,m16,2.89670477465222,%
ssp245,2046,emulator,m16,2.7529857112877654,%
ssp245,2047,emulator,m16,2.8843387483481218,%
ssp245,2048,emulator,m16,2.9190402688987156,%
ssp245,2049,emulator,m16,0.8764430982516115,%
ssp245,2050,emulator,m16,2.9939463168559017,%
ssp245,2051,emulator,m16,2.9869448720548784,%
ssp245,2052,emulator,m16,2.521722557683787,%
ssp245,2053,emulator,m16,3.2011288992365228,%
ssp245,2054,emulator,m16,2.548518909487556,%
ssp245,2055,emulator,m16,3.5703662283195943,%
ssp245,2056,emulator,m16,3.7253865289630492,%
ssp245,2057,emulator,m16,2.6375474974244137,%
ssp245,2058,emulator,m16,4.151365439924153,%
ssp245,2059,emulator,m16,3.3403123932535315,%
ssp245,2060,emulator,m16,2.5415535085533913,%
ssp245,2061,emulator,m16,3.4479858695462604,%
ssp245,2062,emulator,m16,4.525978883627509,%
ssp245,2063,emulator,m16,3.8202530695018884,%
ssp245,2064,emulator,m16,3.427548752162172,%
ssp245,2065,emulator,m16,3.679694496191477,%
ssp245,2066,emulator,m16,3.4779308959187327,%
ssp245,2067,emulator,m16,3.624335342208537,%
ssp245,2068,emulator,m16,3.8905782608108503,%
ssp245,2069,emulator,m16,3.497675337077425,%
ssp245,2070,emulator,m16,4.228507686357516,%
ssp245,2071,emulator,m16,2.6366024776884203,%
ssp245,2072,emulator,m16,4.078387194904872,%
ssp245,2073,emulator,m16,3.225812023714932,%
ssp245,2074,emulator,m16,3.67787112233515,%
ssp245,2075,emulator,m16,4.245896094196227,%
ssp245,2076,emulator,m16,4.307987434910974,%
ssp245,2077,emulator,m16,4.75196111180157,%
ssp245,2078,emulator,m16,3.6741223498763182,%
ssp245,2079,emulator,m16,3.477901825091089,%
ssp245,2080,emulator,m16,4.203902760807505,%
ssp245,2081,emulator,m16,3.848731333657662,%
ssp245,2082,emulator,m16,4.254458349038632,%
ssp245,2083,emulator,m16,4.3234640333532885,%
ssp245,2084,emulator,m16,4.576436536657808,%
ssp245,2085,emulator,m16,3.0642273289318918,%
ssp245,2086,emulator,m16,4.399106963319601,%
ssp245,2087,emulator,m16,3.684918556794815,%
ssp245,2088,emulator,m16,5.553429141026531,%
ssp245,2089,emulator,m16,4.066581410340051,%
ssp245,2090,emulator,m16,3.4459049111399676,%
ssp245,2091,emulator,m16,3.448853393202311,%
ssp245,2092,emulator,m16,5.097892696443659,%
ssp245,2093,emulator,m16,5.421420658142185,%
ssp245,2094,emulator,m16,3.8528468351617793,%
ssp245,2095,emulator,m16,4.086873629251916,%
ssp245,2096,emulator,m16,4.32911832645338,%
ssp245,2097,emulator,m16,4.165146544521137,%
ssp245,2098,emulator,m16,4.8065680842200145,%
ssp245,2099,emulator,m16,4.381089923098934,%
ssp245,2100,emulator,m16,4.506122389481473,%
ssp245,2015,emulator,m17,0.43850186523117596,%
ssp245,2016,emulator,m17,0.44366486519904746,%
ssp245,2017,emulator,m17,1.2372613241804788,%
ssp245,2018,emulator,m17,0.6025957939709046,%
ssp245,2019,emulator,m17,1.4028249304810452,%
ssp245,2020,emulator,m17,0.0038620398854024335,%
ssp245,2021,emulator,m17,0.9554122581656082,%
ssp245,2022,emulator,m17,1.037897147817489,%
ssp245,2023,emulator,m17,1.733693319401384,%
ssp245,2024,emulator,m17,1.5099161601063829,%
ssp245,2025,emulator,m17,2.3688419197961035,%
ssp245,2026,emulator,m17,1.3488600886153386,%
ssp245,2027,emulator,m17,1.7114656414724663,%
ssp245,2028,emulator,m17,1.5140934688038532,%
ssp245,2029,emulator,m17,1.944385247565853,%
ssp245,2030,emulator,m17,1.5670172540679677,%
ssp245,2031,emulator,m17,1.3378472891704971,%
ssp245,2032,emulator,m17,1.2710273864909236,%
ssp245,2033,emulator,m17,2.379288630547226,%
ssp245,2034,emulator,m17,1.2150926203645658,%
ssp245,2035,emulator,m17,1.0696306946922143,%
ssp245,2036,emulator,m17,1.5653633115443344,%
ssp245,2037,emulator,m17,2.936200868870581,%
ssp245,2038,emulator,m17,2.4096558595238182,%
ssp245,2039,emulator,m17,2.101289912573786,%
ssp245,2040,emulator,m17,1.7504901916791984,%
ssp245,2041,emulator,m17,2.1992038308689397,%
ssp245,2042,emulator,m17,1.5660135255472323,%
ssp245,2043,emulator,m17,1.917745563716043,%
ssp245,2044,emulator,m17,2.5353060713546136,%
ssp245,2045,emulator,m17,2.415483780360352,%
ssp245,2046,emulator,m17,3.6367623764581416,%
ssp245,2047,emulator,m17,2.7616759377504043,%
ssp245,2048,emulator,m17,3.3440519881761444,%
ssp245,2049,emulator,m17,2.95672077743983,%
ssp245,2050,emulator,m17,1.9303036786081245,%
ssp245,2051,emulator,m17,3.4855900952303,%
ssp245,2052,emulator,m17,2.6432205746127826,%
ssp245,2053,emulator,m17,3.5910586761006185,%
ssp245,2054,emulator,m17,4.337431814150123,%
ssp245,2055,emulator,m17,4.288989807579626,%
ssp245,2056,emulator,m17,3.633520836160014,%
ssp245,2057,emulator,m17,3.182584100578897,%
ssp245,2058,emulator,m17,3.561018458695866,%
ssp245,2059,emulator,m17,2.024279665107214,%
ssp245,2060,emulator,m17,3.5134441917296435,%
ssp245,2061,emulator,m17,2.4275365449510167,%
ssp245,2062,emulator,m17,3.3936620711506094,%
ssp245,2063,emulator,m17,3.5021448748221173,%
ssp245,2064,emulator,m17,3.4703118686465855,%
ssp245,2065,emulator,m17,3.0288194946605143,%
ssp245,2066,emulator,m17,3.7758610985438774,%
ssp245,2067,emulator,m17,3.5406183376270386,%
ssp245,2068,emulator,m17,4.127005266794263,%
ssp245,2069,emulator,m17,4.787592877676857,%
ssp245,2070,emulator,m17,5.069711293942353,%
ssp245,2071,emulator,m17,3.305516760304722,%
ssp245,2072,emulator,m17,3.5427580521717283,%
ssp245,2073,emulator,m17,3.966927822043367,%
ssp245,2074,emulator,m17,4.3364901579199415,%
ssp245,2075,emulator,m17,2.9415183360580435,%
ssp245,2076,emulator,m17,4.065288723789499,%
ssp245,2077,emulator,m17,3.7994380848568734,%
ssp245,2078,emulator,m17,4.957796740992915,%
ssp245,2079,emulator,m17,4.1099459085576076,%
ssp245,2080,emulator,m17,3.456028950460571,%
ssp245,2081,emulator,m17,3.8582989459714616,%
ssp245,2082,emulator,m17,5.336646253847174,%
ssp245,2083,emulator,m17,4.167036450661024,%
ssp245,2084,emulator,m17,4.7845307648814,%
ssp245,2085,emulator,m17,5.175883353437039,%
ssp245,2086,emulator,m17,5.932820213726449,%
ssp245,2087,emulator,m17,4.947980410833971,%
ssp245,2088,emulator,m17,4.791492065215228,%
ssp245,2089,emulator,m17,4.4621753386207965,%
ssp245,2090,emulator,m17,3.443563925458816,%
ssp245,2091,emulator,m17,4.883334550596013,%
ssp245,2092,emulator,m17,4.5683368225676215,%
ssp245,2093,emulator,m17,4.199564397409483,%
ssp245,2094,emulator,m17,4.619742432451242,%
ssp245,2095,emulator,m17,4.000508962599064,%
ssp245,2096,emulator,m17,4.595009531018482,%
ssp245,2097,emulator,m17,4.860042249357107,%
ssp245,2098,emulator,m17,6.349583190503294,%
ssp245,2099,emulator,m17,4.724126682283958,%
ssp245,2100,emulator,m17,3.5838008388051947,%
ssp245,2015,emulator,m18,0.40058917036284825,%
ssp245,2016,emulator,m18,0.252305108903318,%
ssp245,2017,emulator,m18,-0.4344255259558,%
ssp245,2018,emulator,m18,0.5935800735139918,%
ssp245,2019,emulator,m18,2.5413429184850056,%
ssp245,2020,emulator,m18,1.4330462523877068,%
ssp245,2021,emulator,m18,1.1134778767494793,%
ssp245,2022,emulator,m18,1.1317969428915322,%
ssp245,2023,emulator,m18,0.4807953128386972,%
ssp245,2024,emulator,m18,1.3814377363298558,%
ssp245,2025,emulator,m18,0.8911581923062489,%
ssp245,2026,emulator,m18,0.9534022672292578,%
ssp245,2027,emulator,m18,1.8803365515082293,%
ssp245,2028,emulator,m18,1.7964626649264084,%
ssp245,2029,emulator,m18,1.1547209171335842,%
ssp245,2030,emulator,m18,1.0058088017053763,%
ssp245,2031,emulator,m18,2.23577439212912,%
ssp245,2032,emulator,m18,1.4548012471285046,%
ssp245,2033,emulator,m18,2.6056654360848794,%
ssp245,2034,emulator,m18,1.8077701265429094,%
ssp245,2035,emulator,m18,2.380680144466867,%
ssp245,2036,emulator,m18,0.7260763067531039,%
ssp245,2037,emulator,m18,1.275654966905198,%
ssp245,2038,emulator,m18,3.8403993701651595,%
ssp245,2039,emulator,m18,1.1851525898497468,%
ssp245,2040,emulator,m18,1.9199479536367734,%
ssp245,2041,emulator,m18,2.5813954476108294,%
ssp245,2042,emulator,m18,2.4205846221113667,%
ssp245,2043,emulator,m18,2.874626172484345,%
ssp245,2044,emulator,m18,3.189622865578664,%
ssp245,2045,emulator,m18,1.1807084723972252,%
ssp245,2046,emulator,m18,2.1544729695841007,%
ssp245,2047,emulator,m18,2.901965679322631,%
ssp245,2048,emulator,m18,3.7579704051079963,%
ssp245,2049,emulator,m18,2.869396128940411,%
ssp245,2050,emulator,m18,1.587594200159764,%
ssp245,2051,emulator,m18,4.1432707051538555,%
ssp245,2052,emulator,m18,3.333520546980859,%
ssp245,2053,emulator,m18,2.686387070585907,%
ssp245,2054,emulator,m18,4.04360383322227,%
ssp245,2055,emulator,m18,1.9969608084041797,%
ssp245,2056,emulator,m18,3.871912586364538,%
ssp245,2057,emulator,m18,3.009912115432592,%
ssp245,2058,emulator,m18,3.366520967542149,%
ssp245,2059,emulator,m18,4.029241615276402,%
ssp245,2060,emulator,m18,2.777175142665793,%
ssp245,2061,emulator,m18,3.8300692854223493,%
ssp245,2062,emulator,m18,3.2104537898976533,%
ssp245,2063,emulator,m18,4.5280423272377215,%
ssp245,2064,emulator,m18,3.406388416014017,%
ssp245,2065,emulator,m18,4.68137757592154,%
ssp245,2066,emulator,m18,3.36271575209749,%
ssp245,2067,emulator,m18,3.282418675019122,%
ssp245,2068,emulator,m18,3.2726269779868837,%
ssp245,2069,emulator,m18,3.2900624218481815,%
ssp245,2070,emulator,m18,3.866270138109905,%
ssp245,2071,emulator,m18,3.550631454333258,%
ssp245,2072,emulator,m18,2.7068016473216963,%
ssp245,2073,emulator,m18,3.928182350006223,%
ssp245,2074,emulator,m18,3.7700816589670887,%
ssp245,2075,emulator,m18,3.9587531816521304,%
ssp245,2076,emulator,m18,2.7625553814598915,%
ssp245,2077,emulator,m18,3.9757683189173574,%
ssp245,2078,emulator,m18,2.643089818289258,%
ssp245,2079,emulator,m18,4.085364837728833,%
ssp245,2080,emulator,m18,5.077284329692118,%
ssp245,2081,emulator,m18,3.9031646549806425,%
ssp245,2082,emulator,m18,4.721189531605587,%
ssp245,2083,emulator,m18,4.082986043836449,%
ssp245,2084,emulator,m18,3.5149795909793067,%
ssp245,2085,emulator,m18,4.412144696907213,%
ssp245,2086,emulator,m18,4.012711058124152,%
ssp245,2087,emulator,m18,4.502492103291524,%
ssp245,2088,emulator,m18,4.002055149820937,%
ssp245,2089,emulator,m18,4.6791361488735035,%
ssp245,2090,emulator,m18,3.7320577776844948,%
ssp245,2091,emulator,m18,4.95997155155359,%
ssp245,2092,emulator,m18,4.462640182007675,%
ssp245,2093,emulator,m18,5.252858322907154,%
ssp245,2094,emulator,m18,3.056239922007752,%
ssp245,2095,emulator,m18,5.41934354285795,%
ssp245,2096,emulator,m18,4.025648383699521,%
ssp245,2097,emulator,m18,4.5125244241416915,%
ssp245,2098,emulator,m18,3.5768597160356115,%
ssp245,2099,emulator,m18,4.669633367523409,%
ssp245,2100,emulator,m18,4.274899204503032,%
ssp245,2015,emulator,m19,0.6230604786139091,%
ssp245,2016,emulator,m19,0.7093492416762264,%
ssp245,2017,emulator,m19,1.0971651399705016,%
ssp245,2018,emulator,m19,0.8488214231808449,%
ssp245,2019,emulator,m19,1.579963990381238,%
ssp245,2020,emulator,m19,0.6625968569024956,%
ssp245,2021,emulator,m19,0.3435460285769916,%
ssp245,2022,emulator,m19,0.5226245090498595,%
ssp245,2023,emulator,m19,1.0925316103036287,%
ssp245,2024,emulator,m19,0.6584265880084935,%
ssp245,2025,emulator,m19,1.9247879404170325,%
ssp245,2026,emulator,m19,0.8270820861969114,%
ssp245,2027,emulator,m19,0.827977537661201,%
ssp245,2028,emulator,m19,1.6566088342712546,%
ssp245,2029,emulator,m19,0.9364987269338176,%
ssp245,2030,emulator,m19,1.3418186124199027,%
ssp245,2031,emulator,m19,1.374381481042242,%
ssp245,2032,emulator,m19,0.3531189829743375,%
ssp245,2033,emulator,m19,2.7452246029046092,%
ssp245,2034,emulator,m19,1.7613888927843633,%
ssp245,2035,emulator,m19,2.2073148225220924,%
ssp245,2036,emulator,m19,1.0252658682209963,%
ssp245,2037,emulator,m19,2.3423251845459965,%
ssp245,2038,emulator,m19,1.653322239689454,%
ssp245,2039,emulator,m19,2.570155647241486,%
ssp245,2040,emulator,m19,2.712955130858219,%
ssp245,2041,emulator,m19,3.4468734604987175,%
ssp245,2042,emulator,m19,3.436365340226705,%
ssp245,2043,emulator,m19,1.3017315553717297,%
ssp245,2044,emulator,m19,3.7793983546649685,%
ssp245,2045,emulator,m19,3.1114073225939305,%
ssp245,2046,emulator,m19,3.8046720625985078,%
ssp245,2047,emulator,m19,2.4323184054266487,%
ssp245,2048,emulator,m19,3.1408686123307024,%
ssp245,2049,emulator,m19,2.146198006579559,%
ssp245,2050,emulator,m19,2.322540688353011,%
ssp245,2051,emulator,m19,3.595747902256423,%
ssp245,2052,emulator,m19,4.1123207555361425,%
ssp245,2053,emulator,m19,4.930786654814947,%
ssp245,2054,emulator,m19,2.65201421353157,%
ssp245,2055,emulator,m19,2.692029630648044,%
ssp245,2056,emulator,m19,2.614868035851947,%
ssp245,2057,emulator,m19,3.732419769954798,%
ssp245,2058,emulator,m19,2.9984391298686317,%
ssp245,2059,emulator,m19,4.206432210176119,%
ssp245,2060,emulator,m19,3.076565208080463,%
ssp245,2061,emulator,m19,4.604799607703146,%
ssp245,2062,emulator,m19,3.7700520276901446,%
ssp245,2063,emulator,m19,2.8393428066891153,%
ssp245,2064,emulator,m19,3.228255125922238,%
ssp245,2065,emulator,m19,3.6716205450811845,%
ssp245,2066,emulator,m19,5.120845725823189,%
ssp245,2067,emulator,m19,4.1373047919764305,%
ssp245,2068,emulator,m19,4.846011061675665,%
ssp245,2069,emulator,m19,4.525499349912146,%
ssp245,2070,emulator,m19,4.0145887101933395,%
ssp245,2071,emulator,m19,3.982578809208375,%
ssp245,2072,emulator,m19,4.395267195444299,%
ssp245,2073,emulator,m19,3.1154810816441287,%
ssp245,2074,emulator,m19,3.68699442506629,%
ssp245,2075,emulator,m19,4.4787540259994705,%
ssp245,2076,emulator,m19,3.954360746234465,%
ssp245,2077,emulator,m19,4.517221642586488,%
ssp245,2078,emulator,m19,3.218733639165831,%
ssp245,2079,emulator,m19,3.538248634211892,%
ssp245,2080,emulator,m19,3.71308493225339,%
ssp245,2081,emulator,m19,3.6316178359479987,%
ssp245,2082,emulator,m19,5.3001945258053285,%
ssp245,2083,emulator,m19,4.127876180301113,%
ssp245,2084,emulator,m19,3.9283541186120505,%
ssp245,2085,emulator,m19,4.479254234349695,%
ssp245,2086,emulator,m19,4.570026098118073,%
ssp245,2087,emulator,m19,5.4991323968927475,%
ssp245,2088,emulator,m19,3.99211276719179,%
ssp245,2089,emulator,m19,3.442282300328763,%
ssp245,2090,emulator,m19,4.804537139762403,%
ssp245,2091,emulator,m19,4.143177665806122,%
ssp245,2092,emulator,m19,5.130757354166938,%
ssp245,2093,emulator,m19,5.328296288216749,%
ssp245,2094,emulator,m19,4.715878731531422,%
ssp245,2095,emulator,m19,4.748445010744244,%
ssp245,2096,emulator,m19,5.139416429846718,%
ssp245,2097,emulator,m19,5.39609075217733,%
ssp245,2098,emulator,m19,4.726157894199502,%
ssp245,2099,emulator,m19,4.049457579509456,%
ssp245,2100,emulator,m19,5.328655908604336,%
ssp245,2015,emulator,m20,0.978086762179683,%
ssp245,2016,emulator,m20,0.5277951058974689,%
ssp245,2017,emulator,m20,0.71251780122936,%
ssp245,2018,emulator,m20,1.4094174284112841,%
ssp245,2019,emulator,m20,1.5137373542852308,%
ssp245,2020,emulator,m20,2.1263910279146585,%
ssp245,2021,emulator,m20,1.340513778676638,%
ssp245,2022,emulator,m20,0.38972403086870494,%
ssp245,2023,emulator,m20,1.8482392666027925,%
ssp245,2024,emulator,m20,0.6670997242123499,%
ssp245,2025,emulator,m20,1.057328563915197,%
ssp245,2026,emulator,m20,0.5616881857335427,%
ssp245,2027,emulator,m20,0.9382280733378497,%
ssp245,2028,emulator,m20,0.06370200303434481,%
ssp245,2029,emulator,m20,1.3013896810330152,%
ssp245,2030,emulator,m20,0.5171889008736815,%
ssp245,2031,emulator,m20,2.041320455531084,%
ssp245,2032,emulator,m20,1.71913213713689,%
ssp245,2033,emulator,m20,1.8394222239842497,%
ssp245,2034,emulator,m20,1.108798277126686,%
ssp245,2035,emulator,m20,2.903161749219357,%
ssp245,2036,emulator,m20,2.4945590700928113,%
ssp245,2037,emulator,m20,1.8625411824489662,%
ssp245,2038,emulator,m20,2.929345838070456,%
ssp245,2039,emulator,m20,2.9625322665317326,%
ssp245,2040,emulator,m20,2.872836166846091,%
ssp245,2041,emulator,m20,2.8121029241986712,%
ssp245,2042,emulator,m20,2.819826527596927,%
ssp245,2043,emulator,m20,4.201584743192453,%
ssp245,2044,emulator,m20,3.0334278167711313,%
ssp245,2045,emulator,m20,3.0892144045737435,%
ssp245,2046,emulator,m20,2.4370473642486954,%
ssp245,2047,emulator,m20,3.884021013261143,%
ssp245,2048,emulator,m20,3.526058287055361,%
ssp245,2049,emulator,m20,3.7864446087007315,%
ssp245,2050,emulator,m20,2.880088450837319,%
ssp245,2051,emulator,m20,1.5205608538230624,%
ssp245,2052,emulator,m20,2.7176212445697927,%
ssp245,2053,emulator,m20,2.74457664755906,%
ssp245,2054,emulator,m20,4.017857606622006,%
ssp245,2055,emulator,m20,1.9247010759822578,%
ssp245,2056,emulator,m20,2.0888669001334743,%
ssp245,2057,emulator,m20,3.3694105095915994,%
ssp245,2058,emulator,m20,3.2153382989475072,%
ssp245,2059,emulator,m20,2.678802248291698,%
ssp245,2060,emulator,m20,3.7301444076324484,%
ssp245,2061,emulator,m20,4.015787631225697,%
ssp245,2062,emulator,m20,3.8381116447334738,%
ssp245,2063,emulator,m20,2.8821279411383283,%
ssp245,2064,emulator,m20,3.4153018437876628,%
ssp245,2065,emulator,m20,4.572197155142192,%
ssp245,2066,emulator,m20,4.273536594966784,%
ssp245,2067,emulator,m20,2.4461094829159857,%
ssp245,2068,emulator,m20,3.1107695763336776,%
ssp245,2069,emulator,m20,3.6572450886032057,%
ssp245,2070,emulator,m20,2.7029723856838768,%
ssp245,2071,emulator,m20,3.6634950169829867,%
ssp245,2072,emulator,m20,4.1206267807639385,%
ssp245,2073,emulator,m20,3.523117825046828,%
ssp245,2074,emulator,m20,3.2461699866629496,%
ssp245,2075,emulator,m20,4.497721701421303,%
ssp245,2076,emulator,m20,3.5819966937432413,%
ssp245,2077,emulator,m20,4.280135556384752,%
ssp245,2078,emulator,m20,4.961834600412496,%
ssp245,2079,emulator,m20,4.982351707639294,%
ssp245,2080,emulator,m20,4.032188611989306,%
ssp245,2081,emulator,m20,4.281220391053308,%
ssp245,2082,emulator,m20,3.8957632450338924,%
ssp245,2083,emulator,m20,4.250444577418975,%
ssp245,2084,emulator,m20,3.417552468521838,%
ssp245,2085,emulator,m20,4.052130487706974,%
ssp245,2086,emulator,m20,3.849398606507472,%
ssp245,2087,emulator,m20,4.423055470219778,%
ssp245,2088,emulator,m20,3.6145667280748053,%
ssp245,2089,emulator,m20,4.12614387704296,%
ssp245,2090,emulator,m20,4.3788487232313935,%
ssp245,2091,emulator,m20,3.078703529025918,%
ssp245,2092,emulator,m20,4.660075917023874,%
ssp245,2093,emulator,m20,4.529315381170419,%
ssp245,2094,emulator,m20,4.784340784086603,%
ssp245,2095,emulator,m20,4.199037798900496,%
ssp245,2096,emulator,m20,3.17097729696451,%
ssp245,2097,emulator,m20,4.291350553201225,%
ssp245,2098,emulator,m20,4.193663321157411,%
ssp245,2099,emulator,m20,3.991276284056356,%
ssp245,2100,emulator,m20,4.3407514117988635,%
ssp245,2015,emulator,m21,0.7088020593967579,%
ssp245,2016,emulator,m21,0.7318301601279905,%
ssp245,2017,emulator,m21,1.2721127566397545,%
ssp245,2018,emulator,m21,0.7461325158316716,%
ssp245,2019,emulator,m21,0.7225654217429017,%
ssp245,2020,emulator,m21,1.1385163399332132,%
ssp245,2021,emulator,m21,0.19663731823244976,%
ssp245,2022,emulator,m21,0.2243755879018059,%
ssp245,2023,emulator,m21,0.3972176342466577,%
ssp245,2024,emulator,m21,0.7991201158593961,%
ssp245,2025,emulator,m21,0.3668952601245827,%
ssp245,2026,emulator,m21,1.1468254499590698,%
ssp245,2027,emulator,m21,1.3078912132324918,%
ssp245,2028,emulator,m21,1.8828504829813886,%
ssp245,2029,emulator,m21,0.988261434125025,%
ssp245,2030,emulator,m21,1.4797942822454238,%
ssp245,2031,emulator,m21,2.000652114646009,%
ssp245,2032,emulator,m21,1.222831719906082,%
ssp245,2033,emulator,m21,1.8760143956625626,%
ssp245,2034,emulator,m21,2.362397960929773,%
ssp245,2035,emulator,m21,2.2911105985971174,%
ssp245,2036,emulator,m21,1.472383697725307,%
ssp245,2037,emulator,m21,2.0562674782691692,%
ssp245,2038,emulator,m21,2.0962777257952006,%
ssp245,2039,emulator,m21,3.53612229773406,%
ssp245,2040,emulator,m21,2.452841439136137,%
ssp245,2041,emulator,m21,1.3590425427973394,%
ssp245,2042,emulator,m21,3.4022015468489006,%
ssp245,2043,emulator,m21,2.882513021680898,%
ssp245,2044,emulator,m21,3.051370450956671,%
ssp245,2045,emulator,m21,3.1014197939729424,%
ssp245,2046,emulator,m21,2.120497677946196,%
ssp245,2047,emulator,m21,3.4503611350634307,%
ssp245,2048,emulator,m21,2.588382061533872,%
ssp245,2049,emulator,m21,2.85215710998181,%
ssp245,2050,emulator,m21,1.817807984039402,%
ssp245,2051,emulator,m21,3.187803594915738,%
ssp245,2052,emulator,m21,3.080350186936168,%
ssp245,2053,emulator,m21,4.236056940938259,%
ssp245,2054,emulator,m21,3.056995661014846,%
ssp245,2055,emulator,m21,3.0590968802412637,%
ssp245,2056,emulator,m21,2.8139429256257515,%
ssp245,2057,emulator,m21,3.318342262971839,%
ssp245,2058,emulator,m21,2.4236534901343916,%
ssp245,2059,emulator,m21,2.996251107469703,%
ssp245,2060,emulator,m21,4.132883273453755,%
ssp245,2061,emulator,m21,2.5958558778820775,%
ssp245,2062,emulator,m21,4.771867394655922,%
ssp245,2063,emulator,m21,3.003517377626381,%
ssp245,2064,emulator,m21,3.447958280523125,%
ssp245,2065,emulator,m21,3.087572135338722,%
ssp245,2066,emulator,m21,4.052300022279028,%
ssp245,2067,emulator,m21,3.370057194909714,%
ssp245,2068,emulator,m21,2.626136192125797,%
ssp245,2069,emulator,m21,2.590725079800519,%
ssp245,2070,emulator,m21,4.774639597513926,%
ssp245,2071,emulator,m21,3.137478532539565,%
ssp245,2072,emulator,m21,3.988160831644618,%
ssp245,2073,emulator,m21,3.7206037555522466,%
ssp245,2074,emulator,m21,5.000345332351316,%
ssp245,2075,emulator,m21,5.3141362875294975,%
ssp245,2076,emulator,m21,3.5060931831112443,%
ssp245,2077,emulator,m21,3.6475597523049252,%
ssp245,2078,emulator,m21,3.787060506065523,%
ssp245,2079,emulator,m21,3.7223623209681187,%
ssp245,2080,emulator,m21,3.59894266347371,%
ssp245,2081,emulator,m21,4.897245732967732,%
ssp245,2082,emulator,m21,4.209880785345786,%
ssp245,2083,emulator,m21,4.433388219497046,%
ssp245,2084,emulator,m21,4.195519094321942,%
ssp245,2085,emulator,m21,5.008048799748616,%
ssp245,2086,emulator,m21,4.096892822876856,%
ssp245,2087,emulator,m21,3.8703059872571015,%
ssp245,2088,emulator,m21,5.691491743524187,%
ssp245,2089,emulator,m21,4.401112242767309,%
ssp245,2090,emulator,m21,4.4631943853147185,%
ssp245,2091,emulator,m21,5.041764879277983,%
ssp245,2092,emulator,m21,4.320147317023756,%
ssp245,2093,emulator,m21,4.7989069578446575,%
ssp245,2094,emulator,m21,4.456567783168559,%
ssp245,2095,emulator,m21,4.0295751677841665,%
ssp245,2096,emulator,m21,3.4752573582666573,%
ssp245,2097,emulator,m21,5.516383940673187,%
ssp245,2098,emulator,m21,4.725095452526302,%
ssp245,2099,emulator,m21,4.124198947165167,%
ssp245,2100,emulator,m21,4.115968295868736,%
ssp245,2015,emulator,m22,0.07061966885341679,%
ssp245,2016,emulator,m22,0.46220972101360325,%
ssp245,2017,emulator,m22,1.5978322015807276,%
ssp245,2018,emulator,m22,-0.19631757842049247,%
ssp245,2019,emulator,m22,0.5856786163044649,%
ssp245,2020,emulator,m22,-0.17419487187569918,%
ssp245,2021,emulator,m22,1.1937530441053952,%
ssp245,2022,emulator,m22,0.9339947437817451,%
ssp245,2023,emulator,m22,1.9465152536347456,%
ssp245,2024,emulator,m22,0.10122129005124576,%
ssp245,2025,emulator,m22,1.7066892054827631,%
ssp245,2026,emulator,m22,2.026949256758282,%
ssp245,2027,emulator,m22,2.2099067491936464,%
ssp245,2028,emulator,m22,1.095981744312628,%
ssp245,2029,emulator,m22,1.10165744868732,%
ssp245,2030,emulator,m22,0.6210607250193388,%
ssp245,2031,emulator,m22,1.5836071072399973,%
ssp245,2032,emulator,m22,0.225099817902416,%
ssp245,2033,emulator,m22,1.852340537055229,%
ssp245,2034,emulator,m22,1.6283908455492797,%
ssp245,2035,emulator,m22,1.4060114676439464,%
ssp245,2036,emulator,m22,2.0054727879043592,%
ssp245,2037,emulator,m22,2.084094047669846,%
ssp245,2038,emulator,m22,0.9684908607821743,%
ssp245,2039,emulator,m22,2.7936268319928934,%
ssp245,2040,emulator,m22,2.905592364335803,%
ssp245,2041,emulator,m22,1.5906817963045539,%
ssp245,2042,emulator,m22,0.7375548388997648,%
ssp245,2043,emulator,m22,1.789613864795583,%
ssp245,2044,emulator,m22,3.11363229847217,%
ssp245,2045,emulator,m22,1.9126115825550332,%
ssp245,2046,emulator,m22,3.692405238501084,%
ssp245,2047,emulator,m22,2.4805224074145533,%
ssp245,2048,emulator,m22,2.5931314503055107,%
ssp245,2049,emulator,m22,3.5641461837280666,%
ssp245,2050,emulator,m22,2.516936184676638,%
ssp245,2051,emulator,m22,3.2409930929050677,%
ssp245,2052,emulator,m22,1.9912277341527913,%
ssp245,2053,emulator,m22,3.12040720541309,%
ssp245,2054,emulator,m22,2.8965838866879245,%
ssp245,2055,emulator,m22,3.8631713982579075,%
ssp245,2056,emulator,m22,4.220130148945509,%
ssp245,2057,emulator,m22,2.9823098871840523,%
ssp245,2058,emulator,m22,3.3569513520055754,%
ssp245,2059,emulator,m22,3.823491145648269,%
ssp245,2060,emulator,m22,3.447048189165151,%
ssp245,2061,emulator,m22,2.3996094327130133,%
ssp245,2062,emulator,m22,5.310781736393049,%
ssp245,2063,emulator,m22,3.92832413078361,%
ssp245,2064,emulator,m22,3.635312187604505,%
ssp245,2065,emulator,m22,4.320618039483429,%
ssp245,2066,emulator,m22,3.209837697802796,%
ssp245,2067,emulator,m22,3.147635326023416,%
ssp245,2068,emulator,m22,3.7522683884469976,%
ssp245,2069,emulator,m22,4.062498676829464,%
ssp245,2070,emulator,m22,3.276891930100928,%
ssp245,2071,emulator,m22,3.834496591811406,%
ssp245,2072,emulator,m22,3.4846360592677783,%
ssp245,2073,emulator,m22,4.117422535560946,%
ssp245,2074,emulator,m22,3.6152775597832765,%
ssp245,2075,emulator,m22,2.6729877903946835,%
ssp245,2076,emulator,m22,3.4206542389655503,%
ssp245,2077,emulator,m22,3.424495610749122,%
ssp245,2078,emulator,m22,4.258129716156698,%
ssp245,2079,emulator,m22,3.2687560183778124,%
ssp245,2080,emulator,m22,4.584744006958983,%
ssp245,2081,emulator,m22,4.323776270036926,%
ssp245,2082,emulator,m22,3.523036688055934,%
ssp245,2083,emulator,m22,4.338081537702836,%
ssp245,2084,emulator,m22,4.647681831497149,%
ssp245,2085,emulator,m22,4.381635399434245,%
ssp245,2086,emulator,m22,4.220014336573611,%
ssp245,2087,emulator,m22,4.803856058229256,%
ssp245,2088,emulator,m22,4.7449449541387825,%
ssp245,2089,emulator,m22,3.900226808355623,%
ssp245,2090,emulator,m22,4.098887088385737,%
ssp245,2091,emulator,m22,3.93353536035673,%
ssp245,2092,emulator,m22,3.6177406686797586,%
ssp245,2093,emulator,m22,3.5070087813971162,%
ssp245,2094,emulator,m22,4.429531216716329,%
ssp245,2095,emulator,m22,3.0590648357041474,%
ssp245,2096,emulator,m22,4.998702992377146,%
ssp245,2097,emulator,m22,3.4919287640994217,%
ssp245,2098,emulator,m22,3.2087787554183045,%
ssp245,2099,emulator,m22,5.280843819944129,%
ssp245,2100,emulator,m22,4.827885933750805,%
ssp245,2015,emulator,m23,0.06606293437091472,%
ssp245,2016,emulator,m23,0.9720364895287751,%
ssp245,2017,emulator,m23,0.40742631787941197,%
ssp245,2018,emulator,m23,1.8442209889822732,%
ssp245,2019,emulator,m23,0.410826822315069,%
ssp245,2020,emulator,m23,1.335020374207886,%
ssp245,2021,emulator,m23,1.6718307151311844,%
ssp245,2022,emulator,m23,1.0605855494687084,%
ssp245,2023,emulator,m23,2.550831371008972,%
ssp245,2024,emulator,m23,2.2757617409169466,%
ssp245,2025,emulator,m23,1.6897045534394006,%
ssp245,2026,emulator,m23,1.7768404894554597,%
ssp245,2027,emulator,m23,1.0946427987458802,%
ssp245,2028,emulator,m23,2.2295103595483403,%
ssp245,2029,emulator,m23,2.741278346437421,%
ssp245,2030,emulator,m23,0.9964075674184031,%
ssp245,2031,emulator,m23,1.683915912092181,%
ssp245,2032,emulator,m23,1.5569695978067202,%
ssp245,2033,emulator,m23,1.2168206311326875,%
ssp245,2034,emulator,m23,2.07654675609755,%
ssp245,2035,emulator,m23,1.1348182558096422,%
ssp245,2036,emulator,m23,1.7846349399598702,%
ssp245,2037,emulator,m23,0.9885459102121771,%
ssp245,2038,emulator,m23,3.4440234253425,%
ssp245,2039,emulator,m23,2.8749364810302365,%
ssp245,2040,emulator,m23,2.4176512432110613,%
ssp245,2041,emulator,m23,2.764677172479222,%
ssp245,2042,emulator,m23,2.027252430095218,%
ssp245,2043,emulator,m23,3.984010927284311,%
ssp245,2044,emulator,m23,2.958008350553012,%
ssp245,2045,emulator,m23,4.212532010766157,%
ssp245,2046,emulator,m23,1.3718205101157104,%
ssp245,2047,emulator,m23,2.548160803481352,%
ssp245,2048,emulator,m23,2.8800298666125035,%
ssp245,2049,emulator,m23,4.253273326273086,%
ssp245,2050,emulator,m23,3.820988771245551,%
ssp245,2051,emulator,m23,2.657112563832386,%
ssp245,2052,emulator,m23,2.4861508435328936,%
ssp245,2053,emulator,m23,2.04055893134101,%
ssp245,2054,emulator,m23,3.2841115643827066,%
ssp245,2055,emulator,m23,1.7123106767052105,%
ssp245,2056,emulator,m23,4.2847750818515005,%
ssp245,2057,emulator,m23,2.8277234584611874,%
ssp245,2058,emulator,m23,2.935646739607238,%
ssp245,2059,emulator,m23,2.9755005827364087,%
ssp245,2060,emulator,m23,2.494394199815559,%
ssp245,2061,emulator,m23,3.0258965154590887,%
ssp245,2062,emulator,m23,4.309290531042446,%
ssp245,2063,emulator,m23,3.2142831378237746,%
ssp245,2064,emulator,m23,3.485344826450173,%
ssp245,2065,emulator,m23,2.719291332220072,%
ssp245,2066,emulator,m23,3.4755409036182257,%
ssp245,2067,emulator,m23,3.685911839360841,%
ssp245,2068,emulator,m23,2.4995480713811826,%
ssp245,2069,emulator,m23,4.150609217261765,%
ssp245,2070,emulator,m23,3.3764724900038554,%
ssp245,2071,emulator,m23,3.934903490229257,%
ssp245,2072,emulator,m23,3.773527144086872,%
ssp245,2073,emulator,m23,3.9848275225173437,%
ssp245,2074,emulator,m23,3.2104926268471035,%
ssp245,2075,emulator,m23,2.510849037174669,%
ssp245,2076,emulator,m23,4.072591159197246,%
ssp245,2077,emulator,m23,4.467758789385357,%
ssp245,2078,emulator,m23,3.848993675626964,%
ssp245,2079,emulator,m23,4.948733475486088,%
ssp245,2080,emulator,m23,3.7272319103432308,%
ssp245,2081,emulator,m23,3.9534842921484774,%
ssp245,2082,emulator,m23,4.139258991585617,%
ssp245,2083,emulator,m23,3.942322974373238,%
ssp245,2084,emulator,m23,2.761763756393507,%
ssp245,2085,emulator,m23,3.9612397035697797,%
ssp245,2086,emulator,m23,3.9743456250960723,%
ssp245,2087,emulator,m23,4.222600445892689,%
ssp245,2088,emulator,m23,4.1079101855743945,%
ssp245,2089,emulator,m23,3.5406367280450373,%
ssp245,2090,emulator,m23,4.383022580069838,%
ssp245,2091,emulator,m23,4.505450708647368,%
ssp245,2092,emulator,m23,3.6206859472289676,%
ssp245,2093,emulator,m23,4.901472920685771,%
ssp245,2094,emulator,m23,5.422188162503036,%
ssp245,2095,emulator,m23,4.325198260281523,%
ssp245,2096,emulator,m23,4.712879606915422,%
ssp245,2097,emulator,m23,4.2255588898991645,%
ssp245,2098,emulator,m23,4.881406106781241,%
ssp245,2099,emulator,m23,4.112427988063535,%
ssp245,2100,emulator,m23,5.4856733543823015,%
ssp245,2015,emulator,m24,0.4323638251484678,%
ssp245,2016,emulator,m24,1.000840834717499,%
ssp245,2017,emulator,m24,0.0020286917281165428,%
ssp245,2018,emulator,m24,-0.48952459850601665,%
ssp245,2019,emulator,m24,2.158043776478039,%
ssp245,2020,emulator,m24,1.5181656512252124,%
ssp245,2021,emulator,m24,1.30243232098411,%
ssp245,2022,emulator,m24,0.12692512846457343,%
ssp245,2023,emulator,m24,1.0279351663899976,%
ssp245,2024,emulator,m24,2.653433357771903,%
ssp245,2025,emulator,m24,1.107983707446162,%
ssp245,2026,emulator,m24,1.8673432107046113,%
ssp245,2027,emulator,m24,2.611718535851388,%
ssp245,2028,emulator,m24,1.540285403944085,%
ssp245,2029,emulator,m24,2.1640555060508206,%
ssp245,2030,emulator,m24,1.4998243686731105,%
ssp245,2031,emulator,m24,2.474818014345722,%
ssp245,2032,emulator,m24,1.4475432911497434,%
ssp245,2033,emulator,m24,3.2939315181883284,%
ssp245,2034,emulator,m24,2.013225063914124,%
ssp245,2035,emulator,m24,2.0869413716604974,%
ssp245,2036,emulator,m24,1.3891081209900034,%
ssp245,2037,emulator,m24,2.6106574657964816,%
ssp245,2038,emulator,m24,1.932741170610113,%
ssp245,2039,emulator,m24,2.586634644683885,%
ssp245,2040,emulator,m24,2.411850051337044,%
ssp245,2041,emulator,m24,2.3995955796052475,%
ssp245,2042,emulator,m24,2.4160589267392107,%
ssp245,2043,emulator,m24,3.105993034473113,%
ssp245,2044,emulator,m24,2.4386746909943513,%
ssp245,2045,emulator,m24,2.4833870043390047,%
ssp245,2046,emulator,m24,2.8087540215977964,%
ssp245,2047,emulator,m24,2.564121838955876,%
ssp245,2048,emulator,m24,2.464984713974059,%
ssp245,2049,emulator,m24,3.2924670342126876,%
ssp245,2050,emulator,m24,3.5059129699360767,%
ssp245,2051,emulator,m24,2.626857692670441,%
ssp245,2052,emulator,m24,3.003440785495301,%
ssp245,2053,emulator,m24,2.7533088161467725,%
ssp245,2054,emulator,m24,3.9888260266350906,%
ssp245,2055,emulator,m24,3.4632423480273284,%
ssp245,2056,emulator,m24,2.7815249683042227,%
ssp245,2057,emulator,m24,2.9194843848449157,%
ssp245,2058,emulator,m24,2.828875871614728,%
ssp245,2059,emulator,m24,4.092639907814992,%
ssp245,2060,emulator,m24,2.7674852591574197,%
ssp245,2061,emulator,m24,3.1224652368277193,%
ssp245,2062,emulator,m24,3.7537982567844916,%
ssp245,2063,emulator,m24,3.365827659165348,%
ssp245,2064,emulator,m24,2.882296905320924,%
ssp245,2065,emulator,m24,4.014366795863685,%
ssp245,2066,emulator,m24,3.3772229317103677,%
ssp245,2067,emulator,m24,3.411978005255744,%
ssp245,2068,emulator,m24,4.150562062919064,%
ssp245,2069,emulator,m24,4.203401060038701,%
ssp245,2070,emulator,m24,4.472864470089359,%
ssp245,2071,emulator,m24,3.10714756853948,%
ssp245,2072,emulator,m24,2.09692309973535,%
ssp245,2073,emulator,m24,4.416142574856183,%
ssp245,2074,emulator,m24,4.187756594919259,%
ssp245,2075,emulator,m24,3.688926008573267,%
ssp245,2076,emulator,m24,4.429720380654887,%
ssp245,2077,emulator,m24,3.135060177758198,%
ssp245,2078,emulator,m24,4.4316443089401485,%
ssp245,2079,emulator,m24,4.977258727000466,%
ssp245,2080,emulator,m24,3.465013418040423,%
ssp245,2081,emulator,m24,2.909979708394289,%
ssp245,2082,emulator,m24,3.8491517632122627,%
ssp245,2083,emulator,m24,4.109323592959052,%
ssp245,2084,emulator,m24,4.3597285111941995,%
ssp245,2085,emulator,m24,3.8156076637200442,%
ssp245,2086,emulator,m24,5.301457414841469,%
ssp245,2087,emulator,m24,3.893668270518166,%
ssp245,2088,emulator,m24,2.6469343071263203,%
ssp245,2089,emulator,m24,5.469362241783872,%
ssp245,2090,emulator,m24,4.217424687389437,%
ssp245,2091,emulator,m24,3.1400538020795445,%
ssp245,2092,emulator,m24,5.153593134646339,%
ssp245,2093,emulator,m24,3.9465464173106786,%
ssp245,2094,emulator,m24,3.9981045002981364,%
ssp245,2095,emulator,m24,3.988767456396696,%
ssp245,2096,emulator,m24,4.53551911053232,%
ssp245,2097,emulator,m24,4.4031917672753,%
ssp245,2098,emulator,m24,3.166519859243664,%
ssp245,2099,emulator,m24,5.041290571396304,%
ssp245,2100,emulator,m24,4.687050762159285,%
ssp245,2015,emulator,m25,0.5531430783816372,%
ssp245,2016,emulator,m25,1.4036601444051047,%
ssp245,2017,emulator,m25,0.48097567006342656,%
ssp245,2018,emulator,m25,0.23646075197212263,%
ssp245,2019,emulator,m25,2.23522154019851,%
ssp245,2020,emulator,m25,1.643561242722262,%
ssp245,2021,emulator,m25,1.3214503973299088,%
ssp245,2022,emulator,m25,0.6623829666595575,%
ssp245,2023,emulator,m25,0.42139941895680316,%
ssp245,2024,emulator,m25,1.675377128453968,%
ssp245,2025,emulator,m25,0.9349591246067256,%
ssp245,2026,emulator,m25,1.446701732329306,%
ssp245,2027,emulator,m25,1.1074735855958138,%
ssp245,2028,emulator,m25,2.6682530217754596,%
ssp245,2029,emulator,m25,1.2413718313532507,%
ssp245,2030,emulator,m25,1.048144563818557,%
ssp245,2031,emulator,m25,2.055700993276923,%
ssp245,2032,emulator,m25,2.2047914392980252,%
ssp245,2033,emulator,m25,2.1336012583271398,%
ssp245,2034,emulator,m25,1.17497042700851,%
ssp245,2035,emulator,m25,1.685886411770645,%
ssp245,2036,emulator,m25,1.9649678462985867,%
ssp245,2037,emulator,m25,2.863622620484048,%
ssp245,2038,emulator,m25,2.58663209524026,%
ssp245,2039,emulator,m25,2.1786941169297416,%
ssp245,2040,emulator,m25,1.5808641131641639,%
ssp245,2041,emulator,m25,3.291017160465853,%
ssp245,2042,emulator,m25,2.4929471232702025,%
ssp245,2043,emulator,m25,3.288713519237321,%
ssp245,2044,emulator,m25,2.095732018631101,%
ssp245,2045,emulator,m25,1.6879866051072634,%
ssp245,2046,emulator,m25,3.2133057127631552,%
ssp245,2047,emulator,m25,1.8748105256802388,%
ssp245,2048,emulator,m25,3.321841339955174,%
ssp245,2049,emulator,m25,2.2595476794852414,%
ssp245,2050,emulator,m25,2.7632949852712394,%
ssp245,2051,emulator,m25,1.9837389959570786,%
ssp245,2052,emulator,m25,2.6871455439037724,%
ssp245,2053,emulator,m25,3.9506263445984464,%
ssp245,2054,emulator,m25,2.711683753874856,%
ssp245,2055,emulator,m25,2.66811072621095,%
ssp245,2056,emulator,m25,2.032223630227088,%
ssp245,2057,emulator,m25,2.1437345385312563,%
ssp245,2058,emulator,m25,2.1214541540129703,%
ssp245,2059,emulator,m25,4.961376790005817,%
ssp245,2060,emulator,m25,2.6102629742429877,%
ssp245,2061,emulator,m25,3.361004931299719,%
ssp245,2062,emulator,m25,4.312696827216336,%
ssp245,2063,emulator,m25,3.2016458592701444,%
ssp245,2064,emulator,m25,4.193795869880122,%
ssp245,2065,emulator,m25,3.0599602621872197,%
ssp245,2066,emulator,m25,3.6939373584979136,%
ssp245,2067,emulator,m25,2.689316498998873,%
ssp245,2068,emulator,m25,2.7722391565994795,%
ssp245,2069,emulator,m25,3.665639810852713,%
ssp245,2070,emulator,m25,4.3150164785357905,%
ssp245,2071,emulator,m25,3.3727622792825973,%
ssp245,2072,emulator,m25,4.142300714180721,%
ssp245,2073,emulator,m25,3.21822925245628,%
ssp245,2074,emulator,m25,3.3085238438628406,%
ssp245,2075,emulator,m25,4.450834483826198,%
ssp245,2076,emulator,m25,2.732187884239636,%
ssp245,2077,emulator,m25,3.671678188367597,%
ssp245,2078,emulator,m25,3.922370471233837,%
ssp245,2079,emulator,m25,4.258791388196965,%
ssp245,2080,emulator,m25,4.9115109012784774,%
ssp245,2081,emulator,m25,3.2691942639355056,%
ssp245,2082,emulator,m25,4.0122683359672395,%
ssp245,2083,emulator,m25,4.591872279942853,%
ssp245,2084,emulator,m25,4.796857250702865,%
ssp245,2085,emulator,m25,4.165574657135485,%
ssp245,2086,emulator,m25,4.279420827309516,%
ssp245,2087,emulator,m25,5.054181349544349,%
ssp245,2088,emulator,m25,4.997787047645151,%
ssp245,2089,emulator,m25,4.9101291898669865,%
ssp245,2090,emulator,m25,3.9486588310372146,%
ssp245,2091,emulator,m25,5.269008574732196,%
ssp245,2092,emulator,m25,3.4493759016792125,%
ssp245,2093,emulator,m25,4.997009795704209,%
ssp245,2094,emulator,m25,5.6735859699450275,%
ssp245,2095,emulator,m25,5.134769607303645,%
ssp245,2096,emulator,m25,4.553566278410541,%
ssp245,2097,emulator,m25,3.653655991748677,%
ssp245,2098,emulator,m25,4.353385721696652,%
ssp245,2099,emulator,m25,5.467721118870644,%
ssp245,2100,emulator,m25,5.655552673105893,%
ssp245,2015,bias,emulator_minus_cesm2,-0.15528107794324475,%
ssp245,2015,bias,cesm2_sigma,0.5071132429845686,%
ssp245,2016,bias,emulator_minus_cesm2,0.5506754973975542,%
ssp245,2016,bias,cesm2_sigma,0.4320290801007152,%
ssp245,2017,bias,emulator_minus_cesm2,0.9062740545646285,%
ssp245,2017,bias,cesm2_sigma,0.2915227565303657,%
ssp245,2018,bias,emulator_minus_cesm2,0.5343678078540364,%
ssp245,2018,bias,cesm2_sigma,0.845079039664854,%
ssp245,2019,bias,emulator_minus_cesm2,0.5408601430140301,%
ssp245,2019,bias,cesm2_sigma,0.34271072833382826,%
ssp245,2020,bias,emulator_minus_cesm2,1.0799581986495639,%
ssp245,2020,bias,cesm2_sigma,0.3397139848663397,%
ssp245,2021,bias,emulator_minus_cesm2,0.388207219053171,%
ssp245,2021,bias,cesm2_sigma,0.7011632677300448,%
ssp245,2022,bias,emulator_minus_cesm2,0.6987135410356031,%
ssp245,2022,bias,cesm2_sigma,0.15527076821246064,%
ssp245,2023,bias,emulator_minus_cesm2,0.24548302174942005,%
ssp245,2023,bias,cesm2_sigma,0.4335467379974358,%
ssp245,2024,bias,emulator_minus_cesm2,-0.4339083272694748,%
ssp245,2024,bias,cesm2_sigma,0.16504372777105908,%
ssp245,2025,bias,emulator_minus_cesm2,0.886557208590125,%
ssp245,2025,bias,cesm2_sigma,0.1781579299032736,%
ssp245,2026,bias,emulator_minus_cesm2,0.9865268104621312,%
ssp245,2026,bias,cesm2_sigma,1.051456575220138,%
ssp245,2027,bias,emulator_minus_cesm2,0.13686067702828275,%
ssp245,2027,bias,cesm2_sigma,0.28911256847425565,%
ssp245,2028,bias,emulator_minus_cesm2,0.7321484999657676,%
ssp245,2028,bias,cesm2_sigma,0.843668628891478,%
ssp245,2029,bias,emulator_minus_cesm2,1.01746042971955,%
ssp245,2029,bias,cesm2_sigma,0.5129027066288057,%
ssp245,2030,bias,emulator_minus_cesm2,-0.12113450519104974,%
ssp245,2030,bias,cesm2_sigma,0.4490182897827648,%
ssp245,2031,bias,emulator_minus_cesm2,0.7940865238631482,%
ssp245,2031,bias,cesm2_sigma,0.21240481088303292,%
ssp245,2032,bias,emulator_minus_cesm2,0.24198062708348544,%
ssp245,2032,bias,cesm2_sigma,0.4812106123552807,%
ssp245,2033,bias,emulator_minus_cesm2,0.8004604451617878,%
ssp245,2033,bias,cesm2_sigma,0.7037547073198921,%
ssp245,2034,bias,emulator_minus_cesm2,0.22541942194722786,%
ssp245,2034,bias,cesm2_sigma,0.49185726463881935,%
ssp245,2035,bias,emulator_minus_cesm2,0.8115876475171291,%
ssp245,2035,bias,cesm2_sigma,0.1944896367593791,%
ssp245,2036,bias,emulator_minus_cesm2,0.8762130043589447,%
ssp245,2036,bias,cesm2_sigma,0.41933073715763935,%
ssp245,2037,bias,emulator_minus_cesm2,0.8030704283210082,%
ssp245,2037,bias,cesm2_sigma,0.666360667359481,%
ssp245,2038,bias,emulator_minus_cesm2,0.4558796189112231,%
ssp245,2038,bias,cesm2_sigma,0.2039295749583451,%
ssp245,2039,bias,emulator_minus_cesm2,0.8109321991207519,%
ssp245,2039,bias,cesm2_sigma,0.623316181188417,%
ssp245,2040,bias,emulator_minus_cesm2,0.4895058593781523,%
ssp245,2040,bias,cesm2_sigma,1.0839715696356833,%
ssp245,2041,bias,emulator_minus_cesm2,0.4322115666336168,%
ssp245,2041,bias,cesm2_sigma,0.984723747188801,%
ssp245,2042,bias,emulator_minus_cesm2,0.951621069674488,%
ssp245,2042,bias,cesm2_sigma,0.16093354140490895,%
ssp245,2043,bias,emulator_minus_cesm2,0.31829799056395114,%
ssp245,2043,bias,cesm2_sigma,0.3509280009963399,%
ssp245,2044,bias,emulator_minus_cesm2,0.24335777624583121,%
ssp245,2044,bias,cesm2_sigma,0.21373519831852864,%
ssp245,2045,bias,emulator_minus_cesm2,0.542390825152149,%
ssp245,2045,bias,cesm2_sigma,0.32419185500417036,%
ssp245,2046,bias,emulator_minus_cesm2,0.7626444717371781,%
ssp245,2046,bias,cesm2_sigma,0.5864910298999516,%
ssp245,2047,bias,emulator_minus_cesm2,0.5363198238581139,%
ssp245,2047,bias,cesm2_sigma,0.35894338002657544,%
ssp245,2048,bias,emulator_minus_cesm2,0.7984986410093353,%
ssp245,2048,bias,cesm2_sigma,0.38176047391908835,%
ssp245,2049,bias,emulator_minus_cesm2,0.22834078945241565,%
ssp245,2049,bias,cesm2_sigma,0.5661257406002806,%
ssp245,2050,bias,emulator_minus_cesm2,0.4565263019110408,%
ssp245,2050,bias,cesm2_sigma,0.5851479356569845,%
ssp245,2051,bias,emulator_minus_cesm2,0.057857160758785664,%
ssp245,2051,bias,cesm2_sigma,0.277638856198651,%
ssp245,2052,bias,emulator_minus_cesm2,-0.29102510520972347,%
ssp245,2052,bias,cesm2_sigma,0.5839493549351555,%
ssp245,2053,bias,emulator_minus_cesm2,0.46757775999463025,%
ssp245,2053,bias,cesm2_sigma,0.9664785721271087,%
ssp245,2054,bias,emulator_minus_cesm2,0.5149425011039224,%
ssp245,2054,bias,cesm2_sigma,0.5476956925370461,%
ssp245,2055,bias,emulator_minus_cesm2,0.10000410074950938,%
ssp245,2055,bias,cesm2_sigma,0.8114198537887454,%
ssp245,2056,bias,emulator_minus_cesm2,0.4254502063289336,%
ssp245,2056,bias,cesm2_sigma,0.6595915902039761,%
ssp245,2057,bias,emulator_minus_cesm2,0.16063969097155795,%
ssp245,2057,bias,cesm2_sigma,0.7671446113098178,%
ssp245,2058,bias,emulator_minus_cesm2,0.36193496524232316,%
ssp245,2058,bias,cesm2_sigma,0.410761662099561,%
ssp245,2059,bias,emulator_minus_cesm2,0.40776490361352646,%
ssp245,2059,bias,cesm2_sigma,0.3806540854710361,%
ssp245,2060,bias,emulator_minus_cesm2,0.04482915177438729,%
ssp245,2060,bias,cesm2_sigma,0.8069000997653306,%
ssp245,2061,bias,emulator_minus_cesm2,0.2837235759379215,%
ssp245,2061,bias,cesm2_sigma,0.29358917142170793,%
ssp245,2062,bias,emulator_minus_cesm2,0.2505787366333143,%
ssp245,2062,bias,cesm2_sigma,0.3656947370859726,%
ssp245,2063,bias,emulator_minus_cesm2,0.5876551024334526,%
ssp245,2063,bias,cesm2_sigma,0.1990312644948086,%
ssp245,2064,bias,emulator_minus_cesm2,-0.047540389215588785,%
ssp245,2064,bias,cesm2_sigma,0.4283795507927977,%
ssp245,2065,bias,emulator_minus_cesm2,0.057422977811634635,%
ssp245,2065,bias,cesm2_sigma,0.41573978501337383,%
ssp245,2066,bias,emulator_minus_cesm2,0.6184839198737886,%
ssp245,2066,bias,cesm2_sigma,0.16513574598169392,%
ssp245,2067,bias,emulator_minus_cesm2,-0.35473474926164306,%
ssp245,2067,bias,cesm2_sigma,0.31179248740533394,%
ssp245,2068,bias,emulator_minus_cesm2,0.09305136751377097,%
ssp245,2068,bias,cesm2_sigma,0.5321402616686393,%
ssp245,2069,bias,emulator_minus_cesm2,0.1880234007344237,%
ssp245,2069,bias,cesm2_sigma,0.39229830747762395,%
ssp245,2070,bias,emulator_minus_cesm2,0.10305510275741225,%
ssp245,2070,bias,cesm2_sigma,0.2299878089748455,%
ssp245,2071,bias,emulator_minus_cesm2,-0.10193009197546488,%
ssp245,2071,bias,cesm2_sigma,0.14501714601787016,%
ssp245,2072,bias,emulator_minus_cesm2,-0.14172572435974207,%
ssp245,2072,bias,cesm2_sigma,0.6605973979952654,%
ssp245,2073,bias,emulator_minus_cesm2,-0.18826822515285313,%
ssp245,2073,bias,cesm2_sigma,0.24505463461487492,%
ssp245,2074,bias,emulator_minus_cesm2,-0.2585468526017243,%
ssp245,2074,bias,cesm2_sigma,0.4922557542165647,%
ssp245,2075,bias,emulator_minus_cesm2,-0.5187432406510011,%
ssp245,2075,bias,cesm2_sigma,0.9577933302438435,%
ssp245,2076,bias,emulator_minus_cesm2,-0.2547932801973567,%
ssp245,2076,bias,cesm2_sigma,0.295494736691202,%
ssp245,2077,bias,emulator_minus_cesm2,-0.3159108926786818,%
ssp245,2077,bias,cesm2_sigma,0.44868140893466013,%
ssp245,2078,bias,emulator_minus_cesm2,-0.2902812142316433,%
ssp245,2078,bias,cesm2_sigma,0.360883432174432,%
ssp245,2079,bias,emulator_minus_cesm2,-0.029534392194319636,%
ssp245,2079,bias,cesm2_sigma,0.3717610846769967,%
ssp245,2080,bias,emulator_minus_cesm2,-0.6669162863027376,%
ssp245,2080,bias,cesm2_sigma,0.5890188484981734,%
ssp245,2081,bias,emulator_minus_cesm2,-0.48759117688758824,%
ssp245,2081,bias,cesm2_sigma,0.738348149388219,%
ssp245,2082,bias,emulator_minus_cesm2,-0.36012801905369507,%
ssp245,2082,bias,cesm2_sigma,0.4107734663401031,%
ssp245,2083,bias,emulator_minus_cesm2,-0.3531570011379914,%
ssp245,2083,bias,cesm2_sigma,0.18814971553139712,%
ssp245,2084,bias,emulator_minus_cesm2,0.018259844903918854,%
ssp245,2084,bias,cesm2_sigma,0.5811483852751815,%
ssp245,2085,bias,emulator_minus_cesm2,-0.9998343287520637,%
ssp245,2085,bias,cesm2_sigma,0.4112791700663413,%
ssp245,2086,bias,emulator_minus_cesm2,-0.4496034692695945,%
ssp245,2086,bias,cesm2_sigma,0.3786090075021399,%
ssp245,2087,bias,emulator_minus_cesm2,-0.9616609727875218,%
ssp245,2087,bias,cesm2_sigma,0.47805745659698556,%
ssp245,2088,bias,emulator_minus_cesm2,-0.34286869583164403,%
ssp245,2088,bias,cesm2_sigma,0.7734630731109257,%
ssp245,2089,bias,emulator_minus_cesm2,-0.6370706407029303,%
ssp245,2089,bias,cesm2_sigma,0.147791915324927,%
ssp245,2090,bias,emulator_minus_cesm2,-1.337894923774984,%
ssp245,2090,bias,cesm2_sigma,0.5363032857047746,%
ssp245,2091,bias,emulator_minus_cesm2,-0.807504968796632,%
ssp245,2091,bias,cesm2_sigma,0.34199656831104425,%
ssp245,2092,bias,emulator_minus_cesm2,-1.0342716598295603,%
ssp245,2092,bias,cesm2_sigma,0.3672585238221257,%
ssp245,2093,bias,emulator_minus_cesm2,-0.7285817666198371,%
ssp245,2093,bias,cesm2_sigma,0.6022667066881252,%
ssp245,2094,bias,emulator_minus_cesm2,-1.2187057501955278,%
ssp245,2094,bias,cesm2_sigma,0.5535880739651602,%
ssp245,2095,bias,emulator_minus_cesm2,-1.0633452361200222,%
ssp245,2095,bias,cesm2_sigma,0.6056863839934358,%
ssp245,2096,bias,emulator_minus_cesm2,-1.1850803662999194,%
ssp245,2096,bias,cesm2_sigma,0.17588426195846654,%
ssp245,2097,bias,emulator_minus_cesm2,-1.2643005272920549,%
ssp245,2097,bias,cesm2_sigma,0.7970185416434952,%
ssp245,2098,bias,emulator_minus_cesm2,-0.7821713773306467,%
ssp245,2098,bias,cesm2_sigma,0.3445152054861364,%
ssp245,2099,bias,emulator_minus_cesm2,-1.0519958624396253,%
ssp245,2099,bias,cesm2_sigma,0.29729929702090646,%
ssp245,2100,bias,emulator_minus_cesm2,-1.4201488247066143,%
ssp245,2100,bias,cesm2_sigma,0.23093508609113703,%
